action_id,customer,install,lever,choice,ts
A000001,K0222,I00001,sku_quoted,P027,2025-03-27
A000002,K0222,I00001,commissioning,on-site,2025-03-27
A000003,K0222,I00001,service_plan,none,2025-03-27
A000004,K0222,I00001,support_tier,dedicated,2025-03-27
A000005,K0379,I00002,sku_quoted,P028,2025-06-27
A000006,K0379,I00002,commissioning,on-site,2025-06-27
A000007,K0379,I00002,service_plan,standard,2025-06-27
A000008,K0379,I00002,support_tier,pooled,2025-06-27
A000009,K0285,I00003,sku_quoted,P040,2024-03-31
A000010,K0285,I00003,commissioning,guided,2024-03-31
A000011,K0285,I00003,service_plan,standard,2024-03-31
A000012,K0285,I00003,support_tier,dedicated,2024-03-31
A000013,K0371,I00004,sku_quoted,P006,2024-08-11
A000014,K0371,I00004,commissioning,on-site,2024-08-11
A000015,K0371,I00004,service_plan,none,2024-08-11
A000016,K0371,I00004,support_tier,pooled,2024-08-11
A000017,K0423,I00005,sku_quoted,P040,2025-01-01
A000018,K0423,I00005,commissioning,self,2025-01-01
A000019,K0423,I00005,service_plan,none,2025-01-01
A000020,K0423,I00005,support_tier,dedicated,2025-01-01
A000021,K0379,I00006,sku_quoted,P016,2024-08-05
A000022,K0379,I00006,commissioning,self,2024-08-05
A000023,K0379,I00006,service_plan,standard,2024-08-05
A000024,K0379,I00006,support_tier,dedicated,2024-08-05
A000025,K0062,I00007,sku_quoted,P036,2025-06-02
A000026,K0062,I00007,commissioning,on-site,2025-06-02
A000027,K0062,I00007,service_plan,standard,2025-06-02
A000028,K0062,I00007,support_tier,pooled,2025-06-02
A000029,K0201,I00008,sku_quoted,P037,2025-05-30
A000030,K0201,I00008,commissioning,on-site,2025-05-30
A000031,K0201,I00008,service_plan,standard,2025-05-30
A000032,K0201,I00008,support_tier,pooled,2025-05-30
A000033,K0225,I00009,sku_quoted,P038,2024-04-16
A000034,K0225,I00009,commissioning,self,2024-04-16
A000035,K0225,I00009,service_plan,none,2024-04-16
A000036,K0225,I00009,support_tier,pooled,2024-04-16
A000037,K0113,I00010,sku_quoted,P021,2025-02-06
A000038,K0113,I00010,commissioning,self,2025-02-06
A000039,K0113,I00010,service_plan,none,2025-02-06
A000040,K0113,I00010,support_tier,pooled,2025-02-06
A000041,K0490,I00011,sku_quoted,P015,2025-02-21
A000042,K0490,I00011,commissioning,self,2025-02-21
A000043,K0490,I00011,service_plan,standard,2025-02-21
A000044,K0490,I00011,support_tier,pooled,2025-02-21
A000045,K0429,I00012,sku_quoted,P041,2025-04-30
A000046,K0429,I00012,commissioning,guided,2025-04-30
A000047,K0429,I00012,service_plan,none,2025-04-30
A000048,K0429,I00012,support_tier,dedicated,2025-04-30
A000049,K0001,I00013,sku_quoted,P028,2025-02-06
A000050,K0001,I00013,commissioning,self,2025-02-06
A000051,K0001,I00013,service_plan,standard,2025-02-06
A000052,K0001,I00013,support_tier,pooled,2025-02-06
A000053,K0386,I00014,sku_quoted,P020,2024-10-02
A000054,K0386,I00014,commissioning,self,2024-10-02
A000055,K0386,I00014,service_plan,standard,2024-10-02
A000056,K0386,I00014,support_tier,dedicated,2024-10-02
A000057,K0325,I00015,sku_quoted,P026,2024-05-14
A000058,K0325,I00015,commissioning,on-site,2024-05-14
A000059,K0325,I00015,service_plan,standard,2024-05-14
A000060,K0325,I00015,support_tier,dedicated,2024-05-14
A000061,K0209,I00016,sku_quoted,P039,2024-10-28
A000062,K0209,I00016,commissioning,self,2024-10-28
A000063,K0209,I00016,service_plan,standard,2024-10-28
A000064,K0209,I00016,support_tier,dedicated,2024-10-28
A000065,K0113,I00017,sku_quoted,P031,2025-01-11
A000066,K0113,I00017,commissioning,self,2025-01-11
A000067,K0113,I00017,service_plan,none,2025-01-11
A000068,K0113,I00017,support_tier,pooled,2025-01-11
A000069,K0181,I00018,sku_quoted,P001,2024-03-15
A000070,K0181,I00018,commissioning,on-site,2024-03-15
A000071,K0181,I00018,service_plan,premium,2024-03-15
A000072,K0181,I00018,support_tier,pooled,2024-03-15
A000073,K0140,I00019,sku_quoted,P008,2024-05-18
A000074,K0140,I00019,commissioning,self,2024-05-18
A000075,K0140,I00019,service_plan,none,2024-05-18
A000076,K0140,I00019,support_tier,pooled,2024-05-18
A000077,K0464,I00020,sku_quoted,P042,2025-07-20
A000078,K0464,I00020,commissioning,self,2025-07-20
A000079,K0464,I00020,service_plan,premium,2025-07-20
A000080,K0464,I00020,support_tier,dedicated,2025-07-20
A000081,K0470,I00021,sku_quoted,P017,2025-02-22
A000082,K0470,I00021,commissioning,guided,2025-02-22
A000083,K0470,I00021,service_plan,standard,2025-02-22
A000084,K0470,I00021,support_tier,dedicated,2025-02-22
A000085,K0123,I00022,sku_quoted,P041,2024-08-15
A000086,K0123,I00022,commissioning,on-site,2024-08-15
A000087,K0123,I00022,service_plan,none,2024-08-15
A000088,K0123,I00022,support_tier,dedicated,2024-08-15
A000089,K0018,I00023,sku_quoted,P027,2024-05-22
A000090,K0018,I00023,commissioning,guided,2024-05-22
A000091,K0018,I00023,service_plan,premium,2024-05-22
A000092,K0018,I00023,support_tier,dedicated,2024-05-22
A000093,K0397,I00024,sku_quoted,P036,2024-10-31
A000094,K0397,I00024,commissioning,self,2024-10-31
A000095,K0397,I00024,service_plan,standard,2024-10-31
A000096,K0397,I00024,support_tier,dedicated,2024-10-31
A000097,K0404,I00025,sku_quoted,P041,2024-07-29
A000098,K0404,I00025,commissioning,self,2024-07-29
A000099,K0404,I00025,service_plan,standard,2024-07-29
A000100,K0404,I00025,support_tier,dedicated,2024-07-29
A000101,K0126,I00026,sku_quoted,P033,2024-08-09
A000102,K0126,I00026,commissioning,guided,2024-08-09
A000103,K0126,I00026,service_plan,premium,2024-08-09
A000104,K0126,I00026,support_tier,pooled,2024-08-09
A000105,K0199,I00027,sku_quoted,P013,2024-12-11
A000106,K0199,I00027,commissioning,on-site,2024-12-11
A000107,K0199,I00027,service_plan,standard,2024-12-11
A000108,K0199,I00027,support_tier,pooled,2024-12-11
A000109,K0048,I00028,sku_quoted,P001,2025-04-17
A000110,K0048,I00028,commissioning,self,2025-04-17
A000111,K0048,I00028,service_plan,none,2025-04-17
A000112,K0048,I00028,support_tier,dedicated,2025-04-17
A000113,K0349,I00029,sku_quoted,P002,2024-03-06
A000114,K0349,I00029,commissioning,on-site,2024-03-06
A000115,K0349,I00029,service_plan,premium,2024-03-06
A000116,K0349,I00029,support_tier,pooled,2024-03-06
A000117,K0062,I00030,sku_quoted,P003,2024-04-17
A000118,K0062,I00030,commissioning,on-site,2024-04-17
A000119,K0062,I00030,service_plan,standard,2024-04-17
A000120,K0062,I00030,support_tier,dedicated,2024-04-17
A000121,K0159,I00031,sku_quoted,P007,2025-07-18
A000122,K0159,I00031,commissioning,guided,2025-07-18
A000123,K0159,I00031,service_plan,standard,2025-07-18
A000124,K0159,I00031,support_tier,dedicated,2025-07-18
A000125,K0394,I00032,sku_quoted,P040,2024-09-09
A000126,K0394,I00032,commissioning,on-site,2024-09-09
A000127,K0394,I00032,service_plan,standard,2024-09-09
A000128,K0394,I00032,support_tier,pooled,2024-09-09
A000129,K0322,I00033,sku_quoted,P018,2024-08-01
A000130,K0322,I00033,commissioning,on-site,2024-08-01
A000131,K0322,I00033,service_plan,standard,2024-08-01
A000132,K0322,I00033,support_tier,dedicated,2024-08-01
A000133,K0432,I00034,sku_quoted,P031,2024-10-23
A000134,K0432,I00034,commissioning,self,2024-10-23
A000135,K0432,I00034,service_plan,standard,2024-10-23
A000136,K0432,I00034,support_tier,dedicated,2024-10-23
A000137,K0108,I00035,sku_quoted,P012,2024-06-17
A000138,K0108,I00035,commissioning,guided,2024-06-17
A000139,K0108,I00035,service_plan,standard,2024-06-17
A000140,K0108,I00035,support_tier,dedicated,2024-06-17
A000141,K0300,I00036,sku_quoted,P038,2025-03-14
A000142,K0300,I00036,commissioning,on-site,2025-03-14
A000143,K0300,I00036,service_plan,standard,2025-03-14
A000144,K0300,I00036,support_tier,pooled,2025-03-14
A000145,K0112,I00037,sku_quoted,P010,2025-04-19
A000146,K0112,I00037,commissioning,guided,2025-04-19
A000147,K0112,I00037,service_plan,standard,2025-04-19
A000148,K0112,I00037,support_tier,dedicated,2025-04-19
A000149,K0279,I00038,sku_quoted,P002,2024-02-07
A000150,K0279,I00038,commissioning,on-site,2024-02-07
A000151,K0279,I00038,service_plan,standard,2024-02-07
A000152,K0279,I00038,support_tier,pooled,2024-02-07
A000153,K0480,I00039,sku_quoted,P027,2024-07-30
A000154,K0480,I00039,commissioning,guided,2024-07-30
A000155,K0480,I00039,service_plan,standard,2024-07-30
A000156,K0480,I00039,support_tier,dedicated,2024-07-30
A000157,K0006,I00040,sku_quoted,P010,2024-03-28
A000158,K0006,I00040,commissioning,guided,2024-03-28
A000159,K0006,I00040,service_plan,none,2024-03-28
A000160,K0006,I00040,support_tier,pooled,2024-03-28
A000161,K0135,I00041,sku_quoted,P037,2024-07-11
A000162,K0135,I00041,commissioning,guided,2024-07-11
A000163,K0135,I00041,service_plan,premium,2024-07-11
A000164,K0135,I00041,support_tier,pooled,2024-07-11
A000165,K0372,I00042,sku_quoted,P025,2024-05-02
A000166,K0372,I00042,commissioning,self,2024-05-02
A000167,K0372,I00042,service_plan,none,2024-05-02
A000168,K0372,I00042,support_tier,dedicated,2024-05-02
A000169,K0518,I00043,sku_quoted,P021,2025-02-25
A000170,K0518,I00043,commissioning,self,2025-02-25
A000171,K0518,I00043,service_plan,premium,2025-02-25
A000172,K0518,I00043,support_tier,pooled,2025-02-25
A000173,K0447,I00044,sku_quoted,P026,2024-08-22
A000174,K0447,I00044,commissioning,self,2024-08-22
A000175,K0447,I00044,service_plan,premium,2024-08-22
A000176,K0447,I00044,support_tier,pooled,2024-08-22
A000177,K0090,I00045,sku_quoted,P033,2024-05-30
A000178,K0090,I00045,commissioning,on-site,2024-05-30
A000179,K0090,I00045,service_plan,none,2024-05-30
A000180,K0090,I00045,support_tier,pooled,2024-05-30
A000181,K0368,I00046,sku_quoted,P013,2024-03-14
A000182,K0368,I00046,commissioning,guided,2024-03-14
A000183,K0368,I00046,service_plan,standard,2024-03-14
A000184,K0368,I00046,support_tier,pooled,2024-03-14
A000185,K0065,I00047,sku_quoted,P007,2024-10-11
A000186,K0065,I00047,commissioning,guided,2024-10-11
A000187,K0065,I00047,service_plan,none,2024-10-11
A000188,K0065,I00047,support_tier,dedicated,2024-10-11
A000189,K0079,I00048,sku_quoted,P017,2024-04-03
A000190,K0079,I00048,commissioning,on-site,2024-04-03
A000191,K0079,I00048,service_plan,standard,2024-04-03
A000192,K0079,I00048,support_tier,dedicated,2024-04-03
A000193,K0354,I00049,sku_quoted,P004,2024-05-26
A000194,K0354,I00049,commissioning,on-site,2024-05-26
A000195,K0354,I00049,service_plan,none,2024-05-26
A000196,K0354,I00049,support_tier,dedicated,2024-05-26
A000197,K0329,I00050,sku_quoted,P002,2024-07-03
A000198,K0329,I00050,commissioning,guided,2024-07-03
A000199,K0329,I00050,service_plan,standard,2024-07-03
A000200,K0329,I00050,support_tier,pooled,2024-07-03
A000201,K0076,I00051,sku_quoted,P005,2024-04-20
A000202,K0076,I00051,commissioning,on-site,2024-04-20
A000203,K0076,I00051,service_plan,none,2024-04-20
A000204,K0076,I00051,support_tier,pooled,2024-04-20
A000205,K0294,I00052,sku_quoted,P023,2024-05-12
A000206,K0294,I00052,commissioning,on-site,2024-05-12
A000207,K0294,I00052,service_plan,standard,2024-05-12
A000208,K0294,I00052,support_tier,dedicated,2024-05-12
A000209,K0467,I00053,sku_quoted,P009,2024-12-11
A000210,K0467,I00053,commissioning,on-site,2024-12-11
A000211,K0467,I00053,service_plan,none,2024-12-11
A000212,K0467,I00053,support_tier,pooled,2024-12-11
A000213,K0351,I00054,sku_quoted,P010,2025-06-19
A000214,K0351,I00054,commissioning,on-site,2025-06-19
A000215,K0351,I00054,service_plan,none,2025-06-19
A000216,K0351,I00054,support_tier,pooled,2025-06-19
A000217,K0172,I00055,sku_quoted,P005,2024-05-01
A000218,K0172,I00055,commissioning,on-site,2024-05-01
A000219,K0172,I00055,service_plan,standard,2024-05-01
A000220,K0172,I00055,support_tier,dedicated,2024-05-01
A000221,K0277,I00056,sku_quoted,P016,2024-07-15
A000222,K0277,I00056,commissioning,guided,2024-07-15
A000223,K0277,I00056,service_plan,standard,2024-07-15
A000224,K0277,I00056,support_tier,pooled,2024-07-15
A000225,K0119,I00057,sku_quoted,P036,2025-07-19
A000226,K0119,I00057,commissioning,guided,2025-07-19
A000227,K0119,I00057,service_plan,none,2025-07-19
A000228,K0119,I00057,support_tier,pooled,2025-07-19
A000229,K0285,I00058,sku_quoted,P030,2024-05-21
A000230,K0285,I00058,commissioning,on-site,2024-05-21
A000231,K0285,I00058,service_plan,standard,2024-05-21
A000232,K0285,I00058,support_tier,pooled,2024-05-21
A000233,K0402,I00059,sku_quoted,P016,2025-07-07
A000234,K0402,I00059,commissioning,on-site,2025-07-07
A000235,K0402,I00059,service_plan,standard,2025-07-07
A000236,K0402,I00059,support_tier,pooled,2025-07-07
A000237,K0190,I00060,sku_quoted,P011,2025-03-06
A000238,K0190,I00060,commissioning,on-site,2025-03-06
A000239,K0190,I00060,service_plan,standard,2025-03-06
A000240,K0190,I00060,support_tier,pooled,2025-03-06
A000241,K0423,I00061,sku_quoted,P022,2025-08-02
A000242,K0423,I00061,commissioning,self,2025-08-02
A000243,K0423,I00061,service_plan,standard,2025-08-02
A000244,K0423,I00061,support_tier,pooled,2025-08-02
A000245,K0087,I00062,sku_quoted,P004,2024-04-08
A000246,K0087,I00062,commissioning,guided,2024-04-08
A000247,K0087,I00062,service_plan,none,2024-04-08
A000248,K0087,I00062,support_tier,pooled,2024-04-08
A000249,K0003,I00063,sku_quoted,P007,2025-02-17
A000250,K0003,I00063,commissioning,guided,2025-02-17
A000251,K0003,I00063,service_plan,standard,2025-02-17
A000252,K0003,I00063,support_tier,pooled,2025-02-17
A000253,K0306,I00064,sku_quoted,P006,2025-02-05
A000254,K0306,I00064,commissioning,guided,2025-02-05
A000255,K0306,I00064,service_plan,none,2025-02-05
A000256,K0306,I00064,support_tier,pooled,2025-02-05
A000257,K0140,I00065,sku_quoted,P014,2024-11-29
A000258,K0140,I00065,commissioning,on-site,2024-11-29
A000259,K0140,I00065,service_plan,premium,2024-11-29
A000260,K0140,I00065,support_tier,dedicated,2024-11-29
A000261,K0360,I00066,sku_quoted,P009,2024-09-11
A000262,K0360,I00066,commissioning,on-site,2024-09-11
A000263,K0360,I00066,service_plan,none,2024-09-11
A000264,K0360,I00066,support_tier,pooled,2024-09-11
A000265,K0387,I00067,sku_quoted,P021,2024-07-22
A000266,K0387,I00067,commissioning,self,2024-07-22
A000267,K0387,I00067,service_plan,standard,2024-07-22
A000268,K0387,I00067,support_tier,dedicated,2024-07-22
A000269,K0054,I00068,sku_quoted,P040,2024-10-13
A000270,K0054,I00068,commissioning,self,2024-10-13
A000271,K0054,I00068,service_plan,none,2024-10-13
A000272,K0054,I00068,support_tier,dedicated,2024-10-13
A000273,K0308,I00069,sku_quoted,P004,2025-01-24
A000274,K0308,I00069,commissioning,on-site,2025-01-24
A000275,K0308,I00069,service_plan,standard,2025-01-24
A000276,K0308,I00069,support_tier,pooled,2025-01-24
A000277,K0414,I00070,sku_quoted,P037,2024-03-29
A000278,K0414,I00070,commissioning,self,2024-03-29
A000279,K0414,I00070,service_plan,none,2024-03-29
A000280,K0414,I00070,support_tier,pooled,2024-03-29
A000281,K0449,I00071,sku_quoted,P031,2024-07-26
A000282,K0449,I00071,commissioning,on-site,2024-07-26
A000283,K0449,I00071,service_plan,standard,2024-07-26
A000284,K0449,I00071,support_tier,pooled,2024-07-26
A000285,K0195,I00072,sku_quoted,P035,2024-04-16
A000286,K0195,I00072,commissioning,guided,2024-04-16
A000287,K0195,I00072,service_plan,none,2024-04-16
A000288,K0195,I00072,support_tier,pooled,2024-04-16
A000289,K0382,I00073,sku_quoted,P022,2025-01-05
A000290,K0382,I00073,commissioning,on-site,2025-01-05
A000291,K0382,I00073,service_plan,standard,2025-01-05
A000292,K0382,I00073,support_tier,pooled,2025-01-05
A000293,K0275,I00074,sku_quoted,P023,2024-08-28
A000294,K0275,I00074,commissioning,self,2024-08-28
A000295,K0275,I00074,service_plan,none,2024-08-28
A000296,K0275,I00074,support_tier,pooled,2024-08-28
A000297,K0072,I00075,sku_quoted,P019,2025-06-24
A000298,K0072,I00075,commissioning,self,2025-06-24
A000299,K0072,I00075,service_plan,standard,2025-06-24
A000300,K0072,I00075,support_tier,pooled,2025-06-24
A000301,K0251,I00076,sku_quoted,P024,2024-05-17
A000302,K0251,I00076,commissioning,self,2024-05-17
A000303,K0251,I00076,service_plan,none,2024-05-17
A000304,K0251,I00076,support_tier,dedicated,2024-05-17
A000305,K0321,I00077,sku_quoted,P023,2024-04-19
A000306,K0321,I00077,commissioning,on-site,2024-04-19
A000307,K0321,I00077,service_plan,standard,2024-04-19
A000308,K0321,I00077,support_tier,pooled,2024-04-19
A000309,K0241,I00078,sku_quoted,P022,2024-12-28
A000310,K0241,I00078,commissioning,on-site,2024-12-28
A000311,K0241,I00078,service_plan,standard,2024-12-28
A000312,K0241,I00078,support_tier,pooled,2024-12-28
A000313,K0159,I00079,sku_quoted,P027,2024-08-01
A000314,K0159,I00079,commissioning,self,2024-08-01
A000315,K0159,I00079,service_plan,standard,2024-08-01
A000316,K0159,I00079,support_tier,dedicated,2024-08-01
A000317,K0180,I00080,sku_quoted,P021,2025-07-01
A000318,K0180,I00080,commissioning,on-site,2025-07-01
A000319,K0180,I00080,service_plan,standard,2025-07-01
A000320,K0180,I00080,support_tier,dedicated,2025-07-01
A000321,K0303,I00081,sku_quoted,P037,2024-11-17
A000322,K0303,I00081,commissioning,on-site,2024-11-17
A000323,K0303,I00081,service_plan,standard,2024-11-17
A000324,K0303,I00081,support_tier,dedicated,2024-11-17
A000325,K0310,I00082,sku_quoted,P009,2024-08-20
A000326,K0310,I00082,commissioning,on-site,2024-08-20
A000327,K0310,I00082,service_plan,none,2024-08-20
A000328,K0310,I00082,support_tier,dedicated,2024-08-20
A000329,K0346,I00083,sku_quoted,P024,2025-01-01
A000330,K0346,I00083,commissioning,on-site,2025-01-01
A000331,K0346,I00083,service_plan,standard,2025-01-01
A000332,K0346,I00083,support_tier,dedicated,2025-01-01
A000333,K0517,I00084,sku_quoted,P023,2025-08-12
A000334,K0517,I00084,commissioning,guided,2025-08-12
A000335,K0517,I00084,service_plan,standard,2025-08-12
A000336,K0517,I00084,support_tier,pooled,2025-08-12
A000337,K0180,I00085,sku_quoted,P005,2024-08-28
A000338,K0180,I00085,commissioning,guided,2024-08-28
A000339,K0180,I00085,service_plan,none,2024-08-28
A000340,K0180,I00085,support_tier,pooled,2024-08-28
A000341,K0438,I00086,sku_quoted,P034,2024-08-30
A000342,K0438,I00086,commissioning,self,2024-08-30
A000343,K0438,I00086,service_plan,premium,2024-08-30
A000344,K0438,I00086,support_tier,pooled,2024-08-30
A000345,K0227,I00087,sku_quoted,P008,2024-10-08
A000346,K0227,I00087,commissioning,self,2024-10-08
A000347,K0227,I00087,service_plan,standard,2024-10-08
A000348,K0227,I00087,support_tier,pooled,2024-10-08
A000349,K0491,I00088,sku_quoted,P022,2024-07-29
A000350,K0491,I00088,commissioning,self,2024-07-29
A000351,K0491,I00088,service_plan,none,2024-07-29
A000352,K0491,I00088,support_tier,pooled,2024-07-29
A000353,K0137,I00089,sku_quoted,P040,2025-05-19
A000354,K0137,I00089,commissioning,guided,2025-05-19
A000355,K0137,I00089,service_plan,none,2025-05-19
A000356,K0137,I00089,support_tier,dedicated,2025-05-19
A000357,K0412,I00090,sku_quoted,P019,2024-06-04
A000358,K0412,I00090,commissioning,on-site,2024-06-04
A000359,K0412,I00090,service_plan,standard,2024-06-04
A000360,K0412,I00090,support_tier,pooled,2024-06-04
A000361,K0177,I00091,sku_quoted,P026,2025-04-16
A000362,K0177,I00091,commissioning,on-site,2025-04-16
A000363,K0177,I00091,service_plan,premium,2025-04-16
A000364,K0177,I00091,support_tier,dedicated,2025-04-16
A000365,K0308,I00092,sku_quoted,P011,2025-02-23
A000366,K0308,I00092,commissioning,on-site,2025-02-23
A000367,K0308,I00092,service_plan,standard,2025-02-23
A000368,K0308,I00092,support_tier,pooled,2025-02-23
A000369,K0366,I00093,sku_quoted,P036,2025-07-28
A000370,K0366,I00093,commissioning,guided,2025-07-28
A000371,K0366,I00093,service_plan,none,2025-07-28
A000372,K0366,I00093,support_tier,pooled,2025-07-28
A000373,K0413,I00094,sku_quoted,P024,2024-07-04
A000374,K0413,I00094,commissioning,self,2024-07-04
A000375,K0413,I00094,service_plan,standard,2024-07-04
A000376,K0413,I00094,support_tier,pooled,2024-07-04
A000377,K0458,I00095,sku_quoted,P020,2024-09-22
A000378,K0458,I00095,commissioning,on-site,2024-09-22
A000379,K0458,I00095,service_plan,standard,2024-09-22
A000380,K0458,I00095,support_tier,dedicated,2024-09-22
A000381,K0098,I00096,sku_quoted,P010,2025-07-09
A000382,K0098,I00096,commissioning,on-site,2025-07-09
A000383,K0098,I00096,service_plan,standard,2025-07-09
A000384,K0098,I00096,support_tier,pooled,2025-07-09
A000385,K0482,I00097,sku_quoted,P036,2024-06-29
A000386,K0482,I00097,commissioning,self,2024-06-29
A000387,K0482,I00097,service_plan,standard,2024-06-29
A000388,K0482,I00097,support_tier,pooled,2024-06-29
A000389,K0218,I00098,sku_quoted,P010,2024-03-08
A000390,K0218,I00098,commissioning,self,2024-03-08
A000391,K0218,I00098,service_plan,none,2024-03-08
A000392,K0218,I00098,support_tier,pooled,2024-03-08
A000393,K0024,I00099,sku_quoted,P004,2024-11-10
A000394,K0024,I00099,commissioning,on-site,2024-11-10
A000395,K0024,I00099,service_plan,premium,2024-11-10
A000396,K0024,I00099,support_tier,dedicated,2024-11-10
A000397,K0270,I00100,sku_quoted,P011,2025-01-30
A000398,K0270,I00100,commissioning,self,2025-01-30
A000399,K0270,I00100,service_plan,standard,2025-01-30
A000400,K0270,I00100,support_tier,dedicated,2025-01-30
A000401,K0291,I00101,sku_quoted,P007,2024-07-01
A000402,K0291,I00101,commissioning,on-site,2024-07-01
A000403,K0291,I00101,service_plan,premium,2024-07-01
A000404,K0291,I00101,support_tier,pooled,2024-07-01
A000405,K0144,I00102,sku_quoted,P024,2024-10-13
A000406,K0144,I00102,commissioning,on-site,2024-10-13
A000407,K0144,I00102,service_plan,none,2024-10-13
A000408,K0144,I00102,support_tier,dedicated,2024-10-13
A000409,K0308,I00103,sku_quoted,P013,2025-04-01
A000410,K0308,I00103,commissioning,guided,2025-04-01
A000411,K0308,I00103,service_plan,none,2025-04-01
A000412,K0308,I00103,support_tier,dedicated,2025-04-01
A000413,K0366,I00104,sku_quoted,P018,2025-02-25
A000414,K0366,I00104,commissioning,self,2025-02-25
A000415,K0366,I00104,service_plan,none,2025-02-25
A000416,K0366,I00104,support_tier,dedicated,2025-02-25
A000417,K0406,I00105,sku_quoted,P002,2024-12-11
A000418,K0406,I00105,commissioning,self,2024-12-11
A000419,K0406,I00105,service_plan,premium,2024-12-11
A000420,K0406,I00105,support_tier,pooled,2024-12-11
A000421,K0413,I00106,sku_quoted,P041,2024-04-24
A000422,K0413,I00106,commissioning,self,2024-04-24
A000423,K0413,I00106,service_plan,standard,2024-04-24
A000424,K0413,I00106,support_tier,dedicated,2024-04-24
A000425,K0187,I00107,sku_quoted,P006,2025-04-11
A000426,K0187,I00107,commissioning,self,2025-04-11
A000427,K0187,I00107,service_plan,none,2025-04-11
A000428,K0187,I00107,support_tier,dedicated,2025-04-11
A000429,K0397,I00108,sku_quoted,P027,2024-06-03
A000430,K0397,I00108,commissioning,on-site,2024-06-03
A000431,K0397,I00108,service_plan,premium,2024-06-03
A000432,K0397,I00108,support_tier,dedicated,2024-06-03
A000433,K0471,I00109,sku_quoted,P030,2024-05-01
A000434,K0471,I00109,commissioning,on-site,2024-05-01
A000435,K0471,I00109,service_plan,standard,2024-05-01
A000436,K0471,I00109,support_tier,pooled,2024-05-01
A000437,K0221,I00110,sku_quoted,P005,2024-08-21
A000438,K0221,I00110,commissioning,on-site,2024-08-21
A000439,K0221,I00110,service_plan,standard,2024-08-21
A000440,K0221,I00110,support_tier,pooled,2024-08-21
A000441,K0292,I00111,sku_quoted,P039,2025-04-10
A000442,K0292,I00111,commissioning,self,2025-04-10
A000443,K0292,I00111,service_plan,none,2025-04-10
A000444,K0292,I00111,support_tier,pooled,2025-04-10
A000445,K0518,I00112,sku_quoted,P028,2025-07-25
A000446,K0518,I00112,commissioning,on-site,2025-07-25
A000447,K0518,I00112,service_plan,none,2025-07-25
A000448,K0518,I00112,support_tier,pooled,2025-07-25
A000449,K0181,I00113,sku_quoted,P021,2024-04-28
A000450,K0181,I00113,commissioning,on-site,2024-04-28
A000451,K0181,I00113,service_plan,standard,2024-04-28
A000452,K0181,I00113,support_tier,pooled,2024-04-28
A000453,K0044,I00114,sku_quoted,P040,2025-08-01
A000454,K0044,I00114,commissioning,guided,2025-08-01
A000455,K0044,I00114,service_plan,standard,2025-08-01
A000456,K0044,I00114,support_tier,dedicated,2025-08-01
A000457,K0206,I00115,sku_quoted,P026,2024-04-24
A000458,K0206,I00115,commissioning,self,2024-04-24
A000459,K0206,I00115,service_plan,premium,2024-04-24
A000460,K0206,I00115,support_tier,pooled,2024-04-24
A000461,K0389,I00116,sku_quoted,P041,2025-05-24
A000462,K0389,I00116,commissioning,on-site,2025-05-24
A000463,K0389,I00116,service_plan,premium,2025-05-24
A000464,K0389,I00116,support_tier,dedicated,2025-05-24
A000465,K0350,I00117,sku_quoted,P013,2024-09-29
A000466,K0350,I00117,commissioning,guided,2024-09-29
A000467,K0350,I00117,service_plan,standard,2024-09-29
A000468,K0350,I00117,support_tier,dedicated,2024-09-29
A000469,K0038,I00118,sku_quoted,P033,2024-10-08
A000470,K0038,I00118,commissioning,guided,2024-10-08
A000471,K0038,I00118,service_plan,standard,2024-10-08
A000472,K0038,I00118,support_tier,pooled,2024-10-08
A000473,K0437,I00119,sku_quoted,P040,2024-03-21
A000474,K0437,I00119,commissioning,guided,2024-03-21
A000475,K0437,I00119,service_plan,standard,2024-03-21
A000476,K0437,I00119,support_tier,pooled,2024-03-21
A000477,K0251,I00120,sku_quoted,P004,2025-01-10
A000478,K0251,I00120,commissioning,self,2025-01-10
A000479,K0251,I00120,service_plan,none,2025-01-10
A000480,K0251,I00120,support_tier,dedicated,2025-01-10
A000481,K0153,I00121,sku_quoted,P039,2025-04-07
A000482,K0153,I00121,commissioning,on-site,2025-04-07
A000483,K0153,I00121,service_plan,standard,2025-04-07
A000484,K0153,I00121,support_tier,dedicated,2025-04-07
A000485,K0392,I00122,sku_quoted,P008,2025-01-27
A000486,K0392,I00122,commissioning,on-site,2025-01-27
A000487,K0392,I00122,service_plan,none,2025-01-27
A000488,K0392,I00122,support_tier,pooled,2025-01-27
A000489,K0401,I00123,sku_quoted,P034,2024-09-20
A000490,K0401,I00123,commissioning,on-site,2024-09-20
A000491,K0401,I00123,service_plan,standard,2024-09-20
A000492,K0401,I00123,support_tier,dedicated,2024-09-20
A000493,K0334,I00124,sku_quoted,P018,2024-07-18
A000494,K0334,I00124,commissioning,self,2024-07-18
A000495,K0334,I00124,service_plan,standard,2024-07-18
A000496,K0334,I00124,support_tier,pooled,2024-07-18
A000497,K0311,I00125,sku_quoted,P003,2025-01-17
A000498,K0311,I00125,commissioning,guided,2025-01-17
A000499,K0311,I00125,service_plan,standard,2025-01-17
A000500,K0311,I00125,support_tier,pooled,2025-01-17
A000501,K0075,I00126,sku_quoted,P040,2024-08-09
A000502,K0075,I00126,commissioning,guided,2024-08-09
A000503,K0075,I00126,service_plan,standard,2024-08-09
A000504,K0075,I00126,support_tier,pooled,2024-08-09
A000505,K0110,I00127,sku_quoted,P042,2024-12-29
A000506,K0110,I00127,commissioning,on-site,2024-12-29
A000507,K0110,I00127,service_plan,none,2024-12-29
A000508,K0110,I00127,support_tier,dedicated,2024-12-29
A000509,K0337,I00128,sku_quoted,P031,2024-09-06
A000510,K0337,I00128,commissioning,self,2024-09-06
A000511,K0337,I00128,service_plan,standard,2024-09-06
A000512,K0337,I00128,support_tier,pooled,2024-09-06
A000513,K0040,I00129,sku_quoted,P028,2025-04-29
A000514,K0040,I00129,commissioning,guided,2025-04-29
A000515,K0040,I00129,service_plan,none,2025-04-29
A000516,K0040,I00129,support_tier,dedicated,2025-04-29
A000517,K0199,I00130,sku_quoted,P017,2025-02-23
A000518,K0199,I00130,commissioning,guided,2025-02-23
A000519,K0199,I00130,service_plan,standard,2025-02-23
A000520,K0199,I00130,support_tier,dedicated,2025-02-23
A000521,K0106,I00131,sku_quoted,P022,2025-06-29
A000522,K0106,I00131,commissioning,guided,2025-06-29
A000523,K0106,I00131,service_plan,standard,2025-06-29
A000524,K0106,I00131,support_tier,pooled,2025-06-29
A000525,K0518,I00132,sku_quoted,P034,2025-02-26
A000526,K0518,I00132,commissioning,self,2025-02-26
A000527,K0518,I00132,service_plan,standard,2025-02-26
A000528,K0518,I00132,support_tier,dedicated,2025-02-26
A000529,K0114,I00133,sku_quoted,P028,2024-08-16
A000530,K0114,I00133,commissioning,guided,2024-08-16
A000531,K0114,I00133,service_plan,standard,2024-08-16
A000532,K0114,I00133,support_tier,dedicated,2024-08-16
A000533,K0337,I00134,sku_quoted,P033,2024-08-16
A000534,K0337,I00134,commissioning,self,2024-08-16
A000535,K0337,I00134,service_plan,standard,2024-08-16
A000536,K0337,I00134,support_tier,dedicated,2024-08-16
A000537,K0206,I00135,sku_quoted,P008,2025-04-22
A000538,K0206,I00135,commissioning,on-site,2025-04-22
A000539,K0206,I00135,service_plan,premium,2025-04-22
A000540,K0206,I00135,support_tier,pooled,2025-04-22
A000541,K0053,I00136,sku_quoted,P026,2024-03-23
A000542,K0053,I00136,commissioning,guided,2024-03-23
A000543,K0053,I00136,service_plan,standard,2024-03-23
A000544,K0053,I00136,support_tier,dedicated,2024-03-23
A000545,K0451,I00137,sku_quoted,P001,2025-08-06
A000546,K0451,I00137,commissioning,guided,2025-08-06
A000547,K0451,I00137,service_plan,standard,2025-08-06
A000548,K0451,I00137,support_tier,pooled,2025-08-06
A000549,K0272,I00138,sku_quoted,P011,2024-04-22
A000550,K0272,I00138,commissioning,on-site,2024-04-22
A000551,K0272,I00138,service_plan,none,2024-04-22
A000552,K0272,I00138,support_tier,dedicated,2024-04-22
A000553,K0087,I00139,sku_quoted,P028,2024-05-20
A000554,K0087,I00139,commissioning,guided,2024-05-20
A000555,K0087,I00139,service_plan,standard,2024-05-20
A000556,K0087,I00139,support_tier,dedicated,2024-05-20
A000557,K0221,I00140,sku_quoted,P019,2025-04-09
A000558,K0221,I00140,commissioning,self,2025-04-09
A000559,K0221,I00140,service_plan,premium,2025-04-09
A000560,K0221,I00140,support_tier,dedicated,2025-04-09
A000561,K0223,I00141,sku_quoted,P040,2024-07-12
A000562,K0223,I00141,commissioning,guided,2024-07-12
A000563,K0223,I00141,service_plan,standard,2024-07-12
A000564,K0223,I00141,support_tier,dedicated,2024-07-12
A000565,K0036,I00142,sku_quoted,P034,2024-12-04
A000566,K0036,I00142,commissioning,self,2024-12-04
A000567,K0036,I00142,service_plan,none,2024-12-04
A000568,K0036,I00142,support_tier,pooled,2024-12-04
A000569,K0508,I00143,sku_quoted,P033,2024-06-03
A000570,K0508,I00143,commissioning,on-site,2024-06-03
A000571,K0508,I00143,service_plan,none,2024-06-03
A000572,K0508,I00143,support_tier,pooled,2024-06-03
A000573,K0120,I00144,sku_quoted,P041,2025-05-19
A000574,K0120,I00144,commissioning,on-site,2025-05-19
A000575,K0120,I00144,service_plan,premium,2025-05-19
A000576,K0120,I00144,support_tier,dedicated,2025-05-19
A000577,K0193,I00145,sku_quoted,P020,2024-10-01
A000578,K0193,I00145,commissioning,self,2024-10-01
A000579,K0193,I00145,service_plan,standard,2024-10-01
A000580,K0193,I00145,support_tier,dedicated,2024-10-01
A000581,K0486,I00146,sku_quoted,P038,2025-04-14
A000582,K0486,I00146,commissioning,self,2025-04-14
A000583,K0486,I00146,service_plan,premium,2025-04-14
A000584,K0486,I00146,support_tier,pooled,2025-04-14
A000585,K0041,I00147,sku_quoted,P032,2024-04-29
A000586,K0041,I00147,commissioning,self,2024-04-29
A000587,K0041,I00147,service_plan,standard,2024-04-29
A000588,K0041,I00147,support_tier,dedicated,2024-04-29
A000589,K0300,I00148,sku_quoted,P032,2024-03-06
A000590,K0300,I00148,commissioning,guided,2024-03-06
A000591,K0300,I00148,service_plan,premium,2024-03-06
A000592,K0300,I00148,support_tier,pooled,2024-03-06
A000593,K0153,I00149,sku_quoted,P030,2024-08-31
A000594,K0153,I00149,commissioning,guided,2024-08-31
A000595,K0153,I00149,service_plan,standard,2024-08-31
A000596,K0153,I00149,support_tier,pooled,2024-08-31
A000597,K0235,I00150,sku_quoted,P013,2025-03-10
A000598,K0235,I00150,commissioning,self,2025-03-10
A000599,K0235,I00150,service_plan,none,2025-03-10
A000600,K0235,I00150,support_tier,dedicated,2025-03-10
A000601,K0202,I00151,sku_quoted,P024,2024-10-24
A000602,K0202,I00151,commissioning,on-site,2024-10-24
A000603,K0202,I00151,service_plan,standard,2024-10-24
A000604,K0202,I00151,support_tier,dedicated,2024-10-24
A000605,K0478,I00152,sku_quoted,P007,2025-08-03
A000606,K0478,I00152,commissioning,on-site,2025-08-03
A000607,K0478,I00152,service_plan,none,2025-08-03
A000608,K0478,I00152,support_tier,dedicated,2025-08-03
A000609,K0022,I00153,sku_quoted,P023,2025-01-08
A000610,K0022,I00153,commissioning,on-site,2025-01-08
A000611,K0022,I00153,service_plan,none,2025-01-08
A000612,K0022,I00153,support_tier,pooled,2025-01-08
A000613,K0431,I00154,sku_quoted,P031,2024-05-21
A000614,K0431,I00154,commissioning,guided,2024-05-21
A000615,K0431,I00154,service_plan,standard,2024-05-21
A000616,K0431,I00154,support_tier,pooled,2024-05-21
A000617,K0097,I00155,sku_quoted,P023,2024-05-07
A000618,K0097,I00155,commissioning,on-site,2024-05-07
A000619,K0097,I00155,service_plan,standard,2024-05-07
A000620,K0097,I00155,support_tier,pooled,2024-05-07
A000621,K0401,I00156,sku_quoted,P005,2024-05-27
A000622,K0401,I00156,commissioning,guided,2024-05-27
A000623,K0401,I00156,service_plan,standard,2024-05-27
A000624,K0401,I00156,support_tier,pooled,2024-05-27
A000625,K0419,I00157,sku_quoted,P020,2024-04-05
A000626,K0419,I00157,commissioning,guided,2024-04-05
A000627,K0419,I00157,service_plan,standard,2024-04-05
A000628,K0419,I00157,support_tier,dedicated,2024-04-05
A000629,K0120,I00158,sku_quoted,P015,2024-04-16
A000630,K0120,I00158,commissioning,self,2024-04-16
A000631,K0120,I00158,service_plan,none,2024-04-16
A000632,K0120,I00158,support_tier,pooled,2024-04-16
A000633,K0050,I00159,sku_quoted,P010,2025-02-16
A000634,K0050,I00159,commissioning,guided,2025-02-16
A000635,K0050,I00159,service_plan,standard,2025-02-16
A000636,K0050,I00159,support_tier,dedicated,2025-02-16
A000637,K0438,I00160,sku_quoted,P041,2024-09-25
A000638,K0438,I00160,commissioning,self,2024-09-25
A000639,K0438,I00160,service_plan,none,2024-09-25
A000640,K0438,I00160,support_tier,dedicated,2024-09-25
A000641,K0510,I00161,sku_quoted,P001,2025-05-10
A000642,K0510,I00161,commissioning,self,2025-05-10
A000643,K0510,I00161,service_plan,none,2025-05-10
A000644,K0510,I00161,support_tier,dedicated,2025-05-10
A000645,K0509,I00162,sku_quoted,P042,2025-03-26
A000646,K0509,I00162,commissioning,guided,2025-03-26
A000647,K0509,I00162,service_plan,none,2025-03-26
A000648,K0509,I00162,support_tier,dedicated,2025-03-26
A000649,K0230,I00163,sku_quoted,P036,2024-09-05
A000650,K0230,I00163,commissioning,self,2024-09-05
A000651,K0230,I00163,service_plan,standard,2024-09-05
A000652,K0230,I00163,support_tier,pooled,2024-09-05
A000653,K0258,I00164,sku_quoted,P024,2024-07-30
A000654,K0258,I00164,commissioning,guided,2024-07-30
A000655,K0258,I00164,service_plan,premium,2024-07-30
A000656,K0258,I00164,support_tier,dedicated,2024-07-30
A000657,K0439,I00165,sku_quoted,P004,2025-02-06
A000658,K0439,I00165,commissioning,self,2025-02-06
A000659,K0439,I00165,service_plan,standard,2025-02-06
A000660,K0439,I00165,support_tier,dedicated,2025-02-06
A000661,K0180,I00166,sku_quoted,P029,2025-05-22
A000662,K0180,I00166,commissioning,on-site,2025-05-22
A000663,K0180,I00166,service_plan,premium,2025-05-22
A000664,K0180,I00166,support_tier,pooled,2025-05-22
A000665,K0490,I00167,sku_quoted,P037,2024-12-12
A000666,K0490,I00167,commissioning,on-site,2024-12-12
A000667,K0490,I00167,service_plan,premium,2024-12-12
A000668,K0490,I00167,support_tier,dedicated,2024-12-12
A000669,K0176,I00168,sku_quoted,P003,2025-03-31
A000670,K0176,I00168,commissioning,on-site,2025-03-31
A000671,K0176,I00168,service_plan,premium,2025-03-31
A000672,K0176,I00168,support_tier,dedicated,2025-03-31
A000673,K0273,I00169,sku_quoted,P023,2024-05-07
A000674,K0273,I00169,commissioning,guided,2024-05-07
A000675,K0273,I00169,service_plan,premium,2024-05-07
A000676,K0273,I00169,support_tier,pooled,2024-05-07
A000677,K0390,I00170,sku_quoted,P001,2024-06-08
A000678,K0390,I00170,commissioning,self,2024-06-08
A000679,K0390,I00170,service_plan,standard,2024-06-08
A000680,K0390,I00170,support_tier,pooled,2024-06-08
A000681,K0278,I00171,sku_quoted,P025,2024-07-01
A000682,K0278,I00171,commissioning,on-site,2024-07-01
A000683,K0278,I00171,service_plan,premium,2024-07-01
A000684,K0278,I00171,support_tier,pooled,2024-07-01
A000685,K0363,I00172,sku_quoted,P030,2024-05-31
A000686,K0363,I00172,commissioning,self,2024-05-31
A000687,K0363,I00172,service_plan,premium,2024-05-31
A000688,K0363,I00172,support_tier,dedicated,2024-05-31
A000689,K0087,I00173,sku_quoted,P007,2024-09-27
A000690,K0087,I00173,commissioning,guided,2024-09-27
A000691,K0087,I00173,service_plan,standard,2024-09-27
A000692,K0087,I00173,support_tier,dedicated,2024-09-27
A000693,K0401,I00174,sku_quoted,P041,2025-01-22
A000694,K0401,I00174,commissioning,on-site,2025-01-22
A000695,K0401,I00174,service_plan,standard,2025-01-22
A000696,K0401,I00174,support_tier,dedicated,2025-01-22
A000697,K0162,I00175,sku_quoted,P002,2025-01-23
A000698,K0162,I00175,commissioning,on-site,2025-01-23
A000699,K0162,I00175,service_plan,premium,2025-01-23
A000700,K0162,I00175,support_tier,pooled,2025-01-23
A000701,K0184,I00176,sku_quoted,P011,2024-08-05
A000702,K0184,I00176,commissioning,on-site,2024-08-05
A000703,K0184,I00176,service_plan,standard,2024-08-05
A000704,K0184,I00176,support_tier,pooled,2024-08-05
A000705,K0483,I00177,sku_quoted,P024,2024-04-16
A000706,K0483,I00177,commissioning,on-site,2024-04-16
A000707,K0483,I00177,service_plan,standard,2024-04-16
A000708,K0483,I00177,support_tier,dedicated,2024-04-16
A000709,K0485,I00178,sku_quoted,P019,2024-12-21
A000710,K0485,I00178,commissioning,guided,2024-12-21
A000711,K0485,I00178,service_plan,none,2024-12-21
A000712,K0485,I00178,support_tier,dedicated,2024-12-21
A000713,K0475,I00179,sku_quoted,P022,2025-02-10
A000714,K0475,I00179,commissioning,self,2025-02-10
A000715,K0475,I00179,service_plan,standard,2025-02-10
A000716,K0475,I00179,support_tier,pooled,2025-02-10
A000717,K0491,I00180,sku_quoted,P021,2025-04-18
A000718,K0491,I00180,commissioning,self,2025-04-18
A000719,K0491,I00180,service_plan,standard,2025-04-18
A000720,K0491,I00180,support_tier,pooled,2025-04-18
A000721,K0273,I00181,sku_quoted,P030,2024-07-01
A000722,K0273,I00181,commissioning,guided,2024-07-01
A000723,K0273,I00181,service_plan,none,2024-07-01
A000724,K0273,I00181,support_tier,pooled,2024-07-01
A000725,K0240,I00182,sku_quoted,P003,2025-04-21
A000726,K0240,I00182,commissioning,guided,2025-04-21
A000727,K0240,I00182,service_plan,premium,2025-04-21
A000728,K0240,I00182,support_tier,pooled,2025-04-21
A000729,K0210,I00183,sku_quoted,P008,2024-03-20
A000730,K0210,I00183,commissioning,guided,2024-03-20
A000731,K0210,I00183,service_plan,standard,2024-03-20
A000732,K0210,I00183,support_tier,pooled,2024-03-20
A000733,K0019,I00184,sku_quoted,P038,2024-03-26
A000734,K0019,I00184,commissioning,on-site,2024-03-26
A000735,K0019,I00184,service_plan,none,2024-03-26
A000736,K0019,I00184,support_tier,dedicated,2024-03-26
A000737,K0233,I00185,sku_quoted,P016,2024-08-28
A000738,K0233,I00185,commissioning,on-site,2024-08-28
A000739,K0233,I00185,service_plan,none,2024-08-28
A000740,K0233,I00185,support_tier,dedicated,2024-08-28
A000741,K0063,I00186,sku_quoted,P001,2025-01-08
A000742,K0063,I00186,commissioning,self,2025-01-08
A000743,K0063,I00186,service_plan,premium,2025-01-08
A000744,K0063,I00186,support_tier,pooled,2025-01-08
A000745,K0084,I00187,sku_quoted,P034,2024-12-20
A000746,K0084,I00187,commissioning,self,2024-12-20
A000747,K0084,I00187,service_plan,premium,2024-12-20
A000748,K0084,I00187,support_tier,dedicated,2024-12-20
A000749,K0436,I00188,sku_quoted,P012,2025-03-02
A000750,K0436,I00188,commissioning,guided,2025-03-02
A000751,K0436,I00188,service_plan,standard,2025-03-02
A000752,K0436,I00188,support_tier,dedicated,2025-03-02
A000753,K0284,I00189,sku_quoted,P007,2025-07-16
A000754,K0284,I00189,commissioning,guided,2025-07-16
A000755,K0284,I00189,service_plan,standard,2025-07-16
A000756,K0284,I00189,support_tier,dedicated,2025-07-16
A000757,K0447,I00190,sku_quoted,P025,2025-06-20
A000758,K0447,I00190,commissioning,guided,2025-06-20
A000759,K0447,I00190,service_plan,standard,2025-06-20
A000760,K0447,I00190,support_tier,dedicated,2025-06-20
A000761,K0462,I00191,sku_quoted,P020,2025-06-25
A000762,K0462,I00191,commissioning,on-site,2025-06-25
A000763,K0462,I00191,service_plan,none,2025-06-25
A000764,K0462,I00191,support_tier,dedicated,2025-06-25
A000765,K0379,I00192,sku_quoted,P041,2024-07-01
A000766,K0379,I00192,commissioning,self,2024-07-01
A000767,K0379,I00192,service_plan,none,2024-07-01
A000768,K0379,I00192,support_tier,pooled,2024-07-01
A000769,K0417,I00193,sku_quoted,P019,2024-10-24
A000770,K0417,I00193,commissioning,self,2024-10-24
A000771,K0417,I00193,service_plan,standard,2024-10-24
A000772,K0417,I00193,support_tier,dedicated,2024-10-24
A000773,K0434,I00194,sku_quoted,P027,2024-04-06
A000774,K0434,I00194,commissioning,on-site,2024-04-06
A000775,K0434,I00194,service_plan,none,2024-04-06
A000776,K0434,I00194,support_tier,dedicated,2024-04-06
A000777,K0233,I00195,sku_quoted,P006,2025-02-25
A000778,K0233,I00195,commissioning,self,2025-02-25
A000779,K0233,I00195,service_plan,standard,2025-02-25
A000780,K0233,I00195,support_tier,pooled,2025-02-25
A000781,K0490,I00196,sku_quoted,P040,2024-09-02
A000782,K0490,I00196,commissioning,on-site,2024-09-02
A000783,K0490,I00196,service_plan,standard,2024-09-02
A000784,K0490,I00196,support_tier,pooled,2024-09-02
A000785,K0513,I00197,sku_quoted,P016,2024-11-01
A000786,K0513,I00197,commissioning,self,2024-11-01
A000787,K0513,I00197,service_plan,standard,2024-11-01
A000788,K0513,I00197,support_tier,pooled,2024-11-01
A000789,K0408,I00198,sku_quoted,P027,2024-11-14
A000790,K0408,I00198,commissioning,self,2024-11-14
A000791,K0408,I00198,service_plan,standard,2024-11-14
A000792,K0408,I00198,support_tier,dedicated,2024-11-14
A000793,K0425,I00199,sku_quoted,P007,2024-09-16
A000794,K0425,I00199,commissioning,on-site,2024-09-16
A000795,K0425,I00199,service_plan,none,2024-09-16
A000796,K0425,I00199,support_tier,pooled,2024-09-16
A000797,K0001,I00200,sku_quoted,P007,2024-12-28
A000798,K0001,I00200,commissioning,self,2024-12-28
A000799,K0001,I00200,service_plan,premium,2024-12-28
A000800,K0001,I00200,support_tier,pooled,2024-12-28
A000801,K0295,I00201,sku_quoted,P023,2025-01-15
A000802,K0295,I00201,commissioning,guided,2025-01-15
A000803,K0295,I00201,service_plan,standard,2025-01-15
A000804,K0295,I00201,support_tier,dedicated,2025-01-15
A000805,K0105,I00202,sku_quoted,P016,2024-09-18
A000806,K0105,I00202,commissioning,guided,2024-09-18
A000807,K0105,I00202,service_plan,standard,2024-09-18
A000808,K0105,I00202,support_tier,pooled,2024-09-18
A000809,K0471,I00203,sku_quoted,P024,2024-11-18
A000810,K0471,I00203,commissioning,self,2024-11-18
A000811,K0471,I00203,service_plan,standard,2024-11-18
A000812,K0471,I00203,support_tier,dedicated,2024-11-18
A000813,K0255,I00204,sku_quoted,P013,2024-08-28
A000814,K0255,I00204,commissioning,on-site,2024-08-28
A000815,K0255,I00204,service_plan,premium,2024-08-28
A000816,K0255,I00204,support_tier,dedicated,2024-08-28
A000817,K0264,I00205,sku_quoted,P027,2024-08-12
A000818,K0264,I00205,commissioning,self,2024-08-12
A000819,K0264,I00205,service_plan,standard,2024-08-12
A000820,K0264,I00205,support_tier,dedicated,2024-08-12
A000821,K0362,I00206,sku_quoted,P009,2025-06-14
A000822,K0362,I00206,commissioning,self,2025-06-14
A000823,K0362,I00206,service_plan,standard,2025-06-14
A000824,K0362,I00206,support_tier,dedicated,2025-06-14
A000825,K0341,I00207,sku_quoted,P041,2024-08-31
A000826,K0341,I00207,commissioning,on-site,2024-08-31
A000827,K0341,I00207,service_plan,standard,2024-08-31
A000828,K0341,I00207,support_tier,dedicated,2024-08-31
A000829,K0003,I00208,sku_quoted,P023,2025-05-02
A000830,K0003,I00208,commissioning,on-site,2025-05-02
A000831,K0003,I00208,service_plan,standard,2025-05-02
A000832,K0003,I00208,support_tier,pooled,2025-05-02
A000833,K0312,I00209,sku_quoted,P040,2024-03-10
A000834,K0312,I00209,commissioning,on-site,2024-03-10
A000835,K0312,I00209,service_plan,none,2024-03-10
A000836,K0312,I00209,support_tier,dedicated,2024-03-10
A000837,K0362,I00210,sku_quoted,P026,2025-06-17
A000838,K0362,I00210,commissioning,on-site,2025-06-17
A000839,K0362,I00210,service_plan,standard,2025-06-17
A000840,K0362,I00210,support_tier,dedicated,2025-06-17
A000841,K0232,I00211,sku_quoted,P013,2025-05-03
A000842,K0232,I00211,commissioning,self,2025-05-03
A000843,K0232,I00211,service_plan,premium,2025-05-03
A000844,K0232,I00211,support_tier,dedicated,2025-05-03
A000845,K0202,I00212,sku_quoted,P020,2024-05-12
A000846,K0202,I00212,commissioning,self,2024-05-12
A000847,K0202,I00212,service_plan,standard,2024-05-12
A000848,K0202,I00212,support_tier,pooled,2024-05-12
A000849,K0370,I00213,sku_quoted,P006,2024-05-07
A000850,K0370,I00213,commissioning,on-site,2024-05-07
A000851,K0370,I00213,service_plan,none,2024-05-07
A000852,K0370,I00213,support_tier,pooled,2024-05-07
A000853,K0052,I00214,sku_quoted,P016,2025-03-26
A000854,K0052,I00214,commissioning,guided,2025-03-26
A000855,K0052,I00214,service_plan,none,2025-03-26
A000856,K0052,I00214,support_tier,dedicated,2025-03-26
A000857,K0084,I00215,sku_quoted,P007,2024-09-20
A000858,K0084,I00215,commissioning,on-site,2024-09-20
A000859,K0084,I00215,service_plan,none,2024-09-20
A000860,K0084,I00215,support_tier,dedicated,2024-09-20
A000861,K0033,I00216,sku_quoted,P005,2024-09-30
A000862,K0033,I00216,commissioning,on-site,2024-09-30
A000863,K0033,I00216,service_plan,none,2024-09-30
A000864,K0033,I00216,support_tier,dedicated,2024-09-30
A000865,K0220,I00217,sku_quoted,P032,2025-05-07
A000866,K0220,I00217,commissioning,on-site,2025-05-07
A000867,K0220,I00217,service_plan,none,2025-05-07
A000868,K0220,I00217,support_tier,pooled,2025-05-07
A000869,K0284,I00218,sku_quoted,P023,2025-03-10
A000870,K0284,I00218,commissioning,guided,2025-03-10
A000871,K0284,I00218,service_plan,premium,2025-03-10
A000872,K0284,I00218,support_tier,pooled,2025-03-10
A000873,K0268,I00219,sku_quoted,P012,2025-07-18
A000874,K0268,I00219,commissioning,self,2025-07-18
A000875,K0268,I00219,service_plan,standard,2025-07-18
A000876,K0268,I00219,support_tier,pooled,2025-07-18
A000877,K0005,I00220,sku_quoted,P031,2025-04-11
A000878,K0005,I00220,commissioning,guided,2025-04-11
A000879,K0005,I00220,service_plan,standard,2025-04-11
A000880,K0005,I00220,support_tier,pooled,2025-04-11
A000881,K0021,I00221,sku_quoted,P021,2024-11-15
A000882,K0021,I00221,commissioning,self,2024-11-15
A000883,K0021,I00221,service_plan,standard,2024-11-15
A000884,K0021,I00221,support_tier,dedicated,2024-11-15
A000885,K0069,I00222,sku_quoted,P005,2025-05-26
A000886,K0069,I00222,commissioning,on-site,2025-05-26
A000887,K0069,I00222,service_plan,premium,2025-05-26
A000888,K0069,I00222,support_tier,pooled,2025-05-26
A000889,K0271,I00223,sku_quoted,P008,2024-07-19
A000890,K0271,I00223,commissioning,self,2024-07-19
A000891,K0271,I00223,service_plan,standard,2024-07-19
A000892,K0271,I00223,support_tier,pooled,2024-07-19
A000893,K0331,I00224,sku_quoted,P013,2025-07-15
A000894,K0331,I00224,commissioning,guided,2025-07-15
A000895,K0331,I00224,service_plan,standard,2025-07-15
A000896,K0331,I00224,support_tier,pooled,2025-07-15
A000897,K0383,I00225,sku_quoted,P030,2025-05-25
A000898,K0383,I00225,commissioning,self,2025-05-25
A000899,K0383,I00225,service_plan,standard,2025-05-25
A000900,K0383,I00225,support_tier,pooled,2025-05-25
A000901,K0474,I00226,sku_quoted,P041,2024-09-24
A000902,K0474,I00226,commissioning,guided,2024-09-24
A000903,K0474,I00226,service_plan,standard,2024-09-24
A000904,K0474,I00226,support_tier,dedicated,2024-09-24
A000905,K0303,I00227,sku_quoted,P029,2024-09-14
A000906,K0303,I00227,commissioning,on-site,2024-09-14
A000907,K0303,I00227,service_plan,none,2024-09-14
A000908,K0303,I00227,support_tier,pooled,2024-09-14
A000909,K0072,I00228,sku_quoted,P009,2024-06-26
A000910,K0072,I00228,commissioning,guided,2024-06-26
A000911,K0072,I00228,service_plan,standard,2024-06-26
A000912,K0072,I00228,support_tier,pooled,2024-06-26
A000913,K0062,I00229,sku_quoted,P017,2024-09-25
A000914,K0062,I00229,commissioning,on-site,2024-09-25
A000915,K0062,I00229,service_plan,premium,2024-09-25
A000916,K0062,I00229,support_tier,pooled,2024-09-25
A000917,K0343,I00230,sku_quoted,P019,2025-02-15
A000918,K0343,I00230,commissioning,on-site,2025-02-15
A000919,K0343,I00230,service_plan,none,2025-02-15
A000920,K0343,I00230,support_tier,pooled,2025-02-15
A000921,K0186,I00231,sku_quoted,P012,2024-08-23
A000922,K0186,I00231,commissioning,on-site,2024-08-23
A000923,K0186,I00231,service_plan,none,2024-08-23
A000924,K0186,I00231,support_tier,pooled,2024-08-23
A000925,K0459,I00232,sku_quoted,P008,2024-08-15
A000926,K0459,I00232,commissioning,on-site,2024-08-15
A000927,K0459,I00232,service_plan,premium,2024-08-15
A000928,K0459,I00232,support_tier,pooled,2024-08-15
A000929,K0154,I00233,sku_quoted,P037,2025-06-02
A000930,K0154,I00233,commissioning,self,2025-06-02
A000931,K0154,I00233,service_plan,premium,2025-06-02
A000932,K0154,I00233,support_tier,pooled,2025-06-02
A000933,K0211,I00234,sku_quoted,P031,2025-04-20
A000934,K0211,I00234,commissioning,guided,2025-04-20
A000935,K0211,I00234,service_plan,standard,2025-04-20
A000936,K0211,I00234,support_tier,pooled,2025-04-20
A000937,K0260,I00235,sku_quoted,P024,2024-05-21
A000938,K0260,I00235,commissioning,self,2024-05-21
A000939,K0260,I00235,service_plan,standard,2024-05-21
A000940,K0260,I00235,support_tier,pooled,2024-05-21
A000941,K0179,I00236,sku_quoted,P010,2025-01-29
A000942,K0179,I00236,commissioning,on-site,2025-01-29
A000943,K0179,I00236,service_plan,standard,2025-01-29
A000944,K0179,I00236,support_tier,pooled,2025-01-29
A000945,K0321,I00237,sku_quoted,P019,2024-09-03
A000946,K0321,I00237,commissioning,on-site,2024-09-03
A000947,K0321,I00237,service_plan,premium,2024-09-03
A000948,K0321,I00237,support_tier,pooled,2024-09-03
A000949,K0046,I00238,sku_quoted,P020,2024-08-26
A000950,K0046,I00238,commissioning,self,2024-08-26
A000951,K0046,I00238,service_plan,none,2024-08-26
A000952,K0046,I00238,support_tier,pooled,2024-08-26
A000953,K0066,I00239,sku_quoted,P012,2024-05-19
A000954,K0066,I00239,commissioning,guided,2024-05-19
A000955,K0066,I00239,service_plan,standard,2024-05-19
A000956,K0066,I00239,support_tier,pooled,2024-05-19
A000957,K0366,I00240,sku_quoted,P034,2024-03-25
A000958,K0366,I00240,commissioning,self,2024-03-25
A000959,K0366,I00240,service_plan,none,2024-03-25
A000960,K0366,I00240,support_tier,pooled,2024-03-25
A000961,K0425,I00241,sku_quoted,P002,2025-03-26
A000962,K0425,I00241,commissioning,self,2025-03-26
A000963,K0425,I00241,service_plan,premium,2025-03-26
A000964,K0425,I00241,support_tier,dedicated,2025-03-26
A000965,K0397,I00242,sku_quoted,P005,2025-08-15
A000966,K0397,I00242,commissioning,self,2025-08-15
A000967,K0397,I00242,service_plan,standard,2025-08-15
A000968,K0397,I00242,support_tier,dedicated,2025-08-15
A000969,K0385,I00243,sku_quoted,P027,2024-09-08
A000970,K0385,I00243,commissioning,self,2024-09-08
A000971,K0385,I00243,service_plan,none,2024-09-08
A000972,K0385,I00243,support_tier,dedicated,2024-09-08
A000973,K0446,I00244,sku_quoted,P024,2025-02-02
A000974,K0446,I00244,commissioning,on-site,2025-02-02
A000975,K0446,I00244,service_plan,none,2025-02-02
A000976,K0446,I00244,support_tier,pooled,2025-02-02
A000977,K0276,I00245,sku_quoted,P016,2024-09-30
A000978,K0276,I00245,commissioning,guided,2024-09-30
A000979,K0276,I00245,service_plan,standard,2024-09-30
A000980,K0276,I00245,support_tier,pooled,2024-09-30
A000981,K0013,I00246,sku_quoted,P016,2024-03-10
A000982,K0013,I00246,commissioning,self,2024-03-10
A000983,K0013,I00246,service_plan,none,2024-03-10
A000984,K0013,I00246,support_tier,pooled,2024-03-10
A000985,K0235,I00247,sku_quoted,P014,2025-08-16
A000986,K0235,I00247,commissioning,self,2025-08-16
A000987,K0235,I00247,service_plan,premium,2025-08-16
A000988,K0235,I00247,support_tier,dedicated,2025-08-16
A000989,K0043,I00248,sku_quoted,P030,2024-12-01
A000990,K0043,I00248,commissioning,self,2024-12-01
A000991,K0043,I00248,service_plan,standard,2024-12-01
A000992,K0043,I00248,support_tier,pooled,2024-12-01
A000993,K0317,I00249,sku_quoted,P031,2024-04-20
A000994,K0317,I00249,commissioning,self,2024-04-20
A000995,K0317,I00249,service_plan,none,2024-04-20
A000996,K0317,I00249,support_tier,dedicated,2024-04-20
A000997,K0331,I00250,sku_quoted,P003,2024-06-08
A000998,K0331,I00250,commissioning,on-site,2024-06-08
A000999,K0331,I00250,service_plan,standard,2024-06-08
A001000,K0331,I00250,support_tier,pooled,2024-06-08
A001001,K0275,I00251,sku_quoted,P022,2025-06-28
A001002,K0275,I00251,commissioning,guided,2025-06-28
A001003,K0275,I00251,service_plan,standard,2025-06-28
A001004,K0275,I00251,support_tier,pooled,2025-06-28
A001005,K0444,I00252,sku_quoted,P039,2025-03-11
A001006,K0444,I00252,commissioning,self,2025-03-11
A001007,K0444,I00252,service_plan,premium,2025-03-11
A001008,K0444,I00252,support_tier,pooled,2025-03-11
A001009,K0393,I00253,sku_quoted,P011,2024-05-24
A001010,K0393,I00253,commissioning,on-site,2024-05-24
A001011,K0393,I00253,service_plan,standard,2024-05-24
A001012,K0393,I00253,support_tier,pooled,2024-05-24
A001013,K0452,I00254,sku_quoted,P005,2024-11-03
A001014,K0452,I00254,commissioning,on-site,2024-11-03
A001015,K0452,I00254,service_plan,none,2024-11-03
A001016,K0452,I00254,support_tier,pooled,2024-11-03
A001017,K0080,I00255,sku_quoted,P021,2024-10-25
A001018,K0080,I00255,commissioning,guided,2024-10-25
A001019,K0080,I00255,service_plan,standard,2024-10-25
A001020,K0080,I00255,support_tier,pooled,2024-10-25
A001021,K0429,I00256,sku_quoted,P014,2025-01-09
A001022,K0429,I00256,commissioning,on-site,2025-01-09
A001023,K0429,I00256,service_plan,none,2025-01-09
A001024,K0429,I00256,support_tier,pooled,2025-01-09
A001025,K0282,I00257,sku_quoted,P027,2024-10-27
A001026,K0282,I00257,commissioning,self,2024-10-27
A001027,K0282,I00257,service_plan,premium,2024-10-27
A001028,K0282,I00257,support_tier,dedicated,2024-10-27
A001029,K0109,I00258,sku_quoted,P022,2024-06-27
A001030,K0109,I00258,commissioning,on-site,2024-06-27
A001031,K0109,I00258,service_plan,none,2024-06-27
A001032,K0109,I00258,support_tier,dedicated,2024-06-27
A001033,K0184,I00259,sku_quoted,P001,2025-05-11
A001034,K0184,I00259,commissioning,guided,2025-05-11
A001035,K0184,I00259,service_plan,premium,2025-05-11
A001036,K0184,I00259,support_tier,pooled,2025-05-11
A001037,K0043,I00260,sku_quoted,P008,2025-04-03
A001038,K0043,I00260,commissioning,guided,2025-04-03
A001039,K0043,I00260,service_plan,none,2025-04-03
A001040,K0043,I00260,support_tier,pooled,2025-04-03
A001041,K0291,I00261,sku_quoted,P007,2024-02-29
A001042,K0291,I00261,commissioning,guided,2024-02-29
A001043,K0291,I00261,service_plan,standard,2024-02-29
A001044,K0291,I00261,support_tier,dedicated,2024-02-29
A001045,K0102,I00262,sku_quoted,P024,2024-12-08
A001046,K0102,I00262,commissioning,self,2024-12-08
A001047,K0102,I00262,service_plan,standard,2024-12-08
A001048,K0102,I00262,support_tier,pooled,2024-12-08
A001049,K0098,I00263,sku_quoted,P026,2024-10-10
A001050,K0098,I00263,commissioning,self,2024-10-10
A001051,K0098,I00263,service_plan,standard,2024-10-10
A001052,K0098,I00263,support_tier,dedicated,2024-10-10
A001053,K0077,I00264,sku_quoted,P033,2024-08-25
A001054,K0077,I00264,commissioning,self,2024-08-25
A001055,K0077,I00264,service_plan,none,2024-08-25
A001056,K0077,I00264,support_tier,pooled,2024-08-25
A001057,K0341,I00265,sku_quoted,P035,2025-09-14
A001058,K0341,I00265,commissioning,guided,2025-09-14
A001059,K0341,I00265,service_plan,premium,2025-09-14
A001060,K0341,I00265,support_tier,pooled,2025-09-14
A001061,K0487,I00266,sku_quoted,P025,2025-01-15
A001062,K0487,I00266,commissioning,on-site,2025-01-15
A001063,K0487,I00266,service_plan,premium,2025-01-15
A001064,K0487,I00266,support_tier,pooled,2025-01-15
A001065,K0437,I00267,sku_quoted,P040,2025-03-24
A001066,K0437,I00267,commissioning,self,2025-03-24
A001067,K0437,I00267,service_plan,standard,2025-03-24
A001068,K0437,I00267,support_tier,pooled,2025-03-24
A001069,K0358,I00268,sku_quoted,P034,2024-06-10
A001070,K0358,I00268,commissioning,self,2024-06-10
A001071,K0358,I00268,service_plan,none,2024-06-10
A001072,K0358,I00268,support_tier,dedicated,2024-06-10
A001073,K0376,I00269,sku_quoted,P021,2024-05-14
A001074,K0376,I00269,commissioning,guided,2024-05-14
A001075,K0376,I00269,service_plan,none,2024-05-14
A001076,K0376,I00269,support_tier,dedicated,2024-05-14
A001077,K0401,I00270,sku_quoted,P010,2024-03-09
A001078,K0401,I00270,commissioning,guided,2024-03-09
A001079,K0401,I00270,service_plan,premium,2024-03-09
A001080,K0401,I00270,support_tier,dedicated,2024-03-09
A001081,K0469,I00271,sku_quoted,P002,2025-03-18
A001082,K0469,I00271,commissioning,on-site,2025-03-18
A001083,K0469,I00271,service_plan,standard,2025-03-18
A001084,K0469,I00271,support_tier,pooled,2025-03-18
A001085,K0448,I00272,sku_quoted,P031,2024-10-27
A001086,K0448,I00272,commissioning,on-site,2024-10-27
A001087,K0448,I00272,service_plan,premium,2024-10-27
A001088,K0448,I00272,support_tier,pooled,2024-10-27
A001089,K0438,I00273,sku_quoted,P007,2024-04-27
A001090,K0438,I00273,commissioning,self,2024-04-27
A001091,K0438,I00273,service_plan,premium,2024-04-27
A001092,K0438,I00273,support_tier,dedicated,2024-04-27
A001093,K0506,I00274,sku_quoted,P003,2024-08-26
A001094,K0506,I00274,commissioning,on-site,2024-08-26
A001095,K0506,I00274,service_plan,none,2024-08-26
A001096,K0506,I00274,support_tier,pooled,2024-08-26
A001097,K0257,I00275,sku_quoted,P008,2024-11-24
A001098,K0257,I00275,commissioning,on-site,2024-11-24
A001099,K0257,I00275,service_plan,standard,2024-11-24
A001100,K0257,I00275,support_tier,dedicated,2024-11-24
A001101,K0335,I00276,sku_quoted,P012,2024-04-27
A001102,K0335,I00276,commissioning,guided,2024-04-27
A001103,K0335,I00276,service_plan,standard,2024-04-27
A001104,K0335,I00276,support_tier,dedicated,2024-04-27
A001105,K0502,I00277,sku_quoted,P004,2024-05-05
A001106,K0502,I00277,commissioning,self,2024-05-05
A001107,K0502,I00277,service_plan,none,2024-05-05
A001108,K0502,I00277,support_tier,dedicated,2024-05-05
A001109,K0192,I00278,sku_quoted,P010,2025-04-15
A001110,K0192,I00278,commissioning,self,2025-04-15
A001111,K0192,I00278,service_plan,standard,2025-04-15
A001112,K0192,I00278,support_tier,dedicated,2025-04-15
A001113,K0363,I00279,sku_quoted,P006,2024-06-14
A001114,K0363,I00279,commissioning,guided,2024-06-14
A001115,K0363,I00279,service_plan,premium,2024-06-14
A001116,K0363,I00279,support_tier,pooled,2024-06-14
A001117,K0135,I00280,sku_quoted,P016,2024-10-10
A001118,K0135,I00280,commissioning,guided,2024-10-10
A001119,K0135,I00280,service_plan,standard,2024-10-10
A001120,K0135,I00280,support_tier,pooled,2024-10-10
A001121,K0411,I00281,sku_quoted,P032,2024-08-23
A001122,K0411,I00281,commissioning,on-site,2024-08-23
A001123,K0411,I00281,service_plan,premium,2024-08-23
A001124,K0411,I00281,support_tier,pooled,2024-08-23
A001125,K0243,I00282,sku_quoted,P038,2025-02-24
A001126,K0243,I00282,commissioning,guided,2025-02-24
A001127,K0243,I00282,service_plan,standard,2025-02-24
A001128,K0243,I00282,support_tier,pooled,2025-02-24
A001129,K0449,I00283,sku_quoted,P005,2025-07-10
A001130,K0449,I00283,commissioning,guided,2025-07-10
A001131,K0449,I00283,service_plan,standard,2025-07-10
A001132,K0449,I00283,support_tier,pooled,2025-07-10
A001133,K0109,I00284,sku_quoted,P032,2024-08-24
A001134,K0109,I00284,commissioning,guided,2024-08-24
A001135,K0109,I00284,service_plan,premium,2024-08-24
A001136,K0109,I00284,support_tier,pooled,2024-08-24
A001137,K0154,I00285,sku_quoted,P004,2024-05-22
A001138,K0154,I00285,commissioning,on-site,2024-05-22
A001139,K0154,I00285,service_plan,none,2024-05-22
A001140,K0154,I00285,support_tier,pooled,2024-05-22
A001141,K0105,I00286,sku_quoted,P009,2024-09-21
A001142,K0105,I00286,commissioning,on-site,2024-09-21
A001143,K0105,I00286,service_plan,none,2024-09-21
A001144,K0105,I00286,support_tier,dedicated,2024-09-21
A001145,K0352,I00287,sku_quoted,P022,2025-05-04
A001146,K0352,I00287,commissioning,on-site,2025-05-04
A001147,K0352,I00287,service_plan,none,2025-05-04
A001148,K0352,I00287,support_tier,pooled,2025-05-04
A001149,K0096,I00288,sku_quoted,P027,2024-12-10
A001150,K0096,I00288,commissioning,guided,2024-12-10
A001151,K0096,I00288,service_plan,standard,2024-12-10
A001152,K0096,I00288,support_tier,dedicated,2024-12-10
A001153,K0228,I00289,sku_quoted,P040,2025-05-15
A001154,K0228,I00289,commissioning,on-site,2025-05-15
A001155,K0228,I00289,service_plan,premium,2025-05-15
A001156,K0228,I00289,support_tier,dedicated,2025-05-15
A001157,K0393,I00290,sku_quoted,P012,2024-12-02
A001158,K0393,I00290,commissioning,guided,2024-12-02
A001159,K0393,I00290,service_plan,none,2024-12-02
A001160,K0393,I00290,support_tier,dedicated,2024-12-02
A001161,K0024,I00291,sku_quoted,P004,2024-08-20
A001162,K0024,I00291,commissioning,guided,2024-08-20
A001163,K0024,I00291,service_plan,none,2024-08-20
A001164,K0024,I00291,support_tier,pooled,2024-08-20
A001165,K0164,I00292,sku_quoted,P004,2025-02-09
A001166,K0164,I00292,commissioning,on-site,2025-02-09
A001167,K0164,I00292,service_plan,standard,2025-02-09
A001168,K0164,I00292,support_tier,dedicated,2025-02-09
A001169,K0193,I00293,sku_quoted,P020,2024-12-06
A001170,K0193,I00293,commissioning,on-site,2024-12-06
A001171,K0193,I00293,service_plan,none,2024-12-06
A001172,K0193,I00293,support_tier,dedicated,2024-12-06
A001173,K0230,I00294,sku_quoted,P001,2025-07-15
A001174,K0230,I00294,commissioning,on-site,2025-07-15
A001175,K0230,I00294,service_plan,premium,2025-07-15
A001176,K0230,I00294,support_tier,pooled,2025-07-15
A001177,K0426,I00295,sku_quoted,P022,2024-12-29
A001178,K0426,I00295,commissioning,guided,2024-12-29
A001179,K0426,I00295,service_plan,standard,2024-12-29
A001180,K0426,I00295,support_tier,dedicated,2024-12-29
A001181,K0134,I00296,sku_quoted,P014,2025-05-03
A001182,K0134,I00296,commissioning,self,2025-05-03
A001183,K0134,I00296,service_plan,premium,2025-05-03
A001184,K0134,I00296,support_tier,pooled,2025-05-03
A001185,K0508,I00297,sku_quoted,P027,2025-05-05
A001186,K0508,I00297,commissioning,guided,2025-05-05
A001187,K0508,I00297,service_plan,none,2025-05-05
A001188,K0508,I00297,support_tier,dedicated,2025-05-05
A001189,K0255,I00298,sku_quoted,P029,2024-08-29
A001190,K0255,I00298,commissioning,self,2024-08-29
A001191,K0255,I00298,service_plan,none,2024-08-29
A001192,K0255,I00298,support_tier,pooled,2024-08-29
A001193,K0003,I00299,sku_quoted,P007,2024-06-21
A001194,K0003,I00299,commissioning,on-site,2024-06-21
A001195,K0003,I00299,service_plan,standard,2024-06-21
A001196,K0003,I00299,support_tier,dedicated,2024-06-21
A001197,K0517,I00300,sku_quoted,P003,2024-11-10
A001198,K0517,I00300,commissioning,on-site,2024-11-10
A001199,K0517,I00300,service_plan,standard,2024-11-10
A001200,K0517,I00300,support_tier,dedicated,2024-11-10
A001201,K0363,I00301,sku_quoted,P021,2024-08-31
A001202,K0363,I00301,commissioning,guided,2024-08-31
A001203,K0363,I00301,service_plan,standard,2024-08-31
A001204,K0363,I00301,support_tier,pooled,2024-08-31
A001205,K0038,I00302,sku_quoted,P003,2024-11-15
A001206,K0038,I00302,commissioning,self,2024-11-15
A001207,K0038,I00302,service_plan,standard,2024-11-15
A001208,K0038,I00302,support_tier,dedicated,2024-11-15
A001209,K0281,I00303,sku_quoted,P009,2024-12-04
A001210,K0281,I00303,commissioning,guided,2024-12-04
A001211,K0281,I00303,service_plan,none,2024-12-04
A001212,K0281,I00303,support_tier,dedicated,2024-12-04
A001213,K0231,I00304,sku_quoted,P026,2024-04-17
A001214,K0231,I00304,commissioning,on-site,2024-04-17
A001215,K0231,I00304,service_plan,standard,2024-04-17
A001216,K0231,I00304,support_tier,dedicated,2024-04-17
A001217,K0208,I00305,sku_quoted,P017,2024-06-15
A001218,K0208,I00305,commissioning,on-site,2024-06-15
A001219,K0208,I00305,service_plan,standard,2024-06-15
A001220,K0208,I00305,support_tier,dedicated,2024-06-15
A001221,K0227,I00306,sku_quoted,P011,2025-08-11
A001222,K0227,I00306,commissioning,on-site,2025-08-11
A001223,K0227,I00306,service_plan,standard,2025-08-11
A001224,K0227,I00306,support_tier,pooled,2025-08-11
A001225,K0056,I00307,sku_quoted,P028,2024-07-08
A001226,K0056,I00307,commissioning,on-site,2024-07-08
A001227,K0056,I00307,service_plan,premium,2024-07-08
A001228,K0056,I00307,support_tier,dedicated,2024-07-08
A001229,K0079,I00308,sku_quoted,P028,2024-03-13
A001230,K0079,I00308,commissioning,guided,2024-03-13
A001231,K0079,I00308,service_plan,none,2024-03-13
A001232,K0079,I00308,support_tier,dedicated,2024-03-13
A001233,K0320,I00309,sku_quoted,P001,2024-09-20
A001234,K0320,I00309,commissioning,on-site,2024-09-20
A001235,K0320,I00309,service_plan,none,2024-09-20
A001236,K0320,I00309,support_tier,pooled,2024-09-20
A001237,K0327,I00310,sku_quoted,P030,2024-07-27
A001238,K0327,I00310,commissioning,self,2024-07-27
A001239,K0327,I00310,service_plan,standard,2024-07-27
A001240,K0327,I00310,support_tier,pooled,2024-07-27
A001241,K0183,I00311,sku_quoted,P022,2024-03-24
A001242,K0183,I00311,commissioning,self,2024-03-24
A001243,K0183,I00311,service_plan,none,2024-03-24
A001244,K0183,I00311,support_tier,dedicated,2024-03-24
A001245,K0117,I00312,sku_quoted,P033,2024-12-27
A001246,K0117,I00312,commissioning,on-site,2024-12-27
A001247,K0117,I00312,service_plan,standard,2024-12-27
A001248,K0117,I00312,support_tier,pooled,2024-12-27
A001249,K0247,I00313,sku_quoted,P037,2025-07-26
A001250,K0247,I00313,commissioning,guided,2025-07-26
A001251,K0247,I00313,service_plan,none,2025-07-26
A001252,K0247,I00313,support_tier,pooled,2025-07-26
A001253,K0478,I00314,sku_quoted,P025,2024-04-12
A001254,K0478,I00314,commissioning,self,2024-04-12
A001255,K0478,I00314,service_plan,premium,2024-04-12
A001256,K0478,I00314,support_tier,pooled,2024-04-12
A001257,K0257,I00315,sku_quoted,P019,2025-01-08
A001258,K0257,I00315,commissioning,self,2025-01-08
A001259,K0257,I00315,service_plan,standard,2025-01-08
A001260,K0257,I00315,support_tier,pooled,2025-01-08
A001261,K0324,I00316,sku_quoted,P003,2024-09-25
A001262,K0324,I00316,commissioning,guided,2024-09-25
A001263,K0324,I00316,service_plan,standard,2024-09-25
A001264,K0324,I00316,support_tier,dedicated,2024-09-25
A001265,K0324,I00317,sku_quoted,P039,2024-09-18
A001266,K0324,I00317,commissioning,on-site,2024-09-18
A001267,K0324,I00317,service_plan,none,2024-09-18
A001268,K0324,I00317,support_tier,pooled,2024-09-18
A001269,K0245,I00318,sku_quoted,P021,2025-03-06
A001270,K0245,I00318,commissioning,self,2025-03-06
A001271,K0245,I00318,service_plan,standard,2025-03-06
A001272,K0245,I00318,support_tier,dedicated,2025-03-06
A001273,K0005,I00319,sku_quoted,P005,2025-07-01
A001274,K0005,I00319,commissioning,self,2025-07-01
A001275,K0005,I00319,service_plan,premium,2025-07-01
A001276,K0005,I00319,support_tier,pooled,2025-07-01
A001277,K0101,I00320,sku_quoted,P039,2025-07-29
A001278,K0101,I00320,commissioning,self,2025-07-29
A001279,K0101,I00320,service_plan,premium,2025-07-29
A001280,K0101,I00320,support_tier,dedicated,2025-07-29
A001281,K0136,I00321,sku_quoted,P023,2025-01-08
A001282,K0136,I00321,commissioning,guided,2025-01-08
A001283,K0136,I00321,service_plan,premium,2025-01-08
A001284,K0136,I00321,support_tier,pooled,2025-01-08
A001285,K0328,I00322,sku_quoted,P035,2025-04-19
A001286,K0328,I00322,commissioning,guided,2025-04-19
A001287,K0328,I00322,service_plan,none,2025-04-19
A001288,K0328,I00322,support_tier,dedicated,2025-04-19
A001289,K0285,I00323,sku_quoted,P013,2024-08-08
A001290,K0285,I00323,commissioning,guided,2024-08-08
A001291,K0285,I00323,service_plan,premium,2024-08-08
A001292,K0285,I00323,support_tier,dedicated,2024-08-08
A001293,K0506,I00324,sku_quoted,P011,2024-08-15
A001294,K0506,I00324,commissioning,on-site,2024-08-15
A001295,K0506,I00324,service_plan,standard,2024-08-15
A001296,K0506,I00324,support_tier,pooled,2024-08-15
A001297,K0050,I00325,sku_quoted,P030,2024-05-25
A001298,K0050,I00325,commissioning,guided,2024-05-25
A001299,K0050,I00325,service_plan,standard,2024-05-25
A001300,K0050,I00325,support_tier,pooled,2024-05-25
A001301,K0089,I00326,sku_quoted,P030,2024-08-28
A001302,K0089,I00326,commissioning,on-site,2024-08-28
A001303,K0089,I00326,service_plan,standard,2024-08-28
A001304,K0089,I00326,support_tier,pooled,2024-08-28
A001305,K0023,I00327,sku_quoted,P038,2024-04-26
A001306,K0023,I00327,commissioning,self,2024-04-26
A001307,K0023,I00327,service_plan,none,2024-04-26
A001308,K0023,I00327,support_tier,dedicated,2024-04-26
A001309,K0376,I00328,sku_quoted,P042,2024-09-28
A001310,K0376,I00328,commissioning,self,2024-09-28
A001311,K0376,I00328,service_plan,none,2024-09-28
A001312,K0376,I00328,support_tier,dedicated,2024-09-28
A001313,K0149,I00329,sku_quoted,P017,2024-12-04
A001314,K0149,I00329,commissioning,on-site,2024-12-04
A001315,K0149,I00329,service_plan,premium,2024-12-04
A001316,K0149,I00329,support_tier,pooled,2024-12-04
A001317,K0079,I00330,sku_quoted,P031,2025-03-29
A001318,K0079,I00330,commissioning,self,2025-03-29
A001319,K0079,I00330,service_plan,none,2025-03-29
A001320,K0079,I00330,support_tier,dedicated,2025-03-29
A001321,K0425,I00331,sku_quoted,P024,2025-02-12
A001322,K0425,I00331,commissioning,on-site,2025-02-12
A001323,K0425,I00331,service_plan,standard,2025-02-12
A001324,K0425,I00331,support_tier,pooled,2025-02-12
A001325,K0300,I00332,sku_quoted,P010,2024-09-01
A001326,K0300,I00332,commissioning,self,2024-09-01
A001327,K0300,I00332,service_plan,premium,2024-09-01
A001328,K0300,I00332,support_tier,dedicated,2024-09-01
A001329,K0047,I00333,sku_quoted,P017,2025-02-09
A001330,K0047,I00333,commissioning,self,2025-02-09
A001331,K0047,I00333,service_plan,none,2025-02-09
A001332,K0047,I00333,support_tier,dedicated,2025-02-09
A001333,K0321,I00334,sku_quoted,P031,2025-03-18
A001334,K0321,I00334,commissioning,on-site,2025-03-18
A001335,K0321,I00334,service_plan,none,2025-03-18
A001336,K0321,I00334,support_tier,pooled,2025-03-18
A001337,K0394,I00335,sku_quoted,P036,2024-05-26
A001338,K0394,I00335,commissioning,guided,2024-05-26
A001339,K0394,I00335,service_plan,none,2024-05-26
A001340,K0394,I00335,support_tier,pooled,2024-05-26
A001341,K0493,I00336,sku_quoted,P013,2025-05-27
A001342,K0493,I00336,commissioning,on-site,2025-05-27
A001343,K0493,I00336,service_plan,premium,2025-05-27
A001344,K0493,I00336,support_tier,dedicated,2025-05-27
A001345,K0082,I00337,sku_quoted,P012,2024-05-10
A001346,K0082,I00337,commissioning,guided,2024-05-10
A001347,K0082,I00337,service_plan,premium,2024-05-10
A001348,K0082,I00337,support_tier,pooled,2024-05-10
A001349,K0294,I00338,sku_quoted,P017,2024-10-28
A001350,K0294,I00338,commissioning,on-site,2024-10-28
A001351,K0294,I00338,service_plan,standard,2024-10-28
A001352,K0294,I00338,support_tier,pooled,2024-10-28
A001353,K0356,I00339,sku_quoted,P005,2025-02-12
A001354,K0356,I00339,commissioning,guided,2025-02-12
A001355,K0356,I00339,service_plan,standard,2025-02-12
A001356,K0356,I00339,support_tier,dedicated,2025-02-12
A001357,K0024,I00340,sku_quoted,P036,2025-06-15
A001358,K0024,I00340,commissioning,guided,2025-06-15
A001359,K0024,I00340,service_plan,none,2025-06-15
A001360,K0024,I00340,support_tier,dedicated,2025-06-15
A001361,K0063,I00341,sku_quoted,P031,2024-04-11
A001362,K0063,I00341,commissioning,on-site,2024-04-11
A001363,K0063,I00341,service_plan,standard,2024-04-11
A001364,K0063,I00341,support_tier,dedicated,2024-04-11
A001365,K0024,I00342,sku_quoted,P007,2025-07-02
A001366,K0024,I00342,commissioning,self,2025-07-02
A001367,K0024,I00342,service_plan,none,2025-07-02
A001368,K0024,I00342,support_tier,dedicated,2025-07-02
A001369,K0303,I00343,sku_quoted,P028,2024-04-23
A001370,K0303,I00343,commissioning,guided,2024-04-23
A001371,K0303,I00343,service_plan,none,2024-04-23
A001372,K0303,I00343,support_tier,pooled,2024-04-23
A001373,K0087,I00344,sku_quoted,P029,2024-07-24
A001374,K0087,I00344,commissioning,self,2024-07-24
A001375,K0087,I00344,service_plan,premium,2024-07-24
A001376,K0087,I00344,support_tier,pooled,2024-07-24
A001377,K0064,I00345,sku_quoted,P022,2024-07-11
A001378,K0064,I00345,commissioning,guided,2024-07-11
A001379,K0064,I00345,service_plan,standard,2024-07-11
A001380,K0064,I00345,support_tier,dedicated,2024-07-11
A001381,K0288,I00346,sku_quoted,P033,2025-06-14
A001382,K0288,I00346,commissioning,self,2025-06-14
A001383,K0288,I00346,service_plan,none,2025-06-14
A001384,K0288,I00346,support_tier,pooled,2025-06-14
A001385,K0195,I00347,sku_quoted,P039,2025-06-21
A001386,K0195,I00347,commissioning,self,2025-06-21
A001387,K0195,I00347,service_plan,none,2025-06-21
A001388,K0195,I00347,support_tier,pooled,2025-06-21
A001389,K0191,I00348,sku_quoted,P040,2025-03-14
A001390,K0191,I00348,commissioning,self,2025-03-14
A001391,K0191,I00348,service_plan,standard,2025-03-14
A001392,K0191,I00348,support_tier,pooled,2025-03-14
A001393,K0223,I00349,sku_quoted,P032,2024-08-31
A001394,K0223,I00349,commissioning,on-site,2024-08-31
A001395,K0223,I00349,service_plan,premium,2024-08-31
A001396,K0223,I00349,support_tier,dedicated,2024-08-31
A001397,K0301,I00350,sku_quoted,P040,2025-03-10
A001398,K0301,I00350,commissioning,self,2025-03-10
A001399,K0301,I00350,service_plan,standard,2025-03-10
A001400,K0301,I00350,support_tier,dedicated,2025-03-10
A001401,K0331,I00351,sku_quoted,P031,2024-08-22
A001402,K0331,I00351,commissioning,self,2024-08-22
A001403,K0331,I00351,service_plan,none,2024-08-22
A001404,K0331,I00351,support_tier,dedicated,2024-08-22
A001405,K0162,I00352,sku_quoted,P025,2024-03-24
A001406,K0162,I00352,commissioning,self,2024-03-24
A001407,K0162,I00352,service_plan,premium,2024-03-24
A001408,K0162,I00352,support_tier,pooled,2024-03-24
A001409,K0384,I00353,sku_quoted,P038,2024-08-20
A001410,K0384,I00353,commissioning,on-site,2024-08-20
A001411,K0384,I00353,service_plan,standard,2024-08-20
A001412,K0384,I00353,support_tier,pooled,2024-08-20
A001413,K0294,I00354,sku_quoted,P006,2024-07-03
A001414,K0294,I00354,commissioning,on-site,2024-07-03
A001415,K0294,I00354,service_plan,none,2024-07-03
A001416,K0294,I00354,support_tier,dedicated,2024-07-03
A001417,K0153,I00355,sku_quoted,P001,2025-05-22
A001418,K0153,I00355,commissioning,on-site,2025-05-22
A001419,K0153,I00355,service_plan,standard,2025-05-22
A001420,K0153,I00355,support_tier,dedicated,2025-05-22
A001421,K0161,I00356,sku_quoted,P028,2024-04-10
A001422,K0161,I00356,commissioning,guided,2024-04-10
A001423,K0161,I00356,service_plan,premium,2024-04-10
A001424,K0161,I00356,support_tier,dedicated,2024-04-10
A001425,K0463,I00357,sku_quoted,P010,2025-03-02
A001426,K0463,I00357,commissioning,self,2025-03-02
A001427,K0463,I00357,service_plan,none,2025-03-02
A001428,K0463,I00357,support_tier,dedicated,2025-03-02
A001429,K0112,I00358,sku_quoted,P020,2024-11-28
A001430,K0112,I00358,commissioning,on-site,2024-11-28
A001431,K0112,I00358,service_plan,standard,2024-11-28
A001432,K0112,I00358,support_tier,dedicated,2024-11-28
A001433,K0399,I00359,sku_quoted,P030,2025-05-16
A001434,K0399,I00359,commissioning,self,2025-05-16
A001435,K0399,I00359,service_plan,standard,2025-05-16
A001436,K0399,I00359,support_tier,pooled,2025-05-16
A001437,K0390,I00360,sku_quoted,P009,2024-02-26
A001438,K0390,I00360,commissioning,guided,2024-02-26
A001439,K0390,I00360,service_plan,none,2024-02-26
A001440,K0390,I00360,support_tier,pooled,2024-02-26
A001441,K0484,I00361,sku_quoted,P042,2024-10-21
A001442,K0484,I00361,commissioning,guided,2024-10-21
A001443,K0484,I00361,service_plan,standard,2024-10-21
A001444,K0484,I00361,support_tier,dedicated,2024-10-21
A001445,K0440,I00362,sku_quoted,P042,2025-03-19
A001446,K0440,I00362,commissioning,on-site,2025-03-19
A001447,K0440,I00362,service_plan,standard,2025-03-19
A001448,K0440,I00362,support_tier,dedicated,2025-03-19
A001449,K0028,I00363,sku_quoted,P020,2024-10-11
A001450,K0028,I00363,commissioning,on-site,2024-10-11
A001451,K0028,I00363,service_plan,premium,2024-10-11
A001452,K0028,I00363,support_tier,dedicated,2024-10-11
A001453,K0321,I00364,sku_quoted,P019,2025-05-11
A001454,K0321,I00364,commissioning,self,2025-05-11
A001455,K0321,I00364,service_plan,none,2025-05-11
A001456,K0321,I00364,support_tier,dedicated,2025-05-11
A001457,K0235,I00365,sku_quoted,P025,2024-12-18
A001458,K0235,I00365,commissioning,self,2024-12-18
A001459,K0235,I00365,service_plan,none,2024-12-18
A001460,K0235,I00365,support_tier,dedicated,2024-12-18
A001461,K0193,I00366,sku_quoted,P034,2024-09-27
A001462,K0193,I00366,commissioning,self,2024-09-27
A001463,K0193,I00366,service_plan,standard,2024-09-27
A001464,K0193,I00366,support_tier,pooled,2024-09-27
A001465,K0422,I00367,sku_quoted,P026,2024-08-10
A001466,K0422,I00367,commissioning,on-site,2024-08-10
A001467,K0422,I00367,service_plan,standard,2024-08-10
A001468,K0422,I00367,support_tier,pooled,2024-08-10
A001469,K0062,I00368,sku_quoted,P023,2025-03-06
A001470,K0062,I00368,commissioning,self,2025-03-06
A001471,K0062,I00368,service_plan,none,2025-03-06
A001472,K0062,I00368,support_tier,pooled,2025-03-06
A001473,K0214,I00369,sku_quoted,P025,2025-05-08
A001474,K0214,I00369,commissioning,self,2025-05-08
A001475,K0214,I00369,service_plan,none,2025-05-08
A001476,K0214,I00369,support_tier,pooled,2025-05-08
A001477,K0498,I00370,sku_quoted,P006,2025-05-02
A001478,K0498,I00370,commissioning,guided,2025-05-02
A001479,K0498,I00370,service_plan,premium,2025-05-02
A001480,K0498,I00370,support_tier,dedicated,2025-05-02
A001481,K0021,I00371,sku_quoted,P025,2024-10-20
A001482,K0021,I00371,commissioning,guided,2024-10-20
A001483,K0021,I00371,service_plan,none,2024-10-20
A001484,K0021,I00371,support_tier,pooled,2024-10-20
A001485,K0260,I00372,sku_quoted,P018,2024-06-28
A001486,K0260,I00372,commissioning,guided,2024-06-28
A001487,K0260,I00372,service_plan,none,2024-06-28
A001488,K0260,I00372,support_tier,pooled,2024-06-28
A001489,K0209,I00373,sku_quoted,P029,2024-09-19
A001490,K0209,I00373,commissioning,self,2024-09-19
A001491,K0209,I00373,service_plan,standard,2024-09-19
A001492,K0209,I00373,support_tier,dedicated,2024-09-19
A001493,K0075,I00374,sku_quoted,P018,2024-12-03
A001494,K0075,I00374,commissioning,guided,2024-12-03
A001495,K0075,I00374,service_plan,none,2024-12-03
A001496,K0075,I00374,support_tier,pooled,2024-12-03
A001497,K0371,I00375,sku_quoted,P014,2024-10-15
A001498,K0371,I00375,commissioning,self,2024-10-15
A001499,K0371,I00375,service_plan,premium,2024-10-15
A001500,K0371,I00375,support_tier,dedicated,2024-10-15
A001501,K0486,I00376,sku_quoted,P035,2024-06-16
A001502,K0486,I00376,commissioning,self,2024-06-16
A001503,K0486,I00376,service_plan,standard,2024-06-16
A001504,K0486,I00376,support_tier,dedicated,2024-06-16
A001505,K0094,I00377,sku_quoted,P007,2024-05-20
A001506,K0094,I00377,commissioning,on-site,2024-05-20
A001507,K0094,I00377,service_plan,none,2024-05-20
A001508,K0094,I00377,support_tier,dedicated,2024-05-20
A001509,K0360,I00378,sku_quoted,P023,2025-03-10
A001510,K0360,I00378,commissioning,on-site,2025-03-10
A001511,K0360,I00378,service_plan,premium,2025-03-10
A001512,K0360,I00378,support_tier,pooled,2025-03-10
A001513,K0340,I00379,sku_quoted,P042,2024-09-11
A001514,K0340,I00379,commissioning,self,2024-09-11
A001515,K0340,I00379,service_plan,premium,2024-09-11
A001516,K0340,I00379,support_tier,dedicated,2024-09-11
A001517,K0391,I00380,sku_quoted,P008,2025-03-23
A001518,K0391,I00380,commissioning,self,2025-03-23
A001519,K0391,I00380,service_plan,standard,2025-03-23
A001520,K0391,I00380,support_tier,pooled,2025-03-23
A001521,K0485,I00381,sku_quoted,P035,2024-12-27
A001522,K0485,I00381,commissioning,on-site,2024-12-27
A001523,K0485,I00381,service_plan,none,2024-12-27
A001524,K0485,I00381,support_tier,pooled,2024-12-27
A001525,K0438,I00382,sku_quoted,P032,2024-11-22
A001526,K0438,I00382,commissioning,self,2024-11-22
A001527,K0438,I00382,service_plan,premium,2024-11-22
A001528,K0438,I00382,support_tier,dedicated,2024-11-22
A001529,K0415,I00383,sku_quoted,P007,2025-02-01
A001530,K0415,I00383,commissioning,self,2025-02-01
A001531,K0415,I00383,service_plan,standard,2025-02-01
A001532,K0415,I00383,support_tier,dedicated,2025-02-01
A001533,K0308,I00384,sku_quoted,P025,2024-11-26
A001534,K0308,I00384,commissioning,self,2024-11-26
A001535,K0308,I00384,service_plan,standard,2024-11-26
A001536,K0308,I00384,support_tier,pooled,2024-11-26
A001537,K0050,I00385,sku_quoted,P025,2024-09-07
A001538,K0050,I00385,commissioning,guided,2024-09-07
A001539,K0050,I00385,service_plan,standard,2024-09-07
A001540,K0050,I00385,support_tier,pooled,2024-09-07
A001541,K0119,I00386,sku_quoted,P007,2025-05-20
A001542,K0119,I00386,commissioning,self,2025-05-20
A001543,K0119,I00386,service_plan,premium,2025-05-20
A001544,K0119,I00386,support_tier,dedicated,2025-05-20
A001545,K0462,I00387,sku_quoted,P034,2024-03-16
A001546,K0462,I00387,commissioning,on-site,2024-03-16
A001547,K0462,I00387,service_plan,premium,2024-03-16
A001548,K0462,I00387,support_tier,dedicated,2024-03-16
A001549,K0372,I00388,sku_quoted,P018,2024-10-04
A001550,K0372,I00388,commissioning,on-site,2024-10-04
A001551,K0372,I00388,service_plan,premium,2024-10-04
A001552,K0372,I00388,support_tier,dedicated,2024-10-04
A001553,K0069,I00389,sku_quoted,P038,2025-03-25
A001554,K0069,I00389,commissioning,on-site,2025-03-25
A001555,K0069,I00389,service_plan,premium,2025-03-25
A001556,K0069,I00389,support_tier,pooled,2025-03-25
A001557,K0428,I00390,sku_quoted,P023,2024-07-21
A001558,K0428,I00390,commissioning,on-site,2024-07-21
A001559,K0428,I00390,service_plan,standard,2024-07-21
A001560,K0428,I00390,support_tier,pooled,2024-07-21
A001561,K0034,I00391,sku_quoted,P014,2025-01-25
A001562,K0034,I00391,commissioning,self,2025-01-25
A001563,K0034,I00391,service_plan,premium,2025-01-25
A001564,K0034,I00391,support_tier,dedicated,2025-01-25
A001565,K0125,I00392,sku_quoted,P012,2024-04-10
A001566,K0125,I00392,commissioning,on-site,2024-04-10
A001567,K0125,I00392,service_plan,premium,2024-04-10
A001568,K0125,I00392,support_tier,pooled,2024-04-10
A001569,K0043,I00393,sku_quoted,P038,2024-04-26
A001570,K0043,I00393,commissioning,on-site,2024-04-26
A001571,K0043,I00393,service_plan,standard,2024-04-26
A001572,K0043,I00393,support_tier,dedicated,2024-04-26
A001573,K0390,I00394,sku_quoted,P026,2024-09-02
A001574,K0390,I00394,commissioning,guided,2024-09-02
A001575,K0390,I00394,service_plan,none,2024-09-02
A001576,K0390,I00394,support_tier,dedicated,2024-09-02
A001577,K0086,I00395,sku_quoted,P001,2025-06-06
A001578,K0086,I00395,commissioning,on-site,2025-06-06
A001579,K0086,I00395,service_plan,premium,2025-06-06
A001580,K0086,I00395,support_tier,pooled,2025-06-06
A001581,K0255,I00396,sku_quoted,P026,2025-07-16
A001582,K0255,I00396,commissioning,self,2025-07-16
A001583,K0255,I00396,service_plan,standard,2025-07-16
A001584,K0255,I00396,support_tier,pooled,2025-07-16
A001585,K0381,I00397,sku_quoted,P037,2024-08-16
A001586,K0381,I00397,commissioning,self,2024-08-16
A001587,K0381,I00397,service_plan,standard,2024-08-16
A001588,K0381,I00397,support_tier,dedicated,2024-08-16
A001589,K0396,I00398,sku_quoted,P035,2024-05-19
A001590,K0396,I00398,commissioning,self,2024-05-19
A001591,K0396,I00398,service_plan,standard,2024-05-19
A001592,K0396,I00398,support_tier,pooled,2024-05-19
A001593,K0362,I00399,sku_quoted,P002,2024-06-21
A001594,K0362,I00399,commissioning,self,2024-06-21
A001595,K0362,I00399,service_plan,standard,2024-06-21
A001596,K0362,I00399,support_tier,pooled,2024-06-21
A001597,K0427,I00400,sku_quoted,P017,2025-03-26
A001598,K0427,I00400,commissioning,on-site,2025-03-26
A001599,K0427,I00400,service_plan,none,2025-03-26
A001600,K0427,I00400,support_tier,pooled,2025-03-26
A001601,K0489,I00401,sku_quoted,P012,2024-11-29
A001602,K0489,I00401,commissioning,on-site,2024-11-29
A001603,K0489,I00401,service_plan,none,2024-11-29
A001604,K0489,I00401,support_tier,pooled,2024-11-29
A001605,K0150,I00402,sku_quoted,P004,2024-12-09
A001606,K0150,I00402,commissioning,self,2024-12-09
A001607,K0150,I00402,service_plan,premium,2024-12-09
A001608,K0150,I00402,support_tier,dedicated,2024-12-09
A001609,K0436,I00403,sku_quoted,P036,2024-07-07
A001610,K0436,I00403,commissioning,on-site,2024-07-07
A001611,K0436,I00403,service_plan,standard,2024-07-07
A001612,K0436,I00403,support_tier,pooled,2024-07-07
A001613,K0220,I00404,sku_quoted,P030,2025-08-07
A001614,K0220,I00404,commissioning,on-site,2025-08-07
A001615,K0220,I00404,service_plan,none,2025-08-07
A001616,K0220,I00404,support_tier,pooled,2025-08-07
A001617,K0396,I00405,sku_quoted,P021,2024-08-01
A001618,K0396,I00405,commissioning,self,2024-08-01
A001619,K0396,I00405,service_plan,none,2024-08-01
A001620,K0396,I00405,support_tier,dedicated,2024-08-01
A001621,K0152,I00406,sku_quoted,P027,2025-08-09
A001622,K0152,I00406,commissioning,self,2025-08-09
A001623,K0152,I00406,service_plan,none,2025-08-09
A001624,K0152,I00406,support_tier,pooled,2025-08-09
A001625,K0083,I00407,sku_quoted,P013,2025-01-04
A001626,K0083,I00407,commissioning,guided,2025-01-04
A001627,K0083,I00407,service_plan,none,2025-01-04
A001628,K0083,I00407,support_tier,pooled,2025-01-04
A001629,K0430,I00408,sku_quoted,P018,2024-05-15
A001630,K0430,I00408,commissioning,guided,2024-05-15
A001631,K0430,I00408,service_plan,none,2024-05-15
A001632,K0430,I00408,support_tier,pooled,2024-05-15
A001633,K0182,I00409,sku_quoted,P034,2024-02-21
A001634,K0182,I00409,commissioning,on-site,2024-02-21
A001635,K0182,I00409,service_plan,standard,2024-02-21
A001636,K0182,I00409,support_tier,dedicated,2024-02-21
A001637,K0406,I00410,sku_quoted,P036,2024-07-09
A001638,K0406,I00410,commissioning,on-site,2024-07-09
A001639,K0406,I00410,service_plan,standard,2024-07-09
A001640,K0406,I00410,support_tier,pooled,2024-07-09
A001641,K0276,I00411,sku_quoted,P038,2025-02-12
A001642,K0276,I00411,commissioning,guided,2025-02-12
A001643,K0276,I00411,service_plan,premium,2025-02-12
A001644,K0276,I00411,support_tier,pooled,2025-02-12
A001645,K0321,I00412,sku_quoted,P037,2024-07-27
A001646,K0321,I00412,commissioning,self,2024-07-27
A001647,K0321,I00412,service_plan,standard,2024-07-27
A001648,K0321,I00412,support_tier,dedicated,2024-07-27
A001649,K0342,I00413,sku_quoted,P029,2025-08-04
A001650,K0342,I00413,commissioning,guided,2025-08-04
A001651,K0342,I00413,service_plan,premium,2025-08-04
A001652,K0342,I00413,support_tier,pooled,2025-08-04
A001653,K0064,I00414,sku_quoted,P030,2024-07-08
A001654,K0064,I00414,commissioning,guided,2024-07-08
A001655,K0064,I00414,service_plan,standard,2024-07-08
A001656,K0064,I00414,support_tier,pooled,2024-07-08
A001657,K0244,I00415,sku_quoted,P017,2025-03-14
A001658,K0244,I00415,commissioning,self,2025-03-14
A001659,K0244,I00415,service_plan,premium,2025-03-14
A001660,K0244,I00415,support_tier,pooled,2025-03-14
A001661,K0279,I00416,sku_quoted,P035,2024-11-25
A001662,K0279,I00416,commissioning,on-site,2024-11-25
A001663,K0279,I00416,service_plan,premium,2024-11-25
A001664,K0279,I00416,support_tier,dedicated,2024-11-25
A001665,K0164,I00417,sku_quoted,P007,2024-11-20
A001666,K0164,I00417,commissioning,self,2024-11-20
A001667,K0164,I00417,service_plan,premium,2024-11-20
A001668,K0164,I00417,support_tier,dedicated,2024-11-20
A001669,K0279,I00418,sku_quoted,P025,2024-08-09
A001670,K0279,I00418,commissioning,self,2024-08-09
A001671,K0279,I00418,service_plan,premium,2024-08-09
A001672,K0279,I00418,support_tier,pooled,2024-08-09
A001673,K0164,I00419,sku_quoted,P015,2024-05-07
A001674,K0164,I00419,commissioning,on-site,2024-05-07
A001675,K0164,I00419,service_plan,standard,2024-05-07
A001676,K0164,I00419,support_tier,pooled,2024-05-07
A001677,K0500,I00420,sku_quoted,P008,2025-06-17
A001678,K0500,I00420,commissioning,self,2025-06-17
A001679,K0500,I00420,service_plan,standard,2025-06-17
A001680,K0500,I00420,support_tier,pooled,2025-06-17
A001681,K0381,I00421,sku_quoted,P005,2024-04-22
A001682,K0381,I00421,commissioning,self,2024-04-22
A001683,K0381,I00421,service_plan,premium,2024-04-22
A001684,K0381,I00421,support_tier,pooled,2024-04-22
A001685,K0500,I00422,sku_quoted,P013,2025-06-26
A001686,K0500,I00422,commissioning,self,2025-06-26
A001687,K0500,I00422,service_plan,standard,2025-06-26
A001688,K0500,I00422,support_tier,pooled,2025-06-26
A001689,K0121,I00423,sku_quoted,P018,2024-05-29
A001690,K0121,I00423,commissioning,guided,2024-05-29
A001691,K0121,I00423,service_plan,none,2024-05-29
A001692,K0121,I00423,support_tier,pooled,2024-05-29
A001693,K0190,I00424,sku_quoted,P025,2024-10-05
A001694,K0190,I00424,commissioning,guided,2024-10-05
A001695,K0190,I00424,service_plan,standard,2024-10-05
A001696,K0190,I00424,support_tier,dedicated,2024-10-05
A001697,K0178,I00425,sku_quoted,P020,2024-03-05
A001698,K0178,I00425,commissioning,self,2024-03-05
A001699,K0178,I00425,service_plan,standard,2024-03-05
A001700,K0178,I00425,support_tier,dedicated,2024-03-05
A001701,K0245,I00426,sku_quoted,P027,2025-05-02
A001702,K0245,I00426,commissioning,guided,2025-05-02
A001703,K0245,I00426,service_plan,premium,2025-05-02
A001704,K0245,I00426,support_tier,dedicated,2025-05-02
A001705,K0146,I00427,sku_quoted,P023,2024-08-18
A001706,K0146,I00427,commissioning,guided,2024-08-18
A001707,K0146,I00427,service_plan,none,2024-08-18
A001708,K0146,I00427,support_tier,dedicated,2024-08-18
A001709,K0345,I00428,sku_quoted,P026,2024-06-13
A001710,K0345,I00428,commissioning,on-site,2024-06-13
A001711,K0345,I00428,service_plan,none,2024-06-13
A001712,K0345,I00428,support_tier,dedicated,2024-06-13
A001713,K0392,I00429,sku_quoted,P031,2024-08-04
A001714,K0392,I00429,commissioning,self,2024-08-04
A001715,K0392,I00429,service_plan,premium,2024-08-04
A001716,K0392,I00429,support_tier,pooled,2024-08-04
A001717,K0354,I00430,sku_quoted,P003,2025-05-09
A001718,K0354,I00430,commissioning,self,2025-05-09
A001719,K0354,I00430,service_plan,none,2025-05-09
A001720,K0354,I00430,support_tier,pooled,2025-05-09
A001721,K0062,I00431,sku_quoted,P010,2024-08-16
A001722,K0062,I00431,commissioning,guided,2024-08-16
A001723,K0062,I00431,service_plan,premium,2024-08-16
A001724,K0062,I00431,support_tier,pooled,2024-08-16
A001725,K0211,I00432,sku_quoted,P028,2024-08-24
A001726,K0211,I00432,commissioning,guided,2024-08-24
A001727,K0211,I00432,service_plan,standard,2024-08-24
A001728,K0211,I00432,support_tier,pooled,2024-08-24
A001729,K0459,I00433,sku_quoted,P014,2025-05-16
A001730,K0459,I00433,commissioning,guided,2025-05-16
A001731,K0459,I00433,service_plan,premium,2025-05-16
A001732,K0459,I00433,support_tier,pooled,2025-05-16
A001733,K0439,I00434,sku_quoted,P021,2025-01-26
A001734,K0439,I00434,commissioning,guided,2025-01-26
A001735,K0439,I00434,service_plan,standard,2025-01-26
A001736,K0439,I00434,support_tier,dedicated,2025-01-26
A001737,K0437,I00435,sku_quoted,P013,2025-08-04
A001738,K0437,I00435,commissioning,self,2025-08-04
A001739,K0437,I00435,service_plan,premium,2025-08-04
A001740,K0437,I00435,support_tier,pooled,2025-08-04
A001741,K0106,I00436,sku_quoted,P042,2025-02-04
A001742,K0106,I00436,commissioning,on-site,2025-02-04
A001743,K0106,I00436,service_plan,standard,2025-02-04
A001744,K0106,I00436,support_tier,pooled,2025-02-04
A001745,K0299,I00437,sku_quoted,P024,2024-04-03
A001746,K0299,I00437,commissioning,on-site,2024-04-03
A001747,K0299,I00437,service_plan,none,2024-04-03
A001748,K0299,I00437,support_tier,dedicated,2024-04-03
A001749,K0393,I00438,sku_quoted,P016,2024-07-24
A001750,K0393,I00438,commissioning,guided,2024-07-24
A001751,K0393,I00438,service_plan,standard,2024-07-24
A001752,K0393,I00438,support_tier,pooled,2024-07-24
A001753,K0321,I00439,sku_quoted,P005,2024-08-18
A001754,K0321,I00439,commissioning,on-site,2024-08-18
A001755,K0321,I00439,service_plan,standard,2024-08-18
A001756,K0321,I00439,support_tier,pooled,2024-08-18
A001757,K0022,I00440,sku_quoted,P024,2024-06-17
A001758,K0022,I00440,commissioning,guided,2024-06-17
A001759,K0022,I00440,service_plan,premium,2024-06-17
A001760,K0022,I00440,support_tier,pooled,2024-06-17
A001761,K0359,I00441,sku_quoted,P031,2025-01-12
A001762,K0359,I00441,commissioning,guided,2025-01-12
A001763,K0359,I00441,service_plan,premium,2025-01-12
A001764,K0359,I00441,support_tier,pooled,2025-01-12
A001765,K0485,I00442,sku_quoted,P015,2024-07-14
A001766,K0485,I00442,commissioning,guided,2024-07-14
A001767,K0485,I00442,service_plan,premium,2024-07-14
A001768,K0485,I00442,support_tier,pooled,2024-07-14
A001769,K0052,I00443,sku_quoted,P039,2025-03-20
A001770,K0052,I00443,commissioning,guided,2025-03-20
A001771,K0052,I00443,service_plan,standard,2025-03-20
A001772,K0052,I00443,support_tier,dedicated,2025-03-20
A001773,K0464,I00444,sku_quoted,P032,2024-10-29
A001774,K0464,I00444,commissioning,guided,2024-10-29
A001775,K0464,I00444,service_plan,none,2024-10-29
A001776,K0464,I00444,support_tier,pooled,2024-10-29
A001777,K0209,I00445,sku_quoted,P015,2024-07-07
A001778,K0209,I00445,commissioning,self,2024-07-07
A001779,K0209,I00445,service_plan,premium,2024-07-07
A001780,K0209,I00445,support_tier,dedicated,2024-07-07
A001781,K0374,I00446,sku_quoted,P020,2025-01-28
A001782,K0374,I00446,commissioning,on-site,2025-01-28
A001783,K0374,I00446,service_plan,standard,2025-01-28
A001784,K0374,I00446,support_tier,dedicated,2025-01-28
A001785,K0202,I00447,sku_quoted,P001,2025-01-04
A001786,K0202,I00447,commissioning,guided,2025-01-04
A001787,K0202,I00447,service_plan,standard,2025-01-04
A001788,K0202,I00447,support_tier,dedicated,2025-01-04
A001789,K0074,I00448,sku_quoted,P017,2024-05-16
A001790,K0074,I00448,commissioning,on-site,2024-05-16
A001791,K0074,I00448,service_plan,premium,2024-05-16
A001792,K0074,I00448,support_tier,dedicated,2024-05-16
A001793,K0330,I00449,sku_quoted,P009,2025-01-14
A001794,K0330,I00449,commissioning,on-site,2025-01-14
A001795,K0330,I00449,service_plan,premium,2025-01-14
A001796,K0330,I00449,support_tier,pooled,2025-01-14
A001797,K0178,I00450,sku_quoted,P007,2025-03-20
A001798,K0178,I00450,commissioning,self,2025-03-20
A001799,K0178,I00450,service_plan,standard,2025-03-20
A001800,K0178,I00450,support_tier,dedicated,2025-03-20
A001801,K0181,I00451,sku_quoted,P023,2024-07-02
A001802,K0181,I00451,commissioning,self,2024-07-02
A001803,K0181,I00451,service_plan,standard,2024-07-02
A001804,K0181,I00451,support_tier,pooled,2024-07-02
A001805,K0355,I00452,sku_quoted,P011,2024-10-11
A001806,K0355,I00452,commissioning,guided,2024-10-11
A001807,K0355,I00452,service_plan,none,2024-10-11
A001808,K0355,I00452,support_tier,dedicated,2024-10-11
A001809,K0478,I00453,sku_quoted,P028,2024-07-09
A001810,K0478,I00453,commissioning,on-site,2024-07-09
A001811,K0478,I00453,service_plan,none,2024-07-09
A001812,K0478,I00453,support_tier,dedicated,2024-07-09
A001813,K0030,I00454,sku_quoted,P041,2025-01-01
A001814,K0030,I00454,commissioning,self,2025-01-01
A001815,K0030,I00454,service_plan,standard,2025-01-01
A001816,K0030,I00454,support_tier,pooled,2025-01-01
A001817,K0461,I00455,sku_quoted,P026,2024-07-08
A001818,K0461,I00455,commissioning,guided,2024-07-08
A001819,K0461,I00455,service_plan,standard,2024-07-08
A001820,K0461,I00455,support_tier,pooled,2024-07-08
A001821,K0057,I00456,sku_quoted,P017,2025-06-17
A001822,K0057,I00456,commissioning,self,2025-06-17
A001823,K0057,I00456,service_plan,none,2025-06-17
A001824,K0057,I00456,support_tier,pooled,2025-06-17
A001825,K0122,I00457,sku_quoted,P034,2024-04-07
A001826,K0122,I00457,commissioning,on-site,2024-04-07
A001827,K0122,I00457,service_plan,standard,2024-04-07
A001828,K0122,I00457,support_tier,dedicated,2024-04-07
A001829,K0162,I00458,sku_quoted,P028,2024-03-25
A001830,K0162,I00458,commissioning,on-site,2024-03-25
A001831,K0162,I00458,service_plan,none,2024-03-25
A001832,K0162,I00458,support_tier,pooled,2024-03-25
A001833,K0174,I00459,sku_quoted,P040,2024-04-15
A001834,K0174,I00459,commissioning,on-site,2024-04-15
A001835,K0174,I00459,service_plan,none,2024-04-15
A001836,K0174,I00459,support_tier,pooled,2024-04-15
A001837,K0091,I00460,sku_quoted,P003,2025-02-19
A001838,K0091,I00460,commissioning,on-site,2025-02-19
A001839,K0091,I00460,service_plan,none,2025-02-19
A001840,K0091,I00460,support_tier,dedicated,2025-02-19
A001841,K0174,I00461,sku_quoted,P020,2025-01-17
A001842,K0174,I00461,commissioning,guided,2025-01-17
A001843,K0174,I00461,service_plan,standard,2025-01-17
A001844,K0174,I00461,support_tier,dedicated,2025-01-17
A001845,K0417,I00462,sku_quoted,P011,2024-03-05
A001846,K0417,I00462,commissioning,guided,2024-03-05
A001847,K0417,I00462,service_plan,none,2024-03-05
A001848,K0417,I00462,support_tier,dedicated,2024-03-05
A001849,K0400,I00463,sku_quoted,P039,2025-04-11
A001850,K0400,I00463,commissioning,on-site,2025-04-11
A001851,K0400,I00463,service_plan,standard,2025-04-11
A001852,K0400,I00463,support_tier,pooled,2025-04-11
A001853,K0244,I00464,sku_quoted,P001,2025-04-21
A001854,K0244,I00464,commissioning,self,2025-04-21
A001855,K0244,I00464,service_plan,none,2025-04-21
A001856,K0244,I00464,support_tier,pooled,2025-04-21
A001857,K0459,I00465,sku_quoted,P027,2025-06-24
A001858,K0459,I00465,commissioning,on-site,2025-06-24
A001859,K0459,I00465,service_plan,standard,2025-06-24
A001860,K0459,I00465,support_tier,dedicated,2025-06-24
A001861,K0284,I00466,sku_quoted,P041,2024-07-31
A001862,K0284,I00466,commissioning,guided,2024-07-31
A001863,K0284,I00466,service_plan,premium,2024-07-31
A001864,K0284,I00466,support_tier,dedicated,2024-07-31
A001865,K0245,I00467,sku_quoted,P032,2025-01-05
A001866,K0245,I00467,commissioning,self,2025-01-05
A001867,K0245,I00467,service_plan,standard,2025-01-05
A001868,K0245,I00467,support_tier,pooled,2025-01-05
A001869,K0456,I00468,sku_quoted,P002,2025-04-19
A001870,K0456,I00468,commissioning,on-site,2025-04-19
A001871,K0456,I00468,service_plan,standard,2025-04-19
A001872,K0456,I00468,support_tier,pooled,2025-04-19
A001873,K0105,I00469,sku_quoted,P012,2025-05-07
A001874,K0105,I00469,commissioning,on-site,2025-05-07
A001875,K0105,I00469,service_plan,standard,2025-05-07
A001876,K0105,I00469,support_tier,pooled,2025-05-07
A001877,K0223,I00470,sku_quoted,P027,2024-10-03
A001878,K0223,I00470,commissioning,guided,2024-10-03
A001879,K0223,I00470,service_plan,standard,2024-10-03
A001880,K0223,I00470,support_tier,dedicated,2024-10-03
A001881,K0284,I00471,sku_quoted,P022,2025-01-21
A001882,K0284,I00471,commissioning,on-site,2025-01-21
A001883,K0284,I00471,service_plan,premium,2025-01-21
A001884,K0284,I00471,support_tier,pooled,2025-01-21
A001885,K0473,I00472,sku_quoted,P003,2025-05-24
A001886,K0473,I00472,commissioning,guided,2025-05-24
A001887,K0473,I00472,service_plan,premium,2025-05-24
A001888,K0473,I00472,support_tier,pooled,2025-05-24
A001889,K0310,I00473,sku_quoted,P018,2025-02-14
A001890,K0310,I00473,commissioning,self,2025-02-14
A001891,K0310,I00473,service_plan,standard,2025-02-14
A001892,K0310,I00473,support_tier,pooled,2025-02-14
A001893,K0290,I00474,sku_quoted,P040,2025-07-16
A001894,K0290,I00474,commissioning,on-site,2025-07-16
A001895,K0290,I00474,service_plan,standard,2025-07-16
A001896,K0290,I00474,support_tier,pooled,2025-07-16
A001897,K0011,I00475,sku_quoted,P017,2024-09-10
A001898,K0011,I00475,commissioning,on-site,2024-09-10
A001899,K0011,I00475,service_plan,standard,2024-09-10
A001900,K0011,I00475,support_tier,dedicated,2024-09-10
A001901,K0467,I00476,sku_quoted,P029,2024-05-07
A001902,K0467,I00476,commissioning,guided,2024-05-07
A001903,K0467,I00476,service_plan,none,2024-05-07
A001904,K0467,I00476,support_tier,dedicated,2024-05-07
A001905,K0194,I00477,sku_quoted,P005,2025-08-09
A001906,K0194,I00477,commissioning,guided,2025-08-09
A001907,K0194,I00477,service_plan,standard,2025-08-09
A001908,K0194,I00477,support_tier,dedicated,2025-08-09
A001909,K0017,I00478,sku_quoted,P004,2024-06-19
A001910,K0017,I00478,commissioning,self,2024-06-19
A001911,K0017,I00478,service_plan,none,2024-06-19
A001912,K0017,I00478,support_tier,pooled,2024-06-19
A001913,K0431,I00479,sku_quoted,P015,2024-08-04
A001914,K0431,I00479,commissioning,self,2024-08-04
A001915,K0431,I00479,service_plan,none,2024-08-04
A001916,K0431,I00479,support_tier,dedicated,2024-08-04
A001917,K0154,I00480,sku_quoted,P025,2024-04-01
A001918,K0154,I00480,commissioning,self,2024-04-01
A001919,K0154,I00480,service_plan,premium,2024-04-01
A001920,K0154,I00480,support_tier,pooled,2024-04-01
A001921,K0131,I00481,sku_quoted,P035,2024-12-13
A001922,K0131,I00481,commissioning,on-site,2024-12-13
A001923,K0131,I00481,service_plan,standard,2024-12-13
A001924,K0131,I00481,support_tier,dedicated,2024-12-13
A001925,K0459,I00482,sku_quoted,P030,2025-04-11
A001926,K0459,I00482,commissioning,on-site,2025-04-11
A001927,K0459,I00482,service_plan,standard,2025-04-11
A001928,K0459,I00482,support_tier,dedicated,2025-04-11
A001929,K0001,I00483,sku_quoted,P009,2024-04-15
A001930,K0001,I00483,commissioning,guided,2024-04-15
A001931,K0001,I00483,service_plan,standard,2024-04-15
A001932,K0001,I00483,support_tier,pooled,2024-04-15
A001933,K0182,I00484,sku_quoted,P010,2024-09-15
A001934,K0182,I00484,commissioning,self,2024-09-15
A001935,K0182,I00484,service_plan,standard,2024-09-15
A001936,K0182,I00484,support_tier,pooled,2024-09-15
A001937,K0010,I00485,sku_quoted,P017,2024-07-16
A001938,K0010,I00485,commissioning,self,2024-07-16
A001939,K0010,I00485,service_plan,premium,2024-07-16
A001940,K0010,I00485,support_tier,dedicated,2024-07-16
A001941,K0324,I00486,sku_quoted,P037,2025-05-18
A001942,K0324,I00486,commissioning,on-site,2025-05-18
A001943,K0324,I00486,service_plan,standard,2025-05-18
A001944,K0324,I00486,support_tier,dedicated,2025-05-18
A001945,K0319,I00487,sku_quoted,P029,2024-05-24
A001946,K0319,I00487,commissioning,on-site,2024-05-24
A001947,K0319,I00487,service_plan,none,2024-05-24
A001948,K0319,I00487,support_tier,pooled,2024-05-24
A001949,K0075,I00488,sku_quoted,P012,2024-11-08
A001950,K0075,I00488,commissioning,self,2024-11-08
A001951,K0075,I00488,service_plan,standard,2024-11-08
A001952,K0075,I00488,support_tier,dedicated,2024-11-08
A001953,K0138,I00489,sku_quoted,P016,2025-06-02
A001954,K0138,I00489,commissioning,guided,2025-06-02
A001955,K0138,I00489,service_plan,none,2025-06-02
A001956,K0138,I00489,support_tier,pooled,2025-06-02
A001957,K0191,I00490,sku_quoted,P039,2024-06-10
A001958,K0191,I00490,commissioning,guided,2024-06-10
A001959,K0191,I00490,service_plan,none,2024-06-10
A001960,K0191,I00490,support_tier,dedicated,2024-06-10
A001961,K0422,I00491,sku_quoted,P001,2025-01-31
A001962,K0422,I00491,commissioning,guided,2025-01-31
A001963,K0422,I00491,service_plan,none,2025-01-31
A001964,K0422,I00491,support_tier,pooled,2025-01-31
A001965,K0309,I00492,sku_quoted,P003,2025-06-25
A001966,K0309,I00492,commissioning,on-site,2025-06-25
A001967,K0309,I00492,service_plan,standard,2025-06-25
A001968,K0309,I00492,support_tier,dedicated,2025-06-25
A001969,K0393,I00493,sku_quoted,P037,2024-12-30
A001970,K0393,I00493,commissioning,on-site,2024-12-30
A001971,K0393,I00493,service_plan,none,2024-12-30
A001972,K0393,I00493,support_tier,dedicated,2024-12-30
A001973,K0212,I00494,sku_quoted,P028,2025-01-08
A001974,K0212,I00494,commissioning,self,2025-01-08
A001975,K0212,I00494,service_plan,none,2025-01-08
A001976,K0212,I00494,support_tier,dedicated,2025-01-08
A001977,K0227,I00495,sku_quoted,P015,2025-03-01
A001978,K0227,I00495,commissioning,self,2025-03-01
A001979,K0227,I00495,service_plan,standard,2025-03-01
A001980,K0227,I00495,support_tier,pooled,2025-03-01
A001981,K0425,I00496,sku_quoted,P029,2025-02-11
A001982,K0425,I00496,commissioning,guided,2025-02-11
A001983,K0425,I00496,service_plan,standard,2025-02-11
A001984,K0425,I00496,support_tier,dedicated,2025-02-11
A001985,K0050,I00497,sku_quoted,P001,2025-01-09
A001986,K0050,I00497,commissioning,self,2025-01-09
A001987,K0050,I00497,service_plan,none,2025-01-09
A001988,K0050,I00497,support_tier,dedicated,2025-01-09
A001989,K0410,I00498,sku_quoted,P012,2024-09-24
A001990,K0410,I00498,commissioning,guided,2024-09-24
A001991,K0410,I00498,service_plan,standard,2024-09-24
A001992,K0410,I00498,support_tier,pooled,2024-09-24
A001993,K0478,I00499,sku_quoted,P030,2024-03-22
A001994,K0478,I00499,commissioning,on-site,2024-03-22
A001995,K0478,I00499,service_plan,none,2024-03-22
A001996,K0478,I00499,support_tier,dedicated,2024-03-22
A001997,K0359,I00500,sku_quoted,P003,2024-03-15
A001998,K0359,I00500,commissioning,guided,2024-03-15
A001999,K0359,I00500,service_plan,standard,2024-03-15
A002000,K0359,I00500,support_tier,dedicated,2024-03-15
A002001,K0493,I00501,sku_quoted,P041,2024-06-20
A002002,K0493,I00501,commissioning,self,2024-06-20
A002003,K0493,I00501,service_plan,none,2024-06-20
A002004,K0493,I00501,support_tier,dedicated,2024-06-20
A002005,K0140,I00502,sku_quoted,P027,2025-02-19
A002006,K0140,I00502,commissioning,self,2025-02-19
A002007,K0140,I00502,service_plan,none,2025-02-19
A002008,K0140,I00502,support_tier,dedicated,2025-02-19
A002009,K0135,I00503,sku_quoted,P006,2025-05-25
A002010,K0135,I00503,commissioning,guided,2025-05-25
A002011,K0135,I00503,service_plan,premium,2025-05-25
A002012,K0135,I00503,support_tier,dedicated,2025-05-25
A002013,K0360,I00504,sku_quoted,P022,2025-02-20
A002014,K0360,I00504,commissioning,on-site,2025-02-20
A002015,K0360,I00504,service_plan,standard,2025-02-20
A002016,K0360,I00504,support_tier,pooled,2025-02-20
A002017,K0509,I00505,sku_quoted,P029,2025-06-01
A002018,K0509,I00505,commissioning,on-site,2025-06-01
A002019,K0509,I00505,service_plan,premium,2025-06-01
A002020,K0509,I00505,support_tier,dedicated,2025-06-01
A002021,K0308,I00506,sku_quoted,P040,2024-06-06
A002022,K0308,I00506,commissioning,self,2024-06-06
A002023,K0308,I00506,service_plan,standard,2024-06-06
A002024,K0308,I00506,support_tier,dedicated,2024-06-06
A002025,K0096,I00507,sku_quoted,P014,2024-12-20
A002026,K0096,I00507,commissioning,on-site,2024-12-20
A002027,K0096,I00507,service_plan,none,2024-12-20
A002028,K0096,I00507,support_tier,dedicated,2024-12-20
A002029,K0139,I00508,sku_quoted,P011,2024-10-18
A002030,K0139,I00508,commissioning,self,2024-10-18
A002031,K0139,I00508,service_plan,standard,2024-10-18
A002032,K0139,I00508,support_tier,dedicated,2024-10-18
A002033,K0154,I00509,sku_quoted,P010,2024-12-10
A002034,K0154,I00509,commissioning,on-site,2024-12-10
A002035,K0154,I00509,service_plan,standard,2024-12-10
A002036,K0154,I00509,support_tier,dedicated,2024-12-10
A002037,K0463,I00510,sku_quoted,P018,2025-02-12
A002038,K0463,I00510,commissioning,self,2025-02-12
A002039,K0463,I00510,service_plan,standard,2025-02-12
A002040,K0463,I00510,support_tier,dedicated,2025-02-12
A002041,K0033,I00511,sku_quoted,P038,2025-05-23
A002042,K0033,I00511,commissioning,guided,2025-05-23
A002043,K0033,I00511,service_plan,standard,2025-05-23
A002044,K0033,I00511,support_tier,pooled,2025-05-23
A002045,K0025,I00512,sku_quoted,P015,2024-07-05
A002046,K0025,I00512,commissioning,self,2024-07-05
A002047,K0025,I00512,service_plan,standard,2024-07-05
A002048,K0025,I00512,support_tier,pooled,2024-07-05
A002049,K0302,I00513,sku_quoted,P020,2024-12-06
A002050,K0302,I00513,commissioning,on-site,2024-12-06
A002051,K0302,I00513,service_plan,premium,2024-12-06
A002052,K0302,I00513,support_tier,dedicated,2024-12-06
A002053,K0492,I00514,sku_quoted,P002,2024-05-31
A002054,K0492,I00514,commissioning,guided,2024-05-31
A002055,K0492,I00514,service_plan,standard,2024-05-31
A002056,K0492,I00514,support_tier,dedicated,2024-05-31
A002057,K0360,I00515,sku_quoted,P037,2024-08-10
A002058,K0360,I00515,commissioning,self,2024-08-10
A002059,K0360,I00515,service_plan,standard,2024-08-10
A002060,K0360,I00515,support_tier,pooled,2024-08-10
A002061,K0493,I00516,sku_quoted,P036,2024-07-26
A002062,K0493,I00516,commissioning,guided,2024-07-26
A002063,K0493,I00516,service_plan,standard,2024-07-26
A002064,K0493,I00516,support_tier,pooled,2024-07-26
A002065,K0180,I00517,sku_quoted,P021,2024-12-10
A002066,K0180,I00517,commissioning,self,2024-12-10
A002067,K0180,I00517,service_plan,standard,2024-12-10
A002068,K0180,I00517,support_tier,dedicated,2024-12-10
A002069,K0235,I00518,sku_quoted,P020,2024-04-16
A002070,K0235,I00518,commissioning,guided,2024-04-16
A002071,K0235,I00518,service_plan,standard,2024-04-16
A002072,K0235,I00518,support_tier,dedicated,2024-04-16
A002073,K0114,I00519,sku_quoted,P033,2024-09-13
A002074,K0114,I00519,commissioning,on-site,2024-09-13
A002075,K0114,I00519,service_plan,standard,2024-09-13
A002076,K0114,I00519,support_tier,pooled,2024-09-13
A002077,K0415,I00520,sku_quoted,P029,2025-08-17
A002078,K0415,I00520,commissioning,guided,2025-08-17
A002079,K0415,I00520,service_plan,premium,2025-08-17
A002080,K0415,I00520,support_tier,pooled,2025-08-17
A002081,K0506,I00521,sku_quoted,P037,2025-03-28
A002082,K0506,I00521,commissioning,guided,2025-03-28
A002083,K0506,I00521,service_plan,none,2025-03-28
A002084,K0506,I00521,support_tier,pooled,2025-03-28
A002085,K0510,I00522,sku_quoted,P005,2025-04-01
A002086,K0510,I00522,commissioning,guided,2025-04-01
A002087,K0510,I00522,service_plan,standard,2025-04-01
A002088,K0510,I00522,support_tier,dedicated,2025-04-01
A002089,K0385,I00523,sku_quoted,P033,2024-09-13
A002090,K0385,I00523,commissioning,guided,2024-09-13
A002091,K0385,I00523,service_plan,standard,2024-09-13
A002092,K0385,I00523,support_tier,dedicated,2024-09-13
A002093,K0088,I00524,sku_quoted,P009,2025-07-20
A002094,K0088,I00524,commissioning,guided,2025-07-20
A002095,K0088,I00524,service_plan,none,2025-07-20
A002096,K0088,I00524,support_tier,pooled,2025-07-20
A002097,K0022,I00525,sku_quoted,P002,2024-10-01
A002098,K0022,I00525,commissioning,guided,2024-10-01
A002099,K0022,I00525,service_plan,standard,2024-10-01
A002100,K0022,I00525,support_tier,dedicated,2024-10-01
A002101,K0052,I00526,sku_quoted,P029,2025-01-10
A002102,K0052,I00526,commissioning,self,2025-01-10
A002103,K0052,I00526,service_plan,standard,2025-01-10
A002104,K0052,I00526,support_tier,pooled,2025-01-10
A002105,K0105,I00527,sku_quoted,P025,2025-02-16
A002106,K0105,I00527,commissioning,guided,2025-02-16
A002107,K0105,I00527,service_plan,none,2025-02-16
A002108,K0105,I00527,support_tier,dedicated,2025-02-16
A002109,K0173,I00528,sku_quoted,P028,2024-07-10
A002110,K0173,I00528,commissioning,guided,2024-07-10
A002111,K0173,I00528,service_plan,none,2024-07-10
A002112,K0173,I00528,support_tier,dedicated,2024-07-10
A002113,K0228,I00529,sku_quoted,P022,2024-07-09
A002114,K0228,I00529,commissioning,guided,2024-07-09
A002115,K0228,I00529,service_plan,standard,2024-07-09
A002116,K0228,I00529,support_tier,pooled,2024-07-09
A002117,K0208,I00530,sku_quoted,P014,2025-05-30
A002118,K0208,I00530,commissioning,self,2025-05-30
A002119,K0208,I00530,service_plan,standard,2025-05-30
A002120,K0208,I00530,support_tier,pooled,2025-05-30
A002121,K0503,I00531,sku_quoted,P015,2025-07-03
A002122,K0503,I00531,commissioning,guided,2025-07-03
A002123,K0503,I00531,service_plan,standard,2025-07-03
A002124,K0503,I00531,support_tier,dedicated,2025-07-03
A002125,K0194,I00532,sku_quoted,P015,2025-07-31
A002126,K0194,I00532,commissioning,guided,2025-07-31
A002127,K0194,I00532,service_plan,none,2025-07-31
A002128,K0194,I00532,support_tier,pooled,2025-07-31
A002129,K0034,I00533,sku_quoted,P009,2024-04-05
A002130,K0034,I00533,commissioning,self,2024-04-05
A002131,K0034,I00533,service_plan,standard,2024-04-05
A002132,K0034,I00533,support_tier,pooled,2024-04-05
A002133,K0489,I00534,sku_quoted,P010,2025-04-03
A002134,K0489,I00534,commissioning,on-site,2025-04-03
A002135,K0489,I00534,service_plan,premium,2025-04-03
A002136,K0489,I00534,support_tier,pooled,2025-04-03
A002137,K0436,I00535,sku_quoted,P007,2025-01-06
A002138,K0436,I00535,commissioning,on-site,2025-01-06
A002139,K0436,I00535,service_plan,premium,2025-01-06
A002140,K0436,I00535,support_tier,dedicated,2025-01-06
A002141,K0333,I00536,sku_quoted,P022,2024-03-09
A002142,K0333,I00536,commissioning,self,2024-03-09
A002143,K0333,I00536,service_plan,standard,2024-03-09
A002144,K0333,I00536,support_tier,pooled,2024-03-09
A002145,K0468,I00537,sku_quoted,P032,2025-05-18
A002146,K0468,I00537,commissioning,on-site,2025-05-18
A002147,K0468,I00537,service_plan,premium,2025-05-18
A002148,K0468,I00537,support_tier,dedicated,2025-05-18
A002149,K0454,I00538,sku_quoted,P005,2024-07-14
A002150,K0454,I00538,commissioning,guided,2024-07-14
A002151,K0454,I00538,service_plan,none,2024-07-14
A002152,K0454,I00538,support_tier,pooled,2024-07-14
A002153,K0335,I00539,sku_quoted,P004,2025-02-15
A002154,K0335,I00539,commissioning,on-site,2025-02-15
A002155,K0335,I00539,service_plan,standard,2025-02-15
A002156,K0335,I00539,support_tier,dedicated,2025-02-15
A002157,K0368,I00540,sku_quoted,P011,2024-07-31
A002158,K0368,I00540,commissioning,on-site,2024-07-31
A002159,K0368,I00540,service_plan,none,2024-07-31
A002160,K0368,I00540,support_tier,pooled,2024-07-31
A002161,K0237,I00541,sku_quoted,P003,2025-06-20
A002162,K0237,I00541,commissioning,on-site,2025-06-20
A002163,K0237,I00541,service_plan,standard,2025-06-20
A002164,K0237,I00541,support_tier,dedicated,2025-06-20
A002165,K0129,I00542,sku_quoted,P016,2025-02-11
A002166,K0129,I00542,commissioning,guided,2025-02-11
A002167,K0129,I00542,service_plan,standard,2025-02-11
A002168,K0129,I00542,support_tier,pooled,2025-02-11
A002169,K0327,I00543,sku_quoted,P006,2024-11-11
A002170,K0327,I00543,commissioning,on-site,2024-11-11
A002171,K0327,I00543,service_plan,standard,2024-11-11
A002172,K0327,I00543,support_tier,pooled,2024-11-11
A002173,K0346,I00544,sku_quoted,P035,2024-09-14
A002174,K0346,I00544,commissioning,on-site,2024-09-14
A002175,K0346,I00544,service_plan,standard,2024-09-14
A002176,K0346,I00544,support_tier,dedicated,2024-09-14
A002177,K0003,I00545,sku_quoted,P028,2024-04-18
A002178,K0003,I00545,commissioning,guided,2024-04-18
A002179,K0003,I00545,service_plan,premium,2024-04-18
A002180,K0003,I00545,support_tier,pooled,2024-04-18
A002181,K0345,I00546,sku_quoted,P030,2025-01-20
A002182,K0345,I00546,commissioning,guided,2025-01-20
A002183,K0345,I00546,service_plan,premium,2025-01-20
A002184,K0345,I00546,support_tier,pooled,2025-01-20
A002185,K0294,I00547,sku_quoted,P042,2025-03-16
A002186,K0294,I00547,commissioning,guided,2025-03-16
A002187,K0294,I00547,service_plan,none,2025-03-16
A002188,K0294,I00547,support_tier,pooled,2025-03-16
A002189,K0147,I00548,sku_quoted,P019,2025-06-13
A002190,K0147,I00548,commissioning,guided,2025-06-13
A002191,K0147,I00548,service_plan,standard,2025-06-13
A002192,K0147,I00548,support_tier,pooled,2025-06-13
A002193,K0067,I00549,sku_quoted,P022,2025-03-26
A002194,K0067,I00549,commissioning,on-site,2025-03-26
A002195,K0067,I00549,service_plan,standard,2025-03-26
A002196,K0067,I00549,support_tier,pooled,2025-03-26
A002197,K0511,I00550,sku_quoted,P016,2025-01-03
A002198,K0511,I00550,commissioning,on-site,2025-01-03
A002199,K0511,I00550,service_plan,none,2025-01-03
A002200,K0511,I00550,support_tier,dedicated,2025-01-03
A002201,K0396,I00551,sku_quoted,P012,2025-02-02
A002202,K0396,I00551,commissioning,guided,2025-02-02
A002203,K0396,I00551,service_plan,standard,2025-02-02
A002204,K0396,I00551,support_tier,dedicated,2025-02-02
A002205,K0499,I00552,sku_quoted,P003,2025-02-05
A002206,K0499,I00552,commissioning,guided,2025-02-05
A002207,K0499,I00552,service_plan,standard,2025-02-05
A002208,K0499,I00552,support_tier,dedicated,2025-02-05
A002209,K0512,I00553,sku_quoted,P022,2025-04-18
A002210,K0512,I00553,commissioning,on-site,2025-04-18
A002211,K0512,I00553,service_plan,premium,2025-04-18
A002212,K0512,I00553,support_tier,pooled,2025-04-18
A002213,K0429,I00554,sku_quoted,P038,2025-01-11
A002214,K0429,I00554,commissioning,on-site,2025-01-11
A002215,K0429,I00554,service_plan,standard,2025-01-11
A002216,K0429,I00554,support_tier,pooled,2025-01-11
A002217,K0507,I00555,sku_quoted,P015,2024-10-26
A002218,K0507,I00555,commissioning,on-site,2024-10-26
A002219,K0507,I00555,service_plan,standard,2024-10-26
A002220,K0507,I00555,support_tier,pooled,2024-10-26
A002221,K0323,I00556,sku_quoted,P032,2024-04-13
A002222,K0323,I00556,commissioning,guided,2024-04-13
A002223,K0323,I00556,service_plan,standard,2024-04-13
A002224,K0323,I00556,support_tier,dedicated,2024-04-13
A002225,K0135,I00557,sku_quoted,P039,2024-07-01
A002226,K0135,I00557,commissioning,guided,2024-07-01
A002227,K0135,I00557,service_plan,standard,2024-07-01
A002228,K0135,I00557,support_tier,pooled,2024-07-01
A002229,K0520,I00558,sku_quoted,P015,2025-04-23
A002230,K0520,I00558,commissioning,guided,2025-04-23
A002231,K0520,I00558,service_plan,none,2025-04-23
A002232,K0520,I00558,support_tier,pooled,2025-04-23
A002233,K0442,I00559,sku_quoted,P018,2025-04-13
A002234,K0442,I00559,commissioning,self,2025-04-13
A002235,K0442,I00559,service_plan,standard,2025-04-13
A002236,K0442,I00559,support_tier,pooled,2025-04-13
A002237,K0444,I00560,sku_quoted,P008,2025-05-22
A002238,K0444,I00560,commissioning,on-site,2025-05-22
A002239,K0444,I00560,service_plan,none,2025-05-22
A002240,K0444,I00560,support_tier,dedicated,2025-05-22
A002241,K0382,I00561,sku_quoted,P018,2024-06-19
A002242,K0382,I00561,commissioning,self,2024-06-19
A002243,K0382,I00561,service_plan,premium,2024-06-19
A002244,K0382,I00561,support_tier,dedicated,2024-06-19
A002245,K0163,I00562,sku_quoted,P033,2024-06-05
A002246,K0163,I00562,commissioning,self,2024-06-05
A002247,K0163,I00562,service_plan,premium,2024-06-05
A002248,K0163,I00562,support_tier,dedicated,2024-06-05
A002249,K0318,I00563,sku_quoted,P037,2024-03-24
A002250,K0318,I00563,commissioning,self,2024-03-24
A002251,K0318,I00563,service_plan,standard,2024-03-24
A002252,K0318,I00563,support_tier,dedicated,2024-03-24
A002253,K0201,I00564,sku_quoted,P039,2024-11-25
A002254,K0201,I00564,commissioning,self,2024-11-25
A002255,K0201,I00564,service_plan,none,2024-11-25
A002256,K0201,I00564,support_tier,pooled,2024-11-25
A002257,K0376,I00565,sku_quoted,P037,2025-01-31
A002258,K0376,I00565,commissioning,self,2025-01-31
A002259,K0376,I00565,service_plan,standard,2025-01-31
A002260,K0376,I00565,support_tier,pooled,2025-01-31
A002261,K0119,I00566,sku_quoted,P041,2025-04-30
A002262,K0119,I00566,commissioning,self,2025-04-30
A002263,K0119,I00566,service_plan,standard,2025-04-30
A002264,K0119,I00566,support_tier,dedicated,2025-04-30
A002265,K0376,I00567,sku_quoted,P038,2024-03-25
A002266,K0376,I00567,commissioning,self,2024-03-25
A002267,K0376,I00567,service_plan,none,2024-03-25
A002268,K0376,I00567,support_tier,pooled,2024-03-25
A002269,K0157,I00568,sku_quoted,P009,2024-04-21
A002270,K0157,I00568,commissioning,guided,2024-04-21
A002271,K0157,I00568,service_plan,premium,2024-04-21
A002272,K0157,I00568,support_tier,pooled,2024-04-21
A002273,K0079,I00569,sku_quoted,P030,2025-05-22
A002274,K0079,I00569,commissioning,guided,2025-05-22
A002275,K0079,I00569,service_plan,premium,2025-05-22
A002276,K0079,I00569,support_tier,dedicated,2025-05-22
A002277,K0024,I00570,sku_quoted,P026,2024-09-10
A002278,K0024,I00570,commissioning,on-site,2024-09-10
A002279,K0024,I00570,service_plan,standard,2024-09-10
A002280,K0024,I00570,support_tier,pooled,2024-09-10
A002281,K0208,I00571,sku_quoted,P025,2024-03-09
A002282,K0208,I00571,commissioning,guided,2024-03-09
A002283,K0208,I00571,service_plan,premium,2024-03-09
A002284,K0208,I00571,support_tier,pooled,2024-03-09
A002285,K0203,I00572,sku_quoted,P036,2024-12-07
A002286,K0203,I00572,commissioning,self,2024-12-07
A002287,K0203,I00572,service_plan,premium,2024-12-07
A002288,K0203,I00572,support_tier,dedicated,2024-12-07
A002289,K0135,I00573,sku_quoted,P023,2025-06-21
A002290,K0135,I00573,commissioning,guided,2025-06-21
A002291,K0135,I00573,service_plan,standard,2025-06-21
A002292,K0135,I00573,support_tier,pooled,2025-06-21
A002293,K0134,I00574,sku_quoted,P019,2024-05-31
A002294,K0134,I00574,commissioning,on-site,2024-05-31
A002295,K0134,I00574,service_plan,premium,2024-05-31
A002296,K0134,I00574,support_tier,pooled,2024-05-31
A002297,K0277,I00575,sku_quoted,P035,2024-10-26
A002298,K0277,I00575,commissioning,on-site,2024-10-26
A002299,K0277,I00575,service_plan,premium,2024-10-26
A002300,K0277,I00575,support_tier,dedicated,2024-10-26
A002301,K0234,I00576,sku_quoted,P027,2024-08-22
A002302,K0234,I00576,commissioning,guided,2024-08-22
A002303,K0234,I00576,service_plan,none,2024-08-22
A002304,K0234,I00576,support_tier,dedicated,2024-08-22
A002305,K0441,I00577,sku_quoted,P021,2024-12-20
A002306,K0441,I00577,commissioning,guided,2024-12-20
A002307,K0441,I00577,service_plan,none,2024-12-20
A002308,K0441,I00577,support_tier,dedicated,2024-12-20
A002309,K0392,I00578,sku_quoted,P027,2024-04-15
A002310,K0392,I00578,commissioning,on-site,2024-04-15
A002311,K0392,I00578,service_plan,premium,2024-04-15
A002312,K0392,I00578,support_tier,dedicated,2024-04-15
A002313,K0385,I00579,sku_quoted,P035,2024-10-08
A002314,K0385,I00579,commissioning,self,2024-10-08
A002315,K0385,I00579,service_plan,none,2024-10-08
A002316,K0385,I00579,support_tier,pooled,2024-10-08
A002317,K0475,I00580,sku_quoted,P008,2024-05-03
A002318,K0475,I00580,commissioning,guided,2024-05-03
A002319,K0475,I00580,service_plan,standard,2024-05-03
A002320,K0475,I00580,support_tier,pooled,2024-05-03
A002321,K0268,I00581,sku_quoted,P009,2025-08-18
A002322,K0268,I00581,commissioning,on-site,2025-08-18
A002323,K0268,I00581,service_plan,standard,2025-08-18
A002324,K0268,I00581,support_tier,pooled,2025-08-18
A002325,K0209,I00582,sku_quoted,P030,2025-07-04
A002326,K0209,I00582,commissioning,self,2025-07-04
A002327,K0209,I00582,service_plan,none,2025-07-04
A002328,K0209,I00582,support_tier,dedicated,2025-07-04
A002329,K0131,I00583,sku_quoted,P036,2025-05-04
A002330,K0131,I00583,commissioning,self,2025-05-04
A002331,K0131,I00583,service_plan,none,2025-05-04
A002332,K0131,I00583,support_tier,pooled,2025-05-04
A002333,K0509,I00584,sku_quoted,P004,2025-02-27
A002334,K0509,I00584,commissioning,guided,2025-02-27
A002335,K0509,I00584,service_plan,standard,2025-02-27
A002336,K0509,I00584,support_tier,pooled,2025-02-27
A002337,K0138,I00585,sku_quoted,P004,2024-02-24
A002338,K0138,I00585,commissioning,on-site,2024-02-24
A002339,K0138,I00585,service_plan,standard,2024-02-24
A002340,K0138,I00585,support_tier,dedicated,2024-02-24
A002341,K0105,I00586,sku_quoted,P002,2024-06-06
A002342,K0105,I00586,commissioning,guided,2024-06-06
A002343,K0105,I00586,service_plan,standard,2024-06-06
A002344,K0105,I00586,support_tier,dedicated,2024-06-06
A002345,K0246,I00587,sku_quoted,P007,2024-09-03
A002346,K0246,I00587,commissioning,self,2024-09-03
A002347,K0246,I00587,service_plan,standard,2024-09-03
A002348,K0246,I00587,support_tier,pooled,2024-09-03
A002349,K0250,I00588,sku_quoted,P006,2025-05-20
A002350,K0250,I00588,commissioning,on-site,2025-05-20
A002351,K0250,I00588,service_plan,premium,2025-05-20
A002352,K0250,I00588,support_tier,dedicated,2025-05-20
A002353,K0417,I00589,sku_quoted,P042,2024-11-07
A002354,K0417,I00589,commissioning,on-site,2024-11-07
A002355,K0417,I00589,service_plan,standard,2024-11-07
A002356,K0417,I00589,support_tier,dedicated,2024-11-07
A002357,K0462,I00590,sku_quoted,P011,2024-12-24
A002358,K0462,I00590,commissioning,self,2024-12-24
A002359,K0462,I00590,service_plan,premium,2024-12-24
A002360,K0462,I00590,support_tier,pooled,2024-12-24
A002361,K0389,I00591,sku_quoted,P038,2024-04-19
A002362,K0389,I00591,commissioning,self,2024-04-19
A002363,K0389,I00591,service_plan,none,2024-04-19
A002364,K0389,I00591,support_tier,pooled,2024-04-19
A002365,K0200,I00592,sku_quoted,P001,2024-06-13
A002366,K0200,I00592,commissioning,guided,2024-06-13
A002367,K0200,I00592,service_plan,none,2024-06-13
A002368,K0200,I00592,support_tier,pooled,2024-06-13
A002369,K0178,I00593,sku_quoted,P035,2025-06-01
A002370,K0178,I00593,commissioning,guided,2025-06-01
A002371,K0178,I00593,service_plan,standard,2025-06-01
A002372,K0178,I00593,support_tier,pooled,2025-06-01
A002373,K0419,I00594,sku_quoted,P023,2025-06-30
A002374,K0419,I00594,commissioning,on-site,2025-06-30
A002375,K0419,I00594,service_plan,standard,2025-06-30
A002376,K0419,I00594,support_tier,dedicated,2025-06-30
A002377,K0092,I00595,sku_quoted,P013,2024-05-31
A002378,K0092,I00595,commissioning,on-site,2024-05-31
A002379,K0092,I00595,service_plan,standard,2024-05-31
A002380,K0092,I00595,support_tier,dedicated,2024-05-31
A002381,K0081,I00596,sku_quoted,P018,2025-03-23
A002382,K0081,I00596,commissioning,guided,2025-03-23
A002383,K0081,I00596,service_plan,premium,2025-03-23
A002384,K0081,I00596,support_tier,dedicated,2025-03-23
A002385,K0509,I00597,sku_quoted,P025,2024-03-04
A002386,K0509,I00597,commissioning,guided,2024-03-04
A002387,K0509,I00597,service_plan,none,2024-03-04
A002388,K0509,I00597,support_tier,pooled,2024-03-04
A002389,K0257,I00598,sku_quoted,P007,2025-01-25
A002390,K0257,I00598,commissioning,self,2025-01-25
A002391,K0257,I00598,service_plan,premium,2025-01-25
A002392,K0257,I00598,support_tier,dedicated,2025-01-25
A002393,K0181,I00599,sku_quoted,P037,2024-03-11
A002394,K0181,I00599,commissioning,self,2024-03-11
A002395,K0181,I00599,service_plan,standard,2024-03-11
A002396,K0181,I00599,support_tier,dedicated,2024-03-11
A002397,K0265,I00600,sku_quoted,P037,2024-07-20
A002398,K0265,I00600,commissioning,guided,2024-07-20
A002399,K0265,I00600,service_plan,standard,2024-07-20
A002400,K0265,I00600,support_tier,dedicated,2024-07-20
A002401,K0157,I00601,sku_quoted,P036,2025-06-23
A002402,K0157,I00601,commissioning,guided,2025-06-23
A002403,K0157,I00601,service_plan,standard,2025-06-23
A002404,K0157,I00601,support_tier,pooled,2025-06-23
A002405,K0284,I00602,sku_quoted,P035,2024-05-05
A002406,K0284,I00602,commissioning,self,2024-05-05
A002407,K0284,I00602,service_plan,premium,2024-05-05
A002408,K0284,I00602,support_tier,dedicated,2024-05-05
A002409,K0441,I00603,sku_quoted,P033,2024-10-09
A002410,K0441,I00603,commissioning,guided,2024-10-09
A002411,K0441,I00603,service_plan,none,2024-10-09
A002412,K0441,I00603,support_tier,pooled,2024-10-09
A002413,K0106,I00604,sku_quoted,P035,2025-07-22
A002414,K0106,I00604,commissioning,on-site,2025-07-22
A002415,K0106,I00604,service_plan,standard,2025-07-22
A002416,K0106,I00604,support_tier,dedicated,2025-07-22
A002417,K0308,I00605,sku_quoted,P038,2025-06-15
A002418,K0308,I00605,commissioning,self,2025-06-15
A002419,K0308,I00605,service_plan,premium,2025-06-15
A002420,K0308,I00605,support_tier,pooled,2025-06-15
A002421,K0050,I00606,sku_quoted,P042,2025-05-21
A002422,K0050,I00606,commissioning,self,2025-05-21
A002423,K0050,I00606,service_plan,standard,2025-05-21
A002424,K0050,I00606,support_tier,pooled,2025-05-21
A002425,K0291,I00607,sku_quoted,P026,2025-07-01
A002426,K0291,I00607,commissioning,self,2025-07-01
A002427,K0291,I00607,service_plan,premium,2025-07-01
A002428,K0291,I00607,support_tier,dedicated,2025-07-01
A002429,K0054,I00608,sku_quoted,P027,2025-04-30
A002430,K0054,I00608,commissioning,guided,2025-04-30
A002431,K0054,I00608,service_plan,none,2025-04-30
A002432,K0054,I00608,support_tier,pooled,2025-04-30
A002433,K0401,I00609,sku_quoted,P021,2024-10-05
A002434,K0401,I00609,commissioning,self,2024-10-05
A002435,K0401,I00609,service_plan,standard,2024-10-05
A002436,K0401,I00609,support_tier,pooled,2024-10-05
A002437,K0426,I00610,sku_quoted,P007,2025-04-15
A002438,K0426,I00610,commissioning,self,2025-04-15
A002439,K0426,I00610,service_plan,premium,2025-04-15
A002440,K0426,I00610,support_tier,dedicated,2025-04-15
A002441,K0404,I00611,sku_quoted,P041,2025-02-07
A002442,K0404,I00611,commissioning,guided,2025-02-07
A002443,K0404,I00611,service_plan,standard,2025-02-07
A002444,K0404,I00611,support_tier,pooled,2025-02-07
A002445,K0457,I00612,sku_quoted,P017,2024-05-17
A002446,K0457,I00612,commissioning,self,2024-05-17
A002447,K0457,I00612,service_plan,standard,2024-05-17
A002448,K0457,I00612,support_tier,dedicated,2024-05-17
A002449,K0109,I00613,sku_quoted,P042,2024-05-15
A002450,K0109,I00613,commissioning,guided,2024-05-15
A002451,K0109,I00613,service_plan,standard,2024-05-15
A002452,K0109,I00613,support_tier,dedicated,2024-05-15
A002453,K0473,I00614,sku_quoted,P035,2024-09-17
A002454,K0473,I00614,commissioning,on-site,2024-09-17
A002455,K0473,I00614,service_plan,none,2024-09-17
A002456,K0473,I00614,support_tier,dedicated,2024-09-17
A002457,K0418,I00615,sku_quoted,P019,2024-09-14
A002458,K0418,I00615,commissioning,self,2024-09-14
A002459,K0418,I00615,service_plan,standard,2024-09-14
A002460,K0418,I00615,support_tier,pooled,2024-09-14
A002461,K0087,I00616,sku_quoted,P005,2025-01-07
A002462,K0087,I00616,commissioning,self,2025-01-07
A002463,K0087,I00616,service_plan,premium,2025-01-07
A002464,K0087,I00616,support_tier,pooled,2025-01-07
A002465,K0255,I00617,sku_quoted,P027,2024-05-05
A002466,K0255,I00617,commissioning,self,2024-05-05
A002467,K0255,I00617,service_plan,none,2024-05-05
A002468,K0255,I00617,support_tier,pooled,2024-05-05
A002469,K0478,I00618,sku_quoted,P014,2024-10-24
A002470,K0478,I00618,commissioning,on-site,2024-10-24
A002471,K0478,I00618,service_plan,standard,2024-10-24
A002472,K0478,I00618,support_tier,dedicated,2024-10-24
A002473,K0260,I00619,sku_quoted,P035,2024-10-12
A002474,K0260,I00619,commissioning,self,2024-10-12
A002475,K0260,I00619,service_plan,standard,2024-10-12
A002476,K0260,I00619,support_tier,dedicated,2024-10-12
A002477,K0038,I00620,sku_quoted,P012,2024-03-20
A002478,K0038,I00620,commissioning,on-site,2024-03-20
A002479,K0038,I00620,service_plan,standard,2024-03-20
A002480,K0038,I00620,support_tier,pooled,2024-03-20
A002481,K0462,I00621,sku_quoted,P007,2024-12-05
A002482,K0462,I00621,commissioning,on-site,2024-12-05
A002483,K0462,I00621,service_plan,standard,2024-12-05
A002484,K0462,I00621,support_tier,pooled,2024-12-05
A002485,K0164,I00622,sku_quoted,P026,2024-03-12
A002486,K0164,I00622,commissioning,guided,2024-03-12
A002487,K0164,I00622,service_plan,none,2024-03-12
A002488,K0164,I00622,support_tier,pooled,2024-03-12
A002489,K0371,I00623,sku_quoted,P018,2024-07-23
A002490,K0371,I00623,commissioning,self,2024-07-23
A002491,K0371,I00623,service_plan,standard,2024-07-23
A002492,K0371,I00623,support_tier,dedicated,2024-07-23
A002493,K0054,I00624,sku_quoted,P005,2024-04-09
A002494,K0054,I00624,commissioning,on-site,2024-04-09
A002495,K0054,I00624,service_plan,standard,2024-04-09
A002496,K0054,I00624,support_tier,pooled,2024-04-09
A002497,K0406,I00625,sku_quoted,P015,2024-05-05
A002498,K0406,I00625,commissioning,on-site,2024-05-05
A002499,K0406,I00625,service_plan,none,2024-05-05
A002500,K0406,I00625,support_tier,pooled,2024-05-05
A002501,K0020,I00626,sku_quoted,P003,2024-11-20
A002502,K0020,I00626,commissioning,self,2024-11-20
A002503,K0020,I00626,service_plan,premium,2024-11-20
A002504,K0020,I00626,support_tier,pooled,2024-11-20
A002505,K0053,I00627,sku_quoted,P034,2024-03-05
A002506,K0053,I00627,commissioning,self,2024-03-05
A002507,K0053,I00627,service_plan,standard,2024-03-05
A002508,K0053,I00627,support_tier,dedicated,2024-03-05
A002509,K0018,I00628,sku_quoted,P025,2025-04-15
A002510,K0018,I00628,commissioning,on-site,2025-04-15
A002511,K0018,I00628,service_plan,none,2025-04-15
A002512,K0018,I00628,support_tier,dedicated,2025-04-15
A002513,K0483,I00629,sku_quoted,P024,2024-11-15
A002514,K0483,I00629,commissioning,guided,2024-11-15
A002515,K0483,I00629,service_plan,standard,2024-11-15
A002516,K0483,I00629,support_tier,dedicated,2024-11-15
A002517,K0325,I00630,sku_quoted,P036,2024-08-26
A002518,K0325,I00630,commissioning,self,2024-08-26
A002519,K0325,I00630,service_plan,standard,2024-08-26
A002520,K0325,I00630,support_tier,pooled,2024-08-26
A002521,K0205,I00631,sku_quoted,P028,2024-04-20
A002522,K0205,I00631,commissioning,self,2024-04-20
A002523,K0205,I00631,service_plan,standard,2024-04-20
A002524,K0205,I00631,support_tier,dedicated,2024-04-20
A002525,K0037,I00632,sku_quoted,P033,2025-06-25
A002526,K0037,I00632,commissioning,self,2025-06-25
A002527,K0037,I00632,service_plan,premium,2025-06-25
A002528,K0037,I00632,support_tier,pooled,2025-06-25
A002529,K0023,I00633,sku_quoted,P011,2025-05-10
A002530,K0023,I00633,commissioning,on-site,2025-05-10
A002531,K0023,I00633,service_plan,premium,2025-05-10
A002532,K0023,I00633,support_tier,dedicated,2025-05-10
A002533,K0261,I00634,sku_quoted,P015,2024-11-30
A002534,K0261,I00634,commissioning,self,2024-11-30
A002535,K0261,I00634,service_plan,none,2024-11-30
A002536,K0261,I00634,support_tier,pooled,2024-11-30
A002537,K0480,I00635,sku_quoted,P009,2025-03-27
A002538,K0480,I00635,commissioning,guided,2025-03-27
A002539,K0480,I00635,service_plan,none,2025-03-27
A002540,K0480,I00635,support_tier,dedicated,2025-03-27
A002541,K0064,I00636,sku_quoted,P022,2024-11-03
A002542,K0064,I00636,commissioning,self,2024-11-03
A002543,K0064,I00636,service_plan,premium,2024-11-03
A002544,K0064,I00636,support_tier,dedicated,2024-11-03
A002545,K0180,I00637,sku_quoted,P036,2025-02-22
A002546,K0180,I00637,commissioning,guided,2025-02-22
A002547,K0180,I00637,service_plan,standard,2025-02-22
A002548,K0180,I00637,support_tier,pooled,2025-02-22
A002549,K0450,I00638,sku_quoted,P004,2024-11-24
A002550,K0450,I00638,commissioning,self,2024-11-24
A002551,K0450,I00638,service_plan,none,2024-11-24
A002552,K0450,I00638,support_tier,dedicated,2024-11-24
A002553,K0094,I00639,sku_quoted,P021,2024-12-08
A002554,K0094,I00639,commissioning,on-site,2024-12-08
A002555,K0094,I00639,service_plan,none,2024-12-08
A002556,K0094,I00639,support_tier,dedicated,2024-12-08
A002557,K0479,I00640,sku_quoted,P037,2025-02-24
A002558,K0479,I00640,commissioning,on-site,2025-02-24
A002559,K0479,I00640,service_plan,none,2025-02-24
A002560,K0479,I00640,support_tier,dedicated,2025-02-24
A002561,K0501,I00641,sku_quoted,P032,2024-03-30
A002562,K0501,I00641,commissioning,on-site,2024-03-30
A002563,K0501,I00641,service_plan,standard,2024-03-30
A002564,K0501,I00641,support_tier,pooled,2024-03-30
A002565,K0515,I00642,sku_quoted,P007,2024-11-02
A002566,K0515,I00642,commissioning,on-site,2024-11-02
A002567,K0515,I00642,service_plan,none,2024-11-02
A002568,K0515,I00642,support_tier,pooled,2024-11-02
A002569,K0509,I00643,sku_quoted,P012,2024-07-11
A002570,K0509,I00643,commissioning,guided,2024-07-11
A002571,K0509,I00643,service_plan,standard,2024-07-11
A002572,K0509,I00643,support_tier,pooled,2024-07-11
A002573,K0076,I00644,sku_quoted,P016,2024-11-16
A002574,K0076,I00644,commissioning,guided,2024-11-16
A002575,K0076,I00644,service_plan,none,2024-11-16
A002576,K0076,I00644,support_tier,dedicated,2024-11-16
A002577,K0056,I00645,sku_quoted,P007,2025-04-19
A002578,K0056,I00645,commissioning,self,2025-04-19
A002579,K0056,I00645,service_plan,standard,2025-04-19
A002580,K0056,I00645,support_tier,dedicated,2025-04-19
A002581,K0327,I00646,sku_quoted,P003,2025-01-08
A002582,K0327,I00646,commissioning,guided,2025-01-08
A002583,K0327,I00646,service_plan,standard,2025-01-08
A002584,K0327,I00646,support_tier,pooled,2025-01-08
A002585,K0108,I00647,sku_quoted,P003,2024-07-25
A002586,K0108,I00647,commissioning,on-site,2024-07-25
A002587,K0108,I00647,service_plan,premium,2024-07-25
A002588,K0108,I00647,support_tier,pooled,2024-07-25
A002589,K0253,I00648,sku_quoted,P025,2025-05-02
A002590,K0253,I00648,commissioning,on-site,2025-05-02
A002591,K0253,I00648,service_plan,none,2025-05-02
A002592,K0253,I00648,support_tier,dedicated,2025-05-02
A002593,K0408,I00649,sku_quoted,P033,2025-05-01
A002594,K0408,I00649,commissioning,self,2025-05-01
A002595,K0408,I00649,service_plan,none,2025-05-01
A002596,K0408,I00649,support_tier,dedicated,2025-05-01
A002597,K0246,I00650,sku_quoted,P021,2024-09-15
A002598,K0246,I00650,commissioning,guided,2024-09-15
A002599,K0246,I00650,service_plan,premium,2024-09-15
A002600,K0246,I00650,support_tier,dedicated,2024-09-15
A002601,K0034,I00651,sku_quoted,P015,2024-12-18
A002602,K0034,I00651,commissioning,on-site,2024-12-18
A002603,K0034,I00651,service_plan,none,2024-12-18
A002604,K0034,I00651,support_tier,pooled,2024-12-18
A002605,K0410,I00652,sku_quoted,P025,2025-01-06
A002606,K0410,I00652,commissioning,self,2025-01-06
A002607,K0410,I00652,service_plan,standard,2025-01-06
A002608,K0410,I00652,support_tier,dedicated,2025-01-06
A002609,K0389,I00653,sku_quoted,P021,2024-03-13
A002610,K0389,I00653,commissioning,guided,2024-03-13
A002611,K0389,I00653,service_plan,premium,2024-03-13
A002612,K0389,I00653,support_tier,dedicated,2024-03-13
A002613,K0214,I00654,sku_quoted,P027,2024-09-11
A002614,K0214,I00654,commissioning,self,2024-09-11
A002615,K0214,I00654,service_plan,standard,2024-09-11
A002616,K0214,I00654,support_tier,dedicated,2024-09-11
A002617,K0100,I00655,sku_quoted,P033,2025-03-18
A002618,K0100,I00655,commissioning,self,2025-03-18
A002619,K0100,I00655,service_plan,standard,2025-03-18
A002620,K0100,I00655,support_tier,pooled,2025-03-18
A002621,K0470,I00656,sku_quoted,P004,2024-12-03
A002622,K0470,I00656,commissioning,on-site,2024-12-03
A002623,K0470,I00656,service_plan,none,2024-12-03
A002624,K0470,I00656,support_tier,dedicated,2024-12-03
A002625,K0333,I00657,sku_quoted,P030,2024-07-08
A002626,K0333,I00657,commissioning,on-site,2024-07-08
A002627,K0333,I00657,service_plan,standard,2024-07-08
A002628,K0333,I00657,support_tier,pooled,2024-07-08
A002629,K0043,I00658,sku_quoted,P001,2024-06-16
A002630,K0043,I00658,commissioning,self,2024-06-16
A002631,K0043,I00658,service_plan,standard,2024-06-16
A002632,K0043,I00658,support_tier,pooled,2024-06-16
A002633,K0441,I00659,sku_quoted,P036,2025-04-21
A002634,K0441,I00659,commissioning,guided,2025-04-21
A002635,K0441,I00659,service_plan,standard,2025-04-21
A002636,K0441,I00659,support_tier,dedicated,2025-04-21
A002637,K0366,I00660,sku_quoted,P023,2025-02-06
A002638,K0366,I00660,commissioning,self,2025-02-06
A002639,K0366,I00660,service_plan,standard,2025-02-06
A002640,K0366,I00660,support_tier,pooled,2025-02-06
A002641,K0024,I00661,sku_quoted,P024,2024-10-11
A002642,K0024,I00661,commissioning,guided,2024-10-11
A002643,K0024,I00661,service_plan,premium,2024-10-11
A002644,K0024,I00661,support_tier,pooled,2024-10-11
A002645,K0387,I00662,sku_quoted,P040,2024-07-14
A002646,K0387,I00662,commissioning,self,2024-07-14
A002647,K0387,I00662,service_plan,standard,2024-07-14
A002648,K0387,I00662,support_tier,dedicated,2024-07-14
A002649,K0407,I00663,sku_quoted,P042,2024-05-06
A002650,K0407,I00663,commissioning,self,2024-05-06
A002651,K0407,I00663,service_plan,premium,2024-05-06
A002652,K0407,I00663,support_tier,dedicated,2024-05-06
A002653,K0407,I00664,sku_quoted,P029,2024-07-30
A002654,K0407,I00664,commissioning,self,2024-07-30
A002655,K0407,I00664,service_plan,premium,2024-07-30
A002656,K0407,I00664,support_tier,dedicated,2024-07-30
A002657,K0318,I00665,sku_quoted,P034,2025-03-23
A002658,K0318,I00665,commissioning,on-site,2025-03-23
A002659,K0318,I00665,service_plan,none,2025-03-23
A002660,K0318,I00665,support_tier,pooled,2025-03-23
A002661,K0514,I00666,sku_quoted,P009,2025-08-19
A002662,K0514,I00666,commissioning,self,2025-08-19
A002663,K0514,I00666,service_plan,premium,2025-08-19
A002664,K0514,I00666,support_tier,dedicated,2025-08-19
A002665,K0221,I00667,sku_quoted,P042,2025-01-01
A002666,K0221,I00667,commissioning,on-site,2025-01-01
A002667,K0221,I00667,service_plan,standard,2025-01-01
A002668,K0221,I00667,support_tier,pooled,2025-01-01
A002669,K0229,I00668,sku_quoted,P036,2025-03-05
A002670,K0229,I00668,commissioning,self,2025-03-05
A002671,K0229,I00668,service_plan,standard,2025-03-05
A002672,K0229,I00668,support_tier,pooled,2025-03-05
A002673,K0048,I00669,sku_quoted,P002,2024-06-08
A002674,K0048,I00669,commissioning,on-site,2024-06-08
A002675,K0048,I00669,service_plan,standard,2024-06-08
A002676,K0048,I00669,support_tier,pooled,2024-06-08
A002677,K0425,I00670,sku_quoted,P008,2024-03-31
A002678,K0425,I00670,commissioning,self,2024-03-31
A002679,K0425,I00670,service_plan,premium,2024-03-31
A002680,K0425,I00670,support_tier,pooled,2024-03-31
A002681,K0043,I00671,sku_quoted,P010,2025-02-04
A002682,K0043,I00671,commissioning,self,2025-02-04
A002683,K0043,I00671,service_plan,standard,2025-02-04
A002684,K0043,I00671,support_tier,pooled,2025-02-04
A002685,K0431,I00672,sku_quoted,P001,2025-07-04
A002686,K0431,I00672,commissioning,guided,2025-07-04
A002687,K0431,I00672,service_plan,standard,2025-07-04
A002688,K0431,I00672,support_tier,pooled,2025-07-04
A002689,K0181,I00673,sku_quoted,P036,2024-06-19
A002690,K0181,I00673,commissioning,self,2024-06-19
A002691,K0181,I00673,service_plan,none,2024-06-19
A002692,K0181,I00673,support_tier,pooled,2024-06-19
A002693,K0034,I00674,sku_quoted,P012,2024-05-21
A002694,K0034,I00674,commissioning,self,2024-05-21
A002695,K0034,I00674,service_plan,standard,2024-05-21
A002696,K0034,I00674,support_tier,pooled,2024-05-21
A002697,K0205,I00675,sku_quoted,P019,2024-10-04
A002698,K0205,I00675,commissioning,on-site,2024-10-04
A002699,K0205,I00675,service_plan,premium,2024-10-04
A002700,K0205,I00675,support_tier,pooled,2024-10-04
A002701,K0038,I00676,sku_quoted,P018,2024-09-07
A002702,K0038,I00676,commissioning,guided,2024-09-07
A002703,K0038,I00676,service_plan,standard,2024-09-07
A002704,K0038,I00676,support_tier,pooled,2024-09-07
A002705,K0043,I00677,sku_quoted,P021,2025-07-20
A002706,K0043,I00677,commissioning,guided,2025-07-20
A002707,K0043,I00677,service_plan,standard,2025-07-20
A002708,K0043,I00677,support_tier,dedicated,2025-07-20
A002709,K0186,I00678,sku_quoted,P007,2025-02-01
A002710,K0186,I00678,commissioning,guided,2025-02-01
A002711,K0186,I00678,service_plan,standard,2025-02-01
A002712,K0186,I00678,support_tier,dedicated,2025-02-01
A002713,K0405,I00679,sku_quoted,P013,2024-09-01
A002714,K0405,I00679,commissioning,self,2024-09-01
A002715,K0405,I00679,service_plan,standard,2024-09-01
A002716,K0405,I00679,support_tier,dedicated,2024-09-01
A002717,K0360,I00680,sku_quoted,P030,2024-07-17
A002718,K0360,I00680,commissioning,self,2024-07-17
A002719,K0360,I00680,service_plan,standard,2024-07-17
A002720,K0360,I00680,support_tier,pooled,2024-07-17
A002721,K0035,I00681,sku_quoted,P003,2024-06-13
A002722,K0035,I00681,commissioning,guided,2024-06-13
A002723,K0035,I00681,service_plan,standard,2024-06-13
A002724,K0035,I00681,support_tier,dedicated,2024-06-13
A002725,K0112,I00682,sku_quoted,P032,2025-01-24
A002726,K0112,I00682,commissioning,guided,2025-01-24
A002727,K0112,I00682,service_plan,none,2025-01-24
A002728,K0112,I00682,support_tier,pooled,2025-01-24
A002729,K0012,I00683,sku_quoted,P012,2025-01-17
A002730,K0012,I00683,commissioning,guided,2025-01-17
A002731,K0012,I00683,service_plan,none,2025-01-17
A002732,K0012,I00683,support_tier,dedicated,2025-01-17
A002733,K0477,I00684,sku_quoted,P001,2024-08-20
A002734,K0477,I00684,commissioning,on-site,2024-08-20
A002735,K0477,I00684,service_plan,standard,2024-08-20
A002736,K0477,I00684,support_tier,pooled,2024-08-20
A002737,K0152,I00685,sku_quoted,P013,2024-11-14
A002738,K0152,I00685,commissioning,on-site,2024-11-14
A002739,K0152,I00685,service_plan,premium,2024-11-14
A002740,K0152,I00685,support_tier,dedicated,2024-11-14
A002741,K0200,I00686,sku_quoted,P004,2025-01-25
A002742,K0200,I00686,commissioning,guided,2025-01-25
A002743,K0200,I00686,service_plan,premium,2025-01-25
A002744,K0200,I00686,support_tier,pooled,2025-01-25
A002745,K0360,I00687,sku_quoted,P041,2024-10-31
A002746,K0360,I00687,commissioning,self,2024-10-31
A002747,K0360,I00687,service_plan,none,2024-10-31
A002748,K0360,I00687,support_tier,pooled,2024-10-31
A002749,K0407,I00688,sku_quoted,P006,2024-07-28
A002750,K0407,I00688,commissioning,self,2024-07-28
A002751,K0407,I00688,service_plan,none,2024-07-28
A002752,K0407,I00688,support_tier,pooled,2024-07-28
A002753,K0274,I00689,sku_quoted,P001,2025-06-01
A002754,K0274,I00689,commissioning,guided,2025-06-01
A002755,K0274,I00689,service_plan,standard,2025-06-01
A002756,K0274,I00689,support_tier,dedicated,2025-06-01
A002757,K0439,I00690,sku_quoted,P039,2025-02-20
A002758,K0439,I00690,commissioning,on-site,2025-02-20
A002759,K0439,I00690,service_plan,none,2025-02-20
A002760,K0439,I00690,support_tier,dedicated,2025-02-20
A002761,K0100,I00691,sku_quoted,P005,2024-09-10
A002762,K0100,I00691,commissioning,on-site,2024-09-10
A002763,K0100,I00691,service_plan,none,2024-09-10
A002764,K0100,I00691,support_tier,pooled,2024-09-10
A002765,K0062,I00692,sku_quoted,P010,2024-12-20
A002766,K0062,I00692,commissioning,on-site,2024-12-20
A002767,K0062,I00692,service_plan,standard,2024-12-20
A002768,K0062,I00692,support_tier,pooled,2024-12-20
A002769,K0265,I00693,sku_quoted,P031,2025-07-08
A002770,K0265,I00693,commissioning,self,2025-07-08
A002771,K0265,I00693,service_plan,standard,2025-07-08
A002772,K0265,I00693,support_tier,dedicated,2025-07-08
A002773,K0064,I00694,sku_quoted,P037,2024-11-03
A002774,K0064,I00694,commissioning,self,2024-11-03
A002775,K0064,I00694,service_plan,none,2024-11-03
A002776,K0064,I00694,support_tier,pooled,2024-11-03
A002777,K0390,I00695,sku_quoted,P028,2024-05-31
A002778,K0390,I00695,commissioning,self,2024-05-31
A002779,K0390,I00695,service_plan,standard,2024-05-31
A002780,K0390,I00695,support_tier,dedicated,2024-05-31
A002781,K0098,I00696,sku_quoted,P026,2025-03-12
A002782,K0098,I00696,commissioning,self,2025-03-12
A002783,K0098,I00696,service_plan,premium,2025-03-12
A002784,K0098,I00696,support_tier,pooled,2025-03-12
A002785,K0352,I00697,sku_quoted,P009,2024-04-09
A002786,K0352,I00697,commissioning,self,2024-04-09
A002787,K0352,I00697,service_plan,standard,2024-04-09
A002788,K0352,I00697,support_tier,pooled,2024-04-09
A002789,K0393,I00698,sku_quoted,P006,2025-04-20
A002790,K0393,I00698,commissioning,on-site,2025-04-20
A002791,K0393,I00698,service_plan,none,2025-04-20
A002792,K0393,I00698,support_tier,pooled,2025-04-20
A002793,K0076,I00699,sku_quoted,P003,2025-05-08
A002794,K0076,I00699,commissioning,guided,2025-05-08
A002795,K0076,I00699,service_plan,none,2025-05-08
A002796,K0076,I00699,support_tier,dedicated,2025-05-08
A002797,K0485,I00700,sku_quoted,P001,2025-08-16
A002798,K0485,I00700,commissioning,on-site,2025-08-16
A002799,K0485,I00700,service_plan,premium,2025-08-16
A002800,K0485,I00700,support_tier,pooled,2025-08-16
A002801,K0087,I00701,sku_quoted,P040,2025-05-04
A002802,K0087,I00701,commissioning,on-site,2025-05-04
A002803,K0087,I00701,service_plan,premium,2025-05-04
A002804,K0087,I00701,support_tier,pooled,2025-05-04
A002805,K0493,I00702,sku_quoted,P030,2024-11-18
A002806,K0493,I00702,commissioning,on-site,2024-11-18
A002807,K0493,I00702,service_plan,standard,2024-11-18
A002808,K0493,I00702,support_tier,dedicated,2024-11-18
A002809,K0426,I00703,sku_quoted,P025,2024-09-06
A002810,K0426,I00703,commissioning,on-site,2024-09-06
A002811,K0426,I00703,service_plan,premium,2024-09-06
A002812,K0426,I00703,support_tier,pooled,2024-09-06
A002813,K0186,I00704,sku_quoted,P018,2025-01-26
A002814,K0186,I00704,commissioning,self,2025-01-26
A002815,K0186,I00704,service_plan,none,2025-01-26
A002816,K0186,I00704,support_tier,pooled,2025-01-26
A002817,K0360,I00705,sku_quoted,P029,2024-11-28
A002818,K0360,I00705,commissioning,on-site,2024-11-28
A002819,K0360,I00705,service_plan,standard,2024-11-28
A002820,K0360,I00705,support_tier,pooled,2024-11-28
A002821,K0105,I00706,sku_quoted,P024,2025-09-08
A002822,K0105,I00706,commissioning,guided,2025-09-08
A002823,K0105,I00706,service_plan,premium,2025-09-08
A002824,K0105,I00706,support_tier,pooled,2025-09-08
A002825,K0366,I00707,sku_quoted,P040,2025-07-07
A002826,K0366,I00707,commissioning,self,2025-07-07
A002827,K0366,I00707,service_plan,none,2025-07-07
A002828,K0366,I00707,support_tier,dedicated,2025-07-07
A002829,K0084,I00708,sku_quoted,P027,2025-05-10
A002830,K0084,I00708,commissioning,self,2025-05-10
A002831,K0084,I00708,service_plan,standard,2025-05-10
A002832,K0084,I00708,support_tier,dedicated,2025-05-10
A002833,K0449,I00709,sku_quoted,P004,2025-04-11
A002834,K0449,I00709,commissioning,on-site,2025-04-11
A002835,K0449,I00709,service_plan,none,2025-04-11
A002836,K0449,I00709,support_tier,pooled,2025-04-11
A002837,K0314,I00710,sku_quoted,P035,2024-03-16
A002838,K0314,I00710,commissioning,self,2024-03-16
A002839,K0314,I00710,service_plan,standard,2024-03-16
A002840,K0314,I00710,support_tier,dedicated,2024-03-16
A002841,K0247,I00711,sku_quoted,P013,2024-09-26
A002842,K0247,I00711,commissioning,guided,2024-09-26
A002843,K0247,I00711,service_plan,premium,2024-09-26
A002844,K0247,I00711,support_tier,dedicated,2024-09-26
A002845,K0076,I00712,sku_quoted,P030,2024-09-29
A002846,K0076,I00712,commissioning,on-site,2024-09-29
A002847,K0076,I00712,service_plan,standard,2024-09-29
A002848,K0076,I00712,support_tier,pooled,2024-09-29
A002849,K0357,I00713,sku_quoted,P038,2024-10-21
A002850,K0357,I00713,commissioning,on-site,2024-10-21
A002851,K0357,I00713,service_plan,standard,2024-10-21
A002852,K0357,I00713,support_tier,pooled,2024-10-21
A002853,K0429,I00714,sku_quoted,P039,2025-01-04
A002854,K0429,I00714,commissioning,on-site,2025-01-04
A002855,K0429,I00714,service_plan,premium,2025-01-04
A002856,K0429,I00714,support_tier,dedicated,2025-01-04
A002857,K0157,I00715,sku_quoted,P022,2025-03-23
A002858,K0157,I00715,commissioning,guided,2025-03-23
A002859,K0157,I00715,service_plan,standard,2025-03-23
A002860,K0157,I00715,support_tier,pooled,2025-03-23
A002861,K0496,I00716,sku_quoted,P004,2025-03-10
A002862,K0496,I00716,commissioning,self,2025-03-10
A002863,K0496,I00716,service_plan,standard,2025-03-10
A002864,K0496,I00716,support_tier,dedicated,2025-03-10
A002865,K0263,I00717,sku_quoted,P003,2024-03-15
A002866,K0263,I00717,commissioning,self,2024-03-15
A002867,K0263,I00717,service_plan,premium,2024-03-15
A002868,K0263,I00717,support_tier,pooled,2024-03-15
A002869,K0508,I00718,sku_quoted,P009,2025-08-19
A002870,K0508,I00718,commissioning,on-site,2025-08-19
A002871,K0508,I00718,service_plan,standard,2025-08-19
A002872,K0508,I00718,support_tier,pooled,2025-08-19
A002873,K0474,I00719,sku_quoted,P032,2025-05-11
A002874,K0474,I00719,commissioning,on-site,2025-05-11
A002875,K0474,I00719,service_plan,premium,2025-05-11
A002876,K0474,I00719,support_tier,dedicated,2025-05-11
A002877,K0487,I00720,sku_quoted,P041,2024-08-16
A002878,K0487,I00720,commissioning,on-site,2024-08-16
A002879,K0487,I00720,service_plan,premium,2024-08-16
A002880,K0487,I00720,support_tier,dedicated,2024-08-16
A002881,K0498,I00721,sku_quoted,P035,2024-09-25
A002882,K0498,I00721,commissioning,guided,2024-09-25
A002883,K0498,I00721,service_plan,premium,2024-09-25
A002884,K0498,I00721,support_tier,dedicated,2024-09-25
A002885,K0486,I00722,sku_quoted,P008,2024-06-05
A002886,K0486,I00722,commissioning,self,2024-06-05
A002887,K0486,I00722,service_plan,standard,2024-06-05
A002888,K0486,I00722,support_tier,pooled,2024-06-05
A002889,K0423,I00723,sku_quoted,P022,2024-03-09
A002890,K0423,I00723,commissioning,self,2024-03-09
A002891,K0423,I00723,service_plan,standard,2024-03-09
A002892,K0423,I00723,support_tier,dedicated,2024-03-09
A002893,K0203,I00724,sku_quoted,P016,2024-12-11
A002894,K0203,I00724,commissioning,on-site,2024-12-11
A002895,K0203,I00724,service_plan,none,2024-12-11
A002896,K0203,I00724,support_tier,dedicated,2024-12-11
A002897,K0314,I00725,sku_quoted,P022,2025-05-05
A002898,K0314,I00725,commissioning,self,2025-05-05
A002899,K0314,I00725,service_plan,standard,2025-05-05
A002900,K0314,I00725,support_tier,pooled,2025-05-05
A002901,K0080,I00726,sku_quoted,P032,2024-03-18
A002902,K0080,I00726,commissioning,on-site,2024-03-18
A002903,K0080,I00726,service_plan,none,2024-03-18
A002904,K0080,I00726,support_tier,pooled,2024-03-18
A002905,K0393,I00727,sku_quoted,P033,2024-12-18
A002906,K0393,I00727,commissioning,on-site,2024-12-18
A002907,K0393,I00727,service_plan,premium,2024-12-18
A002908,K0393,I00727,support_tier,dedicated,2024-12-18
A002909,K0502,I00728,sku_quoted,P003,2025-01-29
A002910,K0502,I00728,commissioning,on-site,2025-01-29
A002911,K0502,I00728,service_plan,none,2025-01-29
A002912,K0502,I00728,support_tier,pooled,2025-01-29
A002913,K0515,I00729,sku_quoted,P007,2024-10-30
A002914,K0515,I00729,commissioning,guided,2024-10-30
A002915,K0515,I00729,service_plan,none,2024-10-30
A002916,K0515,I00729,support_tier,dedicated,2024-10-30
A002917,K0268,I00730,sku_quoted,P021,2024-12-17
A002918,K0268,I00730,commissioning,self,2024-12-17
A002919,K0268,I00730,service_plan,standard,2024-12-17
A002920,K0268,I00730,support_tier,dedicated,2024-12-17
A002921,K0220,I00731,sku_quoted,P015,2024-05-30
A002922,K0220,I00731,commissioning,guided,2024-05-30
A002923,K0220,I00731,service_plan,premium,2024-05-30
A002924,K0220,I00731,support_tier,pooled,2024-05-30
A002925,K0221,I00732,sku_quoted,P009,2024-12-03
A002926,K0221,I00732,commissioning,guided,2024-12-03
A002927,K0221,I00732,service_plan,none,2024-12-03
A002928,K0221,I00732,support_tier,pooled,2024-12-03
A002929,K0360,I00733,sku_quoted,P006,2024-06-12
A002930,K0360,I00733,commissioning,on-site,2024-06-12
A002931,K0360,I00733,service_plan,standard,2024-06-12
A002932,K0360,I00733,support_tier,pooled,2024-06-12
A002933,K0061,I00734,sku_quoted,P021,2025-07-09
A002934,K0061,I00734,commissioning,guided,2025-07-09
A002935,K0061,I00734,service_plan,none,2025-07-09
A002936,K0061,I00734,support_tier,dedicated,2025-07-09
A002937,K0517,I00735,sku_quoted,P014,2024-06-14
A002938,K0517,I00735,commissioning,on-site,2024-06-14
A002939,K0517,I00735,service_plan,none,2024-06-14
A002940,K0517,I00735,support_tier,dedicated,2024-06-14
A002941,K0432,I00736,sku_quoted,P016,2025-01-18
A002942,K0432,I00736,commissioning,self,2025-01-18
A002943,K0432,I00736,service_plan,premium,2025-01-18
A002944,K0432,I00736,support_tier,dedicated,2025-01-18
A002945,K0327,I00737,sku_quoted,P026,2025-02-25
A002946,K0327,I00737,commissioning,self,2025-02-25
A002947,K0327,I00737,service_plan,standard,2025-02-25
A002948,K0327,I00737,support_tier,pooled,2025-02-25
A002949,K0463,I00738,sku_quoted,P007,2024-04-18
A002950,K0463,I00738,commissioning,guided,2024-04-18
A002951,K0463,I00738,service_plan,premium,2024-04-18
A002952,K0463,I00738,support_tier,pooled,2024-04-18
A002953,K0286,I00739,sku_quoted,P039,2025-01-07
A002954,K0286,I00739,commissioning,self,2025-01-07
A002955,K0286,I00739,service_plan,standard,2025-01-07
A002956,K0286,I00739,support_tier,dedicated,2025-01-07
A002957,K0255,I00740,sku_quoted,P012,2025-08-14
A002958,K0255,I00740,commissioning,self,2025-08-14
A002959,K0255,I00740,service_plan,standard,2025-08-14
A002960,K0255,I00740,support_tier,pooled,2025-08-14
A002961,K0517,I00741,sku_quoted,P025,2025-06-23
A002962,K0517,I00741,commissioning,on-site,2025-06-23
A002963,K0517,I00741,service_plan,standard,2025-06-23
A002964,K0517,I00741,support_tier,pooled,2025-06-23
A002965,K0503,I00742,sku_quoted,P017,2024-12-22
A002966,K0503,I00742,commissioning,on-site,2024-12-22
A002967,K0503,I00742,service_plan,premium,2024-12-22
A002968,K0503,I00742,support_tier,dedicated,2024-12-22
A002969,K0423,I00743,sku_quoted,P009,2024-08-11
A002970,K0423,I00743,commissioning,guided,2024-08-11
A002971,K0423,I00743,service_plan,standard,2024-08-11
A002972,K0423,I00743,support_tier,dedicated,2024-08-11
A002973,K0043,I00744,sku_quoted,P008,2024-12-25
A002974,K0043,I00744,commissioning,guided,2024-12-25
A002975,K0043,I00744,service_plan,standard,2024-12-25
A002976,K0043,I00744,support_tier,pooled,2024-12-25
A002977,K0439,I00745,sku_quoted,P016,2024-10-05
A002978,K0439,I00745,commissioning,self,2024-10-05
A002979,K0439,I00745,service_plan,standard,2024-10-05
A002980,K0439,I00745,support_tier,pooled,2024-10-05
A002981,K0373,I00746,sku_quoted,P001,2024-04-05
A002982,K0373,I00746,commissioning,self,2024-04-05
A002983,K0373,I00746,service_plan,none,2024-04-05
A002984,K0373,I00746,support_tier,dedicated,2024-04-05
A002985,K0459,I00747,sku_quoted,P029,2024-05-07
A002986,K0459,I00747,commissioning,self,2024-05-07
A002987,K0459,I00747,service_plan,none,2024-05-07
A002988,K0459,I00747,support_tier,pooled,2024-05-07
A002989,K0112,I00748,sku_quoted,P025,2025-03-18
A002990,K0112,I00748,commissioning,guided,2025-03-18
A002991,K0112,I00748,service_plan,none,2025-03-18
A002992,K0112,I00748,support_tier,dedicated,2025-03-18
A002993,K0490,I00749,sku_quoted,P024,2024-05-05
A002994,K0490,I00749,commissioning,guided,2024-05-05
A002995,K0490,I00749,service_plan,premium,2024-05-05
A002996,K0490,I00749,support_tier,pooled,2024-05-05
A002997,K0047,I00750,sku_quoted,P029,2025-07-31
A002998,K0047,I00750,commissioning,on-site,2025-07-31
A002999,K0047,I00750,service_plan,premium,2025-07-31
A003000,K0047,I00750,support_tier,pooled,2025-07-31
A003001,K0136,I00751,sku_quoted,P018,2024-07-24
A003002,K0136,I00751,commissioning,self,2024-07-24
A003003,K0136,I00751,service_plan,standard,2024-07-24
A003004,K0136,I00751,support_tier,pooled,2024-07-24
A003005,K0330,I00752,sku_quoted,P010,2025-06-17
A003006,K0330,I00752,commissioning,on-site,2025-06-17
A003007,K0330,I00752,service_plan,standard,2025-06-17
A003008,K0330,I00752,support_tier,dedicated,2025-06-17
A003009,K0021,I00753,sku_quoted,P020,2025-03-14
A003010,K0021,I00753,commissioning,self,2025-03-14
A003011,K0021,I00753,service_plan,standard,2025-03-14
A003012,K0021,I00753,support_tier,dedicated,2025-03-14
A003013,K0517,I00754,sku_quoted,P026,2025-01-23
A003014,K0517,I00754,commissioning,self,2025-01-23
A003015,K0517,I00754,service_plan,standard,2025-01-23
A003016,K0517,I00754,support_tier,pooled,2025-01-23
A003017,K0438,I00755,sku_quoted,P023,2024-02-26
A003018,K0438,I00755,commissioning,self,2024-02-26
A003019,K0438,I00755,service_plan,none,2024-02-26
A003020,K0438,I00755,support_tier,dedicated,2024-02-26
A003021,K0089,I00756,sku_quoted,P014,2024-08-04
A003022,K0089,I00756,commissioning,on-site,2024-08-04
A003023,K0089,I00756,service_plan,standard,2024-08-04
A003024,K0089,I00756,support_tier,dedicated,2024-08-04
A003025,K0032,I00757,sku_quoted,P015,2024-11-21
A003026,K0032,I00757,commissioning,guided,2024-11-21
A003027,K0032,I00757,service_plan,premium,2024-11-21
A003028,K0032,I00757,support_tier,dedicated,2024-11-21
A003029,K0078,I00758,sku_quoted,P003,2025-08-16
A003030,K0078,I00758,commissioning,self,2025-08-16
A003031,K0078,I00758,service_plan,standard,2025-08-16
A003032,K0078,I00758,support_tier,pooled,2025-08-16
A003033,K0136,I00759,sku_quoted,P038,2024-09-13
A003034,K0136,I00759,commissioning,guided,2024-09-13
A003035,K0136,I00759,service_plan,standard,2024-09-13
A003036,K0136,I00759,support_tier,dedicated,2024-09-13
A003037,K0050,I00760,sku_quoted,P042,2025-07-28
A003038,K0050,I00760,commissioning,guided,2025-07-28
A003039,K0050,I00760,service_plan,standard,2025-07-28
A003040,K0050,I00760,support_tier,pooled,2025-07-28
A003041,K0253,I00761,sku_quoted,P040,2025-06-11
A003042,K0253,I00761,commissioning,self,2025-06-11
A003043,K0253,I00761,service_plan,standard,2025-06-11
A003044,K0253,I00761,support_tier,dedicated,2025-06-11
A003045,K0342,I00762,sku_quoted,P014,2025-04-16
A003046,K0342,I00762,commissioning,guided,2025-04-16
A003047,K0342,I00762,service_plan,premium,2025-04-16
A003048,K0342,I00762,support_tier,dedicated,2025-04-16
A003049,K0419,I00763,sku_quoted,P011,2024-11-25
A003050,K0419,I00763,commissioning,guided,2024-11-25
A003051,K0419,I00763,service_plan,premium,2024-11-25
A003052,K0419,I00763,support_tier,pooled,2024-11-25
A003053,K0451,I00764,sku_quoted,P004,2024-04-02
A003054,K0451,I00764,commissioning,on-site,2024-04-02
A003055,K0451,I00764,service_plan,premium,2024-04-02
A003056,K0451,I00764,support_tier,dedicated,2024-04-02
A003057,K0050,I00765,sku_quoted,P006,2025-02-13
A003058,K0050,I00765,commissioning,on-site,2025-02-13
A003059,K0050,I00765,service_plan,none,2025-02-13
A003060,K0050,I00765,support_tier,pooled,2025-02-13
A003061,K0318,I00766,sku_quoted,P019,2024-02-28
A003062,K0318,I00766,commissioning,guided,2024-02-28
A003063,K0318,I00766,service_plan,standard,2024-02-28
A003064,K0318,I00766,support_tier,pooled,2024-02-28
A003065,K0432,I00767,sku_quoted,P015,2024-10-16
A003066,K0432,I00767,commissioning,on-site,2024-10-16
A003067,K0432,I00767,service_plan,none,2024-10-16
A003068,K0432,I00767,support_tier,pooled,2024-10-16
A003069,K0417,I00768,sku_quoted,P026,2024-06-10
A003070,K0417,I00768,commissioning,on-site,2024-06-10
A003071,K0417,I00768,service_plan,standard,2024-06-10
A003072,K0417,I00768,support_tier,pooled,2024-06-10
A003073,K0184,I00769,sku_quoted,P006,2025-01-05
A003074,K0184,I00769,commissioning,self,2025-01-05
A003075,K0184,I00769,service_plan,none,2025-01-05
A003076,K0184,I00769,support_tier,dedicated,2025-01-05
A003077,K0074,I00770,sku_quoted,P009,2024-03-18
A003078,K0074,I00770,commissioning,self,2024-03-18
A003079,K0074,I00770,service_plan,none,2024-03-18
A003080,K0074,I00770,support_tier,dedicated,2024-03-18
A003081,K0482,I00771,sku_quoted,P003,2024-08-29
A003082,K0482,I00771,commissioning,on-site,2024-08-29
A003083,K0482,I00771,service_plan,none,2024-08-29
A003084,K0482,I00771,support_tier,dedicated,2024-08-29
A003085,K0447,I00772,sku_quoted,P025,2025-06-11
A003086,K0447,I00772,commissioning,on-site,2025-06-11
A003087,K0447,I00772,service_plan,premium,2025-06-11
A003088,K0447,I00772,support_tier,pooled,2025-06-11
A003089,K0464,I00773,sku_quoted,P031,2024-07-27
A003090,K0464,I00773,commissioning,guided,2024-07-27
A003091,K0464,I00773,service_plan,standard,2024-07-27
A003092,K0464,I00773,support_tier,pooled,2024-07-27
A003093,K0005,I00774,sku_quoted,P006,2024-07-17
A003094,K0005,I00774,commissioning,on-site,2024-07-17
A003095,K0005,I00774,service_plan,standard,2024-07-17
A003096,K0005,I00774,support_tier,pooled,2024-07-17
A003097,K0085,I00775,sku_quoted,P027,2025-03-07
A003098,K0085,I00775,commissioning,guided,2025-03-07
A003099,K0085,I00775,service_plan,none,2025-03-07
A003100,K0085,I00775,support_tier,dedicated,2025-03-07
A003101,K0430,I00776,sku_quoted,P034,2025-01-20
A003102,K0430,I00776,commissioning,on-site,2025-01-20
A003103,K0430,I00776,service_plan,none,2025-01-20
A003104,K0430,I00776,support_tier,dedicated,2025-01-20
A003105,K0449,I00777,sku_quoted,P021,2025-05-24
A003106,K0449,I00777,commissioning,on-site,2025-05-24
A003107,K0449,I00777,service_plan,premium,2025-05-24
A003108,K0449,I00777,support_tier,pooled,2025-05-24
A003109,K0413,I00778,sku_quoted,P041,2024-11-17
A003110,K0413,I00778,commissioning,on-site,2024-11-17
A003111,K0413,I00778,service_plan,standard,2024-11-17
A003112,K0413,I00778,support_tier,pooled,2024-11-17
A003113,K0490,I00779,sku_quoted,P037,2024-09-10
A003114,K0490,I00779,commissioning,self,2024-09-10
A003115,K0490,I00779,service_plan,none,2024-09-10
A003116,K0490,I00779,support_tier,pooled,2024-09-10
A003117,K0431,I00780,sku_quoted,P024,2024-08-29
A003118,K0431,I00780,commissioning,guided,2024-08-29
A003119,K0431,I00780,service_plan,premium,2024-08-29
A003120,K0431,I00780,support_tier,dedicated,2024-08-29
A003121,K0006,I00781,sku_quoted,P015,2025-03-04
A003122,K0006,I00781,commissioning,self,2025-03-04
A003123,K0006,I00781,service_plan,standard,2025-03-04
A003124,K0006,I00781,support_tier,pooled,2025-03-04
A003125,K0250,I00782,sku_quoted,P038,2024-03-23
A003126,K0250,I00782,commissioning,self,2024-03-23
A003127,K0250,I00782,service_plan,premium,2024-03-23
A003128,K0250,I00782,support_tier,dedicated,2024-03-23
A003129,K0299,I00783,sku_quoted,P003,2024-10-25
A003130,K0299,I00783,commissioning,guided,2024-10-25
A003131,K0299,I00783,service_plan,standard,2024-10-25
A003132,K0299,I00783,support_tier,dedicated,2024-10-25
A003133,K0401,I00784,sku_quoted,P013,2024-10-19
A003134,K0401,I00784,commissioning,on-site,2024-10-19
A003135,K0401,I00784,service_plan,none,2024-10-19
A003136,K0401,I00784,support_tier,dedicated,2024-10-19
A003137,K0242,I00785,sku_quoted,P031,2024-09-26
A003138,K0242,I00785,commissioning,guided,2024-09-26
A003139,K0242,I00785,service_plan,none,2024-09-26
A003140,K0242,I00785,support_tier,pooled,2024-09-26
A003141,K0324,I00786,sku_quoted,P041,2024-06-07
A003142,K0324,I00786,commissioning,guided,2024-06-07
A003143,K0324,I00786,service_plan,standard,2024-06-07
A003144,K0324,I00786,support_tier,dedicated,2024-06-07
A003145,K0187,I00787,sku_quoted,P035,2024-12-21
A003146,K0187,I00787,commissioning,guided,2024-12-21
A003147,K0187,I00787,service_plan,standard,2024-12-21
A003148,K0187,I00787,support_tier,dedicated,2024-12-21
A003149,K0379,I00788,sku_quoted,P009,2024-08-27
A003150,K0379,I00788,commissioning,guided,2024-08-27
A003151,K0379,I00788,service_plan,premium,2024-08-27
A003152,K0379,I00788,support_tier,dedicated,2024-08-27
A003153,K0491,I00789,sku_quoted,P026,2025-08-01
A003154,K0491,I00789,commissioning,on-site,2025-08-01
A003155,K0491,I00789,service_plan,standard,2025-08-01
A003156,K0491,I00789,support_tier,pooled,2025-08-01
A003157,K0047,I00790,sku_quoted,P006,2025-04-10
A003158,K0047,I00790,commissioning,on-site,2025-04-10
A003159,K0047,I00790,service_plan,none,2025-04-10
A003160,K0047,I00790,support_tier,pooled,2025-04-10
A003161,K0244,I00791,sku_quoted,P011,2025-04-25
A003162,K0244,I00791,commissioning,on-site,2025-04-25
A003163,K0244,I00791,service_plan,premium,2025-04-25
A003164,K0244,I00791,support_tier,dedicated,2025-04-25
A003165,K0376,I00792,sku_quoted,P022,2025-04-28
A003166,K0376,I00792,commissioning,on-site,2025-04-28
A003167,K0376,I00792,service_plan,premium,2025-04-28
A003168,K0376,I00792,support_tier,pooled,2025-04-28
A003169,K0315,I00793,sku_quoted,P013,2024-11-09
A003170,K0315,I00793,commissioning,on-site,2024-11-09
A003171,K0315,I00793,service_plan,none,2024-11-09
A003172,K0315,I00793,support_tier,dedicated,2024-11-09
A003173,K0271,I00794,sku_quoted,P018,2024-04-20
A003174,K0271,I00794,commissioning,on-site,2024-04-20
A003175,K0271,I00794,service_plan,standard,2024-04-20
A003176,K0271,I00794,support_tier,pooled,2024-04-20
A003177,K0138,I00795,sku_quoted,P008,2024-08-16
A003178,K0138,I00795,commissioning,on-site,2024-08-16
A003179,K0138,I00795,service_plan,premium,2024-08-16
A003180,K0138,I00795,support_tier,pooled,2024-08-16
A003181,K0197,I00796,sku_quoted,P005,2025-03-01
A003182,K0197,I00796,commissioning,on-site,2025-03-01
A003183,K0197,I00796,service_plan,standard,2025-03-01
A003184,K0197,I00796,support_tier,dedicated,2025-03-01
A003185,K0404,I00797,sku_quoted,P019,2024-10-08
A003186,K0404,I00797,commissioning,self,2024-10-08
A003187,K0404,I00797,service_plan,standard,2024-10-08
A003188,K0404,I00797,support_tier,dedicated,2024-10-08
A003189,K0020,I00798,sku_quoted,P022,2025-08-25
A003190,K0020,I00798,commissioning,guided,2025-08-25
A003191,K0020,I00798,service_plan,standard,2025-08-25
A003192,K0020,I00798,support_tier,pooled,2025-08-25
A003193,K0065,I00799,sku_quoted,P024,2024-08-08
A003194,K0065,I00799,commissioning,guided,2024-08-08
A003195,K0065,I00799,service_plan,standard,2024-08-08
A003196,K0065,I00799,support_tier,pooled,2024-08-08
A003197,K0005,I00800,sku_quoted,P008,2025-08-13
A003198,K0005,I00800,commissioning,guided,2025-08-13
A003199,K0005,I00800,service_plan,standard,2025-08-13
A003200,K0005,I00800,support_tier,pooled,2025-08-13
A003201,K0252,I00801,sku_quoted,P007,2024-04-22
A003202,K0252,I00801,commissioning,self,2024-04-22
A003203,K0252,I00801,service_plan,premium,2024-04-22
A003204,K0252,I00801,support_tier,dedicated,2024-04-22
A003205,K0079,I00802,sku_quoted,P017,2025-04-16
A003206,K0079,I00802,commissioning,self,2025-04-16
A003207,K0079,I00802,service_plan,standard,2025-04-16
A003208,K0079,I00802,support_tier,pooled,2025-04-16
A003209,K0452,I00803,sku_quoted,P003,2024-12-14
A003210,K0452,I00803,commissioning,on-site,2024-12-14
A003211,K0452,I00803,service_plan,standard,2024-12-14
A003212,K0452,I00803,support_tier,pooled,2024-12-14
A003213,K0075,I00804,sku_quoted,P036,2024-08-22
A003214,K0075,I00804,commissioning,on-site,2024-08-22
A003215,K0075,I00804,service_plan,standard,2024-08-22
A003216,K0075,I00804,support_tier,dedicated,2024-08-22
A003217,K0507,I00805,sku_quoted,P007,2025-03-27
A003218,K0507,I00805,commissioning,on-site,2025-03-27
A003219,K0507,I00805,service_plan,standard,2025-03-27
A003220,K0507,I00805,support_tier,dedicated,2025-03-27
A003221,K0274,I00806,sku_quoted,P038,2024-05-12
A003222,K0274,I00806,commissioning,on-site,2024-05-12
A003223,K0274,I00806,service_plan,none,2024-05-12
A003224,K0274,I00806,support_tier,pooled,2024-05-12
A003225,K0086,I00807,sku_quoted,P033,2024-06-17
A003226,K0086,I00807,commissioning,on-site,2024-06-17
A003227,K0086,I00807,service_plan,premium,2024-06-17
A003228,K0086,I00807,support_tier,pooled,2024-06-17
A003229,K0067,I00808,sku_quoted,P036,2024-03-11
A003230,K0067,I00808,commissioning,on-site,2024-03-11
A003231,K0067,I00808,service_plan,standard,2024-03-11
A003232,K0067,I00808,support_tier,dedicated,2024-03-11
A003233,K0347,I00809,sku_quoted,P023,2024-05-26
A003234,K0347,I00809,commissioning,self,2024-05-26
A003235,K0347,I00809,service_plan,none,2024-05-26
A003236,K0347,I00809,support_tier,pooled,2024-05-26
A003237,K0186,I00810,sku_quoted,P022,2024-08-04
A003238,K0186,I00810,commissioning,guided,2024-08-04
A003239,K0186,I00810,service_plan,standard,2024-08-04
A003240,K0186,I00810,support_tier,pooled,2024-08-04
A003241,K0507,I00811,sku_quoted,P026,2025-01-04
A003242,K0507,I00811,commissioning,guided,2025-01-04
A003243,K0507,I00811,service_plan,standard,2025-01-04
A003244,K0507,I00811,support_tier,dedicated,2025-01-04
A003245,K0022,I00812,sku_quoted,P029,2024-12-17
A003246,K0022,I00812,commissioning,on-site,2024-12-17
A003247,K0022,I00812,service_plan,standard,2024-12-17
A003248,K0022,I00812,support_tier,pooled,2024-12-17
A003249,K0486,I00813,sku_quoted,P034,2025-05-29
A003250,K0486,I00813,commissioning,guided,2025-05-29
A003251,K0486,I00813,service_plan,none,2025-05-29
A003252,K0486,I00813,support_tier,dedicated,2025-05-29
A003253,K0474,I00814,sku_quoted,P030,2025-01-12
A003254,K0474,I00814,commissioning,on-site,2025-01-12
A003255,K0474,I00814,service_plan,premium,2025-01-12
A003256,K0474,I00814,support_tier,dedicated,2025-01-12
A003257,K0296,I00815,sku_quoted,P006,2024-10-05
A003258,K0296,I00815,commissioning,on-site,2024-10-05
A003259,K0296,I00815,service_plan,standard,2024-10-05
A003260,K0296,I00815,support_tier,dedicated,2024-10-05
A003261,K0224,I00816,sku_quoted,P015,2024-06-07
A003262,K0224,I00816,commissioning,self,2024-06-07
A003263,K0224,I00816,service_plan,standard,2024-06-07
A003264,K0224,I00816,support_tier,pooled,2024-06-07
A003265,K0205,I00817,sku_quoted,P027,2025-02-08
A003266,K0205,I00817,commissioning,guided,2025-02-08
A003267,K0205,I00817,service_plan,premium,2025-02-08
A003268,K0205,I00817,support_tier,dedicated,2025-02-08
A003269,K0128,I00818,sku_quoted,P027,2025-05-04
A003270,K0128,I00818,commissioning,self,2025-05-04
A003271,K0128,I00818,service_plan,standard,2025-05-04
A003272,K0128,I00818,support_tier,pooled,2025-05-04
A003273,K0107,I00819,sku_quoted,P022,2024-05-18
A003274,K0107,I00819,commissioning,on-site,2024-05-18
A003275,K0107,I00819,service_plan,premium,2024-05-18
A003276,K0107,I00819,support_tier,pooled,2024-05-18
A003277,K0478,I00820,sku_quoted,P039,2024-03-04
A003278,K0478,I00820,commissioning,guided,2024-03-04
A003279,K0478,I00820,service_plan,standard,2024-03-04
A003280,K0478,I00820,support_tier,dedicated,2024-03-04
A003281,K0348,I00821,sku_quoted,P021,2025-01-18
A003282,K0348,I00821,commissioning,self,2025-01-18
A003283,K0348,I00821,service_plan,standard,2025-01-18
A003284,K0348,I00821,support_tier,dedicated,2025-01-18
A003285,K0058,I00822,sku_quoted,P001,2025-08-15
A003286,K0058,I00822,commissioning,guided,2025-08-15
A003287,K0058,I00822,service_plan,standard,2025-08-15
A003288,K0058,I00822,support_tier,dedicated,2025-08-15
A003289,K0091,I00823,sku_quoted,P032,2025-01-13
A003290,K0091,I00823,commissioning,self,2025-01-13
A003291,K0091,I00823,service_plan,none,2025-01-13
A003292,K0091,I00823,support_tier,pooled,2025-01-13
A003293,K0190,I00824,sku_quoted,P037,2024-07-18
A003294,K0190,I00824,commissioning,on-site,2024-07-18
A003295,K0190,I00824,service_plan,premium,2024-07-18
A003296,K0190,I00824,support_tier,pooled,2024-07-18
A003297,K0411,I00825,sku_quoted,P026,2024-03-28
A003298,K0411,I00825,commissioning,guided,2024-03-28
A003299,K0411,I00825,service_plan,premium,2024-03-28
A003300,K0411,I00825,support_tier,dedicated,2024-03-28
A003301,K0135,I00826,sku_quoted,P013,2025-04-20
A003302,K0135,I00826,commissioning,self,2025-04-20
A003303,K0135,I00826,service_plan,none,2025-04-20
A003304,K0135,I00826,support_tier,dedicated,2025-04-20
A003305,K0512,I00827,sku_quoted,P006,2025-04-28
A003306,K0512,I00827,commissioning,guided,2025-04-28
A003307,K0512,I00827,service_plan,standard,2025-04-28
A003308,K0512,I00827,support_tier,dedicated,2025-04-28
A003309,K0416,I00828,sku_quoted,P030,2025-08-05
A003310,K0416,I00828,commissioning,guided,2025-08-05
A003311,K0416,I00828,service_plan,standard,2025-08-05
A003312,K0416,I00828,support_tier,pooled,2025-08-05
A003313,K0444,I00829,sku_quoted,P016,2025-04-28
A003314,K0444,I00829,commissioning,self,2025-04-28
A003315,K0444,I00829,service_plan,none,2025-04-28
A003316,K0444,I00829,support_tier,dedicated,2025-04-28
A003317,K0336,I00830,sku_quoted,P004,2024-11-27
A003318,K0336,I00830,commissioning,on-site,2024-11-27
A003319,K0336,I00830,service_plan,none,2024-11-27
A003320,K0336,I00830,support_tier,dedicated,2024-11-27
A003321,K0309,I00831,sku_quoted,P017,2024-07-02
A003322,K0309,I00831,commissioning,guided,2024-07-02
A003323,K0309,I00831,service_plan,standard,2024-07-02
A003324,K0309,I00831,support_tier,dedicated,2024-07-02
A003325,K0085,I00832,sku_quoted,P015,2025-04-02
A003326,K0085,I00832,commissioning,self,2025-04-02
A003327,K0085,I00832,service_plan,premium,2025-04-02
A003328,K0085,I00832,support_tier,pooled,2025-04-02
A003329,K0223,I00833,sku_quoted,P010,2024-02-20
A003330,K0223,I00833,commissioning,guided,2024-02-20
A003331,K0223,I00833,service_plan,standard,2024-02-20
A003332,K0223,I00833,support_tier,pooled,2024-02-20
A003333,K0069,I00834,sku_quoted,P038,2025-04-25
A003334,K0069,I00834,commissioning,self,2025-04-25
A003335,K0069,I00834,service_plan,standard,2025-04-25
A003336,K0069,I00834,support_tier,pooled,2025-04-25
A003337,K0248,I00835,sku_quoted,P014,2025-07-06
A003338,K0248,I00835,commissioning,self,2025-07-06
A003339,K0248,I00835,service_plan,premium,2025-07-06
A003340,K0248,I00835,support_tier,dedicated,2025-07-06
A003341,K0317,I00836,sku_quoted,P037,2024-04-25
A003342,K0317,I00836,commissioning,on-site,2024-04-25
A003343,K0317,I00836,service_plan,standard,2024-04-25
A003344,K0317,I00836,support_tier,pooled,2024-04-25
A003345,K0416,I00837,sku_quoted,P023,2024-06-12
A003346,K0416,I00837,commissioning,self,2024-06-12
A003347,K0416,I00837,service_plan,standard,2024-06-12
A003348,K0416,I00837,support_tier,dedicated,2024-06-12
A003349,K0181,I00838,sku_quoted,P026,2024-04-05
A003350,K0181,I00838,commissioning,on-site,2024-04-05
A003351,K0181,I00838,service_plan,standard,2024-04-05
A003352,K0181,I00838,support_tier,pooled,2024-04-05
A003353,K0362,I00839,sku_quoted,P006,2024-06-24
A003354,K0362,I00839,commissioning,guided,2024-06-24
A003355,K0362,I00839,service_plan,premium,2024-06-24
A003356,K0362,I00839,support_tier,dedicated,2024-06-24
A003357,K0361,I00840,sku_quoted,P031,2025-05-01
A003358,K0361,I00840,commissioning,self,2025-05-01
A003359,K0361,I00840,service_plan,none,2025-05-01
A003360,K0361,I00840,support_tier,dedicated,2025-05-01
A003361,K0322,I00841,sku_quoted,P004,2024-12-25
A003362,K0322,I00841,commissioning,self,2024-12-25
A003363,K0322,I00841,service_plan,standard,2024-12-25
A003364,K0322,I00841,support_tier,dedicated,2024-12-25
A003365,K0132,I00842,sku_quoted,P010,2024-11-13
A003366,K0132,I00842,commissioning,self,2024-11-13
A003367,K0132,I00842,service_plan,standard,2024-11-13
A003368,K0132,I00842,support_tier,dedicated,2024-11-13
A003369,K0256,I00843,sku_quoted,P035,2024-06-29
A003370,K0256,I00843,commissioning,guided,2024-06-29
A003371,K0256,I00843,service_plan,standard,2024-06-29
A003372,K0256,I00843,support_tier,dedicated,2024-06-29
A003373,K0511,I00844,sku_quoted,P042,2024-10-07
A003374,K0511,I00844,commissioning,on-site,2024-10-07
A003375,K0511,I00844,service_plan,standard,2024-10-07
A003376,K0511,I00844,support_tier,dedicated,2024-10-07
A003377,K0317,I00845,sku_quoted,P016,2024-10-23
A003378,K0317,I00845,commissioning,guided,2024-10-23
A003379,K0317,I00845,service_plan,standard,2024-10-23
A003380,K0317,I00845,support_tier,dedicated,2024-10-23
A003381,K0443,I00846,sku_quoted,P001,2024-12-26
A003382,K0443,I00846,commissioning,self,2024-12-26
A003383,K0443,I00846,service_plan,standard,2024-12-26
A003384,K0443,I00846,support_tier,pooled,2024-12-26
A003385,K0295,I00847,sku_quoted,P014,2025-02-03
A003386,K0295,I00847,commissioning,guided,2025-02-03
A003387,K0295,I00847,service_plan,standard,2025-02-03
A003388,K0295,I00847,support_tier,dedicated,2025-02-03
A003389,K0099,I00848,sku_quoted,P014,2025-06-15
A003390,K0099,I00848,commissioning,self,2025-06-15
A003391,K0099,I00848,service_plan,none,2025-06-15
A003392,K0099,I00848,support_tier,dedicated,2025-06-15
A003393,K0487,I00849,sku_quoted,P030,2024-09-05
A003394,K0487,I00849,commissioning,on-site,2024-09-05
A003395,K0487,I00849,service_plan,standard,2024-09-05
A003396,K0487,I00849,support_tier,pooled,2024-09-05
A003397,K0078,I00850,sku_quoted,P022,2024-04-08
A003398,K0078,I00850,commissioning,self,2024-04-08
A003399,K0078,I00850,service_plan,standard,2024-04-08
A003400,K0078,I00850,support_tier,dedicated,2024-04-08
A003401,K0159,I00851,sku_quoted,P002,2025-01-04
A003402,K0159,I00851,commissioning,guided,2025-01-04
A003403,K0159,I00851,service_plan,standard,2025-01-04
A003404,K0159,I00851,support_tier,pooled,2025-01-04
A003405,K0508,I00852,sku_quoted,P037,2024-10-13
A003406,K0508,I00852,commissioning,on-site,2024-10-13
A003407,K0508,I00852,service_plan,premium,2024-10-13
A003408,K0508,I00852,support_tier,pooled,2024-10-13
A003409,K0257,I00853,sku_quoted,P009,2025-06-29
A003410,K0257,I00853,commissioning,guided,2025-06-29
A003411,K0257,I00853,service_plan,standard,2025-06-29
A003412,K0257,I00853,support_tier,dedicated,2025-06-29
A003413,K0153,I00854,sku_quoted,P030,2025-07-12
A003414,K0153,I00854,commissioning,guided,2025-07-12
A003415,K0153,I00854,service_plan,premium,2025-07-12
A003416,K0153,I00854,support_tier,dedicated,2025-07-12
A003417,K0305,I00855,sku_quoted,P030,2025-03-16
A003418,K0305,I00855,commissioning,guided,2025-03-16
A003419,K0305,I00855,service_plan,none,2025-03-16
A003420,K0305,I00855,support_tier,pooled,2025-03-16
A003421,K0199,I00856,sku_quoted,P033,2024-05-20
A003422,K0199,I00856,commissioning,guided,2024-05-20
A003423,K0199,I00856,service_plan,standard,2024-05-20
A003424,K0199,I00856,support_tier,pooled,2024-05-20
A003425,K0419,I00857,sku_quoted,P035,2025-05-06
A003426,K0419,I00857,commissioning,guided,2025-05-06
A003427,K0419,I00857,service_plan,standard,2025-05-06
A003428,K0419,I00857,support_tier,pooled,2025-05-06
A003429,K0015,I00858,sku_quoted,P025,2024-04-09
A003430,K0015,I00858,commissioning,on-site,2024-04-09
A003431,K0015,I00858,service_plan,standard,2024-04-09
A003432,K0015,I00858,support_tier,pooled,2024-04-09
A003433,K0339,I00859,sku_quoted,P014,2025-02-23
A003434,K0339,I00859,commissioning,guided,2025-02-23
A003435,K0339,I00859,service_plan,none,2025-02-23
A003436,K0339,I00859,support_tier,pooled,2025-02-23
A003437,K0476,I00860,sku_quoted,P006,2024-03-23
A003438,K0476,I00860,commissioning,guided,2024-03-23
A003439,K0476,I00860,service_plan,premium,2024-03-23
A003440,K0476,I00860,support_tier,pooled,2024-03-23
A003441,K0218,I00861,sku_quoted,P017,2025-04-23
A003442,K0218,I00861,commissioning,self,2025-04-23
A003443,K0218,I00861,service_plan,premium,2025-04-23
A003444,K0218,I00861,support_tier,dedicated,2025-04-23
A003445,K0136,I00862,sku_quoted,P001,2024-11-11
A003446,K0136,I00862,commissioning,guided,2024-11-11
A003447,K0136,I00862,service_plan,premium,2024-11-11
A003448,K0136,I00862,support_tier,pooled,2024-11-11
A003449,K0357,I00863,sku_quoted,P042,2024-12-14
A003450,K0357,I00863,commissioning,on-site,2024-12-14
A003451,K0357,I00863,service_plan,standard,2024-12-14
A003452,K0357,I00863,support_tier,pooled,2024-12-14
A003453,K0280,I00864,sku_quoted,P022,2024-08-04
A003454,K0280,I00864,commissioning,guided,2024-08-04
A003455,K0280,I00864,service_plan,standard,2024-08-04
A003456,K0280,I00864,support_tier,pooled,2024-08-04
A003457,K0235,I00865,sku_quoted,P031,2024-09-14
A003458,K0235,I00865,commissioning,on-site,2024-09-14
A003459,K0235,I00865,service_plan,none,2024-09-14
A003460,K0235,I00865,support_tier,dedicated,2024-09-14
A003461,K0318,I00866,sku_quoted,P018,2025-07-28
A003462,K0318,I00866,commissioning,guided,2025-07-28
A003463,K0318,I00866,service_plan,standard,2025-07-28
A003464,K0318,I00866,support_tier,pooled,2025-07-28
A003465,K0002,I00867,sku_quoted,P034,2024-11-04
A003466,K0002,I00867,commissioning,self,2024-11-04
A003467,K0002,I00867,service_plan,premium,2024-11-04
A003468,K0002,I00867,support_tier,dedicated,2024-11-04
A003469,K0138,I00868,sku_quoted,P001,2024-08-09
A003470,K0138,I00868,commissioning,guided,2024-08-09
A003471,K0138,I00868,service_plan,standard,2024-08-09
A003472,K0138,I00868,support_tier,pooled,2024-08-09
A003473,K0311,I00869,sku_quoted,P026,2024-12-31
A003474,K0311,I00869,commissioning,guided,2024-12-31
A003475,K0311,I00869,service_plan,premium,2024-12-31
A003476,K0311,I00869,support_tier,pooled,2024-12-31
A003477,K0492,I00870,sku_quoted,P036,2024-05-04
A003478,K0492,I00870,commissioning,guided,2024-05-04
A003479,K0492,I00870,service_plan,standard,2024-05-04
A003480,K0492,I00870,support_tier,pooled,2024-05-04
A003481,K0074,I00871,sku_quoted,P027,2025-02-01
A003482,K0074,I00871,commissioning,self,2025-02-01
A003483,K0074,I00871,service_plan,none,2025-02-01
A003484,K0074,I00871,support_tier,dedicated,2025-02-01
A003485,K0080,I00872,sku_quoted,P019,2025-02-17
A003486,K0080,I00872,commissioning,on-site,2025-02-17
A003487,K0080,I00872,service_plan,standard,2025-02-17
A003488,K0080,I00872,support_tier,dedicated,2025-02-17
A003489,K0115,I00873,sku_quoted,P002,2024-11-09
A003490,K0115,I00873,commissioning,guided,2024-11-09
A003491,K0115,I00873,service_plan,standard,2024-11-09
A003492,K0115,I00873,support_tier,pooled,2024-11-09
A003493,K0322,I00874,sku_quoted,P001,2025-08-16
A003494,K0322,I00874,commissioning,on-site,2025-08-16
A003495,K0322,I00874,service_plan,premium,2025-08-16
A003496,K0322,I00874,support_tier,dedicated,2025-08-16
A003497,K0301,I00875,sku_quoted,P031,2024-03-03
A003498,K0301,I00875,commissioning,on-site,2024-03-03
A003499,K0301,I00875,service_plan,standard,2024-03-03
A003500,K0301,I00875,support_tier,pooled,2024-03-03
A003501,K0508,I00876,sku_quoted,P025,2024-09-28
A003502,K0508,I00876,commissioning,on-site,2024-09-28
A003503,K0508,I00876,service_plan,premium,2024-09-28
A003504,K0508,I00876,support_tier,pooled,2024-09-28
A003505,K0415,I00877,sku_quoted,P030,2025-01-20
A003506,K0415,I00877,commissioning,self,2025-01-20
A003507,K0415,I00877,service_plan,standard,2025-01-20
A003508,K0415,I00877,support_tier,pooled,2025-01-20
A003509,K0088,I00878,sku_quoted,P022,2024-08-22
A003510,K0088,I00878,commissioning,self,2024-08-22
A003511,K0088,I00878,service_plan,premium,2024-08-22
A003512,K0088,I00878,support_tier,pooled,2024-08-22
A003513,K0485,I00879,sku_quoted,P041,2025-03-16
A003514,K0485,I00879,commissioning,on-site,2025-03-16
A003515,K0485,I00879,service_plan,premium,2025-03-16
A003516,K0485,I00879,support_tier,dedicated,2025-03-16
A003517,K0315,I00880,sku_quoted,P006,2025-07-17
A003518,K0315,I00880,commissioning,self,2025-07-17
A003519,K0315,I00880,service_plan,standard,2025-07-17
A003520,K0315,I00880,support_tier,dedicated,2025-07-17
A003521,K0352,I00881,sku_quoted,P040,2024-03-04
A003522,K0352,I00881,commissioning,on-site,2024-03-04
A003523,K0352,I00881,service_plan,none,2024-03-04
A003524,K0352,I00881,support_tier,dedicated,2024-03-04
A003525,K0312,I00882,sku_quoted,P036,2024-05-22
A003526,K0312,I00882,commissioning,on-site,2024-05-22
A003527,K0312,I00882,service_plan,standard,2024-05-22
A003528,K0312,I00882,support_tier,pooled,2024-05-22
A003529,K0320,I00883,sku_quoted,P005,2024-04-12
A003530,K0320,I00883,commissioning,self,2024-04-12
A003531,K0320,I00883,service_plan,none,2024-04-12
A003532,K0320,I00883,support_tier,dedicated,2024-04-12
A003533,K0218,I00884,sku_quoted,P031,2024-07-07
A003534,K0218,I00884,commissioning,guided,2024-07-07
A003535,K0218,I00884,service_plan,standard,2024-07-07
A003536,K0218,I00884,support_tier,pooled,2024-07-07
A003537,K0128,I00885,sku_quoted,P035,2024-10-26
A003538,K0128,I00885,commissioning,on-site,2024-10-26
A003539,K0128,I00885,service_plan,standard,2024-10-26
A003540,K0128,I00885,support_tier,dedicated,2024-10-26
A003541,K0202,I00886,sku_quoted,P016,2024-06-05
A003542,K0202,I00886,commissioning,guided,2024-06-05
A003543,K0202,I00886,service_plan,standard,2024-06-05
A003544,K0202,I00886,support_tier,dedicated,2024-06-05
A003545,K0265,I00887,sku_quoted,P029,2024-08-23
A003546,K0265,I00887,commissioning,guided,2024-08-23
A003547,K0265,I00887,service_plan,standard,2024-08-23
A003548,K0265,I00887,support_tier,pooled,2024-08-23
A003549,K0394,I00888,sku_quoted,P007,2025-03-26
A003550,K0394,I00888,commissioning,guided,2025-03-26
A003551,K0394,I00888,service_plan,premium,2025-03-26
A003552,K0394,I00888,support_tier,dedicated,2025-03-26
A003553,K0255,I00889,sku_quoted,P019,2024-05-28
A003554,K0255,I00889,commissioning,guided,2024-05-28
A003555,K0255,I00889,service_plan,premium,2024-05-28
A003556,K0255,I00889,support_tier,dedicated,2024-05-28
A003557,K0080,I00890,sku_quoted,P013,2025-02-28
A003558,K0080,I00890,commissioning,guided,2025-02-28
A003559,K0080,I00890,service_plan,standard,2025-02-28
A003560,K0080,I00890,support_tier,pooled,2025-02-28
A003561,K0036,I00891,sku_quoted,P020,2024-09-10
A003562,K0036,I00891,commissioning,on-site,2024-09-10
A003563,K0036,I00891,service_plan,standard,2024-09-10
A003564,K0036,I00891,support_tier,dedicated,2024-09-10
A003565,K0520,I00892,sku_quoted,P033,2025-05-26
A003566,K0520,I00892,commissioning,on-site,2025-05-26
A003567,K0520,I00892,service_plan,standard,2025-05-26
A003568,K0520,I00892,support_tier,dedicated,2025-05-26
A003569,K0418,I00893,sku_quoted,P007,2024-03-15
A003570,K0418,I00893,commissioning,self,2024-03-15
A003571,K0418,I00893,service_plan,none,2024-03-15
A003572,K0418,I00893,support_tier,pooled,2024-03-15
A003573,K0084,I00894,sku_quoted,P029,2024-12-08
A003574,K0084,I00894,commissioning,on-site,2024-12-08
A003575,K0084,I00894,service_plan,none,2024-12-08
A003576,K0084,I00894,support_tier,pooled,2024-12-08
A003577,K0010,I00895,sku_quoted,P031,2025-03-02
A003578,K0010,I00895,commissioning,self,2025-03-02
A003579,K0010,I00895,service_plan,none,2025-03-02
A003580,K0010,I00895,support_tier,dedicated,2025-03-02
A003581,K0515,I00896,sku_quoted,P018,2025-07-16
A003582,K0515,I00896,commissioning,on-site,2025-07-16
A003583,K0515,I00896,service_plan,none,2025-07-16
A003584,K0515,I00896,support_tier,dedicated,2025-07-16
A003585,K0442,I00897,sku_quoted,P028,2024-07-17
A003586,K0442,I00897,commissioning,self,2024-07-17
A003587,K0442,I00897,service_plan,none,2024-07-17
A003588,K0442,I00897,support_tier,pooled,2024-07-17
A003589,K0331,I00898,sku_quoted,P017,2025-05-15
A003590,K0331,I00898,commissioning,self,2025-05-15
A003591,K0331,I00898,service_plan,standard,2025-05-15
A003592,K0331,I00898,support_tier,pooled,2025-05-15
A003593,K0313,I00899,sku_quoted,P022,2024-08-10
A003594,K0313,I00899,commissioning,on-site,2024-08-10
A003595,K0313,I00899,service_plan,none,2024-08-10
A003596,K0313,I00899,support_tier,pooled,2024-08-10
A003597,K0038,I00900,sku_quoted,P014,2024-12-14
A003598,K0038,I00900,commissioning,on-site,2024-12-14
A003599,K0038,I00900,service_plan,standard,2024-12-14
A003600,K0038,I00900,support_tier,dedicated,2024-12-14
A003601,K0493,I00901,sku_quoted,P021,2025-02-07
A003602,K0493,I00901,commissioning,self,2025-02-07
A003603,K0493,I00901,service_plan,standard,2025-02-07
A003604,K0493,I00901,support_tier,pooled,2025-02-07
A003605,K0357,I00902,sku_quoted,P034,2024-06-06
A003606,K0357,I00902,commissioning,on-site,2024-06-06
A003607,K0357,I00902,service_plan,none,2024-06-06
A003608,K0357,I00902,support_tier,pooled,2024-06-06
A003609,K0145,I00903,sku_quoted,P030,2025-01-22
A003610,K0145,I00903,commissioning,on-site,2025-01-22
A003611,K0145,I00903,service_plan,premium,2025-01-22
A003612,K0145,I00903,support_tier,dedicated,2025-01-22
A003613,K0287,I00904,sku_quoted,P020,2025-07-26
A003614,K0287,I00904,commissioning,self,2025-07-26
A003615,K0287,I00904,service_plan,premium,2025-07-26
A003616,K0287,I00904,support_tier,dedicated,2025-07-26
A003617,K0314,I00905,sku_quoted,P005,2024-11-23
A003618,K0314,I00905,commissioning,self,2024-11-23
A003619,K0314,I00905,service_plan,premium,2024-11-23
A003620,K0314,I00905,support_tier,pooled,2024-11-23
A003621,K0517,I00906,sku_quoted,P034,2024-05-27
A003622,K0517,I00906,commissioning,guided,2024-05-27
A003623,K0517,I00906,service_plan,standard,2024-05-27
A003624,K0517,I00906,support_tier,dedicated,2024-05-27
A003625,K0098,I00907,sku_quoted,P042,2025-05-30
A003626,K0098,I00907,commissioning,self,2025-05-30
A003627,K0098,I00907,service_plan,none,2025-05-30
A003628,K0098,I00907,support_tier,dedicated,2025-05-30
A003629,K0454,I00908,sku_quoted,P031,2025-06-27
A003630,K0454,I00908,commissioning,guided,2025-06-27
A003631,K0454,I00908,service_plan,standard,2025-06-27
A003632,K0454,I00908,support_tier,pooled,2025-06-27
A003633,K0426,I00909,sku_quoted,P020,2024-10-03
A003634,K0426,I00909,commissioning,guided,2024-10-03
A003635,K0426,I00909,service_plan,standard,2024-10-03
A003636,K0426,I00909,support_tier,dedicated,2024-10-03
A003637,K0425,I00910,sku_quoted,P024,2025-07-17
A003638,K0425,I00910,commissioning,on-site,2025-07-17
A003639,K0425,I00910,service_plan,standard,2025-07-17
A003640,K0425,I00910,support_tier,pooled,2025-07-17
A003641,K0371,I00911,sku_quoted,P037,2025-07-08
A003642,K0371,I00911,commissioning,guided,2025-07-08
A003643,K0371,I00911,service_plan,standard,2025-07-08
A003644,K0371,I00911,support_tier,dedicated,2025-07-08
A003645,K0389,I00912,sku_quoted,P040,2025-02-27
A003646,K0389,I00912,commissioning,guided,2025-02-27
A003647,K0389,I00912,service_plan,none,2025-02-27
A003648,K0389,I00912,support_tier,pooled,2025-02-27
A003649,K0416,I00913,sku_quoted,P039,2025-03-02
A003650,K0416,I00913,commissioning,self,2025-03-02
A003651,K0416,I00913,service_plan,none,2025-03-02
A003652,K0416,I00913,support_tier,dedicated,2025-03-02
A003653,K0086,I00914,sku_quoted,P023,2024-12-30
A003654,K0086,I00914,commissioning,on-site,2024-12-30
A003655,K0086,I00914,service_plan,none,2024-12-30
A003656,K0086,I00914,support_tier,pooled,2024-12-30
A003657,K0366,I00915,sku_quoted,P034,2024-05-11
A003658,K0366,I00915,commissioning,on-site,2024-05-11
A003659,K0366,I00915,service_plan,standard,2024-05-11
A003660,K0366,I00915,support_tier,dedicated,2024-05-11
A003661,K0417,I00916,sku_quoted,P034,2025-01-14
A003662,K0417,I00916,commissioning,self,2025-01-14
A003663,K0417,I00916,service_plan,none,2025-01-14
A003664,K0417,I00916,support_tier,dedicated,2025-01-14
A003665,K0149,I00917,sku_quoted,P013,2025-02-23
A003666,K0149,I00917,commissioning,guided,2025-02-23
A003667,K0149,I00917,service_plan,none,2025-02-23
A003668,K0149,I00917,support_tier,dedicated,2025-02-23
A003669,K0016,I00918,sku_quoted,P003,2025-05-31
A003670,K0016,I00918,commissioning,on-site,2025-05-31
A003671,K0016,I00918,service_plan,none,2025-05-31
A003672,K0016,I00918,support_tier,dedicated,2025-05-31
A003673,K0440,I00919,sku_quoted,P007,2024-08-01
A003674,K0440,I00919,commissioning,self,2024-08-01
A003675,K0440,I00919,service_plan,standard,2024-08-01
A003676,K0440,I00919,support_tier,dedicated,2024-08-01
A003677,K0389,I00920,sku_quoted,P029,2024-10-31
A003678,K0389,I00920,commissioning,guided,2024-10-31
A003679,K0389,I00920,service_plan,standard,2024-10-31
A003680,K0389,I00920,support_tier,pooled,2024-10-31
A003681,K0485,I00921,sku_quoted,P006,2024-11-05
A003682,K0485,I00921,commissioning,on-site,2024-11-05
A003683,K0485,I00921,service_plan,none,2024-11-05
A003684,K0485,I00921,support_tier,dedicated,2024-11-05
A003685,K0156,I00922,sku_quoted,P005,2025-06-25
A003686,K0156,I00922,commissioning,self,2025-06-25
A003687,K0156,I00922,service_plan,none,2025-06-25
A003688,K0156,I00922,support_tier,pooled,2025-06-25
A003689,K0431,I00923,sku_quoted,P042,2024-12-02
A003690,K0431,I00923,commissioning,self,2024-12-02
A003691,K0431,I00923,service_plan,none,2024-12-02
A003692,K0431,I00923,support_tier,dedicated,2024-12-02
A003693,K0329,I00924,sku_quoted,P035,2024-07-15
A003694,K0329,I00924,commissioning,on-site,2024-07-15
A003695,K0329,I00924,service_plan,premium,2024-07-15
A003696,K0329,I00924,support_tier,pooled,2024-07-15
A003697,K0481,I00925,sku_quoted,P001,2025-01-21
A003698,K0481,I00925,commissioning,on-site,2025-01-21
A003699,K0481,I00925,service_plan,standard,2025-01-21
A003700,K0481,I00925,support_tier,pooled,2025-01-21
A003701,K0120,I00926,sku_quoted,P038,2024-08-08
A003702,K0120,I00926,commissioning,guided,2024-08-08
A003703,K0120,I00926,service_plan,standard,2024-08-08
A003704,K0120,I00926,support_tier,dedicated,2024-08-08
A003705,K0344,I00927,sku_quoted,P041,2025-06-25
A003706,K0344,I00927,commissioning,guided,2025-06-25
A003707,K0344,I00927,service_plan,none,2025-06-25
A003708,K0344,I00927,support_tier,dedicated,2025-06-25
A003709,K0076,I00928,sku_quoted,P028,2025-04-07
A003710,K0076,I00928,commissioning,guided,2025-04-07
A003711,K0076,I00928,service_plan,none,2025-04-07
A003712,K0076,I00928,support_tier,pooled,2025-04-07
A003713,K0294,I00929,sku_quoted,P012,2024-02-10
A003714,K0294,I00929,commissioning,self,2024-02-10
A003715,K0294,I00929,service_plan,standard,2024-02-10
A003716,K0294,I00929,support_tier,dedicated,2024-02-10
A003717,K0436,I00930,sku_quoted,P038,2025-06-14
A003718,K0436,I00930,commissioning,guided,2025-06-14
A003719,K0436,I00930,service_plan,standard,2025-06-14
A003720,K0436,I00930,support_tier,pooled,2025-06-14
A003721,K0433,I00931,sku_quoted,P039,2025-06-21
A003722,K0433,I00931,commissioning,self,2025-06-21
A003723,K0433,I00931,service_plan,premium,2025-06-21
A003724,K0433,I00931,support_tier,dedicated,2025-06-21
A003725,K0467,I00932,sku_quoted,P025,2024-03-28
A003726,K0467,I00932,commissioning,guided,2024-03-28
A003727,K0467,I00932,service_plan,none,2024-03-28
A003728,K0467,I00932,support_tier,pooled,2024-03-28
A003729,K0205,I00933,sku_quoted,P006,2025-01-01
A003730,K0205,I00933,commissioning,guided,2025-01-01
A003731,K0205,I00933,service_plan,standard,2025-01-01
A003732,K0205,I00933,support_tier,dedicated,2025-01-01
A003733,K0398,I00934,sku_quoted,P014,2025-03-28
A003734,K0398,I00934,commissioning,guided,2025-03-28
A003735,K0398,I00934,service_plan,standard,2025-03-28
A003736,K0398,I00934,support_tier,pooled,2025-03-28
A003737,K0306,I00935,sku_quoted,P042,2024-11-14
A003738,K0306,I00935,commissioning,on-site,2024-11-14
A003739,K0306,I00935,service_plan,standard,2024-11-14
A003740,K0306,I00935,support_tier,pooled,2024-11-14
A003741,K0135,I00936,sku_quoted,P001,2024-09-16
A003742,K0135,I00936,commissioning,guided,2024-09-16
A003743,K0135,I00936,service_plan,none,2024-09-16
A003744,K0135,I00936,support_tier,dedicated,2024-09-16
A003745,K0316,I00937,sku_quoted,P042,2025-06-28
A003746,K0316,I00937,commissioning,on-site,2025-06-28
A003747,K0316,I00937,service_plan,premium,2025-06-28
A003748,K0316,I00937,support_tier,dedicated,2025-06-28
A003749,K0038,I00938,sku_quoted,P031,2024-05-18
A003750,K0038,I00938,commissioning,self,2024-05-18
A003751,K0038,I00938,service_plan,standard,2024-05-18
A003752,K0038,I00938,support_tier,pooled,2024-05-18
A003753,K0394,I00939,sku_quoted,P009,2024-03-01
A003754,K0394,I00939,commissioning,guided,2024-03-01
A003755,K0394,I00939,service_plan,none,2024-03-01
A003756,K0394,I00939,support_tier,dedicated,2024-03-01
A003757,K0157,I00940,sku_quoted,P017,2025-05-06
A003758,K0157,I00940,commissioning,on-site,2025-05-06
A003759,K0157,I00940,service_plan,premium,2025-05-06
A003760,K0157,I00940,support_tier,pooled,2025-05-06
A003761,K0515,I00941,sku_quoted,P005,2024-09-16
A003762,K0515,I00941,commissioning,self,2024-09-16
A003763,K0515,I00941,service_plan,standard,2024-09-16
A003764,K0515,I00941,support_tier,dedicated,2024-09-16
A003765,K0430,I00942,sku_quoted,P026,2025-06-12
A003766,K0430,I00942,commissioning,on-site,2025-06-12
A003767,K0430,I00942,service_plan,standard,2025-06-12
A003768,K0430,I00942,support_tier,pooled,2025-06-12
A003769,K0086,I00943,sku_quoted,P014,2024-06-23
A003770,K0086,I00943,commissioning,self,2024-06-23
A003771,K0086,I00943,service_plan,standard,2024-06-23
A003772,K0086,I00943,support_tier,dedicated,2024-06-23
A003773,K0182,I00944,sku_quoted,P022,2024-09-22
A003774,K0182,I00944,commissioning,on-site,2024-09-22
A003775,K0182,I00944,service_plan,standard,2024-09-22
A003776,K0182,I00944,support_tier,pooled,2024-09-22
A003777,K0066,I00945,sku_quoted,P033,2025-07-02
A003778,K0066,I00945,commissioning,guided,2025-07-02
A003779,K0066,I00945,service_plan,standard,2025-07-02
A003780,K0066,I00945,support_tier,pooled,2025-07-02
A003781,K0159,I00946,sku_quoted,P007,2024-12-20
A003782,K0159,I00946,commissioning,guided,2024-12-20
A003783,K0159,I00946,service_plan,standard,2024-12-20
A003784,K0159,I00946,support_tier,pooled,2024-12-20
A003785,K0332,I00947,sku_quoted,P025,2025-01-07
A003786,K0332,I00947,commissioning,self,2025-01-07
A003787,K0332,I00947,service_plan,standard,2025-01-07
A003788,K0332,I00947,support_tier,pooled,2025-01-07
A003789,K0366,I00948,sku_quoted,P010,2025-06-02
A003790,K0366,I00948,commissioning,guided,2025-06-02
A003791,K0366,I00948,service_plan,premium,2025-06-02
A003792,K0366,I00948,support_tier,pooled,2025-06-02
A003793,K0157,I00949,sku_quoted,P004,2025-07-20
A003794,K0157,I00949,commissioning,self,2025-07-20
A003795,K0157,I00949,service_plan,none,2025-07-20
A003796,K0157,I00949,support_tier,dedicated,2025-07-20
A003797,K0486,I00950,sku_quoted,P036,2024-12-09
A003798,K0486,I00950,commissioning,self,2024-12-09
A003799,K0486,I00950,service_plan,premium,2024-12-09
A003800,K0486,I00950,support_tier,pooled,2024-12-09
A003801,K0070,I00951,sku_quoted,P041,2024-05-13
A003802,K0070,I00951,commissioning,on-site,2024-05-13
A003803,K0070,I00951,service_plan,none,2024-05-13
A003804,K0070,I00951,support_tier,pooled,2024-05-13
A003805,K0170,I00952,sku_quoted,P001,2025-02-22
A003806,K0170,I00952,commissioning,on-site,2025-02-22
A003807,K0170,I00952,service_plan,none,2025-02-22
A003808,K0170,I00952,support_tier,dedicated,2025-02-22
A003809,K0229,I00953,sku_quoted,P020,2024-02-22
A003810,K0229,I00953,commissioning,guided,2024-02-22
A003811,K0229,I00953,service_plan,standard,2024-02-22
A003812,K0229,I00953,support_tier,dedicated,2024-02-22
A003813,K0192,I00954,sku_quoted,P014,2024-11-02
A003814,K0192,I00954,commissioning,self,2024-11-02
A003815,K0192,I00954,service_plan,standard,2024-11-02
A003816,K0192,I00954,support_tier,dedicated,2024-11-02
A003817,K0048,I00955,sku_quoted,P011,2025-03-22
A003818,K0048,I00955,commissioning,guided,2025-03-22
A003819,K0048,I00955,service_plan,standard,2025-03-22
A003820,K0048,I00955,support_tier,dedicated,2025-03-22
A003821,K0475,I00956,sku_quoted,P029,2024-07-10
A003822,K0475,I00956,commissioning,self,2024-07-10
A003823,K0475,I00956,service_plan,standard,2024-07-10
A003824,K0475,I00956,support_tier,pooled,2024-07-10
A003825,K0461,I00957,sku_quoted,P026,2025-02-20
A003826,K0461,I00957,commissioning,on-site,2025-02-20
A003827,K0461,I00957,service_plan,none,2025-02-20
A003828,K0461,I00957,support_tier,pooled,2025-02-20
A003829,K0261,I00958,sku_quoted,P034,2024-04-06
A003830,K0261,I00958,commissioning,guided,2024-04-06
A003831,K0261,I00958,service_plan,none,2024-04-06
A003832,K0261,I00958,support_tier,dedicated,2024-04-06
A003833,K0313,I00959,sku_quoted,P034,2025-04-18
A003834,K0313,I00959,commissioning,self,2025-04-18
A003835,K0313,I00959,service_plan,standard,2025-04-18
A003836,K0313,I00959,support_tier,dedicated,2025-04-18
A003837,K0448,I00960,sku_quoted,P011,2025-07-06
A003838,K0448,I00960,commissioning,guided,2025-07-06
A003839,K0448,I00960,service_plan,standard,2025-07-06
A003840,K0448,I00960,support_tier,pooled,2025-07-06
A003841,K0186,I00961,sku_quoted,P041,2024-06-28
A003842,K0186,I00961,commissioning,guided,2024-06-28
A003843,K0186,I00961,service_plan,none,2024-06-28
A003844,K0186,I00961,support_tier,pooled,2024-06-28
A003845,K0221,I00962,sku_quoted,P017,2025-01-09
A003846,K0221,I00962,commissioning,guided,2025-01-09
A003847,K0221,I00962,service_plan,premium,2025-01-09
A003848,K0221,I00962,support_tier,pooled,2025-01-09
A003849,K0456,I00963,sku_quoted,P033,2025-05-11
A003850,K0456,I00963,commissioning,guided,2025-05-11
A003851,K0456,I00963,service_plan,standard,2025-05-11
A003852,K0456,I00963,support_tier,pooled,2025-05-11
A003853,K0434,I00964,sku_quoted,P038,2024-08-23
A003854,K0434,I00964,commissioning,self,2024-08-23
A003855,K0434,I00964,service_plan,standard,2024-08-23
A003856,K0434,I00964,support_tier,pooled,2024-08-23
A003857,K0065,I00965,sku_quoted,P036,2025-03-20
A003858,K0065,I00965,commissioning,self,2025-03-20
A003859,K0065,I00965,service_plan,standard,2025-03-20
A003860,K0065,I00965,support_tier,pooled,2025-03-20
A003861,K0339,I00966,sku_quoted,P013,2025-03-18
A003862,K0339,I00966,commissioning,on-site,2025-03-18
A003863,K0339,I00966,service_plan,none,2025-03-18
A003864,K0339,I00966,support_tier,dedicated,2025-03-18
A003865,K0126,I00967,sku_quoted,P004,2024-10-28
A003866,K0126,I00967,commissioning,on-site,2024-10-28
A003867,K0126,I00967,service_plan,standard,2024-10-28
A003868,K0126,I00967,support_tier,pooled,2024-10-28
A003869,K0461,I00968,sku_quoted,P023,2024-11-15
A003870,K0461,I00968,commissioning,on-site,2024-11-15
A003871,K0461,I00968,service_plan,standard,2024-11-15
A003872,K0461,I00968,support_tier,pooled,2024-11-15
A003873,K0393,I00969,sku_quoted,P033,2024-08-24
A003874,K0393,I00969,commissioning,self,2024-08-24
A003875,K0393,I00969,service_plan,premium,2024-08-24
A003876,K0393,I00969,support_tier,dedicated,2024-08-24
A003877,K0283,I00970,sku_quoted,P021,2025-06-01
A003878,K0283,I00970,commissioning,on-site,2025-06-01
A003879,K0283,I00970,service_plan,none,2025-06-01
A003880,K0283,I00970,support_tier,pooled,2025-06-01
A003881,K0070,I00971,sku_quoted,P013,2024-07-06
A003882,K0070,I00971,commissioning,guided,2024-07-06
A003883,K0070,I00971,service_plan,standard,2024-07-06
A003884,K0070,I00971,support_tier,dedicated,2024-07-06
A003885,K0135,I00972,sku_quoted,P008,2025-01-10
A003886,K0135,I00972,commissioning,guided,2025-01-10
A003887,K0135,I00972,service_plan,standard,2025-01-10
A003888,K0135,I00972,support_tier,pooled,2025-01-10
A003889,K0423,I00973,sku_quoted,P016,2025-03-21
A003890,K0423,I00973,commissioning,self,2025-03-21
A003891,K0423,I00973,service_plan,standard,2025-03-21
A003892,K0423,I00973,support_tier,pooled,2025-03-21
A003893,K0158,I00974,sku_quoted,P041,2024-04-14
A003894,K0158,I00974,commissioning,guided,2024-04-14
A003895,K0158,I00974,service_plan,premium,2024-04-14
A003896,K0158,I00974,support_tier,dedicated,2024-04-14
A003897,K0047,I00975,sku_quoted,P037,2025-06-12
A003898,K0047,I00975,commissioning,guided,2025-06-12
A003899,K0047,I00975,service_plan,none,2025-06-12
A003900,K0047,I00975,support_tier,pooled,2025-06-12
A003901,K0518,I00976,sku_quoted,P011,2024-10-07
A003902,K0518,I00976,commissioning,guided,2024-10-07
A003903,K0518,I00976,service_plan,none,2024-10-07
A003904,K0518,I00976,support_tier,dedicated,2024-10-07
A003905,K0337,I00977,sku_quoted,P039,2024-07-06
A003906,K0337,I00977,commissioning,on-site,2024-07-06
A003907,K0337,I00977,service_plan,premium,2024-07-06
A003908,K0337,I00977,support_tier,dedicated,2024-07-06
A003909,K0300,I00978,sku_quoted,P008,2024-10-23
A003910,K0300,I00978,commissioning,on-site,2024-10-23
A003911,K0300,I00978,service_plan,standard,2024-10-23
A003912,K0300,I00978,support_tier,pooled,2024-10-23
A003913,K0046,I00979,sku_quoted,P038,2025-06-10
A003914,K0046,I00979,commissioning,guided,2025-06-10
A003915,K0046,I00979,service_plan,standard,2025-06-10
A003916,K0046,I00979,support_tier,pooled,2025-06-10
A003917,K0319,I00980,sku_quoted,P020,2024-11-27
A003918,K0319,I00980,commissioning,on-site,2024-11-27
A003919,K0319,I00980,service_plan,standard,2024-11-27
A003920,K0319,I00980,support_tier,dedicated,2024-11-27
A003921,K0077,I00981,sku_quoted,P033,2024-12-06
A003922,K0077,I00981,commissioning,self,2024-12-06
A003923,K0077,I00981,service_plan,premium,2024-12-06
A003924,K0077,I00981,support_tier,dedicated,2024-12-06
A003925,K0461,I00982,sku_quoted,P013,2024-03-15
A003926,K0461,I00982,commissioning,on-site,2024-03-15
A003927,K0461,I00982,service_plan,premium,2024-03-15
A003928,K0461,I00982,support_tier,dedicated,2024-03-15
A003929,K0314,I00983,sku_quoted,P023,2025-04-21
A003930,K0314,I00983,commissioning,self,2025-04-21
A003931,K0314,I00983,service_plan,none,2025-04-21
A003932,K0314,I00983,support_tier,pooled,2025-04-21
A003933,K0157,I00984,sku_quoted,P031,2024-11-27
A003934,K0157,I00984,commissioning,on-site,2024-11-27
A003935,K0157,I00984,service_plan,standard,2024-11-27
A003936,K0157,I00984,support_tier,dedicated,2024-11-27
A003937,K0054,I00985,sku_quoted,P039,2024-08-03
A003938,K0054,I00985,commissioning,guided,2024-08-03
A003939,K0054,I00985,service_plan,standard,2024-08-03
A003940,K0054,I00985,support_tier,pooled,2024-08-03
A003941,K0271,I00986,sku_quoted,P007,2024-08-11
A003942,K0271,I00986,commissioning,on-site,2024-08-11
A003943,K0271,I00986,service_plan,none,2024-08-11
A003944,K0271,I00986,support_tier,dedicated,2024-08-11
A003945,K0495,I00987,sku_quoted,P015,2025-08-08
A003946,K0495,I00987,commissioning,guided,2025-08-08
A003947,K0495,I00987,service_plan,standard,2025-08-08
A003948,K0495,I00987,support_tier,dedicated,2025-08-08
A003949,K0309,I00988,sku_quoted,P014,2025-03-09
A003950,K0309,I00988,commissioning,guided,2025-03-09
A003951,K0309,I00988,service_plan,standard,2025-03-09
A003952,K0309,I00988,support_tier,dedicated,2025-03-09
A003953,K0092,I00989,sku_quoted,P040,2024-05-21
A003954,K0092,I00989,commissioning,self,2024-05-21
A003955,K0092,I00989,service_plan,standard,2024-05-21
A003956,K0092,I00989,support_tier,pooled,2024-05-21
A003957,K0259,I00990,sku_quoted,P035,2025-01-29
A003958,K0259,I00990,commissioning,guided,2025-01-29
A003959,K0259,I00990,service_plan,standard,2025-01-29
A003960,K0259,I00990,support_tier,dedicated,2025-01-29
A003961,K0411,I00991,sku_quoted,P041,2025-01-01
A003962,K0411,I00991,commissioning,on-site,2025-01-01
A003963,K0411,I00991,service_plan,standard,2025-01-01
A003964,K0411,I00991,support_tier,pooled,2025-01-01
A003965,K0115,I00992,sku_quoted,P001,2025-04-05
A003966,K0115,I00992,commissioning,self,2025-04-05
A003967,K0115,I00992,service_plan,standard,2025-04-05
A003968,K0115,I00992,support_tier,dedicated,2025-04-05
A003969,K0478,I00993,sku_quoted,P041,2025-03-29
A003970,K0478,I00993,commissioning,on-site,2025-03-29
A003971,K0478,I00993,service_plan,none,2025-03-29
A003972,K0478,I00993,support_tier,dedicated,2025-03-29
A003973,K0366,I00994,sku_quoted,P040,2024-10-31
A003974,K0366,I00994,commissioning,self,2024-10-31
A003975,K0366,I00994,service_plan,standard,2024-10-31
A003976,K0366,I00994,support_tier,pooled,2024-10-31
A003977,K0227,I00995,sku_quoted,P003,2025-07-14
A003978,K0227,I00995,commissioning,on-site,2025-07-14
A003979,K0227,I00995,service_plan,none,2025-07-14
A003980,K0227,I00995,support_tier,dedicated,2025-07-14
A003981,K0378,I00996,sku_quoted,P009,2024-07-10
A003982,K0378,I00996,commissioning,guided,2024-07-10
A003983,K0378,I00996,service_plan,premium,2024-07-10
A003984,K0378,I00996,support_tier,dedicated,2024-07-10
A003985,K0318,I00997,sku_quoted,P009,2024-04-11
A003986,K0318,I00997,commissioning,self,2024-04-11
A003987,K0318,I00997,service_plan,none,2024-04-11
A003988,K0318,I00997,support_tier,pooled,2024-04-11
A003989,K0142,I00998,sku_quoted,P037,2024-08-03
A003990,K0142,I00998,commissioning,on-site,2024-08-03
A003991,K0142,I00998,service_plan,premium,2024-08-03
A003992,K0142,I00998,support_tier,pooled,2024-08-03
A003993,K0077,I00999,sku_quoted,P030,2025-05-02
A003994,K0077,I00999,commissioning,on-site,2025-05-02
A003995,K0077,I00999,service_plan,standard,2025-05-02
A003996,K0077,I00999,support_tier,pooled,2025-05-02
A003997,K0472,I01000,sku_quoted,P037,2025-02-26
A003998,K0472,I01000,commissioning,guided,2025-02-26
A003999,K0472,I01000,service_plan,none,2025-02-26
A004000,K0472,I01000,support_tier,dedicated,2025-02-26
A004001,K0451,I01001,sku_quoted,P036,2024-06-26
A004002,K0451,I01001,commissioning,on-site,2024-06-26
A004003,K0451,I01001,service_plan,premium,2024-06-26
A004004,K0451,I01001,support_tier,dedicated,2024-06-26
A004005,K0246,I01002,sku_quoted,P031,2024-04-23
A004006,K0246,I01002,commissioning,self,2024-04-23
A004007,K0246,I01002,service_plan,premium,2024-04-23
A004008,K0246,I01002,support_tier,pooled,2024-04-23
A004009,K0426,I01003,sku_quoted,P038,2025-05-22
A004010,K0426,I01003,commissioning,guided,2025-05-22
A004011,K0426,I01003,service_plan,standard,2025-05-22
A004012,K0426,I01003,support_tier,pooled,2025-05-22
A004013,K0434,I01004,sku_quoted,P040,2024-09-04
A004014,K0434,I01004,commissioning,on-site,2024-09-04
A004015,K0434,I01004,service_plan,premium,2024-09-04
A004016,K0434,I01004,support_tier,dedicated,2024-09-04
A004017,K0303,I01005,sku_quoted,P016,2025-04-28
A004018,K0303,I01005,commissioning,self,2025-04-28
A004019,K0303,I01005,service_plan,premium,2025-04-28
A004020,K0303,I01005,support_tier,pooled,2025-04-28
A004021,K0284,I01006,sku_quoted,P032,2025-04-04
A004022,K0284,I01006,commissioning,self,2025-04-04
A004023,K0284,I01006,service_plan,standard,2025-04-04
A004024,K0284,I01006,support_tier,pooled,2025-04-04
A004025,K0312,I01007,sku_quoted,P041,2025-01-04
A004026,K0312,I01007,commissioning,self,2025-01-04
A004027,K0312,I01007,service_plan,premium,2025-01-04
A004028,K0312,I01007,support_tier,dedicated,2025-01-04
A004029,K0298,I01008,sku_quoted,P004,2024-07-03
A004030,K0298,I01008,commissioning,guided,2024-07-03
A004031,K0298,I01008,service_plan,none,2024-07-03
A004032,K0298,I01008,support_tier,pooled,2024-07-03
A004033,K0054,I01009,sku_quoted,P022,2024-12-09
A004034,K0054,I01009,commissioning,on-site,2024-12-09
A004035,K0054,I01009,service_plan,none,2024-12-09
A004036,K0054,I01009,support_tier,pooled,2024-12-09
A004037,K0246,I01010,sku_quoted,P014,2024-02-28
A004038,K0246,I01010,commissioning,self,2024-02-28
A004039,K0246,I01010,service_plan,none,2024-02-28
A004040,K0246,I01010,support_tier,pooled,2024-02-28
A004041,K0337,I01011,sku_quoted,P023,2024-07-02
A004042,K0337,I01011,commissioning,guided,2024-07-02
A004043,K0337,I01011,service_plan,none,2024-07-02
A004044,K0337,I01011,support_tier,pooled,2024-07-02
A004045,K0399,I01012,sku_quoted,P003,2025-05-26
A004046,K0399,I01012,commissioning,on-site,2025-05-26
A004047,K0399,I01012,service_plan,standard,2025-05-26
A004048,K0399,I01012,support_tier,pooled,2025-05-26
A004049,K0303,I01013,sku_quoted,P028,2025-06-09
A004050,K0303,I01013,commissioning,self,2025-06-09
A004051,K0303,I01013,service_plan,premium,2025-06-09
A004052,K0303,I01013,support_tier,pooled,2025-06-09
A004053,K0034,I01014,sku_quoted,P012,2025-05-08
A004054,K0034,I01014,commissioning,self,2025-05-08
A004055,K0034,I01014,service_plan,none,2025-05-08
A004056,K0034,I01014,support_tier,dedicated,2025-05-08
A004057,K0358,I01015,sku_quoted,P026,2025-03-05
A004058,K0358,I01015,commissioning,guided,2025-03-05
A004059,K0358,I01015,service_plan,premium,2025-03-05
A004060,K0358,I01015,support_tier,dedicated,2025-03-05
A004061,K0332,I01016,sku_quoted,P042,2025-03-01
A004062,K0332,I01016,commissioning,on-site,2025-03-01
A004063,K0332,I01016,service_plan,premium,2025-03-01
A004064,K0332,I01016,support_tier,pooled,2025-03-01
A004065,K0315,I01017,sku_quoted,P008,2025-04-21
A004066,K0315,I01017,commissioning,self,2025-04-21
A004067,K0315,I01017,service_plan,standard,2025-04-21
A004068,K0315,I01017,support_tier,dedicated,2025-04-21
A004069,K0114,I01018,sku_quoted,P027,2024-10-01
A004070,K0114,I01018,commissioning,on-site,2024-10-01
A004071,K0114,I01018,service_plan,standard,2024-10-01
A004072,K0114,I01018,support_tier,pooled,2024-10-01
A004073,K0342,I01019,sku_quoted,P039,2024-07-09
A004074,K0342,I01019,commissioning,self,2024-07-09
A004075,K0342,I01019,service_plan,premium,2024-07-09
A004076,K0342,I01019,support_tier,dedicated,2024-07-09
A004077,K0336,I01020,sku_quoted,P042,2025-04-16
A004078,K0336,I01020,commissioning,on-site,2025-04-16
A004079,K0336,I01020,service_plan,premium,2025-04-16
A004080,K0336,I01020,support_tier,dedicated,2025-04-16
A004081,K0253,I01021,sku_quoted,P027,2024-12-29
A004082,K0253,I01021,commissioning,self,2024-12-29
A004083,K0253,I01021,service_plan,premium,2024-12-29
A004084,K0253,I01021,support_tier,pooled,2024-12-29
A004085,K0367,I01022,sku_quoted,P025,2024-11-19
A004086,K0367,I01022,commissioning,guided,2024-11-19
A004087,K0367,I01022,service_plan,standard,2024-11-19
A004088,K0367,I01022,support_tier,pooled,2024-11-19
A004089,K0398,I01023,sku_quoted,P004,2025-07-20
A004090,K0398,I01023,commissioning,guided,2025-07-20
A004091,K0398,I01023,service_plan,standard,2025-07-20
A004092,K0398,I01023,support_tier,pooled,2025-07-20
A004093,K0072,I01024,sku_quoted,P001,2024-11-22
A004094,K0072,I01024,commissioning,on-site,2024-11-22
A004095,K0072,I01024,service_plan,premium,2024-11-22
A004096,K0072,I01024,support_tier,pooled,2024-11-22
A004097,K0138,I01025,sku_quoted,P024,2024-12-09
A004098,K0138,I01025,commissioning,guided,2024-12-09
A004099,K0138,I01025,service_plan,standard,2024-12-09
A004100,K0138,I01025,support_tier,pooled,2024-12-09
A004101,K0513,I01026,sku_quoted,P002,2025-02-24
A004102,K0513,I01026,commissioning,guided,2025-02-24
A004103,K0513,I01026,service_plan,standard,2025-02-24
A004104,K0513,I01026,support_tier,dedicated,2025-02-24
A004105,K0010,I01027,sku_quoted,P016,2025-06-29
A004106,K0010,I01027,commissioning,self,2025-06-29
A004107,K0010,I01027,service_plan,standard,2025-06-29
A004108,K0010,I01027,support_tier,dedicated,2025-06-29
A004109,K0018,I01028,sku_quoted,P013,2025-01-31
A004110,K0018,I01028,commissioning,self,2025-01-31
A004111,K0018,I01028,service_plan,standard,2025-01-31
A004112,K0018,I01028,support_tier,pooled,2025-01-31
A004113,K0425,I01029,sku_quoted,P005,2024-02-20
A004114,K0425,I01029,commissioning,self,2024-02-20
A004115,K0425,I01029,service_plan,standard,2024-02-20
A004116,K0425,I01029,support_tier,pooled,2024-02-20
A004117,K0313,I01030,sku_quoted,P042,2025-06-27
A004118,K0313,I01030,commissioning,self,2025-06-27
A004119,K0313,I01030,service_plan,premium,2025-06-27
A004120,K0313,I01030,support_tier,dedicated,2025-06-27
A004121,K0417,I01031,sku_quoted,P003,2024-07-29
A004122,K0417,I01031,commissioning,guided,2024-07-29
A004123,K0417,I01031,service_plan,premium,2024-07-29
A004124,K0417,I01031,support_tier,dedicated,2024-07-29
A004125,K0093,I01032,sku_quoted,P039,2025-01-10
A004126,K0093,I01032,commissioning,guided,2025-01-10
A004127,K0093,I01032,service_plan,none,2025-01-10
A004128,K0093,I01032,support_tier,dedicated,2025-01-10
A004129,K0100,I01033,sku_quoted,P038,2024-05-27
A004130,K0100,I01033,commissioning,guided,2024-05-27
A004131,K0100,I01033,service_plan,standard,2024-05-27
A004132,K0100,I01033,support_tier,dedicated,2024-05-27
A004133,K0503,I01034,sku_quoted,P036,2025-07-14
A004134,K0503,I01034,commissioning,self,2025-07-14
A004135,K0503,I01034,service_plan,none,2025-07-14
A004136,K0503,I01034,support_tier,dedicated,2025-07-14
A004137,K0330,I01035,sku_quoted,P030,2025-08-06
A004138,K0330,I01035,commissioning,on-site,2025-08-06
A004139,K0330,I01035,service_plan,standard,2025-08-06
A004140,K0330,I01035,support_tier,dedicated,2025-08-06
A004141,K0253,I01036,sku_quoted,P024,2024-11-27
A004142,K0253,I01036,commissioning,guided,2024-11-27
A004143,K0253,I01036,service_plan,none,2024-11-27
A004144,K0253,I01036,support_tier,pooled,2024-11-27
A004145,K0490,I01037,sku_quoted,P025,2025-02-16
A004146,K0490,I01037,commissioning,self,2025-02-16
A004147,K0490,I01037,service_plan,standard,2025-02-16
A004148,K0490,I01037,support_tier,pooled,2025-02-16
A004149,K0220,I01038,sku_quoted,P025,2024-03-25
A004150,K0220,I01038,commissioning,on-site,2024-03-25
A004151,K0220,I01038,service_plan,standard,2024-03-25
A004152,K0220,I01038,support_tier,dedicated,2024-03-25
A004153,K0002,I01039,sku_quoted,P034,2025-01-31
A004154,K0002,I01039,commissioning,on-site,2025-01-31
A004155,K0002,I01039,service_plan,standard,2025-01-31
A004156,K0002,I01039,support_tier,pooled,2025-01-31
A004157,K0441,I01040,sku_quoted,P023,2024-11-07
A004158,K0441,I01040,commissioning,on-site,2024-11-07
A004159,K0441,I01040,service_plan,none,2024-11-07
A004160,K0441,I01040,support_tier,pooled,2024-11-07
A004161,K0352,I01041,sku_quoted,P012,2024-03-08
A004162,K0352,I01041,commissioning,on-site,2024-03-08
A004163,K0352,I01041,service_plan,premium,2024-03-08
A004164,K0352,I01041,support_tier,dedicated,2024-03-08
A004165,K0135,I01042,sku_quoted,P029,2024-05-20
A004166,K0135,I01042,commissioning,self,2024-05-20
A004167,K0135,I01042,service_plan,premium,2024-05-20
A004168,K0135,I01042,support_tier,pooled,2024-05-20
A004169,K0497,I01043,sku_quoted,P019,2025-08-05
A004170,K0497,I01043,commissioning,on-site,2025-08-05
A004171,K0497,I01043,service_plan,none,2025-08-05
A004172,K0497,I01043,support_tier,pooled,2025-08-05
A004173,K0380,I01044,sku_quoted,P026,2025-03-14
A004174,K0380,I01044,commissioning,on-site,2025-03-14
A004175,K0380,I01044,service_plan,none,2025-03-14
A004176,K0380,I01044,support_tier,dedicated,2025-03-14
A004177,K0228,I01045,sku_quoted,P019,2025-01-11
A004178,K0228,I01045,commissioning,guided,2025-01-11
A004179,K0228,I01045,service_plan,none,2025-01-11
A004180,K0228,I01045,support_tier,dedicated,2025-01-11
A004181,K0380,I01046,sku_quoted,P022,2025-02-25
A004182,K0380,I01046,commissioning,guided,2025-02-25
A004183,K0380,I01046,service_plan,none,2025-02-25
A004184,K0380,I01046,support_tier,dedicated,2025-02-25
A004185,K0277,I01047,sku_quoted,P011,2025-07-08
A004186,K0277,I01047,commissioning,on-site,2025-07-08
A004187,K0277,I01047,service_plan,premium,2025-07-08
A004188,K0277,I01047,support_tier,pooled,2025-07-08
A004189,K0142,I01048,sku_quoted,P031,2025-02-12
A004190,K0142,I01048,commissioning,self,2025-02-12
A004191,K0142,I01048,service_plan,standard,2025-02-12
A004192,K0142,I01048,support_tier,pooled,2025-02-12
A004193,K0056,I01049,sku_quoted,P017,2025-07-31
A004194,K0056,I01049,commissioning,self,2025-07-31
A004195,K0056,I01049,service_plan,premium,2025-07-31
A004196,K0056,I01049,support_tier,pooled,2025-07-31
A004197,K0306,I01050,sku_quoted,P015,2025-06-28
A004198,K0306,I01050,commissioning,on-site,2025-06-28
A004199,K0306,I01050,service_plan,premium,2025-06-28
A004200,K0306,I01050,support_tier,pooled,2025-06-28
A004201,K0380,I01051,sku_quoted,P016,2025-08-14
A004202,K0380,I01051,commissioning,guided,2025-08-14
A004203,K0380,I01051,service_plan,premium,2025-08-14
A004204,K0380,I01051,support_tier,pooled,2025-08-14
A004205,K0400,I01052,sku_quoted,P011,2024-03-22
A004206,K0400,I01052,commissioning,self,2024-03-22
A004207,K0400,I01052,service_plan,premium,2024-03-22
A004208,K0400,I01052,support_tier,pooled,2024-03-22
A004209,K0438,I01053,sku_quoted,P015,2025-02-12
A004210,K0438,I01053,commissioning,on-site,2025-02-12
A004211,K0438,I01053,service_plan,none,2025-02-12
A004212,K0438,I01053,support_tier,dedicated,2025-02-12
A004213,K0410,I01054,sku_quoted,P026,2025-06-19
A004214,K0410,I01054,commissioning,on-site,2025-06-19
A004215,K0410,I01054,service_plan,standard,2025-06-19
A004216,K0410,I01054,support_tier,pooled,2025-06-19
A004217,K0308,I01055,sku_quoted,P028,2025-07-14
A004218,K0308,I01055,commissioning,guided,2025-07-14
A004219,K0308,I01055,service_plan,premium,2025-07-14
A004220,K0308,I01055,support_tier,dedicated,2025-07-14
A004221,K0052,I01056,sku_quoted,P022,2024-09-25
A004222,K0052,I01056,commissioning,on-site,2024-09-25
A004223,K0052,I01056,service_plan,standard,2024-09-25
A004224,K0052,I01056,support_tier,pooled,2024-09-25
A004225,K0249,I01057,sku_quoted,P010,2025-04-05
A004226,K0249,I01057,commissioning,self,2025-04-05
A004227,K0249,I01057,service_plan,standard,2025-04-05
A004228,K0249,I01057,support_tier,dedicated,2025-04-05
A004229,K0245,I01058,sku_quoted,P001,2024-05-15
A004230,K0245,I01058,commissioning,on-site,2024-05-15
A004231,K0245,I01058,service_plan,standard,2024-05-15
A004232,K0245,I01058,support_tier,pooled,2024-05-15
A004233,K0173,I01059,sku_quoted,P008,2024-07-13
A004234,K0173,I01059,commissioning,self,2024-07-13
A004235,K0173,I01059,service_plan,premium,2024-07-13
A004236,K0173,I01059,support_tier,dedicated,2024-07-13
A004237,K0290,I01060,sku_quoted,P033,2025-02-13
A004238,K0290,I01060,commissioning,self,2025-02-13
A004239,K0290,I01060,service_plan,standard,2025-02-13
A004240,K0290,I01060,support_tier,pooled,2025-02-13
A004241,K0266,I01061,sku_quoted,P041,2025-03-10
A004242,K0266,I01061,commissioning,self,2025-03-10
A004243,K0266,I01061,service_plan,none,2025-03-10
A004244,K0266,I01061,support_tier,dedicated,2025-03-10
A004245,K0180,I01062,sku_quoted,P023,2024-10-07
A004246,K0180,I01062,commissioning,guided,2024-10-07
A004247,K0180,I01062,service_plan,premium,2024-10-07
A004248,K0180,I01062,support_tier,pooled,2024-10-07
A004249,K0278,I01063,sku_quoted,P011,2024-10-19
A004250,K0278,I01063,commissioning,guided,2024-10-19
A004251,K0278,I01063,service_plan,standard,2024-10-19
A004252,K0278,I01063,support_tier,dedicated,2024-10-19
A004253,K0272,I01064,sku_quoted,P031,2024-10-23
A004254,K0272,I01064,commissioning,on-site,2024-10-23
A004255,K0272,I01064,service_plan,none,2024-10-23
A004256,K0272,I01064,support_tier,dedicated,2024-10-23
A004257,K0463,I01065,sku_quoted,P009,2025-04-09
A004258,K0463,I01065,commissioning,self,2025-04-09
A004259,K0463,I01065,service_plan,none,2025-04-09
A004260,K0463,I01065,support_tier,pooled,2025-04-09
A004261,K0422,I01066,sku_quoted,P028,2024-02-23
A004262,K0422,I01066,commissioning,self,2024-02-23
A004263,K0422,I01066,service_plan,none,2024-02-23
A004264,K0422,I01066,support_tier,dedicated,2024-02-23
A004265,K0328,I01067,sku_quoted,P002,2024-09-24
A004266,K0328,I01067,commissioning,self,2024-09-24
A004267,K0328,I01067,service_plan,none,2024-09-24
A004268,K0328,I01067,support_tier,pooled,2024-09-24
A004269,K0376,I01068,sku_quoted,P008,2025-06-30
A004270,K0376,I01068,commissioning,self,2025-06-30
A004271,K0376,I01068,service_plan,none,2025-06-30
A004272,K0376,I01068,support_tier,dedicated,2025-06-30
A004273,K0087,I01069,sku_quoted,P034,2024-07-02
A004274,K0087,I01069,commissioning,self,2024-07-02
A004275,K0087,I01069,service_plan,none,2024-07-02
A004276,K0087,I01069,support_tier,pooled,2024-07-02
A004277,K0027,I01070,sku_quoted,P002,2024-04-13
A004278,K0027,I01070,commissioning,guided,2024-04-13
A004279,K0027,I01070,service_plan,standard,2024-04-13
A004280,K0027,I01070,support_tier,pooled,2024-04-13
A004281,K0106,I01071,sku_quoted,P025,2024-07-10
A004282,K0106,I01071,commissioning,self,2024-07-10
A004283,K0106,I01071,service_plan,standard,2024-07-10
A004284,K0106,I01071,support_tier,pooled,2024-07-10
A004285,K0028,I01072,sku_quoted,P032,2025-03-31
A004286,K0028,I01072,commissioning,guided,2025-03-31
A004287,K0028,I01072,service_plan,standard,2025-03-31
A004288,K0028,I01072,support_tier,dedicated,2025-03-31
A004289,K0511,I01073,sku_quoted,P037,2025-01-17
A004290,K0511,I01073,commissioning,on-site,2025-01-17
A004291,K0511,I01073,service_plan,standard,2025-01-17
A004292,K0511,I01073,support_tier,pooled,2025-01-17
A004293,K0284,I01074,sku_quoted,P012,2024-12-24
A004294,K0284,I01074,commissioning,on-site,2024-12-24
A004295,K0284,I01074,service_plan,none,2024-12-24
A004296,K0284,I01074,support_tier,dedicated,2024-12-24
A004297,K0321,I01075,sku_quoted,P025,2024-05-25
A004298,K0321,I01075,commissioning,guided,2024-05-25
A004299,K0321,I01075,service_plan,standard,2024-05-25
A004300,K0321,I01075,support_tier,pooled,2024-05-25
A004301,K0339,I01076,sku_quoted,P001,2025-04-14
A004302,K0339,I01076,commissioning,self,2025-04-14
A004303,K0339,I01076,service_plan,standard,2025-04-14
A004304,K0339,I01076,support_tier,pooled,2025-04-14
A004305,K0107,I01077,sku_quoted,P008,2024-03-25
A004306,K0107,I01077,commissioning,guided,2024-03-25
A004307,K0107,I01077,service_plan,premium,2024-03-25
A004308,K0107,I01077,support_tier,pooled,2024-03-25
A004309,K0083,I01078,sku_quoted,P025,2025-02-28
A004310,K0083,I01078,commissioning,guided,2025-02-28
A004311,K0083,I01078,service_plan,standard,2025-02-28
A004312,K0083,I01078,support_tier,dedicated,2025-02-28
A004313,K0473,I01079,sku_quoted,P027,2025-07-22
A004314,K0473,I01079,commissioning,guided,2025-07-22
A004315,K0473,I01079,service_plan,none,2025-07-22
A004316,K0473,I01079,support_tier,dedicated,2025-07-22
A004317,K0181,I01080,sku_quoted,P032,2025-04-15
A004318,K0181,I01080,commissioning,guided,2025-04-15
A004319,K0181,I01080,service_plan,standard,2025-04-15
A004320,K0181,I01080,support_tier,dedicated,2025-04-15
A004321,K0090,I01081,sku_quoted,P040,2024-11-17
A004322,K0090,I01081,commissioning,on-site,2024-11-17
A004323,K0090,I01081,service_plan,none,2024-11-17
A004324,K0090,I01081,support_tier,dedicated,2024-11-17
A004325,K0184,I01082,sku_quoted,P034,2024-04-11
A004326,K0184,I01082,commissioning,on-site,2024-04-11
A004327,K0184,I01082,service_plan,none,2024-04-11
A004328,K0184,I01082,support_tier,pooled,2024-04-11
A004329,K0519,I01083,sku_quoted,P034,2025-04-03
A004330,K0519,I01083,commissioning,on-site,2025-04-03
A004331,K0519,I01083,service_plan,none,2025-04-03
A004332,K0519,I01083,support_tier,dedicated,2025-04-03
A004333,K0234,I01084,sku_quoted,P025,2024-04-26
A004334,K0234,I01084,commissioning,guided,2024-04-26
A004335,K0234,I01084,service_plan,standard,2024-04-26
A004336,K0234,I01084,support_tier,dedicated,2024-04-26
A004337,K0144,I01085,sku_quoted,P032,2024-05-07
A004338,K0144,I01085,commissioning,self,2024-05-07
A004339,K0144,I01085,service_plan,standard,2024-05-07
A004340,K0144,I01085,support_tier,dedicated,2024-05-07
A004341,K0288,I01086,sku_quoted,P013,2024-06-30
A004342,K0288,I01086,commissioning,guided,2024-06-30
A004343,K0288,I01086,service_plan,none,2024-06-30
A004344,K0288,I01086,support_tier,dedicated,2024-06-30
A004345,K0402,I01087,sku_quoted,P002,2024-12-01
A004346,K0402,I01087,commissioning,self,2024-12-01
A004347,K0402,I01087,service_plan,standard,2024-12-01
A004348,K0402,I01087,support_tier,pooled,2024-12-01
A004349,K0434,I01088,sku_quoted,P028,2024-11-01
A004350,K0434,I01088,commissioning,on-site,2024-11-01
A004351,K0434,I01088,service_plan,standard,2024-11-01
A004352,K0434,I01088,support_tier,dedicated,2024-11-01
A004353,K0106,I01089,sku_quoted,P025,2024-08-04
A004354,K0106,I01089,commissioning,self,2024-08-04
A004355,K0106,I01089,service_plan,premium,2024-08-04
A004356,K0106,I01089,support_tier,pooled,2024-08-04
A004357,K0359,I01090,sku_quoted,P030,2024-05-06
A004358,K0359,I01090,commissioning,on-site,2024-05-06
A004359,K0359,I01090,service_plan,standard,2024-05-06
A004360,K0359,I01090,support_tier,pooled,2024-05-06
A004361,K0388,I01091,sku_quoted,P025,2025-02-06
A004362,K0388,I01091,commissioning,self,2025-02-06
A004363,K0388,I01091,service_plan,premium,2025-02-06
A004364,K0388,I01091,support_tier,pooled,2025-02-06
A004365,K0503,I01092,sku_quoted,P011,2024-08-15
A004366,K0503,I01092,commissioning,guided,2024-08-15
A004367,K0503,I01092,service_plan,premium,2024-08-15
A004368,K0503,I01092,support_tier,pooled,2024-08-15
A004369,K0069,I01093,sku_quoted,P003,2025-05-06
A004370,K0069,I01093,commissioning,self,2025-05-06
A004371,K0069,I01093,service_plan,standard,2025-05-06
A004372,K0069,I01093,support_tier,dedicated,2025-05-06
A004373,K0187,I01094,sku_quoted,P025,2024-08-16
A004374,K0187,I01094,commissioning,guided,2024-08-16
A004375,K0187,I01094,service_plan,premium,2024-08-16
A004376,K0187,I01094,support_tier,dedicated,2024-08-16
A004377,K0070,I01095,sku_quoted,P029,2025-04-14
A004378,K0070,I01095,commissioning,on-site,2025-04-14
A004379,K0070,I01095,service_plan,standard,2025-04-14
A004380,K0070,I01095,support_tier,pooled,2025-04-14
A004381,K0486,I01096,sku_quoted,P011,2024-10-06
A004382,K0486,I01096,commissioning,guided,2024-10-06
A004383,K0486,I01096,service_plan,premium,2024-10-06
A004384,K0486,I01096,support_tier,pooled,2024-10-06
A004385,K0241,I01097,sku_quoted,P016,2024-11-24
A004386,K0241,I01097,commissioning,on-site,2024-11-24
A004387,K0241,I01097,service_plan,premium,2024-11-24
A004388,K0241,I01097,support_tier,pooled,2024-11-24
A004389,K0098,I01098,sku_quoted,P038,2024-12-20
A004390,K0098,I01098,commissioning,guided,2024-12-20
A004391,K0098,I01098,service_plan,standard,2024-12-20
A004392,K0098,I01098,support_tier,dedicated,2024-12-20
A004393,K0188,I01099,sku_quoted,P029,2024-06-06
A004394,K0188,I01099,commissioning,guided,2024-06-06
A004395,K0188,I01099,service_plan,standard,2024-06-06
A004396,K0188,I01099,support_tier,pooled,2024-06-06
A004397,K0497,I01100,sku_quoted,P038,2024-10-22
A004398,K0497,I01100,commissioning,on-site,2024-10-22
A004399,K0497,I01100,service_plan,standard,2024-10-22
A004400,K0497,I01100,support_tier,dedicated,2024-10-22
A004401,K0431,I01101,sku_quoted,P031,2025-06-28
A004402,K0431,I01101,commissioning,guided,2025-06-28
A004403,K0431,I01101,service_plan,standard,2025-06-28
A004404,K0431,I01101,support_tier,dedicated,2025-06-28
A004405,K0446,I01102,sku_quoted,P016,2024-03-31
A004406,K0446,I01102,commissioning,self,2024-03-31
A004407,K0446,I01102,service_plan,none,2024-03-31
A004408,K0446,I01102,support_tier,pooled,2024-03-31
A004409,K0461,I01103,sku_quoted,P011,2024-07-12
A004410,K0461,I01103,commissioning,self,2024-07-12
A004411,K0461,I01103,service_plan,premium,2024-07-12
A004412,K0461,I01103,support_tier,pooled,2024-07-12
A004413,K0508,I01104,sku_quoted,P025,2024-10-22
A004414,K0508,I01104,commissioning,on-site,2024-10-22
A004415,K0508,I01104,service_plan,none,2024-10-22
A004416,K0508,I01104,support_tier,dedicated,2024-10-22
A004417,K0373,I01105,sku_quoted,P018,2025-04-28
A004418,K0373,I01105,commissioning,guided,2025-04-28
A004419,K0373,I01105,service_plan,none,2025-04-28
A004420,K0373,I01105,support_tier,dedicated,2025-04-28
A004421,K0507,I01106,sku_quoted,P015,2024-05-11
A004422,K0507,I01106,commissioning,self,2024-05-11
A004423,K0507,I01106,service_plan,none,2024-05-11
A004424,K0507,I01106,support_tier,pooled,2024-05-11
A004425,K0517,I01107,sku_quoted,P001,2025-04-22
A004426,K0517,I01107,commissioning,self,2025-04-22
A004427,K0517,I01107,service_plan,none,2025-04-22
A004428,K0517,I01107,support_tier,pooled,2025-04-22
A004429,K0267,I01108,sku_quoted,P023,2025-02-28
A004430,K0267,I01108,commissioning,self,2025-02-28
A004431,K0267,I01108,service_plan,standard,2025-02-28
A004432,K0267,I01108,support_tier,pooled,2025-02-28
A004433,K0235,I01109,sku_quoted,P013,2024-10-18
A004434,K0235,I01109,commissioning,on-site,2024-10-18
A004435,K0235,I01109,service_plan,standard,2024-10-18
A004436,K0235,I01109,support_tier,pooled,2024-10-18
A004437,K0124,I01110,sku_quoted,P041,2025-01-11
A004438,K0124,I01110,commissioning,on-site,2025-01-11
A004439,K0124,I01110,service_plan,none,2025-01-11
A004440,K0124,I01110,support_tier,pooled,2025-01-11
A004441,K0328,I01111,sku_quoted,P040,2024-08-07
A004442,K0328,I01111,commissioning,on-site,2024-08-07
A004443,K0328,I01111,service_plan,none,2024-08-07
A004444,K0328,I01111,support_tier,pooled,2024-08-07
A004445,K0227,I01112,sku_quoted,P016,2024-08-30
A004446,K0227,I01112,commissioning,self,2024-08-30
A004447,K0227,I01112,service_plan,standard,2024-08-30
A004448,K0227,I01112,support_tier,pooled,2024-08-30
A004449,K0394,I01113,sku_quoted,P019,2025-04-06
A004450,K0394,I01113,commissioning,guided,2025-04-06
A004451,K0394,I01113,service_plan,premium,2025-04-06
A004452,K0394,I01113,support_tier,dedicated,2025-04-06
A004453,K0121,I01114,sku_quoted,P006,2025-04-21
A004454,K0121,I01114,commissioning,guided,2025-04-21
A004455,K0121,I01114,service_plan,standard,2025-04-21
A004456,K0121,I01114,support_tier,dedicated,2025-04-21
A004457,K0390,I01115,sku_quoted,P021,2024-05-16
A004458,K0390,I01115,commissioning,self,2024-05-16
A004459,K0390,I01115,service_plan,standard,2024-05-16
A004460,K0390,I01115,support_tier,dedicated,2024-05-16
A004461,K0132,I01116,sku_quoted,P022,2025-03-27
A004462,K0132,I01116,commissioning,on-site,2025-03-27
A004463,K0132,I01116,service_plan,none,2025-03-27
A004464,K0132,I01116,support_tier,dedicated,2025-03-27
A004465,K0512,I01117,sku_quoted,P016,2025-03-17
A004466,K0512,I01117,commissioning,guided,2025-03-17
A004467,K0512,I01117,service_plan,none,2025-03-17
A004468,K0512,I01117,support_tier,pooled,2025-03-17
A004469,K0473,I01118,sku_quoted,P007,2024-09-12
A004470,K0473,I01118,commissioning,guided,2024-09-12
A004471,K0473,I01118,service_plan,premium,2024-09-12
A004472,K0473,I01118,support_tier,dedicated,2024-09-12
A004473,K0477,I01119,sku_quoted,P029,2024-04-02
A004474,K0477,I01119,commissioning,self,2024-04-02
A004475,K0477,I01119,service_plan,none,2024-04-02
A004476,K0477,I01119,support_tier,dedicated,2024-04-02
A004477,K0227,I01120,sku_quoted,P030,2024-10-11
A004478,K0227,I01120,commissioning,guided,2024-10-11
A004479,K0227,I01120,service_plan,premium,2024-10-11
A004480,K0227,I01120,support_tier,pooled,2024-10-11
A004481,K0320,I01121,sku_quoted,P023,2024-02-27
A004482,K0320,I01121,commissioning,guided,2024-02-27
A004483,K0320,I01121,service_plan,none,2024-02-27
A004484,K0320,I01121,support_tier,dedicated,2024-02-27
A004485,K0105,I01122,sku_quoted,P013,2024-11-20
A004486,K0105,I01122,commissioning,guided,2024-11-20
A004487,K0105,I01122,service_plan,standard,2024-11-20
A004488,K0105,I01122,support_tier,dedicated,2024-11-20
A004489,K0426,I01123,sku_quoted,P038,2024-08-09
A004490,K0426,I01123,commissioning,on-site,2024-08-09
A004491,K0426,I01123,service_plan,premium,2024-08-09
A004492,K0426,I01123,support_tier,dedicated,2024-08-09
A004493,K0423,I01124,sku_quoted,P042,2024-10-25
A004494,K0423,I01124,commissioning,guided,2024-10-25
A004495,K0423,I01124,service_plan,standard,2024-10-25
A004496,K0423,I01124,support_tier,pooled,2024-10-25
A004497,K0413,I01125,sku_quoted,P036,2024-05-30
A004498,K0413,I01125,commissioning,on-site,2024-05-30
A004499,K0413,I01125,service_plan,standard,2024-05-30
A004500,K0413,I01125,support_tier,pooled,2024-05-30
A004501,K0487,I01126,sku_quoted,P041,2025-04-10
A004502,K0487,I01126,commissioning,on-site,2025-04-10
A004503,K0487,I01126,service_plan,standard,2025-04-10
A004504,K0487,I01126,support_tier,dedicated,2025-04-10
A004505,K0122,I01127,sku_quoted,P038,2025-06-01
A004506,K0122,I01127,commissioning,self,2025-06-01
A004507,K0122,I01127,service_plan,premium,2025-06-01
A004508,K0122,I01127,support_tier,dedicated,2025-06-01
A004509,K0181,I01128,sku_quoted,P030,2024-04-03
A004510,K0181,I01128,commissioning,guided,2024-04-03
A004511,K0181,I01128,service_plan,standard,2024-04-03
A004512,K0181,I01128,support_tier,pooled,2024-04-03
A004513,K0297,I01129,sku_quoted,P016,2025-08-25
A004514,K0297,I01129,commissioning,guided,2025-08-25
A004515,K0297,I01129,service_plan,standard,2025-08-25
A004516,K0297,I01129,support_tier,pooled,2025-08-25
A004517,K0253,I01130,sku_quoted,P006,2024-07-25
A004518,K0253,I01130,commissioning,guided,2024-07-25
A004519,K0253,I01130,service_plan,premium,2024-07-25
A004520,K0253,I01130,support_tier,dedicated,2024-07-25
A004521,K0384,I01131,sku_quoted,P039,2024-04-02
A004522,K0384,I01131,commissioning,guided,2024-04-02
A004523,K0384,I01131,service_plan,standard,2024-04-02
A004524,K0384,I01131,support_tier,dedicated,2024-04-02
A004525,K0069,I01132,sku_quoted,P019,2024-08-03
A004526,K0069,I01132,commissioning,guided,2024-08-03
A004527,K0069,I01132,service_plan,standard,2024-08-03
A004528,K0069,I01132,support_tier,dedicated,2024-08-03
A004529,K0460,I01133,sku_quoted,P022,2025-05-12
A004530,K0460,I01133,commissioning,self,2025-05-12
A004531,K0460,I01133,service_plan,none,2025-05-12
A004532,K0460,I01133,support_tier,pooled,2025-05-12
A004533,K0442,I01134,sku_quoted,P040,2024-04-13
A004534,K0442,I01134,commissioning,guided,2024-04-13
A004535,K0442,I01134,service_plan,standard,2024-04-13
A004536,K0442,I01134,support_tier,pooled,2024-04-13
A004537,K0516,I01135,sku_quoted,P018,2024-06-14
A004538,K0516,I01135,commissioning,guided,2024-06-14
A004539,K0516,I01135,service_plan,standard,2024-06-14
A004540,K0516,I01135,support_tier,dedicated,2024-06-14
A004541,K0164,I01136,sku_quoted,P039,2025-07-18
A004542,K0164,I01136,commissioning,on-site,2025-07-18
A004543,K0164,I01136,service_plan,standard,2025-07-18
A004544,K0164,I01136,support_tier,dedicated,2025-07-18
A004545,K0446,I01137,sku_quoted,P005,2025-01-05
A004546,K0446,I01137,commissioning,guided,2025-01-05
A004547,K0446,I01137,service_plan,standard,2025-01-05
A004548,K0446,I01137,support_tier,dedicated,2025-01-05
A004549,K0273,I01138,sku_quoted,P029,2025-03-17
A004550,K0273,I01138,commissioning,self,2025-03-17
A004551,K0273,I01138,service_plan,none,2025-03-17
A004552,K0273,I01138,support_tier,pooled,2025-03-17
A004553,K0414,I01139,sku_quoted,P036,2025-03-03
A004554,K0414,I01139,commissioning,guided,2025-03-03
A004555,K0414,I01139,service_plan,standard,2025-03-03
A004556,K0414,I01139,support_tier,pooled,2025-03-03
A004557,K0271,I01140,sku_quoted,P022,2024-12-22
A004558,K0271,I01140,commissioning,guided,2024-12-22
A004559,K0271,I01140,service_plan,standard,2024-12-22
A004560,K0271,I01140,support_tier,pooled,2024-12-22
A004561,K0291,I01141,sku_quoted,P036,2024-12-25
A004562,K0291,I01141,commissioning,self,2024-12-25
A004563,K0291,I01141,service_plan,standard,2024-12-25
A004564,K0291,I01141,support_tier,pooled,2024-12-25
A004565,K0225,I01142,sku_quoted,P007,2025-03-23
A004566,K0225,I01142,commissioning,on-site,2025-03-23
A004567,K0225,I01142,service_plan,standard,2025-03-23
A004568,K0225,I01142,support_tier,dedicated,2025-03-23
A004569,K0443,I01143,sku_quoted,P036,2024-11-23
A004570,K0443,I01143,commissioning,on-site,2024-11-23
A004571,K0443,I01143,service_plan,standard,2024-11-23
A004572,K0443,I01143,support_tier,pooled,2024-11-23
A004573,K0073,I01144,sku_quoted,P008,2024-04-22
A004574,K0073,I01144,commissioning,on-site,2024-04-22
A004575,K0073,I01144,service_plan,standard,2024-04-22
A004576,K0073,I01144,support_tier,pooled,2024-04-22
A004577,K0354,I01145,sku_quoted,P027,2024-10-14
A004578,K0354,I01145,commissioning,self,2024-10-14
A004579,K0354,I01145,service_plan,premium,2024-10-14
A004580,K0354,I01145,support_tier,pooled,2024-10-14
A004581,K0498,I01146,sku_quoted,P042,2024-07-02
A004582,K0498,I01146,commissioning,on-site,2024-07-02
A004583,K0498,I01146,service_plan,standard,2024-07-02
A004584,K0498,I01146,support_tier,pooled,2024-07-02
A004585,K0234,I01147,sku_quoted,P002,2024-06-13
A004586,K0234,I01147,commissioning,on-site,2024-06-13
A004587,K0234,I01147,service_plan,standard,2024-06-13
A004588,K0234,I01147,support_tier,dedicated,2024-06-13
A004589,K0022,I01148,sku_quoted,P033,2024-05-18
A004590,K0022,I01148,commissioning,guided,2024-05-18
A004591,K0022,I01148,service_plan,standard,2024-05-18
A004592,K0022,I01148,support_tier,dedicated,2024-05-18
A004593,K0307,I01149,sku_quoted,P013,2024-08-14
A004594,K0307,I01149,commissioning,self,2024-08-14
A004595,K0307,I01149,service_plan,none,2024-08-14
A004596,K0307,I01149,support_tier,pooled,2024-08-14
A004597,K0299,I01150,sku_quoted,P028,2025-01-19
A004598,K0299,I01150,commissioning,self,2025-01-19
A004599,K0299,I01150,service_plan,premium,2025-01-19
A004600,K0299,I01150,support_tier,pooled,2025-01-19
A004601,K0206,I01151,sku_quoted,P005,2024-10-14
A004602,K0206,I01151,commissioning,self,2024-10-14
A004603,K0206,I01151,service_plan,standard,2024-10-14
A004604,K0206,I01151,support_tier,dedicated,2024-10-14
A004605,K0058,I01152,sku_quoted,P041,2024-09-02
A004606,K0058,I01152,commissioning,on-site,2024-09-02
A004607,K0058,I01152,service_plan,none,2024-09-02
A004608,K0058,I01152,support_tier,dedicated,2024-09-02
A004609,K0005,I01153,sku_quoted,P029,2024-04-02
A004610,K0005,I01153,commissioning,self,2024-04-02
A004611,K0005,I01153,service_plan,standard,2024-04-02
A004612,K0005,I01153,support_tier,pooled,2024-04-02
A004613,K0130,I01154,sku_quoted,P039,2025-06-07
A004614,K0130,I01154,commissioning,guided,2025-06-07
A004615,K0130,I01154,service_plan,standard,2025-06-07
A004616,K0130,I01154,support_tier,pooled,2025-06-07
A004617,K0102,I01155,sku_quoted,P021,2024-09-25
A004618,K0102,I01155,commissioning,self,2024-09-25
A004619,K0102,I01155,service_plan,standard,2024-09-25
A004620,K0102,I01155,support_tier,pooled,2024-09-25
A004621,K0329,I01156,sku_quoted,P037,2024-07-22
A004622,K0329,I01156,commissioning,on-site,2024-07-22
A004623,K0329,I01156,service_plan,none,2024-07-22
A004624,K0329,I01156,support_tier,pooled,2024-07-22
A004625,K0189,I01157,sku_quoted,P036,2024-09-09
A004626,K0189,I01157,commissioning,on-site,2024-09-09
A004627,K0189,I01157,service_plan,standard,2024-09-09
A004628,K0189,I01157,support_tier,pooled,2024-09-09
A004629,K0064,I01158,sku_quoted,P012,2024-11-18
A004630,K0064,I01158,commissioning,self,2024-11-18
A004631,K0064,I01158,service_plan,standard,2024-11-18
A004632,K0064,I01158,support_tier,dedicated,2024-11-18
A004633,K0257,I01159,sku_quoted,P034,2024-07-07
A004634,K0257,I01159,commissioning,on-site,2024-07-07
A004635,K0257,I01159,service_plan,standard,2024-07-07
A004636,K0257,I01159,support_tier,dedicated,2024-07-07
A004637,K0109,I01160,sku_quoted,P029,2025-07-03
A004638,K0109,I01160,commissioning,on-site,2025-07-03
A004639,K0109,I01160,service_plan,standard,2025-07-03
A004640,K0109,I01160,support_tier,pooled,2025-07-03
A004641,K0078,I01161,sku_quoted,P037,2024-10-10
A004642,K0078,I01161,commissioning,on-site,2024-10-10
A004643,K0078,I01161,service_plan,standard,2024-10-10
A004644,K0078,I01161,support_tier,pooled,2024-10-10
A004645,K0478,I01162,sku_quoted,P002,2024-09-14
A004646,K0478,I01162,commissioning,on-site,2024-09-14
A004647,K0478,I01162,service_plan,standard,2024-09-14
A004648,K0478,I01162,support_tier,pooled,2024-09-14
A004649,K0105,I01163,sku_quoted,P017,2024-06-07
A004650,K0105,I01163,commissioning,on-site,2024-06-07
A004651,K0105,I01163,service_plan,premium,2024-06-07
A004652,K0105,I01163,support_tier,dedicated,2024-06-07
A004653,K0321,I01164,sku_quoted,P025,2024-04-16
A004654,K0321,I01164,commissioning,guided,2024-04-16
A004655,K0321,I01164,service_plan,none,2024-04-16
A004656,K0321,I01164,support_tier,pooled,2024-04-16
A004657,K0084,I01165,sku_quoted,P023,2025-04-21
A004658,K0084,I01165,commissioning,self,2025-04-21
A004659,K0084,I01165,service_plan,standard,2025-04-21
A004660,K0084,I01165,support_tier,dedicated,2025-04-21
A004661,K0443,I01166,sku_quoted,P038,2024-05-25
A004662,K0443,I01166,commissioning,on-site,2024-05-25
A004663,K0443,I01166,service_plan,none,2024-05-25
A004664,K0443,I01166,support_tier,dedicated,2024-05-25
A004665,K0427,I01167,sku_quoted,P019,2024-05-18
A004666,K0427,I01167,commissioning,guided,2024-05-18
A004667,K0427,I01167,service_plan,standard,2024-05-18
A004668,K0427,I01167,support_tier,pooled,2024-05-18
A004669,K0007,I01168,sku_quoted,P038,2025-06-30
A004670,K0007,I01168,commissioning,self,2025-06-30
A004671,K0007,I01168,service_plan,standard,2025-06-30
A004672,K0007,I01168,support_tier,pooled,2025-06-30
A004673,K0214,I01169,sku_quoted,P012,2024-05-05
A004674,K0214,I01169,commissioning,self,2024-05-05
A004675,K0214,I01169,service_plan,none,2024-05-05
A004676,K0214,I01169,support_tier,dedicated,2024-05-05
A004677,K0498,I01170,sku_quoted,P028,2025-04-14
A004678,K0498,I01170,commissioning,guided,2025-04-14
A004679,K0498,I01170,service_plan,standard,2025-04-14
A004680,K0498,I01170,support_tier,dedicated,2025-04-14
A004681,K0131,I01171,sku_quoted,P035,2024-10-05
A004682,K0131,I01171,commissioning,on-site,2024-10-05
A004683,K0131,I01171,service_plan,premium,2024-10-05
A004684,K0131,I01171,support_tier,dedicated,2024-10-05
A004685,K0391,I01172,sku_quoted,P038,2024-11-09
A004686,K0391,I01172,commissioning,self,2024-11-09
A004687,K0391,I01172,service_plan,none,2024-11-09
A004688,K0391,I01172,support_tier,pooled,2024-11-09
A004689,K0511,I01173,sku_quoted,P002,2024-04-04
A004690,K0511,I01173,commissioning,self,2024-04-04
A004691,K0511,I01173,service_plan,standard,2024-04-04
A004692,K0511,I01173,support_tier,dedicated,2024-04-04
A004693,K0497,I01174,sku_quoted,P006,2025-08-12
A004694,K0497,I01174,commissioning,on-site,2025-08-12
A004695,K0497,I01174,service_plan,premium,2025-08-12
A004696,K0497,I01174,support_tier,dedicated,2025-08-12
A004697,K0251,I01175,sku_quoted,P024,2024-08-01
A004698,K0251,I01175,commissioning,on-site,2024-08-01
A004699,K0251,I01175,service_plan,standard,2024-08-01
A004700,K0251,I01175,support_tier,dedicated,2024-08-01
A004701,K0261,I01176,sku_quoted,P024,2024-11-03
A004702,K0261,I01176,commissioning,guided,2024-11-03
A004703,K0261,I01176,service_plan,standard,2024-11-03
A004704,K0261,I01176,support_tier,pooled,2024-11-03
A004705,K0228,I01177,sku_quoted,P039,2025-01-26
A004706,K0228,I01177,commissioning,guided,2025-01-26
A004707,K0228,I01177,service_plan,premium,2025-01-26
A004708,K0228,I01177,support_tier,pooled,2025-01-26
A004709,K0171,I01178,sku_quoted,P018,2025-03-15
A004710,K0171,I01178,commissioning,self,2025-03-15
A004711,K0171,I01178,service_plan,none,2025-03-15
A004712,K0171,I01178,support_tier,dedicated,2025-03-15
A004713,K0161,I01179,sku_quoted,P017,2024-10-08
A004714,K0161,I01179,commissioning,guided,2024-10-08
A004715,K0161,I01179,service_plan,standard,2024-10-08
A004716,K0161,I01179,support_tier,pooled,2024-10-08
A004717,K0435,I01180,sku_quoted,P012,2025-02-16
A004718,K0435,I01180,commissioning,self,2025-02-16
A004719,K0435,I01180,service_plan,standard,2025-02-16
A004720,K0435,I01180,support_tier,pooled,2025-02-16
A004721,K0129,I01181,sku_quoted,P007,2024-12-28
A004722,K0129,I01181,commissioning,guided,2024-12-28
A004723,K0129,I01181,service_plan,none,2024-12-28
A004724,K0129,I01181,support_tier,dedicated,2024-12-28
A004725,K0507,I01182,sku_quoted,P024,2025-03-17
A004726,K0507,I01182,commissioning,on-site,2025-03-17
A004727,K0507,I01182,service_plan,standard,2025-03-17
A004728,K0507,I01182,support_tier,pooled,2025-03-17
A004729,K0006,I01183,sku_quoted,P041,2024-03-19
A004730,K0006,I01183,commissioning,guided,2024-03-19
A004731,K0006,I01183,service_plan,standard,2024-03-19
A004732,K0006,I01183,support_tier,dedicated,2024-03-19
A004733,K0447,I01184,sku_quoted,P005,2025-01-14
A004734,K0447,I01184,commissioning,on-site,2025-01-14
A004735,K0447,I01184,service_plan,premium,2025-01-14
A004736,K0447,I01184,support_tier,dedicated,2025-01-14
A004737,K0459,I01185,sku_quoted,P036,2025-05-20
A004738,K0459,I01185,commissioning,guided,2025-05-20
A004739,K0459,I01185,service_plan,none,2025-05-20
A004740,K0459,I01185,support_tier,pooled,2025-05-20
A004741,K0256,I01186,sku_quoted,P014,2025-05-04
A004742,K0256,I01186,commissioning,on-site,2025-05-04
A004743,K0256,I01186,service_plan,none,2025-05-04
A004744,K0256,I01186,support_tier,dedicated,2025-05-04
A004745,K0176,I01187,sku_quoted,P042,2025-06-09
A004746,K0176,I01187,commissioning,guided,2025-06-09
A004747,K0176,I01187,service_plan,none,2025-06-09
A004748,K0176,I01187,support_tier,pooled,2025-06-09
A004749,K0372,I01188,sku_quoted,P033,2024-11-27
A004750,K0372,I01188,commissioning,self,2024-11-27
A004751,K0372,I01188,service_plan,standard,2024-11-27
A004752,K0372,I01188,support_tier,dedicated,2024-11-27
A004753,K0341,I01189,sku_quoted,P003,2024-11-19
A004754,K0341,I01189,commissioning,self,2024-11-19
A004755,K0341,I01189,service_plan,premium,2024-11-19
A004756,K0341,I01189,support_tier,pooled,2024-11-19
A004757,K0035,I01190,sku_quoted,P005,2025-01-26
A004758,K0035,I01190,commissioning,self,2025-01-26
A004759,K0035,I01190,service_plan,none,2025-01-26
A004760,K0035,I01190,support_tier,dedicated,2025-01-26
A004761,K0456,I01191,sku_quoted,P029,2025-07-30
A004762,K0456,I01191,commissioning,guided,2025-07-30
A004763,K0456,I01191,service_plan,none,2025-07-30
A004764,K0456,I01191,support_tier,dedicated,2025-07-30
A004765,K0152,I01192,sku_quoted,P017,2024-04-14
A004766,K0152,I01192,commissioning,guided,2024-04-14
A004767,K0152,I01192,service_plan,standard,2024-04-14
A004768,K0152,I01192,support_tier,dedicated,2024-04-14
A004769,K0349,I01193,sku_quoted,P014,2025-03-14
A004770,K0349,I01193,commissioning,on-site,2025-03-14
A004771,K0349,I01193,service_plan,none,2025-03-14
A004772,K0349,I01193,support_tier,dedicated,2025-03-14
A004773,K0418,I01194,sku_quoted,P039,2025-07-16
A004774,K0418,I01194,commissioning,on-site,2025-07-16
A004775,K0418,I01194,service_plan,premium,2025-07-16
A004776,K0418,I01194,support_tier,dedicated,2025-07-16
A004777,K0431,I01195,sku_quoted,P010,2024-07-06
A004778,K0431,I01195,commissioning,self,2024-07-06
A004779,K0431,I01195,service_plan,premium,2024-07-06
A004780,K0431,I01195,support_tier,dedicated,2024-07-06
A004781,K0310,I01196,sku_quoted,P042,2024-08-02
A004782,K0310,I01196,commissioning,self,2024-08-02
A004783,K0310,I01196,service_plan,none,2024-08-02
A004784,K0310,I01196,support_tier,dedicated,2024-08-02
A004785,K0136,I01197,sku_quoted,P041,2024-08-26
A004786,K0136,I01197,commissioning,guided,2024-08-26
A004787,K0136,I01197,service_plan,none,2024-08-26
A004788,K0136,I01197,support_tier,pooled,2024-08-26
A004789,K0362,I01198,sku_quoted,P035,2025-05-06
A004790,K0362,I01198,commissioning,self,2025-05-06
A004791,K0362,I01198,service_plan,standard,2025-05-06
A004792,K0362,I01198,support_tier,dedicated,2025-05-06
A004793,K0028,I01199,sku_quoted,P008,2024-12-02
A004794,K0028,I01199,commissioning,guided,2024-12-02
A004795,K0028,I01199,service_plan,none,2024-12-02
A004796,K0028,I01199,support_tier,dedicated,2024-12-02
A004797,K0449,I01200,sku_quoted,P041,2025-03-27
A004798,K0449,I01200,commissioning,guided,2025-03-27
A004799,K0449,I01200,service_plan,premium,2025-03-27
A004800,K0449,I01200,support_tier,dedicated,2025-03-27
A004801,K0186,I01201,sku_quoted,P001,2025-06-06
A004802,K0186,I01201,commissioning,self,2025-06-06
A004803,K0186,I01201,service_plan,standard,2025-06-06
A004804,K0186,I01201,support_tier,pooled,2025-06-06
A004805,K0247,I01202,sku_quoted,P029,2024-10-14
A004806,K0247,I01202,commissioning,self,2024-10-14
A004807,K0247,I01202,service_plan,standard,2024-10-14
A004808,K0247,I01202,support_tier,dedicated,2024-10-14
A004809,K0293,I01203,sku_quoted,P011,2024-09-29
A004810,K0293,I01203,commissioning,self,2024-09-29
A004811,K0293,I01203,service_plan,standard,2024-09-29
A004812,K0293,I01203,support_tier,dedicated,2024-09-29
A004813,K0504,I01204,sku_quoted,P007,2025-08-01
A004814,K0504,I01204,commissioning,guided,2025-08-01
A004815,K0504,I01204,service_plan,standard,2025-08-01
A004816,K0504,I01204,support_tier,pooled,2025-08-01
A004817,K0495,I01205,sku_quoted,P026,2025-07-17
A004818,K0495,I01205,commissioning,guided,2025-07-17
A004819,K0495,I01205,service_plan,standard,2025-07-17
A004820,K0495,I01205,support_tier,dedicated,2025-07-17
A004821,K0417,I01206,sku_quoted,P034,2024-05-11
A004822,K0417,I01206,commissioning,self,2024-05-11
A004823,K0417,I01206,service_plan,standard,2024-05-11
A004824,K0417,I01206,support_tier,dedicated,2024-05-11
A004825,K0104,I01207,sku_quoted,P009,2024-06-17
A004826,K0104,I01207,commissioning,on-site,2024-06-17
A004827,K0104,I01207,service_plan,premium,2024-06-17
A004828,K0104,I01207,support_tier,dedicated,2024-06-17
A004829,K0123,I01208,sku_quoted,P035,2024-10-10
A004830,K0123,I01208,commissioning,self,2024-10-10
A004831,K0123,I01208,service_plan,standard,2024-10-10
A004832,K0123,I01208,support_tier,dedicated,2024-10-10
A004833,K0469,I01209,sku_quoted,P011,2024-07-14
A004834,K0469,I01209,commissioning,guided,2024-07-14
A004835,K0469,I01209,service_plan,standard,2024-07-14
A004836,K0469,I01209,support_tier,dedicated,2024-07-14
A004837,K0033,I01210,sku_quoted,P001,2024-08-05
A004838,K0033,I01210,commissioning,guided,2024-08-05
A004839,K0033,I01210,service_plan,premium,2024-08-05
A004840,K0033,I01210,support_tier,pooled,2024-08-05
A004841,K0368,I01211,sku_quoted,P020,2024-11-04
A004842,K0368,I01211,commissioning,on-site,2024-11-04
A004843,K0368,I01211,service_plan,none,2024-11-04
A004844,K0368,I01211,support_tier,dedicated,2024-11-04
A004845,K0185,I01212,sku_quoted,P006,2024-12-12
A004846,K0185,I01212,commissioning,guided,2024-12-12
A004847,K0185,I01212,service_plan,premium,2024-12-12
A004848,K0185,I01212,support_tier,dedicated,2024-12-12
A004849,K0266,I01213,sku_quoted,P040,2024-12-04
A004850,K0266,I01213,commissioning,guided,2024-12-04
A004851,K0266,I01213,service_plan,none,2024-12-04
A004852,K0266,I01213,support_tier,dedicated,2024-12-04
A004853,K0179,I01214,sku_quoted,P029,2025-04-19
A004854,K0179,I01214,commissioning,on-site,2025-04-19
A004855,K0179,I01214,service_plan,premium,2025-04-19
A004856,K0179,I01214,support_tier,pooled,2025-04-19
A004857,K0053,I01215,sku_quoted,P007,2024-07-28
A004858,K0053,I01215,commissioning,on-site,2024-07-28
A004859,K0053,I01215,service_plan,none,2024-07-28
A004860,K0053,I01215,support_tier,dedicated,2024-07-28
A004861,K0298,I01216,sku_quoted,P029,2024-08-07
A004862,K0298,I01216,commissioning,guided,2024-08-07
A004863,K0298,I01216,service_plan,standard,2024-08-07
A004864,K0298,I01216,support_tier,pooled,2024-08-07
A004865,K0209,I01217,sku_quoted,P002,2025-05-22
A004866,K0209,I01217,commissioning,guided,2025-05-22
A004867,K0209,I01217,service_plan,none,2025-05-22
A004868,K0209,I01217,support_tier,dedicated,2025-05-22
A004869,K0425,I01218,sku_quoted,P033,2024-11-20
A004870,K0425,I01218,commissioning,self,2024-11-20
A004871,K0425,I01218,service_plan,standard,2024-11-20
A004872,K0425,I01218,support_tier,dedicated,2024-11-20
A004873,K0394,I01219,sku_quoted,P036,2024-08-21
A004874,K0394,I01219,commissioning,guided,2024-08-21
A004875,K0394,I01219,service_plan,premium,2024-08-21
A004876,K0394,I01219,support_tier,pooled,2024-08-21
A004877,K0292,I01220,sku_quoted,P006,2025-08-23
A004878,K0292,I01220,commissioning,guided,2025-08-23
A004879,K0292,I01220,service_plan,premium,2025-08-23
A004880,K0292,I01220,support_tier,pooled,2025-08-23
A004881,K0023,I01221,sku_quoted,P014,2024-07-30
A004882,K0023,I01221,commissioning,self,2024-07-30
A004883,K0023,I01221,service_plan,premium,2024-07-30
A004884,K0023,I01221,support_tier,dedicated,2024-07-30
A004885,K0517,I01222,sku_quoted,P012,2024-07-03
A004886,K0517,I01222,commissioning,guided,2024-07-03
A004887,K0517,I01222,service_plan,none,2024-07-03
A004888,K0517,I01222,support_tier,pooled,2024-07-03
A004889,K0010,I01223,sku_quoted,P025,2024-08-31
A004890,K0010,I01223,commissioning,on-site,2024-08-31
A004891,K0010,I01223,service_plan,standard,2024-08-31
A004892,K0010,I01223,support_tier,dedicated,2024-08-31
A004893,K0273,I01224,sku_quoted,P034,2024-09-27
A004894,K0273,I01224,commissioning,self,2024-09-27
A004895,K0273,I01224,service_plan,standard,2024-09-27
A004896,K0273,I01224,support_tier,dedicated,2024-09-27
A004897,K0468,I01225,sku_quoted,P014,2024-04-16
A004898,K0468,I01225,commissioning,on-site,2024-04-16
A004899,K0468,I01225,service_plan,none,2024-04-16
A004900,K0468,I01225,support_tier,pooled,2024-04-16
A004901,K0401,I01226,sku_quoted,P035,2024-10-26
A004902,K0401,I01226,commissioning,guided,2024-10-26
A004903,K0401,I01226,service_plan,none,2024-10-26
A004904,K0401,I01226,support_tier,dedicated,2024-10-26
A004905,K0015,I01227,sku_quoted,P008,2025-07-09
A004906,K0015,I01227,commissioning,guided,2025-07-09
A004907,K0015,I01227,service_plan,premium,2025-07-09
A004908,K0015,I01227,support_tier,pooled,2025-07-09
A004909,K0485,I01228,sku_quoted,P008,2024-07-25
A004910,K0485,I01228,commissioning,guided,2024-07-25
A004911,K0485,I01228,service_plan,standard,2024-07-25
A004912,K0485,I01228,support_tier,pooled,2024-07-25
A004913,K0127,I01229,sku_quoted,P014,2025-07-22
A004914,K0127,I01229,commissioning,self,2025-07-22
A004915,K0127,I01229,service_plan,none,2025-07-22
A004916,K0127,I01229,support_tier,pooled,2025-07-22
A004917,K0223,I01230,sku_quoted,P041,2025-06-22
A004918,K0223,I01230,commissioning,guided,2025-06-22
A004919,K0223,I01230,service_plan,premium,2025-06-22
A004920,K0223,I01230,support_tier,dedicated,2025-06-22
A004921,K0074,I01231,sku_quoted,P018,2024-09-26
A004922,K0074,I01231,commissioning,on-site,2024-09-26
A004923,K0074,I01231,service_plan,standard,2024-09-26
A004924,K0074,I01231,support_tier,dedicated,2024-09-26
A004925,K0014,I01232,sku_quoted,P013,2025-04-05
A004926,K0014,I01232,commissioning,guided,2025-04-05
A004927,K0014,I01232,service_plan,standard,2025-04-05
A004928,K0014,I01232,support_tier,dedicated,2025-04-05
A004929,K0171,I01233,sku_quoted,P041,2024-11-19
A004930,K0171,I01233,commissioning,self,2024-11-19
A004931,K0171,I01233,service_plan,standard,2024-11-19
A004932,K0171,I01233,support_tier,dedicated,2024-11-19
A004933,K0337,I01234,sku_quoted,P019,2024-10-11
A004934,K0337,I01234,commissioning,on-site,2024-10-11
A004935,K0337,I01234,service_plan,standard,2024-10-11
A004936,K0337,I01234,support_tier,pooled,2024-10-11
A004937,K0235,I01235,sku_quoted,P034,2025-03-25
A004938,K0235,I01235,commissioning,self,2025-03-25
A004939,K0235,I01235,service_plan,none,2025-03-25
A004940,K0235,I01235,support_tier,dedicated,2025-03-25
A004941,K0516,I01236,sku_quoted,P011,2024-12-08
A004942,K0516,I01236,commissioning,on-site,2024-12-08
A004943,K0516,I01236,service_plan,standard,2024-12-08
A004944,K0516,I01236,support_tier,dedicated,2024-12-08
A004945,K0065,I01237,sku_quoted,P030,2025-03-14
A004946,K0065,I01237,commissioning,on-site,2025-03-14
A004947,K0065,I01237,service_plan,none,2025-03-14
A004948,K0065,I01237,support_tier,pooled,2025-03-14
A004949,K0199,I01238,sku_quoted,P019,2024-04-15
A004950,K0199,I01238,commissioning,on-site,2024-04-15
A004951,K0199,I01238,service_plan,premium,2024-04-15
A004952,K0199,I01238,support_tier,dedicated,2024-04-15
A004953,K0431,I01239,sku_quoted,P027,2024-08-20
A004954,K0431,I01239,commissioning,guided,2024-08-20
A004955,K0431,I01239,service_plan,none,2024-08-20
A004956,K0431,I01239,support_tier,dedicated,2024-08-20
A004957,K0114,I01240,sku_quoted,P032,2025-03-11
A004958,K0114,I01240,commissioning,on-site,2025-03-11
A004959,K0114,I01240,service_plan,standard,2025-03-11
A004960,K0114,I01240,support_tier,dedicated,2025-03-11
A004961,K0417,I01241,sku_quoted,P008,2024-04-27
A004962,K0417,I01241,commissioning,on-site,2024-04-27
A004963,K0417,I01241,service_plan,standard,2024-04-27
A004964,K0417,I01241,support_tier,dedicated,2024-04-27
A004965,K0207,I01242,sku_quoted,P040,2024-04-06
A004966,K0207,I01242,commissioning,guided,2024-04-06
A004967,K0207,I01242,service_plan,none,2024-04-06
A004968,K0207,I01242,support_tier,pooled,2024-04-06
A004969,K0175,I01243,sku_quoted,P039,2025-05-15
A004970,K0175,I01243,commissioning,guided,2025-05-15
A004971,K0175,I01243,service_plan,standard,2025-05-15
A004972,K0175,I01243,support_tier,pooled,2025-05-15
A004973,K0170,I01244,sku_quoted,P014,2025-03-12
A004974,K0170,I01244,commissioning,self,2025-03-12
A004975,K0170,I01244,service_plan,premium,2025-03-12
A004976,K0170,I01244,support_tier,pooled,2025-03-12
A004977,K0341,I01245,sku_quoted,P041,2024-01-26
A004978,K0341,I01245,commissioning,self,2024-01-26
A004979,K0341,I01245,service_plan,standard,2024-01-26
A004980,K0341,I01245,support_tier,pooled,2024-01-26
A004981,K0104,I01246,sku_quoted,P039,2024-04-24
A004982,K0104,I01246,commissioning,self,2024-04-24
A004983,K0104,I01246,service_plan,standard,2024-04-24
A004984,K0104,I01246,support_tier,dedicated,2024-04-24
A004985,K0018,I01247,sku_quoted,P008,2025-03-12
A004986,K0018,I01247,commissioning,guided,2025-03-12
A004987,K0018,I01247,service_plan,none,2025-03-12
A004988,K0018,I01247,support_tier,pooled,2025-03-12
A004989,K0315,I01248,sku_quoted,P025,2025-04-23
A004990,K0315,I01248,commissioning,guided,2025-04-23
A004991,K0315,I01248,service_plan,standard,2025-04-23
A004992,K0315,I01248,support_tier,pooled,2025-04-23
A004993,K0346,I01249,sku_quoted,P022,2024-05-30
A004994,K0346,I01249,commissioning,self,2024-05-30
A004995,K0346,I01249,service_plan,none,2024-05-30
A004996,K0346,I01249,support_tier,pooled,2024-05-30
A004997,K0319,I01250,sku_quoted,P037,2024-10-28
A004998,K0319,I01250,commissioning,guided,2024-10-28
A004999,K0319,I01250,service_plan,none,2024-10-28
A005000,K0319,I01250,support_tier,pooled,2024-10-28
A005001,K0517,I01251,sku_quoted,P025,2024-12-04
A005002,K0517,I01251,commissioning,self,2024-12-04
A005003,K0517,I01251,service_plan,standard,2024-12-04
A005004,K0517,I01251,support_tier,dedicated,2024-12-04
A005005,K0438,I01252,sku_quoted,P036,2025-07-03
A005006,K0438,I01252,commissioning,self,2025-07-03
A005007,K0438,I01252,service_plan,standard,2025-07-03
A005008,K0438,I01252,support_tier,pooled,2025-07-03
A005009,K0225,I01253,sku_quoted,P031,2025-02-24
A005010,K0225,I01253,commissioning,guided,2025-02-24
A005011,K0225,I01253,service_plan,premium,2025-02-24
A005012,K0225,I01253,support_tier,pooled,2025-02-24
A005013,K0296,I01254,sku_quoted,P020,2024-07-20
A005014,K0296,I01254,commissioning,on-site,2024-07-20
A005015,K0296,I01254,service_plan,none,2024-07-20
A005016,K0296,I01254,support_tier,dedicated,2024-07-20
A005017,K0056,I01255,sku_quoted,P014,2025-03-19
A005018,K0056,I01255,commissioning,guided,2025-03-19
A005019,K0056,I01255,service_plan,none,2025-03-19
A005020,K0056,I01255,support_tier,dedicated,2025-03-19
A005021,K0397,I01256,sku_quoted,P028,2024-10-23
A005022,K0397,I01256,commissioning,guided,2024-10-23
A005023,K0397,I01256,service_plan,standard,2024-10-23
A005024,K0397,I01256,support_tier,dedicated,2024-10-23
A005025,K0214,I01257,sku_quoted,P021,2025-04-27
A005026,K0214,I01257,commissioning,on-site,2025-04-27
A005027,K0214,I01257,service_plan,none,2025-04-27
A005028,K0214,I01257,support_tier,pooled,2025-04-27
A005029,K0421,I01258,sku_quoted,P033,2024-07-15
A005030,K0421,I01258,commissioning,on-site,2024-07-15
A005031,K0421,I01258,service_plan,none,2024-07-15
A005032,K0421,I01258,support_tier,pooled,2024-07-15
A005033,K0358,I01259,sku_quoted,P014,2024-08-19
A005034,K0358,I01259,commissioning,self,2024-08-19
A005035,K0358,I01259,service_plan,none,2024-08-19
A005036,K0358,I01259,support_tier,dedicated,2024-08-19
A005037,K0196,I01260,sku_quoted,P002,2024-05-22
A005038,K0196,I01260,commissioning,guided,2024-05-22
A005039,K0196,I01260,service_plan,premium,2024-05-22
A005040,K0196,I01260,support_tier,pooled,2024-05-22
A005041,K0516,I01261,sku_quoted,P041,2024-03-01
A005042,K0516,I01261,commissioning,self,2024-03-01
A005043,K0516,I01261,service_plan,standard,2024-03-01
A005044,K0516,I01261,support_tier,dedicated,2024-03-01
A005045,K0161,I01262,sku_quoted,P033,2025-05-09
A005046,K0161,I01262,commissioning,on-site,2025-05-09
A005047,K0161,I01262,service_plan,none,2025-05-09
A005048,K0161,I01262,support_tier,dedicated,2025-05-09
A005049,K0214,I01263,sku_quoted,P003,2024-05-31
A005050,K0214,I01263,commissioning,on-site,2024-05-31
A005051,K0214,I01263,service_plan,standard,2024-05-31
A005052,K0214,I01263,support_tier,pooled,2024-05-31
A005053,K0462,I01264,sku_quoted,P001,2025-05-21
A005054,K0462,I01264,commissioning,on-site,2025-05-21
A005055,K0462,I01264,service_plan,none,2025-05-21
A005056,K0462,I01264,support_tier,pooled,2025-05-21
A005057,K0485,I01265,sku_quoted,P041,2024-08-30
A005058,K0485,I01265,commissioning,self,2024-08-30
A005059,K0485,I01265,service_plan,standard,2024-08-30
A005060,K0485,I01265,support_tier,pooled,2024-08-30
A005061,K0106,I01266,sku_quoted,P040,2024-03-25
A005062,K0106,I01266,commissioning,guided,2024-03-25
A005063,K0106,I01266,service_plan,standard,2024-03-25
A005064,K0106,I01266,support_tier,dedicated,2024-03-25
A005065,K0389,I01267,sku_quoted,P018,2025-04-05
A005066,K0389,I01267,commissioning,guided,2025-04-05
A005067,K0389,I01267,service_plan,premium,2025-04-05
A005068,K0389,I01267,support_tier,pooled,2025-04-05
A005069,K0014,I01268,sku_quoted,P027,2024-08-25
A005070,K0014,I01268,commissioning,guided,2024-08-25
A005071,K0014,I01268,service_plan,none,2024-08-25
A005072,K0014,I01268,support_tier,dedicated,2024-08-25
A005073,K0444,I01269,sku_quoted,P031,2025-07-11
A005074,K0444,I01269,commissioning,guided,2025-07-11
A005075,K0444,I01269,service_plan,standard,2025-07-11
A005076,K0444,I01269,support_tier,pooled,2025-07-11
A005077,K0515,I01270,sku_quoted,P037,2024-08-20
A005078,K0515,I01270,commissioning,guided,2024-08-20
A005079,K0515,I01270,service_plan,standard,2024-08-20
A005080,K0515,I01270,support_tier,pooled,2024-08-20
A005081,K0371,I01271,sku_quoted,P007,2024-07-14
A005082,K0371,I01271,commissioning,guided,2024-07-14
A005083,K0371,I01271,service_plan,premium,2024-07-14
A005084,K0371,I01271,support_tier,pooled,2024-07-14
A005085,K0314,I01272,sku_quoted,P020,2024-04-12
A005086,K0314,I01272,commissioning,on-site,2024-04-12
A005087,K0314,I01272,service_plan,standard,2024-04-12
A005088,K0314,I01272,support_tier,pooled,2024-04-12
A005089,K0054,I01273,sku_quoted,P021,2025-03-04
A005090,K0054,I01273,commissioning,self,2025-03-04
A005091,K0054,I01273,service_plan,standard,2025-03-04
A005092,K0054,I01273,support_tier,pooled,2025-03-04
A005093,K0520,I01274,sku_quoted,P001,2024-06-11
A005094,K0520,I01274,commissioning,on-site,2024-06-11
A005095,K0520,I01274,service_plan,standard,2024-06-11
A005096,K0520,I01274,support_tier,pooled,2024-06-11
A005097,K0031,I01275,sku_quoted,P017,2024-09-08
A005098,K0031,I01275,commissioning,self,2024-09-08
A005099,K0031,I01275,service_plan,standard,2024-09-08
A005100,K0031,I01275,support_tier,dedicated,2024-09-08
A005101,K0356,I01276,sku_quoted,P006,2025-01-07
A005102,K0356,I01276,commissioning,self,2025-01-07
A005103,K0356,I01276,service_plan,standard,2025-01-07
A005104,K0356,I01276,support_tier,dedicated,2025-01-07
A005105,K0407,I01277,sku_quoted,P031,2025-06-08
A005106,K0407,I01277,commissioning,on-site,2025-06-08
A005107,K0407,I01277,service_plan,premium,2025-06-08
A005108,K0407,I01277,support_tier,dedicated,2025-06-08
A005109,K0168,I01278,sku_quoted,P042,2024-11-26
A005110,K0168,I01278,commissioning,on-site,2024-11-26
A005111,K0168,I01278,service_plan,standard,2024-11-26
A005112,K0168,I01278,support_tier,pooled,2024-11-26
A005113,K0034,I01279,sku_quoted,P026,2025-03-18
A005114,K0034,I01279,commissioning,self,2025-03-18
A005115,K0034,I01279,service_plan,none,2025-03-18
A005116,K0034,I01279,support_tier,pooled,2025-03-18
A005117,K0170,I01280,sku_quoted,P019,2025-03-13
A005118,K0170,I01280,commissioning,guided,2025-03-13
A005119,K0170,I01280,service_plan,standard,2025-03-13
A005120,K0170,I01280,support_tier,dedicated,2025-03-13
A005121,K0187,I01281,sku_quoted,P037,2025-04-10
A005122,K0187,I01281,commissioning,guided,2025-04-10
A005123,K0187,I01281,service_plan,none,2025-04-10
A005124,K0187,I01281,support_tier,dedicated,2025-04-10
A005125,K0456,I01282,sku_quoted,P008,2025-01-02
A005126,K0456,I01282,commissioning,on-site,2025-01-02
A005127,K0456,I01282,service_plan,none,2025-01-02
A005128,K0456,I01282,support_tier,pooled,2025-01-02
A005129,K0376,I01283,sku_quoted,P018,2024-07-31
A005130,K0376,I01283,commissioning,on-site,2024-07-31
A005131,K0376,I01283,service_plan,none,2024-07-31
A005132,K0376,I01283,support_tier,pooled,2024-07-31
A005133,K0144,I01284,sku_quoted,P022,2024-12-19
A005134,K0144,I01284,commissioning,on-site,2024-12-19
A005135,K0144,I01284,service_plan,none,2024-12-19
A005136,K0144,I01284,support_tier,pooled,2024-12-19
A005137,K0356,I01285,sku_quoted,P031,2025-03-06
A005138,K0356,I01285,commissioning,on-site,2025-03-06
A005139,K0356,I01285,service_plan,none,2025-03-06
A005140,K0356,I01285,support_tier,dedicated,2025-03-06
A005141,K0449,I01286,sku_quoted,P025,2025-03-09
A005142,K0449,I01286,commissioning,on-site,2025-03-09
A005143,K0449,I01286,service_plan,standard,2025-03-09
A005144,K0449,I01286,support_tier,dedicated,2025-03-09
A005145,K0124,I01287,sku_quoted,P027,2024-11-18
A005146,K0124,I01287,commissioning,self,2024-11-18
A005147,K0124,I01287,service_plan,premium,2024-11-18
A005148,K0124,I01287,support_tier,pooled,2024-11-18
A005149,K0333,I01288,sku_quoted,P039,2024-11-28
A005150,K0333,I01288,commissioning,self,2024-11-28
A005151,K0333,I01288,service_plan,standard,2024-11-28
A005152,K0333,I01288,support_tier,pooled,2024-11-28
A005153,K0078,I01289,sku_quoted,P011,2025-04-16
A005154,K0078,I01289,commissioning,self,2025-04-16
A005155,K0078,I01289,service_plan,standard,2025-04-16
A005156,K0078,I01289,support_tier,pooled,2025-04-16
A005157,K0417,I01290,sku_quoted,P037,2024-08-19
A005158,K0417,I01290,commissioning,on-site,2024-08-19
A005159,K0417,I01290,service_plan,none,2024-08-19
A005160,K0417,I01290,support_tier,pooled,2024-08-19
A005161,K0291,I01291,sku_quoted,P021,2024-09-05
A005162,K0291,I01291,commissioning,self,2024-09-05
A005163,K0291,I01291,service_plan,none,2024-09-05
A005164,K0291,I01291,support_tier,dedicated,2024-09-05
A005165,K0054,I01292,sku_quoted,P028,2024-11-23
A005166,K0054,I01292,commissioning,self,2024-11-23
A005167,K0054,I01292,service_plan,none,2024-11-23
A005168,K0054,I01292,support_tier,dedicated,2024-11-23
A005169,K0391,I01293,sku_quoted,P037,2025-06-18
A005170,K0391,I01293,commissioning,guided,2025-06-18
A005171,K0391,I01293,service_plan,standard,2025-06-18
A005172,K0391,I01293,support_tier,pooled,2025-06-18
A005173,K0062,I01294,sku_quoted,P019,2024-12-29
A005174,K0062,I01294,commissioning,guided,2024-12-29
A005175,K0062,I01294,service_plan,standard,2024-12-29
A005176,K0062,I01294,support_tier,pooled,2024-12-29
A005177,K0056,I01295,sku_quoted,P019,2025-06-07
A005178,K0056,I01295,commissioning,on-site,2025-06-07
A005179,K0056,I01295,service_plan,standard,2025-06-07
A005180,K0056,I01295,support_tier,dedicated,2025-06-07
A005181,K0484,I01296,sku_quoted,P017,2025-04-27
A005182,K0484,I01296,commissioning,guided,2025-04-27
A005183,K0484,I01296,service_plan,premium,2025-04-27
A005184,K0484,I01296,support_tier,dedicated,2025-04-27
A005185,K0124,I01297,sku_quoted,P015,2025-06-29
A005186,K0124,I01297,commissioning,guided,2025-06-29
A005187,K0124,I01297,service_plan,standard,2025-06-29
A005188,K0124,I01297,support_tier,dedicated,2025-06-29
A005189,K0163,I01298,sku_quoted,P028,2025-02-14
A005190,K0163,I01298,commissioning,self,2025-02-14
A005191,K0163,I01298,service_plan,premium,2025-02-14
A005192,K0163,I01298,support_tier,dedicated,2025-02-14
A005193,K0483,I01299,sku_quoted,P018,2025-01-12
A005194,K0483,I01299,commissioning,guided,2025-01-12
A005195,K0483,I01299,service_plan,none,2025-01-12
A005196,K0483,I01299,support_tier,dedicated,2025-01-12
A005197,K0380,I01300,sku_quoted,P013,2025-01-01
A005198,K0380,I01300,commissioning,on-site,2025-01-01
A005199,K0380,I01300,service_plan,none,2025-01-01
A005200,K0380,I01300,support_tier,pooled,2025-01-01
A005201,K0211,I01301,sku_quoted,P042,2024-10-25
A005202,K0211,I01301,commissioning,guided,2024-10-25
A005203,K0211,I01301,service_plan,none,2024-10-25
A005204,K0211,I01301,support_tier,dedicated,2024-10-25
A005205,K0296,I01302,sku_quoted,P036,2025-02-09
A005206,K0296,I01302,commissioning,guided,2025-02-09
A005207,K0296,I01302,service_plan,standard,2025-02-09
A005208,K0296,I01302,support_tier,dedicated,2025-02-09
A005209,K0264,I01303,sku_quoted,P006,2025-01-10
A005210,K0264,I01303,commissioning,guided,2025-01-10
A005211,K0264,I01303,service_plan,standard,2025-01-10
A005212,K0264,I01303,support_tier,dedicated,2025-01-10
A005213,K0419,I01304,sku_quoted,P017,2025-07-09
A005214,K0419,I01304,commissioning,on-site,2025-07-09
A005215,K0419,I01304,service_plan,standard,2025-07-09
A005216,K0419,I01304,support_tier,dedicated,2025-07-09
A005217,K0075,I01305,sku_quoted,P008,2024-10-10
A005218,K0075,I01305,commissioning,self,2024-10-10
A005219,K0075,I01305,service_plan,standard,2024-10-10
A005220,K0075,I01305,support_tier,dedicated,2024-10-10
A005221,K0504,I01306,sku_quoted,P027,2025-05-28
A005222,K0504,I01306,commissioning,guided,2025-05-28
A005223,K0504,I01306,service_plan,premium,2025-05-28
A005224,K0504,I01306,support_tier,dedicated,2025-05-28
A005225,K0309,I01307,sku_quoted,P030,2025-03-19
A005226,K0309,I01307,commissioning,on-site,2025-03-19
A005227,K0309,I01307,service_plan,standard,2025-03-19
A005228,K0309,I01307,support_tier,dedicated,2025-03-19
A005229,K0161,I01308,sku_quoted,P030,2024-10-27
A005230,K0161,I01308,commissioning,self,2024-10-27
A005231,K0161,I01308,service_plan,standard,2024-10-27
A005232,K0161,I01308,support_tier,pooled,2024-10-27
A005233,K0148,I01309,sku_quoted,P013,2024-05-27
A005234,K0148,I01309,commissioning,self,2024-05-27
A005235,K0148,I01309,service_plan,none,2024-05-27
A005236,K0148,I01309,support_tier,pooled,2024-05-27
A005237,K0015,I01310,sku_quoted,P013,2024-09-13
A005238,K0015,I01310,commissioning,self,2024-09-13
A005239,K0015,I01310,service_plan,standard,2024-09-13
A005240,K0015,I01310,support_tier,dedicated,2024-09-13
A005241,K0342,I01311,sku_quoted,P025,2024-10-23
A005242,K0342,I01311,commissioning,guided,2024-10-23
A005243,K0342,I01311,service_plan,standard,2024-10-23
A005244,K0342,I01311,support_tier,dedicated,2024-10-23
A005245,K0277,I01312,sku_quoted,P013,2025-04-18
A005246,K0277,I01312,commissioning,self,2025-04-18
A005247,K0277,I01312,service_plan,none,2025-04-18
A005248,K0277,I01312,support_tier,dedicated,2025-04-18
A005249,K0316,I01313,sku_quoted,P004,2025-04-04
A005250,K0316,I01313,commissioning,on-site,2025-04-04
A005251,K0316,I01313,service_plan,premium,2025-04-04
A005252,K0316,I01313,support_tier,dedicated,2025-04-04
A005253,K0105,I01314,sku_quoted,P015,2024-04-26
A005254,K0105,I01314,commissioning,on-site,2024-04-26
A005255,K0105,I01314,service_plan,premium,2024-04-26
A005256,K0105,I01314,support_tier,pooled,2024-04-26
A005257,K0171,I01315,sku_quoted,P012,2025-02-03
A005258,K0171,I01315,commissioning,self,2025-02-03
A005259,K0171,I01315,service_plan,standard,2025-02-03
A005260,K0171,I01315,support_tier,pooled,2025-02-03
A005261,K0438,I01316,sku_quoted,P022,2025-04-22
A005262,K0438,I01316,commissioning,self,2025-04-22
A005263,K0438,I01316,service_plan,standard,2025-04-22
A005264,K0438,I01316,support_tier,dedicated,2025-04-22
A005265,K0120,I01317,sku_quoted,P042,2025-05-24
A005266,K0120,I01317,commissioning,on-site,2025-05-24
A005267,K0120,I01317,service_plan,premium,2025-05-24
A005268,K0120,I01317,support_tier,dedicated,2025-05-24
A005269,K0422,I01318,sku_quoted,P005,2024-12-07
A005270,K0422,I01318,commissioning,self,2024-12-07
A005271,K0422,I01318,service_plan,standard,2024-12-07
A005272,K0422,I01318,support_tier,dedicated,2024-12-07
A005273,K0182,I01319,sku_quoted,P037,2024-05-16
A005274,K0182,I01319,commissioning,self,2024-05-16
A005275,K0182,I01319,service_plan,premium,2024-05-16
A005276,K0182,I01319,support_tier,pooled,2024-05-16
A005277,K0364,I01320,sku_quoted,P015,2025-01-16
A005278,K0364,I01320,commissioning,self,2025-01-16
A005279,K0364,I01320,service_plan,standard,2025-01-16
A005280,K0364,I01320,support_tier,dedicated,2025-01-16
A005281,K0318,I01321,sku_quoted,P030,2024-03-17
A005282,K0318,I01321,commissioning,on-site,2024-03-17
A005283,K0318,I01321,service_plan,none,2024-03-17
A005284,K0318,I01321,support_tier,pooled,2024-03-17
A005285,K0243,I01322,sku_quoted,P007,2024-08-26
A005286,K0243,I01322,commissioning,on-site,2024-08-26
A005287,K0243,I01322,service_plan,standard,2024-08-26
A005288,K0243,I01322,support_tier,pooled,2024-08-26
A005289,K0416,I01323,sku_quoted,P042,2024-09-19
A005290,K0416,I01323,commissioning,self,2024-09-19
A005291,K0416,I01323,service_plan,standard,2024-09-19
A005292,K0416,I01323,support_tier,pooled,2024-09-19
A005293,K0154,I01324,sku_quoted,P033,2025-04-14
A005294,K0154,I01324,commissioning,on-site,2025-04-14
A005295,K0154,I01324,service_plan,none,2025-04-14
A005296,K0154,I01324,support_tier,dedicated,2025-04-14
A005297,K0342,I01325,sku_quoted,P034,2025-02-06
A005298,K0342,I01325,commissioning,self,2025-02-06
A005299,K0342,I01325,service_plan,none,2025-02-06
A005300,K0342,I01325,support_tier,dedicated,2025-02-06
A005301,K0048,I01326,sku_quoted,P042,2025-03-15
A005302,K0048,I01326,commissioning,on-site,2025-03-15
A005303,K0048,I01326,service_plan,none,2025-03-15
A005304,K0048,I01326,support_tier,pooled,2025-03-15
A005305,K0516,I01327,sku_quoted,P003,2024-08-18
A005306,K0516,I01327,commissioning,self,2024-08-18
A005307,K0516,I01327,service_plan,standard,2024-08-18
A005308,K0516,I01327,support_tier,pooled,2024-08-18
A005309,K0359,I01328,sku_quoted,P019,2024-06-29
A005310,K0359,I01328,commissioning,guided,2024-06-29
A005311,K0359,I01328,service_plan,standard,2024-06-29
A005312,K0359,I01328,support_tier,pooled,2024-06-29
A005313,K0350,I01329,sku_quoted,P015,2024-06-05
A005314,K0350,I01329,commissioning,guided,2024-06-05
A005315,K0350,I01329,service_plan,premium,2024-06-05
A005316,K0350,I01329,support_tier,pooled,2024-06-05
A005317,K0328,I01330,sku_quoted,P004,2025-05-12
A005318,K0328,I01330,commissioning,on-site,2025-05-12
A005319,K0328,I01330,service_plan,none,2025-05-12
A005320,K0328,I01330,support_tier,dedicated,2025-05-12
A005321,K0339,I01331,sku_quoted,P001,2025-06-06
A005322,K0339,I01331,commissioning,guided,2025-06-06
A005323,K0339,I01331,service_plan,standard,2025-06-06
A005324,K0339,I01331,support_tier,pooled,2025-06-06
A005325,K0360,I01332,sku_quoted,P042,2025-02-28
A005326,K0360,I01332,commissioning,self,2025-02-28
A005327,K0360,I01332,service_plan,standard,2025-02-28
A005328,K0360,I01332,support_tier,pooled,2025-02-28
A005329,K0333,I01333,sku_quoted,P022,2024-05-06
A005330,K0333,I01333,commissioning,guided,2024-05-06
A005331,K0333,I01333,service_plan,none,2024-05-06
A005332,K0333,I01333,support_tier,pooled,2024-05-06
A005333,K0307,I01334,sku_quoted,P004,2024-08-04
A005334,K0307,I01334,commissioning,on-site,2024-08-04
A005335,K0307,I01334,service_plan,none,2024-08-04
A005336,K0307,I01334,support_tier,pooled,2024-08-04
A005337,K0030,I01335,sku_quoted,P022,2025-06-03
A005338,K0030,I01335,commissioning,self,2025-06-03
A005339,K0030,I01335,service_plan,standard,2025-06-03
A005340,K0030,I01335,support_tier,dedicated,2025-06-03
A005341,K0466,I01336,sku_quoted,P010,2024-06-03
A005342,K0466,I01336,commissioning,on-site,2024-06-03
A005343,K0466,I01336,service_plan,standard,2024-06-03
A005344,K0466,I01336,support_tier,pooled,2024-06-03
A005345,K0401,I01337,sku_quoted,P017,2024-10-08
A005346,K0401,I01337,commissioning,on-site,2024-10-08
A005347,K0401,I01337,service_plan,none,2024-10-08
A005348,K0401,I01337,support_tier,dedicated,2024-10-08
A005349,K0431,I01338,sku_quoted,P025,2024-07-17
A005350,K0431,I01338,commissioning,guided,2024-07-17
A005351,K0431,I01338,service_plan,none,2024-07-17
A005352,K0431,I01338,support_tier,pooled,2024-07-17
A005353,K0404,I01339,sku_quoted,P023,2024-08-01
A005354,K0404,I01339,commissioning,on-site,2024-08-01
A005355,K0404,I01339,service_plan,standard,2024-08-01
A005356,K0404,I01339,support_tier,pooled,2024-08-01
A005357,K0261,I01340,sku_quoted,P028,2025-02-27
A005358,K0261,I01340,commissioning,on-site,2025-02-27
A005359,K0261,I01340,service_plan,none,2025-02-27
A005360,K0261,I01340,support_tier,pooled,2025-02-27
A005361,K0062,I01341,sku_quoted,P009,2025-01-28
A005362,K0062,I01341,commissioning,on-site,2025-01-28
A005363,K0062,I01341,service_plan,standard,2025-01-28
A005364,K0062,I01341,support_tier,pooled,2025-01-28
A005365,K0446,I01342,sku_quoted,P036,2025-01-18
A005366,K0446,I01342,commissioning,self,2025-01-18
A005367,K0446,I01342,service_plan,standard,2025-01-18
A005368,K0446,I01342,support_tier,pooled,2025-01-18
A005369,K0006,I01343,sku_quoted,P007,2024-07-19
A005370,K0006,I01343,commissioning,on-site,2024-07-19
A005371,K0006,I01343,service_plan,none,2024-07-19
A005372,K0006,I01343,support_tier,dedicated,2024-07-19
A005373,K0291,I01344,sku_quoted,P008,2024-04-16
A005374,K0291,I01344,commissioning,guided,2024-04-16
A005375,K0291,I01344,service_plan,none,2024-04-16
A005376,K0291,I01344,support_tier,pooled,2024-04-16
A005377,K0246,I01345,sku_quoted,P004,2025-05-17
A005378,K0246,I01345,commissioning,on-site,2025-05-17
A005379,K0246,I01345,service_plan,standard,2025-05-17
A005380,K0246,I01345,support_tier,dedicated,2025-05-17
A005381,K0479,I01346,sku_quoted,P027,2024-12-14
A005382,K0479,I01346,commissioning,guided,2024-12-14
A005383,K0479,I01346,service_plan,none,2024-12-14
A005384,K0479,I01346,support_tier,pooled,2024-12-14
A005385,K0497,I01347,sku_quoted,P040,2024-04-20
A005386,K0497,I01347,commissioning,on-site,2024-04-20
A005387,K0497,I01347,service_plan,standard,2024-04-20
A005388,K0497,I01347,support_tier,dedicated,2024-04-20
A005389,K0105,I01348,sku_quoted,P004,2024-05-17
A005390,K0105,I01348,commissioning,self,2024-05-17
A005391,K0105,I01348,service_plan,none,2024-05-17
A005392,K0105,I01348,support_tier,dedicated,2024-05-17
A005393,K0419,I01349,sku_quoted,P028,2024-12-30
A005394,K0419,I01349,commissioning,on-site,2024-12-30
A005395,K0419,I01349,service_plan,standard,2024-12-30
A005396,K0419,I01349,support_tier,pooled,2024-12-30
A005397,K0422,I01350,sku_quoted,P032,2025-02-15
A005398,K0422,I01350,commissioning,guided,2025-02-15
A005399,K0422,I01350,service_plan,standard,2025-02-15
A005400,K0422,I01350,support_tier,pooled,2025-02-15
A005401,K0318,I01351,sku_quoted,P012,2024-12-20
A005402,K0318,I01351,commissioning,guided,2024-12-20
A005403,K0318,I01351,service_plan,standard,2024-12-20
A005404,K0318,I01351,support_tier,dedicated,2024-12-20
A005405,K0390,I01352,sku_quoted,P020,2025-07-03
A005406,K0390,I01352,commissioning,guided,2025-07-03
A005407,K0390,I01352,service_plan,standard,2025-07-03
A005408,K0390,I01352,support_tier,dedicated,2025-07-03
A005409,K0100,I01353,sku_quoted,P040,2025-08-08
A005410,K0100,I01353,commissioning,self,2025-08-08
A005411,K0100,I01353,service_plan,premium,2025-08-08
A005412,K0100,I01353,support_tier,dedicated,2025-08-08
A005413,K0005,I01354,sku_quoted,P042,2025-05-04
A005414,K0005,I01354,commissioning,self,2025-05-04
A005415,K0005,I01354,service_plan,premium,2025-05-04
A005416,K0005,I01354,support_tier,dedicated,2025-05-04
A005417,K0400,I01355,sku_quoted,P038,2025-03-23
A005418,K0400,I01355,commissioning,guided,2025-03-23
A005419,K0400,I01355,service_plan,standard,2025-03-23
A005420,K0400,I01355,support_tier,pooled,2025-03-23
A005421,K0255,I01356,sku_quoted,P031,2024-04-08
A005422,K0255,I01356,commissioning,self,2024-04-08
A005423,K0255,I01356,service_plan,standard,2024-04-08
A005424,K0255,I01356,support_tier,pooled,2024-04-08
A005425,K0515,I01357,sku_quoted,P035,2024-09-16
A005426,K0515,I01357,commissioning,on-site,2024-09-16
A005427,K0515,I01357,service_plan,none,2024-09-16
A005428,K0515,I01357,support_tier,dedicated,2024-09-16
A005429,K0219,I01358,sku_quoted,P015,2025-02-26
A005430,K0219,I01358,commissioning,on-site,2025-02-26
A005431,K0219,I01358,service_plan,none,2025-02-26
A005432,K0219,I01358,support_tier,pooled,2025-02-26
A005433,K0269,I01359,sku_quoted,P007,2025-01-16
A005434,K0269,I01359,commissioning,self,2025-01-16
A005435,K0269,I01359,service_plan,none,2025-01-16
A005436,K0269,I01359,support_tier,dedicated,2025-01-16
A005437,K0473,I01360,sku_quoted,P005,2025-03-05
A005438,K0473,I01360,commissioning,on-site,2025-03-05
A005439,K0473,I01360,service_plan,standard,2025-03-05
A005440,K0473,I01360,support_tier,pooled,2025-03-05
A005441,K0106,I01361,sku_quoted,P020,2025-06-20
A005442,K0106,I01361,commissioning,self,2025-06-20
A005443,K0106,I01361,service_plan,none,2025-06-20
A005444,K0106,I01361,support_tier,dedicated,2025-06-20
A005445,K0243,I01362,sku_quoted,P022,2025-03-03
A005446,K0243,I01362,commissioning,guided,2025-03-03
A005447,K0243,I01362,service_plan,none,2025-03-03
A005448,K0243,I01362,support_tier,pooled,2025-03-03
A005449,K0124,I01363,sku_quoted,P034,2025-01-05
A005450,K0124,I01363,commissioning,self,2025-01-05
A005451,K0124,I01363,service_plan,none,2025-01-05
A005452,K0124,I01363,support_tier,dedicated,2025-01-05
A005453,K0448,I01364,sku_quoted,P020,2025-02-21
A005454,K0448,I01364,commissioning,guided,2025-02-21
A005455,K0448,I01364,service_plan,premium,2025-02-21
A005456,K0448,I01364,support_tier,dedicated,2025-02-21
A005457,K0321,I01365,sku_quoted,P007,2025-07-19
A005458,K0321,I01365,commissioning,self,2025-07-19
A005459,K0321,I01365,service_plan,premium,2025-07-19
A005460,K0321,I01365,support_tier,pooled,2025-07-19
A005461,K0379,I01366,sku_quoted,P031,2025-07-05
A005462,K0379,I01366,commissioning,on-site,2025-07-05
A005463,K0379,I01366,service_plan,standard,2025-07-05
A005464,K0379,I01366,support_tier,dedicated,2025-07-05
A005465,K0474,I01367,sku_quoted,P035,2024-08-24
A005466,K0474,I01367,commissioning,guided,2024-08-24
A005467,K0474,I01367,service_plan,none,2024-08-24
A005468,K0474,I01367,support_tier,dedicated,2024-08-24
A005469,K0261,I01368,sku_quoted,P032,2025-01-05
A005470,K0261,I01368,commissioning,on-site,2025-01-05
A005471,K0261,I01368,service_plan,premium,2025-01-05
A005472,K0261,I01368,support_tier,pooled,2025-01-05
A005473,K0175,I01369,sku_quoted,P018,2025-05-08
A005474,K0175,I01369,commissioning,guided,2025-05-08
A005475,K0175,I01369,service_plan,none,2025-05-08
A005476,K0175,I01369,support_tier,dedicated,2025-05-08
A005477,K0485,I01370,sku_quoted,P006,2025-05-21
A005478,K0485,I01370,commissioning,guided,2025-05-21
A005479,K0485,I01370,service_plan,standard,2025-05-21
A005480,K0485,I01370,support_tier,pooled,2025-05-21
A005481,K0154,I01371,sku_quoted,P005,2025-06-05
A005482,K0154,I01371,commissioning,on-site,2025-06-05
A005483,K0154,I01371,service_plan,standard,2025-06-05
A005484,K0154,I01371,support_tier,dedicated,2025-06-05
A005485,K0386,I01372,sku_quoted,P027,2024-11-29
A005486,K0386,I01372,commissioning,guided,2024-11-29
A005487,K0386,I01372,service_plan,none,2024-11-29
A005488,K0386,I01372,support_tier,pooled,2024-11-29
A005489,K0255,I01373,sku_quoted,P009,2025-07-16
A005490,K0255,I01373,commissioning,on-site,2025-07-16
A005491,K0255,I01373,service_plan,premium,2025-07-16
A005492,K0255,I01373,support_tier,pooled,2025-07-16
A005493,K0360,I01374,sku_quoted,P019,2025-01-19
A005494,K0360,I01374,commissioning,on-site,2025-01-19
A005495,K0360,I01374,service_plan,none,2025-01-19
A005496,K0360,I01374,support_tier,pooled,2025-01-19
A005497,K0050,I01375,sku_quoted,P041,2025-03-15
A005498,K0050,I01375,commissioning,self,2025-03-15
A005499,K0050,I01375,service_plan,none,2025-03-15
A005500,K0050,I01375,support_tier,dedicated,2025-03-15
A005501,K0292,I01376,sku_quoted,P039,2025-07-25
A005502,K0292,I01376,commissioning,on-site,2025-07-25
A005503,K0292,I01376,service_plan,premium,2025-07-25
A005504,K0292,I01376,support_tier,dedicated,2025-07-25
A005505,K0035,I01377,sku_quoted,P032,2025-04-14
A005506,K0035,I01377,commissioning,self,2025-04-14
A005507,K0035,I01377,service_plan,none,2025-04-14
A005508,K0035,I01377,support_tier,dedicated,2025-04-14
A005509,K0167,I01378,sku_quoted,P034,2024-12-24
A005510,K0167,I01378,commissioning,self,2024-12-24
A005511,K0167,I01378,service_plan,standard,2024-12-24
A005512,K0167,I01378,support_tier,pooled,2024-12-24
A005513,K0381,I01379,sku_quoted,P018,2025-07-28
A005514,K0381,I01379,commissioning,on-site,2025-07-28
A005515,K0381,I01379,service_plan,standard,2025-07-28
A005516,K0381,I01379,support_tier,pooled,2025-07-28
A005517,K0313,I01380,sku_quoted,P029,2025-01-04
A005518,K0313,I01380,commissioning,on-site,2025-01-04
A005519,K0313,I01380,service_plan,standard,2025-01-04
A005520,K0313,I01380,support_tier,pooled,2025-01-04
A005521,K0312,I01381,sku_quoted,P026,2025-05-29
A005522,K0312,I01381,commissioning,on-site,2025-05-29
A005523,K0312,I01381,service_plan,none,2025-05-29
A005524,K0312,I01381,support_tier,dedicated,2025-05-29
A005525,K0074,I01382,sku_quoted,P002,2024-11-05
A005526,K0074,I01382,commissioning,self,2024-11-05
A005527,K0074,I01382,service_plan,standard,2024-11-05
A005528,K0074,I01382,support_tier,dedicated,2024-11-05
A005529,K0165,I01383,sku_quoted,P025,2024-05-31
A005530,K0165,I01383,commissioning,guided,2024-05-31
A005531,K0165,I01383,service_plan,premium,2024-05-31
A005532,K0165,I01383,support_tier,pooled,2024-05-31
A005533,K0228,I01384,sku_quoted,P018,2025-02-12
A005534,K0228,I01384,commissioning,on-site,2025-02-12
A005535,K0228,I01384,service_plan,standard,2025-02-12
A005536,K0228,I01384,support_tier,pooled,2025-02-12
A005537,K0143,I01385,sku_quoted,P019,2025-05-03
A005538,K0143,I01385,commissioning,on-site,2025-05-03
A005539,K0143,I01385,service_plan,none,2025-05-03
A005540,K0143,I01385,support_tier,pooled,2025-05-03
A005541,K0390,I01386,sku_quoted,P040,2025-05-05
A005542,K0390,I01386,commissioning,on-site,2025-05-05
A005543,K0390,I01386,service_plan,standard,2025-05-05
A005544,K0390,I01386,support_tier,dedicated,2025-05-05
A005545,K0057,I01387,sku_quoted,P026,2024-11-01
A005546,K0057,I01387,commissioning,on-site,2024-11-01
A005547,K0057,I01387,service_plan,none,2024-11-01
A005548,K0057,I01387,support_tier,pooled,2024-11-01
A005549,K0347,I01388,sku_quoted,P040,2025-03-29
A005550,K0347,I01388,commissioning,guided,2025-03-29
A005551,K0347,I01388,service_plan,premium,2025-03-29
A005552,K0347,I01388,support_tier,dedicated,2025-03-29
A005553,K0283,I01389,sku_quoted,P033,2024-12-02
A005554,K0283,I01389,commissioning,self,2024-12-02
A005555,K0283,I01389,service_plan,standard,2024-12-02
A005556,K0283,I01389,support_tier,pooled,2024-12-02
A005557,K0482,I01390,sku_quoted,P039,2024-06-03
A005558,K0482,I01390,commissioning,on-site,2024-06-03
A005559,K0482,I01390,service_plan,premium,2024-06-03
A005560,K0482,I01390,support_tier,pooled,2024-06-03
A005561,K0108,I01391,sku_quoted,P024,2024-05-31
A005562,K0108,I01391,commissioning,on-site,2024-05-31
A005563,K0108,I01391,service_plan,none,2024-05-31
A005564,K0108,I01391,support_tier,dedicated,2024-05-31
A005565,K0261,I01392,sku_quoted,P029,2025-01-20
A005566,K0261,I01392,commissioning,guided,2025-01-20
A005567,K0261,I01392,service_plan,premium,2025-01-20
A005568,K0261,I01392,support_tier,pooled,2025-01-20
A005569,K0495,I01393,sku_quoted,P005,2024-07-04
A005570,K0495,I01393,commissioning,self,2024-07-04
A005571,K0495,I01393,service_plan,standard,2024-07-04
A005572,K0495,I01393,support_tier,pooled,2024-07-04
A005573,K0233,I01394,sku_quoted,P032,2024-12-25
A005574,K0233,I01394,commissioning,on-site,2024-12-25
A005575,K0233,I01394,service_plan,standard,2024-12-25
A005576,K0233,I01394,support_tier,dedicated,2024-12-25
A005577,K0394,I01395,sku_quoted,P020,2024-09-08
A005578,K0394,I01395,commissioning,on-site,2024-09-08
A005579,K0394,I01395,service_plan,standard,2024-09-08
A005580,K0394,I01395,support_tier,pooled,2024-09-08
A005581,K0354,I01396,sku_quoted,P025,2025-02-19
A005582,K0354,I01396,commissioning,on-site,2025-02-19
A005583,K0354,I01396,service_plan,none,2025-02-19
A005584,K0354,I01396,support_tier,dedicated,2025-02-19
A005585,K0105,I01397,sku_quoted,P017,2025-01-14
A005586,K0105,I01397,commissioning,on-site,2025-01-14
A005587,K0105,I01397,service_plan,standard,2025-01-14
A005588,K0105,I01397,support_tier,pooled,2025-01-14
A005589,K0131,I01398,sku_quoted,P022,2025-08-04
A005590,K0131,I01398,commissioning,self,2025-08-04
A005591,K0131,I01398,service_plan,standard,2025-08-04
A005592,K0131,I01398,support_tier,pooled,2025-08-04
A005593,K0393,I01399,sku_quoted,P029,2025-01-10
A005594,K0393,I01399,commissioning,guided,2025-01-10
A005595,K0393,I01399,service_plan,none,2025-01-10
A005596,K0393,I01399,support_tier,pooled,2025-01-10
A005597,K0484,I01400,sku_quoted,P025,2024-12-11
A005598,K0484,I01400,commissioning,guided,2024-12-11
A005599,K0484,I01400,service_plan,standard,2024-12-11
A005600,K0484,I01400,support_tier,pooled,2024-12-11
A005601,K0322,I01401,sku_quoted,P009,2025-03-05
A005602,K0322,I01401,commissioning,on-site,2025-03-05
A005603,K0322,I01401,service_plan,none,2025-03-05
A005604,K0322,I01401,support_tier,dedicated,2025-03-05
A005605,K0092,I01402,sku_quoted,P005,2024-03-13
A005606,K0092,I01402,commissioning,self,2024-03-13
A005607,K0092,I01402,service_plan,none,2024-03-13
A005608,K0092,I01402,support_tier,dedicated,2024-03-13
A005609,K0090,I01403,sku_quoted,P040,2025-01-02
A005610,K0090,I01403,commissioning,self,2025-01-02
A005611,K0090,I01403,service_plan,standard,2025-01-02
A005612,K0090,I01403,support_tier,pooled,2025-01-02
A005613,K0462,I01404,sku_quoted,P016,2024-05-01
A005614,K0462,I01404,commissioning,guided,2024-05-01
A005615,K0462,I01404,service_plan,standard,2024-05-01
A005616,K0462,I01404,support_tier,pooled,2024-05-01
A005617,K0300,I01405,sku_quoted,P001,2024-11-25
A005618,K0300,I01405,commissioning,on-site,2024-11-25
A005619,K0300,I01405,service_plan,none,2024-11-25
A005620,K0300,I01405,support_tier,pooled,2024-11-25
A005621,K0348,I01406,sku_quoted,P017,2024-10-04
A005622,K0348,I01406,commissioning,on-site,2024-10-04
A005623,K0348,I01406,service_plan,none,2024-10-04
A005624,K0348,I01406,support_tier,dedicated,2024-10-04
A005625,K0224,I01407,sku_quoted,P017,2024-12-27
A005626,K0224,I01407,commissioning,self,2024-12-27
A005627,K0224,I01407,service_plan,none,2024-12-27
A005628,K0224,I01407,support_tier,pooled,2024-12-27
A005629,K0503,I01408,sku_quoted,P041,2024-12-22
A005630,K0503,I01408,commissioning,on-site,2024-12-22
A005631,K0503,I01408,service_plan,none,2024-12-22
A005632,K0503,I01408,support_tier,pooled,2024-12-22
A005633,K0259,I01409,sku_quoted,P023,2025-05-16
A005634,K0259,I01409,commissioning,self,2025-05-16
A005635,K0259,I01409,service_plan,premium,2025-05-16
A005636,K0259,I01409,support_tier,pooled,2025-05-16
A005637,K0435,I01410,sku_quoted,P026,2024-12-05
A005638,K0435,I01410,commissioning,self,2024-12-05
A005639,K0435,I01410,service_plan,standard,2024-12-05
A005640,K0435,I01410,support_tier,dedicated,2024-12-05
A005641,K0426,I01411,sku_quoted,P016,2024-05-30
A005642,K0426,I01411,commissioning,self,2024-05-30
A005643,K0426,I01411,service_plan,none,2024-05-30
A005644,K0426,I01411,support_tier,pooled,2024-05-30
A005645,K0068,I01412,sku_quoted,P015,2025-03-13
A005646,K0068,I01412,commissioning,self,2025-03-13
A005647,K0068,I01412,service_plan,standard,2025-03-13
A005648,K0068,I01412,support_tier,pooled,2025-03-13
A005649,K0239,I01413,sku_quoted,P019,2025-06-12
A005650,K0239,I01413,commissioning,on-site,2025-06-12
A005651,K0239,I01413,service_plan,none,2025-06-12
A005652,K0239,I01413,support_tier,dedicated,2025-06-12
A005653,K0003,I01414,sku_quoted,P007,2024-12-03
A005654,K0003,I01414,commissioning,on-site,2024-12-03
A005655,K0003,I01414,service_plan,standard,2024-12-03
A005656,K0003,I01414,support_tier,dedicated,2024-12-03
A005657,K0510,I01415,sku_quoted,P042,2025-02-24
A005658,K0510,I01415,commissioning,on-site,2025-02-24
A005659,K0510,I01415,service_plan,standard,2025-02-24
A005660,K0510,I01415,support_tier,pooled,2025-02-24
A005661,K0300,I01416,sku_quoted,P002,2024-09-15
A005662,K0300,I01416,commissioning,guided,2024-09-15
A005663,K0300,I01416,service_plan,standard,2024-09-15
A005664,K0300,I01416,support_tier,pooled,2024-09-15
A005665,K0335,I01417,sku_quoted,P036,2025-02-23
A005666,K0335,I01417,commissioning,guided,2025-02-23
A005667,K0335,I01417,service_plan,none,2025-02-23
A005668,K0335,I01417,support_tier,pooled,2025-02-23
A005669,K0036,I01418,sku_quoted,P017,2025-02-19
A005670,K0036,I01418,commissioning,guided,2025-02-19
A005671,K0036,I01418,service_plan,standard,2025-02-19
A005672,K0036,I01418,support_tier,dedicated,2025-02-19
A005673,K0018,I01419,sku_quoted,P026,2025-06-20
A005674,K0018,I01419,commissioning,guided,2025-06-20
A005675,K0018,I01419,service_plan,premium,2025-06-20
A005676,K0018,I01419,support_tier,pooled,2025-06-20
A005677,K0360,I01420,sku_quoted,P008,2024-05-12
A005678,K0360,I01420,commissioning,self,2024-05-12
A005679,K0360,I01420,service_plan,none,2024-05-12
A005680,K0360,I01420,support_tier,pooled,2024-05-12
A005681,K0236,I01421,sku_quoted,P033,2024-09-28
A005682,K0236,I01421,commissioning,guided,2024-09-28
A005683,K0236,I01421,service_plan,standard,2024-09-28
A005684,K0236,I01421,support_tier,pooled,2024-09-28
A005685,K0235,I01422,sku_quoted,P018,2025-03-28
A005686,K0235,I01422,commissioning,self,2025-03-28
A005687,K0235,I01422,service_plan,none,2025-03-28
A005688,K0235,I01422,support_tier,dedicated,2025-03-28
A005689,K0422,I01423,sku_quoted,P041,2025-04-13
A005690,K0422,I01423,commissioning,on-site,2025-04-13
A005691,K0422,I01423,service_plan,standard,2025-04-13
A005692,K0422,I01423,support_tier,pooled,2025-04-13
A005693,K0100,I01424,sku_quoted,P023,2025-03-08
A005694,K0100,I01424,commissioning,guided,2025-03-08
A005695,K0100,I01424,service_plan,premium,2025-03-08
A005696,K0100,I01424,support_tier,pooled,2025-03-08
A005697,K0291,I01425,sku_quoted,P033,2025-05-18
A005698,K0291,I01425,commissioning,guided,2025-05-18
A005699,K0291,I01425,service_plan,none,2025-05-18
A005700,K0291,I01425,support_tier,pooled,2025-05-18
A005701,K0355,I01426,sku_quoted,P021,2024-10-31
A005702,K0355,I01426,commissioning,guided,2024-10-31
A005703,K0355,I01426,service_plan,standard,2024-10-31
A005704,K0355,I01426,support_tier,dedicated,2024-10-31
A005705,K0108,I01427,sku_quoted,P032,2025-02-16
A005706,K0108,I01427,commissioning,on-site,2025-02-16
A005707,K0108,I01427,service_plan,none,2025-02-16
A005708,K0108,I01427,support_tier,pooled,2025-02-16
A005709,K0069,I01428,sku_quoted,P038,2024-04-15
A005710,K0069,I01428,commissioning,guided,2024-04-15
A005711,K0069,I01428,service_plan,premium,2024-04-15
A005712,K0069,I01428,support_tier,dedicated,2024-04-15
A005713,K0466,I01429,sku_quoted,P017,2024-08-24
A005714,K0466,I01429,commissioning,on-site,2024-08-24
A005715,K0466,I01429,service_plan,none,2024-08-24
A005716,K0466,I01429,support_tier,pooled,2024-08-24
A005717,K0036,I01430,sku_quoted,P039,2025-03-09
A005718,K0036,I01430,commissioning,self,2025-03-09
A005719,K0036,I01430,service_plan,none,2025-03-09
A005720,K0036,I01430,support_tier,pooled,2025-03-09
A005721,K0072,I01431,sku_quoted,P022,2024-05-30
A005722,K0072,I01431,commissioning,guided,2024-05-30
A005723,K0072,I01431,service_plan,standard,2024-05-30
A005724,K0072,I01431,support_tier,pooled,2024-05-30
A005725,K0183,I01432,sku_quoted,P027,2024-06-03
A005726,K0183,I01432,commissioning,self,2024-06-03
A005727,K0183,I01432,service_plan,standard,2024-06-03
A005728,K0183,I01432,support_tier,dedicated,2024-06-03
A005729,K0142,I01433,sku_quoted,P002,2025-07-11
A005730,K0142,I01433,commissioning,on-site,2025-07-11
A005731,K0142,I01433,service_plan,none,2025-07-11
A005732,K0142,I01433,support_tier,pooled,2025-07-11
A005733,K0238,I01434,sku_quoted,P031,2025-08-03
A005734,K0238,I01434,commissioning,self,2025-08-03
A005735,K0238,I01434,service_plan,none,2025-08-03
A005736,K0238,I01434,support_tier,dedicated,2025-08-03
A005737,K0326,I01435,sku_quoted,P038,2025-05-25
A005738,K0326,I01435,commissioning,on-site,2025-05-25
A005739,K0326,I01435,service_plan,standard,2025-05-25
A005740,K0326,I01435,support_tier,pooled,2025-05-25
A005741,K0341,I01436,sku_quoted,P019,2025-05-30
A005742,K0341,I01436,commissioning,on-site,2025-05-30
A005743,K0341,I01436,service_plan,premium,2025-05-30
A005744,K0341,I01436,support_tier,pooled,2025-05-30
A005745,K0326,I01437,sku_quoted,P013,2025-04-15
A005746,K0326,I01437,commissioning,guided,2025-04-15
A005747,K0326,I01437,service_plan,standard,2025-04-15
A005748,K0326,I01437,support_tier,pooled,2025-04-15
A005749,K0350,I01438,sku_quoted,P015,2024-07-19
A005750,K0350,I01438,commissioning,self,2024-07-19
A005751,K0350,I01438,service_plan,standard,2024-07-19
A005752,K0350,I01438,support_tier,pooled,2024-07-19
A005753,K0146,I01439,sku_quoted,P025,2024-07-28
A005754,K0146,I01439,commissioning,self,2024-07-28
A005755,K0146,I01439,service_plan,standard,2024-07-28
A005756,K0146,I01439,support_tier,dedicated,2024-07-28
A005757,K0265,I01440,sku_quoted,P019,2024-08-30
A005758,K0265,I01440,commissioning,on-site,2024-08-30
A005759,K0265,I01440,service_plan,standard,2024-08-30
A005760,K0265,I01440,support_tier,dedicated,2024-08-30
A005761,K0180,I01441,sku_quoted,P037,2025-02-16
A005762,K0180,I01441,commissioning,self,2025-02-16
A005763,K0180,I01441,service_plan,standard,2025-02-16
A005764,K0180,I01441,support_tier,pooled,2025-02-16
A005765,K0080,I01442,sku_quoted,P036,2025-04-18
A005766,K0080,I01442,commissioning,guided,2025-04-18
A005767,K0080,I01442,service_plan,premium,2025-04-18
A005768,K0080,I01442,support_tier,pooled,2025-04-18
A005769,K0137,I01443,sku_quoted,P011,2024-03-28
A005770,K0137,I01443,commissioning,self,2024-03-28
A005771,K0137,I01443,service_plan,premium,2024-03-28
A005772,K0137,I01443,support_tier,dedicated,2024-03-28
A005773,K0063,I01444,sku_quoted,P001,2024-11-26
A005774,K0063,I01444,commissioning,guided,2024-11-26
A005775,K0063,I01444,service_plan,standard,2024-11-26
A005776,K0063,I01444,support_tier,pooled,2024-11-26
A005777,K0227,I01445,sku_quoted,P010,2024-07-13
A005778,K0227,I01445,commissioning,guided,2024-07-13
A005779,K0227,I01445,service_plan,standard,2024-07-13
A005780,K0227,I01445,support_tier,dedicated,2024-07-13
A005781,K0220,I01446,sku_quoted,P020,2024-08-26
A005782,K0220,I01446,commissioning,self,2024-08-26
A005783,K0220,I01446,service_plan,standard,2024-08-26
A005784,K0220,I01446,support_tier,pooled,2024-08-26
A005785,K0272,I01447,sku_quoted,P013,2024-12-24
A005786,K0272,I01447,commissioning,guided,2024-12-24
A005787,K0272,I01447,service_plan,premium,2024-12-24
A005788,K0272,I01447,support_tier,pooled,2024-12-24
A005789,K0068,I01448,sku_quoted,P006,2024-04-30
A005790,K0068,I01448,commissioning,guided,2024-04-30
A005791,K0068,I01448,service_plan,none,2024-04-30
A005792,K0068,I01448,support_tier,dedicated,2024-04-30
A005793,K0511,I01449,sku_quoted,P003,2025-05-03
A005794,K0511,I01449,commissioning,on-site,2025-05-03
A005795,K0511,I01449,service_plan,none,2025-05-03
A005796,K0511,I01449,support_tier,dedicated,2025-05-03
A005797,K0447,I01450,sku_quoted,P002,2025-03-23
A005798,K0447,I01450,commissioning,guided,2025-03-23
A005799,K0447,I01450,service_plan,premium,2025-03-23
A005800,K0447,I01450,support_tier,dedicated,2025-03-23
A005801,K0450,I01451,sku_quoted,P021,2024-07-13
A005802,K0450,I01451,commissioning,on-site,2024-07-13
A005803,K0450,I01451,service_plan,standard,2024-07-13
A005804,K0450,I01451,support_tier,pooled,2024-07-13
A005805,K0456,I01452,sku_quoted,P039,2025-05-31
A005806,K0456,I01452,commissioning,guided,2025-05-31
A005807,K0456,I01452,service_plan,standard,2025-05-31
A005808,K0456,I01452,support_tier,pooled,2025-05-31
A005809,K0245,I01453,sku_quoted,P022,2024-04-27
A005810,K0245,I01453,commissioning,guided,2024-04-27
A005811,K0245,I01453,service_plan,none,2024-04-27
A005812,K0245,I01453,support_tier,pooled,2024-04-27
A005813,K0332,I01454,sku_quoted,P015,2024-03-25
A005814,K0332,I01454,commissioning,self,2024-03-25
A005815,K0332,I01454,service_plan,none,2024-03-25
A005816,K0332,I01454,support_tier,pooled,2024-03-25
A005817,K0247,I01455,sku_quoted,P020,2024-04-15
A005818,K0247,I01455,commissioning,on-site,2024-04-15
A005819,K0247,I01455,service_plan,standard,2024-04-15
A005820,K0247,I01455,support_tier,dedicated,2024-04-15
A005821,K0281,I01456,sku_quoted,P016,2024-05-08
A005822,K0281,I01456,commissioning,on-site,2024-05-08
A005823,K0281,I01456,service_plan,premium,2024-05-08
A005824,K0281,I01456,support_tier,pooled,2024-05-08
A005825,K0474,I01457,sku_quoted,P007,2024-04-30
A005826,K0474,I01457,commissioning,guided,2024-04-30
A005827,K0474,I01457,service_plan,none,2024-04-30
A005828,K0474,I01457,support_tier,pooled,2024-04-30
A005829,K0467,I01458,sku_quoted,P008,2024-02-15
A005830,K0467,I01458,commissioning,guided,2024-02-15
A005831,K0467,I01458,service_plan,none,2024-02-15
A005832,K0467,I01458,support_tier,dedicated,2024-02-15
A005833,K0451,I01459,sku_quoted,P016,2024-09-10
A005834,K0451,I01459,commissioning,guided,2024-09-10
A005835,K0451,I01459,service_plan,standard,2024-09-10
A005836,K0451,I01459,support_tier,pooled,2024-09-10
A005837,K0435,I01460,sku_quoted,P004,2025-02-07
A005838,K0435,I01460,commissioning,self,2025-02-07
A005839,K0435,I01460,service_plan,none,2025-02-07
A005840,K0435,I01460,support_tier,dedicated,2025-02-07
A005841,K0301,I01461,sku_quoted,P007,2025-01-27
A005842,K0301,I01461,commissioning,on-site,2025-01-27
A005843,K0301,I01461,service_plan,premium,2025-01-27
A005844,K0301,I01461,support_tier,dedicated,2025-01-27
A005845,K0106,I01462,sku_quoted,P021,2025-02-25
A005846,K0106,I01462,commissioning,self,2025-02-25
A005847,K0106,I01462,service_plan,premium,2025-02-25
A005848,K0106,I01462,support_tier,dedicated,2025-02-25
A005849,K0008,I01463,sku_quoted,P004,2025-06-17
A005850,K0008,I01463,commissioning,on-site,2025-06-17
A005851,K0008,I01463,service_plan,standard,2025-06-17
A005852,K0008,I01463,support_tier,dedicated,2025-06-17
A005853,K0451,I01464,sku_quoted,P002,2025-03-12
A005854,K0451,I01464,commissioning,guided,2025-03-12
A005855,K0451,I01464,service_plan,standard,2025-03-12
A005856,K0451,I01464,support_tier,pooled,2025-03-12
A005857,K0285,I01465,sku_quoted,P040,2025-05-08
A005858,K0285,I01465,commissioning,guided,2025-05-08
A005859,K0285,I01465,service_plan,standard,2025-05-08
A005860,K0285,I01465,support_tier,pooled,2025-05-08
A005861,K0297,I01466,sku_quoted,P025,2024-12-22
A005862,K0297,I01466,commissioning,on-site,2024-12-22
A005863,K0297,I01466,service_plan,standard,2024-12-22
A005864,K0297,I01466,support_tier,pooled,2024-12-22
A005865,K0516,I01467,sku_quoted,P019,2025-07-14
A005866,K0516,I01467,commissioning,guided,2025-07-14
A005867,K0516,I01467,service_plan,premium,2025-07-14
A005868,K0516,I01467,support_tier,dedicated,2025-07-14
A005869,K0181,I01468,sku_quoted,P005,2025-07-30
A005870,K0181,I01468,commissioning,self,2025-07-30
A005871,K0181,I01468,service_plan,premium,2025-07-30
A005872,K0181,I01468,support_tier,dedicated,2025-07-30
A005873,K0517,I01469,sku_quoted,P034,2024-07-21
A005874,K0517,I01469,commissioning,self,2024-07-21
A005875,K0517,I01469,service_plan,none,2024-07-21
A005876,K0517,I01469,support_tier,dedicated,2024-07-21
A005877,K0080,I01470,sku_quoted,P027,2024-09-04
A005878,K0080,I01470,commissioning,on-site,2024-09-04
A005879,K0080,I01470,service_plan,premium,2024-09-04
A005880,K0080,I01470,support_tier,dedicated,2024-09-04
A005881,K0218,I01471,sku_quoted,P041,2024-08-31
A005882,K0218,I01471,commissioning,guided,2024-08-31
A005883,K0218,I01471,service_plan,none,2024-08-31
A005884,K0218,I01471,support_tier,dedicated,2024-08-31
A005885,K0277,I01472,sku_quoted,P038,2025-05-17
A005886,K0277,I01472,commissioning,self,2025-05-17
A005887,K0277,I01472,service_plan,premium,2025-05-17
A005888,K0277,I01472,support_tier,dedicated,2025-05-17
A005889,K0266,I01473,sku_quoted,P041,2024-11-28
A005890,K0266,I01473,commissioning,guided,2024-11-28
A005891,K0266,I01473,service_plan,none,2024-11-28
A005892,K0266,I01473,support_tier,dedicated,2024-11-28
A005893,K0034,I01474,sku_quoted,P042,2025-03-19
A005894,K0034,I01474,commissioning,guided,2025-03-19
A005895,K0034,I01474,service_plan,standard,2025-03-19
A005896,K0034,I01474,support_tier,dedicated,2025-03-19
A005897,K0095,I01475,sku_quoted,P002,2025-04-16
A005898,K0095,I01475,commissioning,guided,2025-04-16
A005899,K0095,I01475,service_plan,none,2025-04-16
A005900,K0095,I01475,support_tier,pooled,2025-04-16
A005901,K0312,I01476,sku_quoted,P001,2025-05-01
A005902,K0312,I01476,commissioning,on-site,2025-05-01
A005903,K0312,I01476,service_plan,premium,2025-05-01
A005904,K0312,I01476,support_tier,pooled,2025-05-01
A005905,K0062,I01477,sku_quoted,P038,2024-08-27
A005906,K0062,I01477,commissioning,guided,2024-08-27
A005907,K0062,I01477,service_plan,premium,2024-08-27
A005908,K0062,I01477,support_tier,pooled,2024-08-27
A005909,K0473,I01478,sku_quoted,P036,2024-11-03
A005910,K0473,I01478,commissioning,guided,2024-11-03
A005911,K0473,I01478,service_plan,standard,2024-11-03
A005912,K0473,I01478,support_tier,pooled,2024-11-03
A005913,K0280,I01479,sku_quoted,P004,2024-12-10
A005914,K0280,I01479,commissioning,on-site,2024-12-10
A005915,K0280,I01479,service_plan,standard,2024-12-10
A005916,K0280,I01479,support_tier,pooled,2024-12-10
A005917,K0285,I01480,sku_quoted,P026,2025-02-08
A005918,K0285,I01480,commissioning,on-site,2025-02-08
A005919,K0285,I01480,service_plan,none,2025-02-08
A005920,K0285,I01480,support_tier,dedicated,2025-02-08
A005921,K0138,I01481,sku_quoted,P028,2024-03-05
A005922,K0138,I01481,commissioning,self,2024-03-05
A005923,K0138,I01481,service_plan,premium,2024-03-05
A005924,K0138,I01481,support_tier,dedicated,2024-03-05
A005925,K0519,I01482,sku_quoted,P013,2024-11-07
A005926,K0519,I01482,commissioning,guided,2024-11-07
A005927,K0519,I01482,service_plan,none,2024-11-07
A005928,K0519,I01482,support_tier,dedicated,2024-11-07
A005929,K0108,I01483,sku_quoted,P028,2024-04-18
A005930,K0108,I01483,commissioning,guided,2024-04-18
A005931,K0108,I01483,service_plan,premium,2024-04-18
A005932,K0108,I01483,support_tier,dedicated,2024-04-18
A005933,K0515,I01484,sku_quoted,P038,2024-04-30
A005934,K0515,I01484,commissioning,guided,2024-04-30
A005935,K0515,I01484,service_plan,none,2024-04-30
A005936,K0515,I01484,support_tier,dedicated,2024-04-30
A005937,K0380,I01485,sku_quoted,P030,2025-05-02
A005938,K0380,I01485,commissioning,on-site,2025-05-02
A005939,K0380,I01485,service_plan,none,2025-05-02
A005940,K0380,I01485,support_tier,pooled,2025-05-02
A005941,K0324,I01486,sku_quoted,P036,2024-12-15
A005942,K0324,I01486,commissioning,on-site,2024-12-15
A005943,K0324,I01486,service_plan,standard,2024-12-15
A005944,K0324,I01486,support_tier,pooled,2024-12-15
A005945,K0013,I01487,sku_quoted,P010,2024-07-10
A005946,K0013,I01487,commissioning,guided,2024-07-10
A005947,K0013,I01487,service_plan,standard,2024-07-10
A005948,K0013,I01487,support_tier,pooled,2024-07-10
A005949,K0335,I01488,sku_quoted,P029,2024-12-22
A005950,K0335,I01488,commissioning,on-site,2024-12-22
A005951,K0335,I01488,service_plan,standard,2024-12-22
A005952,K0335,I01488,support_tier,pooled,2024-12-22
A005953,K0137,I01489,sku_quoted,P026,2024-02-21
A005954,K0137,I01489,commissioning,self,2024-02-21
A005955,K0137,I01489,service_plan,none,2024-02-21
A005956,K0137,I01489,support_tier,dedicated,2024-02-21
A005957,K0132,I01490,sku_quoted,P007,2025-01-12
A005958,K0132,I01490,commissioning,guided,2025-01-12
A005959,K0132,I01490,service_plan,none,2025-01-12
A005960,K0132,I01490,support_tier,dedicated,2025-01-12
A005961,K0427,I01491,sku_quoted,P034,2024-08-01
A005962,K0427,I01491,commissioning,guided,2024-08-01
A005963,K0427,I01491,service_plan,none,2024-08-01
A005964,K0427,I01491,support_tier,dedicated,2024-08-01
A005965,K0231,I01492,sku_quoted,P009,2024-10-09
A005966,K0231,I01492,commissioning,on-site,2024-10-09
A005967,K0231,I01492,service_plan,premium,2024-10-09
A005968,K0231,I01492,support_tier,pooled,2024-10-09
A005969,K0074,I01493,sku_quoted,P018,2025-05-17
A005970,K0074,I01493,commissioning,on-site,2025-05-17
A005971,K0074,I01493,service_plan,standard,2025-05-17
A005972,K0074,I01493,support_tier,pooled,2025-05-17
A005973,K0456,I01494,sku_quoted,P039,2025-02-27
A005974,K0456,I01494,commissioning,on-site,2025-02-27
A005975,K0456,I01494,service_plan,none,2025-02-27
A005976,K0456,I01494,support_tier,pooled,2025-02-27
A005977,K0319,I01495,sku_quoted,P022,2025-06-07
A005978,K0319,I01495,commissioning,self,2025-06-07
A005979,K0319,I01495,service_plan,standard,2025-06-07
A005980,K0319,I01495,support_tier,pooled,2025-06-07
A005981,K0465,I01496,sku_quoted,P028,2024-02-17
A005982,K0465,I01496,commissioning,guided,2024-02-17
A005983,K0465,I01496,service_plan,none,2024-02-17
A005984,K0465,I01496,support_tier,dedicated,2024-02-17
A005985,K0501,I01497,sku_quoted,P030,2025-01-07
A005986,K0501,I01497,commissioning,self,2025-01-07
A005987,K0501,I01497,service_plan,standard,2025-01-07
A005988,K0501,I01497,support_tier,pooled,2025-01-07
A005989,K0140,I01498,sku_quoted,P028,2025-06-11
A005990,K0140,I01498,commissioning,on-site,2025-06-11
A005991,K0140,I01498,service_plan,none,2025-06-11
A005992,K0140,I01498,support_tier,dedicated,2025-06-11
A005993,K0165,I01499,sku_quoted,P038,2025-01-09
A005994,K0165,I01499,commissioning,self,2025-01-09
A005995,K0165,I01499,service_plan,standard,2025-01-09
A005996,K0165,I01499,support_tier,dedicated,2025-01-09
A005997,K0411,I01500,sku_quoted,P026,2024-03-14
A005998,K0411,I01500,commissioning,self,2024-03-14
A005999,K0411,I01500,service_plan,standard,2024-03-14
A006000,K0411,I01500,support_tier,pooled,2024-03-14
A006001,K0260,I01501,sku_quoted,P038,2025-04-19
A006002,K0260,I01501,commissioning,on-site,2025-04-19
A006003,K0260,I01501,service_plan,premium,2025-04-19
A006004,K0260,I01501,support_tier,pooled,2025-04-19
A006005,K0266,I01502,sku_quoted,P026,2024-08-20
A006006,K0266,I01502,commissioning,self,2024-08-20
A006007,K0266,I01502,service_plan,none,2024-08-20
A006008,K0266,I01502,support_tier,dedicated,2024-08-20
A006009,K0117,I01503,sku_quoted,P021,2025-06-30
A006010,K0117,I01503,commissioning,guided,2025-06-30
A006011,K0117,I01503,service_plan,standard,2025-06-30
A006012,K0117,I01503,support_tier,pooled,2025-06-30
A006013,K0478,I01504,sku_quoted,P008,2024-06-09
A006014,K0478,I01504,commissioning,guided,2024-06-09
A006015,K0478,I01504,service_plan,standard,2024-06-09
A006016,K0478,I01504,support_tier,pooled,2024-06-09
A006017,K0214,I01505,sku_quoted,P038,2025-02-12
A006018,K0214,I01505,commissioning,guided,2025-02-12
A006019,K0214,I01505,service_plan,none,2025-02-12
A006020,K0214,I01505,support_tier,pooled,2025-02-12
A006021,K0327,I01506,sku_quoted,P024,2025-01-25
A006022,K0327,I01506,commissioning,on-site,2025-01-25
A006023,K0327,I01506,service_plan,none,2025-01-25
A006024,K0327,I01506,support_tier,dedicated,2025-01-25
A006025,K0457,I01507,sku_quoted,P042,2025-03-26
A006026,K0457,I01507,commissioning,guided,2025-03-26
A006027,K0457,I01507,service_plan,premium,2025-03-26
A006028,K0457,I01507,support_tier,dedicated,2025-03-26
A006029,K0338,I01508,sku_quoted,P003,2025-04-06
A006030,K0338,I01508,commissioning,guided,2025-04-06
A006031,K0338,I01508,service_plan,standard,2025-04-06
A006032,K0338,I01508,support_tier,dedicated,2025-04-06
A006033,K0426,I01509,sku_quoted,P009,2025-03-14
A006034,K0426,I01509,commissioning,self,2025-03-14
A006035,K0426,I01509,service_plan,premium,2025-03-14
A006036,K0426,I01509,support_tier,dedicated,2025-03-14
A006037,K0120,I01510,sku_quoted,P033,2025-03-25
A006038,K0120,I01510,commissioning,on-site,2025-03-25
A006039,K0120,I01510,service_plan,none,2025-03-25
A006040,K0120,I01510,support_tier,pooled,2025-03-25
A006041,K0291,I01511,sku_quoted,P034,2025-06-27
A006042,K0291,I01511,commissioning,guided,2025-06-27
A006043,K0291,I01511,service_plan,standard,2025-06-27
A006044,K0291,I01511,support_tier,dedicated,2025-06-27
A006045,K0478,I01512,sku_quoted,P034,2025-03-31
A006046,K0478,I01512,commissioning,on-site,2025-03-31
A006047,K0478,I01512,service_plan,none,2025-03-31
A006048,K0478,I01512,support_tier,dedicated,2025-03-31
A006049,K0357,I01513,sku_quoted,P029,2024-04-24
A006050,K0357,I01513,commissioning,guided,2024-04-24
A006051,K0357,I01513,service_plan,none,2024-04-24
A006052,K0357,I01513,support_tier,pooled,2024-04-24
A006053,K0296,I01514,sku_quoted,P042,2024-05-06
A006054,K0296,I01514,commissioning,guided,2024-05-06
A006055,K0296,I01514,service_plan,standard,2024-05-06
A006056,K0296,I01514,support_tier,dedicated,2024-05-06
A006057,K0068,I01515,sku_quoted,P025,2025-04-17
A006058,K0068,I01515,commissioning,on-site,2025-04-17
A006059,K0068,I01515,service_plan,none,2025-04-17
A006060,K0068,I01515,support_tier,pooled,2025-04-17
A006061,K0490,I01516,sku_quoted,P014,2025-04-21
A006062,K0490,I01516,commissioning,on-site,2025-04-21
A006063,K0490,I01516,service_plan,standard,2025-04-21
A006064,K0490,I01516,support_tier,dedicated,2025-04-21
A006065,K0474,I01517,sku_quoted,P038,2024-12-08
A006066,K0474,I01517,commissioning,self,2024-12-08
A006067,K0474,I01517,service_plan,premium,2024-12-08
A006068,K0474,I01517,support_tier,pooled,2024-12-08
A006069,K0060,I01518,sku_quoted,P010,2024-11-28
A006070,K0060,I01518,commissioning,on-site,2024-11-28
A006071,K0060,I01518,service_plan,none,2024-11-28
A006072,K0060,I01518,support_tier,pooled,2024-11-28
A006073,K0218,I01519,sku_quoted,P033,2024-04-06
A006074,K0218,I01519,commissioning,self,2024-04-06
A006075,K0218,I01519,service_plan,standard,2024-04-06
A006076,K0218,I01519,support_tier,dedicated,2024-04-06
A006077,K0330,I01520,sku_quoted,P025,2025-02-11
A006078,K0330,I01520,commissioning,guided,2025-02-11
A006079,K0330,I01520,service_plan,standard,2025-02-11
A006080,K0330,I01520,support_tier,pooled,2025-02-11
A006081,K0108,I01521,sku_quoted,P024,2025-02-11
A006082,K0108,I01521,commissioning,on-site,2025-02-11
A006083,K0108,I01521,service_plan,standard,2025-02-11
A006084,K0108,I01521,support_tier,dedicated,2025-02-11
A006085,K0023,I01522,sku_quoted,P030,2024-10-02
A006086,K0023,I01522,commissioning,on-site,2024-10-02
A006087,K0023,I01522,service_plan,standard,2024-10-02
A006088,K0023,I01522,support_tier,dedicated,2024-10-02
A006089,K0206,I01523,sku_quoted,P037,2024-03-08
A006090,K0206,I01523,commissioning,guided,2024-03-08
A006091,K0206,I01523,service_plan,premium,2024-03-08
A006092,K0206,I01523,support_tier,dedicated,2024-03-08
A006093,K0438,I01524,sku_quoted,P002,2024-05-27
A006094,K0438,I01524,commissioning,guided,2024-05-27
A006095,K0438,I01524,service_plan,none,2024-05-27
A006096,K0438,I01524,support_tier,pooled,2024-05-27
A006097,K0148,I01525,sku_quoted,P006,2024-05-01
A006098,K0148,I01525,commissioning,on-site,2024-05-01
A006099,K0148,I01525,service_plan,standard,2024-05-01
A006100,K0148,I01525,support_tier,pooled,2024-05-01
A006101,K0412,I01526,sku_quoted,P021,2024-12-25
A006102,K0412,I01526,commissioning,guided,2024-12-25
A006103,K0412,I01526,service_plan,standard,2024-12-25
A006104,K0412,I01526,support_tier,pooled,2024-12-25
A006105,K0422,I01527,sku_quoted,P035,2024-11-27
A006106,K0422,I01527,commissioning,guided,2024-11-27
A006107,K0422,I01527,service_plan,standard,2024-11-27
A006108,K0422,I01527,support_tier,dedicated,2024-11-27
A006109,K0519,I01528,sku_quoted,P009,2024-09-13
A006110,K0519,I01528,commissioning,on-site,2024-09-13
A006111,K0519,I01528,service_plan,standard,2024-09-13
A006112,K0519,I01528,support_tier,dedicated,2024-09-13
A006113,K0157,I01529,sku_quoted,P007,2025-03-26
A006114,K0157,I01529,commissioning,self,2025-03-26
A006115,K0157,I01529,service_plan,premium,2025-03-26
A006116,K0157,I01529,support_tier,dedicated,2025-03-26
A006117,K0157,I01530,sku_quoted,P042,2025-01-03
A006118,K0157,I01530,commissioning,self,2025-01-03
A006119,K0157,I01530,service_plan,standard,2025-01-03
A006120,K0157,I01530,support_tier,dedicated,2025-01-03
A006121,K0141,I01531,sku_quoted,P011,2024-08-21
A006122,K0141,I01531,commissioning,on-site,2024-08-21
A006123,K0141,I01531,service_plan,standard,2024-08-21
A006124,K0141,I01531,support_tier,dedicated,2024-08-21
A006125,K0247,I01532,sku_quoted,P006,2024-11-08
A006126,K0247,I01532,commissioning,self,2024-11-08
A006127,K0247,I01532,service_plan,standard,2024-11-08
A006128,K0247,I01532,support_tier,dedicated,2024-11-08
A006129,K0041,I01533,sku_quoted,P040,2025-03-16
A006130,K0041,I01533,commissioning,on-site,2025-03-16
A006131,K0041,I01533,service_plan,standard,2025-03-16
A006132,K0041,I01533,support_tier,pooled,2025-03-16
A006133,K0141,I01534,sku_quoted,P018,2025-06-19
A006134,K0141,I01534,commissioning,on-site,2025-06-19
A006135,K0141,I01534,service_plan,premium,2025-06-19
A006136,K0141,I01534,support_tier,dedicated,2025-06-19
A006137,K0110,I01535,sku_quoted,P016,2024-07-21
A006138,K0110,I01535,commissioning,guided,2024-07-21
A006139,K0110,I01535,service_plan,none,2024-07-21
A006140,K0110,I01535,support_tier,dedicated,2024-07-21
A006141,K0008,I01536,sku_quoted,P020,2025-05-18
A006142,K0008,I01536,commissioning,on-site,2025-05-18
A006143,K0008,I01536,service_plan,premium,2025-05-18
A006144,K0008,I01536,support_tier,pooled,2025-05-18
A006145,K0021,I01537,sku_quoted,P016,2024-07-17
A006146,K0021,I01537,commissioning,on-site,2024-07-17
A006147,K0021,I01537,service_plan,standard,2024-07-17
A006148,K0021,I01537,support_tier,pooled,2024-07-17
A006149,K0273,I01538,sku_quoted,P009,2025-07-21
A006150,K0273,I01538,commissioning,self,2025-07-21
A006151,K0273,I01538,service_plan,standard,2025-07-21
A006152,K0273,I01538,support_tier,pooled,2025-07-21
A006153,K0149,I01539,sku_quoted,P019,2024-09-14
A006154,K0149,I01539,commissioning,on-site,2024-09-14
A006155,K0149,I01539,service_plan,standard,2024-09-14
A006156,K0149,I01539,support_tier,pooled,2024-09-14
A006157,K0322,I01540,sku_quoted,P022,2024-09-18
A006158,K0322,I01540,commissioning,self,2024-09-18
A006159,K0322,I01540,service_plan,none,2024-09-18
A006160,K0322,I01540,support_tier,pooled,2024-09-18
A006161,K0080,I01541,sku_quoted,P002,2025-02-01
A006162,K0080,I01541,commissioning,guided,2025-02-01
A006163,K0080,I01541,service_plan,none,2025-02-01
A006164,K0080,I01541,support_tier,dedicated,2025-02-01
A006165,K0423,I01542,sku_quoted,P041,2025-04-07
A006166,K0423,I01542,commissioning,on-site,2025-04-07
A006167,K0423,I01542,service_plan,none,2025-04-07
A006168,K0423,I01542,support_tier,dedicated,2025-04-07
A006169,K0467,I01543,sku_quoted,P026,2025-03-10
A006170,K0467,I01543,commissioning,self,2025-03-10
A006171,K0467,I01543,service_plan,none,2025-03-10
A006172,K0467,I01543,support_tier,dedicated,2025-03-10
A006173,K0349,I01544,sku_quoted,P031,2025-01-23
A006174,K0349,I01544,commissioning,guided,2025-01-23
A006175,K0349,I01544,service_plan,standard,2025-01-23
A006176,K0349,I01544,support_tier,pooled,2025-01-23
A006177,K0418,I01545,sku_quoted,P013,2024-05-04
A006178,K0418,I01545,commissioning,guided,2024-05-04
A006179,K0418,I01545,service_plan,standard,2024-05-04
A006180,K0418,I01545,support_tier,pooled,2024-05-04
A006181,K0486,I01546,sku_quoted,P010,2025-05-22
A006182,K0486,I01546,commissioning,self,2025-05-22
A006183,K0486,I01546,service_plan,standard,2025-05-22
A006184,K0486,I01546,support_tier,pooled,2025-05-22
A006185,K0044,I01547,sku_quoted,P039,2024-11-04
A006186,K0044,I01547,commissioning,guided,2024-11-04
A006187,K0044,I01547,service_plan,none,2024-11-04
A006188,K0044,I01547,support_tier,pooled,2024-11-04
A006189,K0038,I01548,sku_quoted,P041,2024-07-21
A006190,K0038,I01548,commissioning,self,2024-07-21
A006191,K0038,I01548,service_plan,none,2024-07-21
A006192,K0038,I01548,support_tier,dedicated,2024-07-21
A006193,K0434,I01549,sku_quoted,P019,2025-08-23
A006194,K0434,I01549,commissioning,self,2025-08-23
A006195,K0434,I01549,service_plan,none,2025-08-23
A006196,K0434,I01549,support_tier,pooled,2025-08-23
A006197,K0244,I01550,sku_quoted,P014,2025-01-25
A006198,K0244,I01550,commissioning,on-site,2025-01-25
A006199,K0244,I01550,service_plan,premium,2025-01-25
A006200,K0244,I01550,support_tier,dedicated,2025-01-25
A006201,K0098,I01551,sku_quoted,P025,2024-12-26
A006202,K0098,I01551,commissioning,guided,2024-12-26
A006203,K0098,I01551,service_plan,standard,2024-12-26
A006204,K0098,I01551,support_tier,pooled,2024-12-26
A006205,K0451,I01552,sku_quoted,P013,2025-04-18
A006206,K0451,I01552,commissioning,guided,2025-04-18
A006207,K0451,I01552,service_plan,none,2025-04-18
A006208,K0451,I01552,support_tier,dedicated,2025-04-18
A006209,K0003,I01553,sku_quoted,P004,2024-12-24
A006210,K0003,I01553,commissioning,on-site,2024-12-24
A006211,K0003,I01553,service_plan,none,2024-12-24
A006212,K0003,I01553,support_tier,dedicated,2024-12-24
A006213,K0336,I01554,sku_quoted,P023,2024-03-31
A006214,K0336,I01554,commissioning,guided,2024-03-31
A006215,K0336,I01554,service_plan,standard,2024-03-31
A006216,K0336,I01554,support_tier,dedicated,2024-03-31
A006217,K0256,I01555,sku_quoted,P037,2025-06-13
A006218,K0256,I01555,commissioning,guided,2025-06-13
A006219,K0256,I01555,service_plan,premium,2025-06-13
A006220,K0256,I01555,support_tier,pooled,2025-06-13
A006221,K0085,I01556,sku_quoted,P013,2024-05-02
A006222,K0085,I01556,commissioning,guided,2024-05-02
A006223,K0085,I01556,service_plan,premium,2024-05-02
A006224,K0085,I01556,support_tier,dedicated,2024-05-02
A006225,K0156,I01557,sku_quoted,P012,2025-01-18
A006226,K0156,I01557,commissioning,guided,2025-01-18
A006227,K0156,I01557,service_plan,standard,2025-01-18
A006228,K0156,I01557,support_tier,pooled,2025-01-18
A006229,K0183,I01558,sku_quoted,P029,2025-05-17
A006230,K0183,I01558,commissioning,self,2025-05-17
A006231,K0183,I01558,service_plan,standard,2025-05-17
A006232,K0183,I01558,support_tier,pooled,2025-05-17
A006233,K0282,I01559,sku_quoted,P038,2024-11-03
A006234,K0282,I01559,commissioning,guided,2024-11-03
A006235,K0282,I01559,service_plan,premium,2024-11-03
A006236,K0282,I01559,support_tier,dedicated,2024-11-03
A006237,K0356,I01560,sku_quoted,P028,2024-02-01
A006238,K0356,I01560,commissioning,self,2024-02-01
A006239,K0356,I01560,service_plan,standard,2024-02-01
A006240,K0356,I01560,support_tier,dedicated,2024-02-01
A006241,K0350,I01561,sku_quoted,P005,2025-05-19
A006242,K0350,I01561,commissioning,on-site,2025-05-19
A006243,K0350,I01561,service_plan,standard,2025-05-19
A006244,K0350,I01561,support_tier,pooled,2025-05-19
A006245,K0300,I01562,sku_quoted,P013,2024-03-22
A006246,K0300,I01562,commissioning,on-site,2024-03-22
A006247,K0300,I01562,service_plan,standard,2024-03-22
A006248,K0300,I01562,support_tier,dedicated,2024-03-22
A006249,K0259,I01563,sku_quoted,P012,2025-08-20
A006250,K0259,I01563,commissioning,self,2025-08-20
A006251,K0259,I01563,service_plan,premium,2025-08-20
A006252,K0259,I01563,support_tier,dedicated,2025-08-20
A006253,K0224,I01564,sku_quoted,P025,2025-03-09
A006254,K0224,I01564,commissioning,on-site,2025-03-09
A006255,K0224,I01564,service_plan,standard,2025-03-09
A006256,K0224,I01564,support_tier,pooled,2025-03-09
A006257,K0278,I01565,sku_quoted,P025,2025-05-23
A006258,K0278,I01565,commissioning,self,2025-05-23
A006259,K0278,I01565,service_plan,standard,2025-05-23
A006260,K0278,I01565,support_tier,dedicated,2025-05-23
A006261,K0036,I01566,sku_quoted,P034,2024-10-12
A006262,K0036,I01566,commissioning,guided,2024-10-12
A006263,K0036,I01566,service_plan,standard,2024-10-12
A006264,K0036,I01566,support_tier,pooled,2024-10-12
A006265,K0189,I01567,sku_quoted,P010,2024-10-31
A006266,K0189,I01567,commissioning,guided,2024-10-31
A006267,K0189,I01567,service_plan,standard,2024-10-31
A006268,K0189,I01567,support_tier,dedicated,2024-10-31
A006269,K0431,I01568,sku_quoted,P007,2024-09-04
A006270,K0431,I01568,commissioning,on-site,2024-09-04
A006271,K0431,I01568,service_plan,standard,2024-09-04
A006272,K0431,I01568,support_tier,pooled,2024-09-04
A006273,K0235,I01569,sku_quoted,P003,2024-03-09
A006274,K0235,I01569,commissioning,guided,2024-03-09
A006275,K0235,I01569,service_plan,none,2024-03-09
A006276,K0235,I01569,support_tier,dedicated,2024-03-09
A006277,K0176,I01570,sku_quoted,P026,2025-03-03
A006278,K0176,I01570,commissioning,guided,2025-03-03
A006279,K0176,I01570,service_plan,standard,2025-03-03
A006280,K0176,I01570,support_tier,dedicated,2025-03-03
A006281,K0166,I01571,sku_quoted,P002,2025-01-31
A006282,K0166,I01571,commissioning,on-site,2025-01-31
A006283,K0166,I01571,service_plan,none,2025-01-31
A006284,K0166,I01571,support_tier,pooled,2025-01-31
A006285,K0381,I01572,sku_quoted,P009,2025-02-15
A006286,K0381,I01572,commissioning,guided,2025-02-15
A006287,K0381,I01572,service_plan,standard,2025-02-15
A006288,K0381,I01572,support_tier,pooled,2025-02-15
A006289,K0409,I01573,sku_quoted,P031,2025-03-31
A006290,K0409,I01573,commissioning,on-site,2025-03-31
A006291,K0409,I01573,service_plan,none,2025-03-31
A006292,K0409,I01573,support_tier,dedicated,2025-03-31
A006293,K0515,I01574,sku_quoted,P002,2025-07-27
A006294,K0515,I01574,commissioning,self,2025-07-27
A006295,K0515,I01574,service_plan,premium,2025-07-27
A006296,K0515,I01574,support_tier,dedicated,2025-07-27
A006297,K0415,I01575,sku_quoted,P042,2025-02-13
A006298,K0415,I01575,commissioning,self,2025-02-13
A006299,K0415,I01575,service_plan,standard,2025-02-13
A006300,K0415,I01575,support_tier,pooled,2025-02-13
A006301,K0473,I01576,sku_quoted,P004,2024-10-13
A006302,K0473,I01576,commissioning,self,2024-10-13
A006303,K0473,I01576,service_plan,none,2024-10-13
A006304,K0473,I01576,support_tier,pooled,2024-10-13
A006305,K0005,I01577,sku_quoted,P028,2024-08-10
A006306,K0005,I01577,commissioning,on-site,2024-08-10
A006307,K0005,I01577,service_plan,none,2024-08-10
A006308,K0005,I01577,support_tier,dedicated,2024-08-10
A006309,K0179,I01578,sku_quoted,P036,2024-05-11
A006310,K0179,I01578,commissioning,self,2024-05-11
A006311,K0179,I01578,service_plan,none,2024-05-11
A006312,K0179,I01578,support_tier,dedicated,2024-05-11
A006313,K0362,I01579,sku_quoted,P020,2024-06-25
A006314,K0362,I01579,commissioning,self,2024-06-25
A006315,K0362,I01579,service_plan,premium,2024-06-25
A006316,K0362,I01579,support_tier,dedicated,2024-06-25
A006317,K0084,I01580,sku_quoted,P004,2024-09-19
A006318,K0084,I01580,commissioning,on-site,2024-09-19
A006319,K0084,I01580,service_plan,premium,2024-09-19
A006320,K0084,I01580,support_tier,pooled,2024-09-19
A006321,K0278,I01581,sku_quoted,P039,2024-11-17
A006322,K0278,I01581,commissioning,self,2024-11-17
A006323,K0278,I01581,service_plan,premium,2024-11-17
A006324,K0278,I01581,support_tier,dedicated,2024-11-17
A006325,K0394,I01582,sku_quoted,P007,2025-02-18
A006326,K0394,I01582,commissioning,guided,2025-02-18
A006327,K0394,I01582,service_plan,standard,2025-02-18
A006328,K0394,I01582,support_tier,pooled,2025-02-18
A006329,K0462,I01583,sku_quoted,P012,2025-06-14
A006330,K0462,I01583,commissioning,on-site,2025-06-14
A006331,K0462,I01583,service_plan,standard,2025-06-14
A006332,K0462,I01583,support_tier,pooled,2025-06-14
A006333,K0492,I01584,sku_quoted,P014,2024-05-05
A006334,K0492,I01584,commissioning,on-site,2024-05-05
A006335,K0492,I01584,service_plan,standard,2024-05-05
A006336,K0492,I01584,support_tier,dedicated,2024-05-05
A006337,K0415,I01585,sku_quoted,P042,2024-03-19
A006338,K0415,I01585,commissioning,on-site,2024-03-19
A006339,K0415,I01585,service_plan,standard,2024-03-19
A006340,K0415,I01585,support_tier,dedicated,2024-03-19
A006341,K0497,I01586,sku_quoted,P017,2024-06-04
A006342,K0497,I01586,commissioning,self,2024-06-04
A006343,K0497,I01586,service_plan,none,2024-06-04
A006344,K0497,I01586,support_tier,pooled,2024-06-04
A006345,K0366,I01587,sku_quoted,P026,2025-01-12
A006346,K0366,I01587,commissioning,on-site,2025-01-12
A006347,K0366,I01587,service_plan,standard,2025-01-12
A006348,K0366,I01587,support_tier,dedicated,2025-01-12
A006349,K0041,I01588,sku_quoted,P009,2025-01-02
A006350,K0041,I01588,commissioning,self,2025-01-02
A006351,K0041,I01588,service_plan,premium,2025-01-02
A006352,K0041,I01588,support_tier,pooled,2025-01-02
A006353,K0382,I01589,sku_quoted,P007,2024-06-23
A006354,K0382,I01589,commissioning,self,2024-06-23
A006355,K0382,I01589,service_plan,standard,2024-06-23
A006356,K0382,I01589,support_tier,pooled,2024-06-23
A006357,K0074,I01590,sku_quoted,P034,2024-11-29
A006358,K0074,I01590,commissioning,on-site,2024-11-29
A006359,K0074,I01590,service_plan,none,2024-11-29
A006360,K0074,I01590,support_tier,dedicated,2024-11-29
A006361,K0354,I01591,sku_quoted,P010,2024-05-05
A006362,K0354,I01591,commissioning,guided,2024-05-05
A006363,K0354,I01591,service_plan,standard,2024-05-05
A006364,K0354,I01591,support_tier,pooled,2024-05-05
A006365,K0371,I01592,sku_quoted,P032,2025-07-30
A006366,K0371,I01592,commissioning,self,2025-07-30
A006367,K0371,I01592,service_plan,standard,2025-07-30
A006368,K0371,I01592,support_tier,pooled,2025-07-30
A006369,K0134,I01593,sku_quoted,P005,2024-06-02
A006370,K0134,I01593,commissioning,guided,2024-06-02
A006371,K0134,I01593,service_plan,standard,2024-06-02
A006372,K0134,I01593,support_tier,pooled,2024-06-02
A006373,K0421,I01594,sku_quoted,P029,2024-06-02
A006374,K0421,I01594,commissioning,on-site,2024-06-02
A006375,K0421,I01594,service_plan,standard,2024-06-02
A006376,K0421,I01594,support_tier,dedicated,2024-06-02
A006377,K0389,I01595,sku_quoted,P024,2024-10-14
A006378,K0389,I01595,commissioning,self,2024-10-14
A006379,K0389,I01595,service_plan,standard,2024-10-14
A006380,K0389,I01595,support_tier,dedicated,2024-10-14
A006381,K0235,I01596,sku_quoted,P011,2024-04-26
A006382,K0235,I01596,commissioning,guided,2024-04-26
A006383,K0235,I01596,service_plan,standard,2024-04-26
A006384,K0235,I01596,support_tier,dedicated,2024-04-26
A006385,K0480,I01597,sku_quoted,P011,2025-04-11
A006386,K0480,I01597,commissioning,on-site,2025-04-11
A006387,K0480,I01597,service_plan,none,2025-04-11
A006388,K0480,I01597,support_tier,pooled,2025-04-11
A006389,K0304,I01598,sku_quoted,P035,2025-01-03
A006390,K0304,I01598,commissioning,self,2025-01-03
A006391,K0304,I01598,service_plan,standard,2025-01-03
A006392,K0304,I01598,support_tier,pooled,2025-01-03
A006393,K0368,I01599,sku_quoted,P003,2025-03-12
A006394,K0368,I01599,commissioning,on-site,2025-03-12
A006395,K0368,I01599,service_plan,standard,2025-03-12
A006396,K0368,I01599,support_tier,dedicated,2025-03-12
A006397,K0273,I01600,sku_quoted,P023,2025-03-25
A006398,K0273,I01600,commissioning,on-site,2025-03-25
A006399,K0273,I01600,service_plan,premium,2025-03-25
A006400,K0273,I01600,support_tier,pooled,2025-03-25
A006401,K0422,I01601,sku_quoted,P026,2025-07-15
A006402,K0422,I01601,commissioning,guided,2025-07-15
A006403,K0422,I01601,service_plan,standard,2025-07-15
A006404,K0422,I01601,support_tier,dedicated,2025-07-15
A006405,K0511,I01602,sku_quoted,P036,2024-07-25
A006406,K0511,I01602,commissioning,guided,2024-07-25
A006407,K0511,I01602,service_plan,standard,2024-07-25
A006408,K0511,I01602,support_tier,pooled,2024-07-25
A006409,K0407,I01603,sku_quoted,P030,2024-07-07
A006410,K0407,I01603,commissioning,on-site,2024-07-07
A006411,K0407,I01603,service_plan,standard,2024-07-07
A006412,K0407,I01603,support_tier,dedicated,2024-07-07
A006413,K0095,I01604,sku_quoted,P037,2024-07-27
A006414,K0095,I01604,commissioning,on-site,2024-07-27
A006415,K0095,I01604,service_plan,standard,2024-07-27
A006416,K0095,I01604,support_tier,pooled,2024-07-27
A006417,K0506,I01605,sku_quoted,P017,2024-05-22
A006418,K0506,I01605,commissioning,guided,2024-05-22
A006419,K0506,I01605,service_plan,none,2024-05-22
A006420,K0506,I01605,support_tier,pooled,2024-05-22
A006421,K0168,I01606,sku_quoted,P026,2024-07-31
A006422,K0168,I01606,commissioning,self,2024-07-31
A006423,K0168,I01606,service_plan,premium,2024-07-31
A006424,K0168,I01606,support_tier,pooled,2024-07-31
A006425,K0454,I01607,sku_quoted,P005,2025-03-17
A006426,K0454,I01607,commissioning,on-site,2025-03-17
A006427,K0454,I01607,service_plan,none,2025-03-17
A006428,K0454,I01607,support_tier,dedicated,2025-03-17
A006429,K0389,I01608,sku_quoted,P001,2024-11-22
A006430,K0389,I01608,commissioning,self,2024-11-22
A006431,K0389,I01608,service_plan,standard,2024-11-22
A006432,K0389,I01608,support_tier,pooled,2024-11-22
A006433,K0310,I01609,sku_quoted,P014,2024-12-19
A006434,K0310,I01609,commissioning,guided,2024-12-19
A006435,K0310,I01609,service_plan,none,2024-12-19
A006436,K0310,I01609,support_tier,dedicated,2024-12-19
A006437,K0180,I01610,sku_quoted,P017,2024-04-21
A006438,K0180,I01610,commissioning,self,2024-04-21
A006439,K0180,I01610,service_plan,standard,2024-04-21
A006440,K0180,I01610,support_tier,dedicated,2024-04-21
A006441,K0319,I01611,sku_quoted,P009,2025-05-24
A006442,K0319,I01611,commissioning,on-site,2025-05-24
A006443,K0319,I01611,service_plan,standard,2025-05-24
A006444,K0319,I01611,support_tier,dedicated,2025-05-24
A006445,K0290,I01612,sku_quoted,P006,2025-05-24
A006446,K0290,I01612,commissioning,guided,2025-05-24
A006447,K0290,I01612,service_plan,standard,2025-05-24
A006448,K0290,I01612,support_tier,dedicated,2025-05-24
A006449,K0373,I01613,sku_quoted,P025,2024-09-17
A006450,K0373,I01613,commissioning,on-site,2024-09-17
A006451,K0373,I01613,service_plan,none,2024-09-17
A006452,K0373,I01613,support_tier,dedicated,2024-09-17
A006453,K0411,I01614,sku_quoted,P018,2025-03-09
A006454,K0411,I01614,commissioning,guided,2025-03-09
A006455,K0411,I01614,service_plan,standard,2025-03-09
A006456,K0411,I01614,support_tier,dedicated,2025-03-09
A006457,K0141,I01615,sku_quoted,P042,2025-05-14
A006458,K0141,I01615,commissioning,self,2025-05-14
A006459,K0141,I01615,service_plan,standard,2025-05-14
A006460,K0141,I01615,support_tier,pooled,2025-05-14
A006461,K0034,I01616,sku_quoted,P005,2024-05-07
A006462,K0034,I01616,commissioning,guided,2024-05-07
A006463,K0034,I01616,service_plan,standard,2024-05-07
A006464,K0034,I01616,support_tier,dedicated,2024-05-07
A006465,K0339,I01617,sku_quoted,P008,2025-08-19
A006466,K0339,I01617,commissioning,on-site,2025-08-19
A006467,K0339,I01617,service_plan,none,2025-08-19
A006468,K0339,I01617,support_tier,dedicated,2025-08-19
A006469,K0092,I01618,sku_quoted,P011,2025-04-25
A006470,K0092,I01618,commissioning,guided,2025-04-25
A006471,K0092,I01618,service_plan,premium,2025-04-25
A006472,K0092,I01618,support_tier,dedicated,2025-04-25
A006473,K0229,I01619,sku_quoted,P019,2025-05-27
A006474,K0229,I01619,commissioning,on-site,2025-05-27
A006475,K0229,I01619,service_plan,premium,2025-05-27
A006476,K0229,I01619,support_tier,dedicated,2025-05-27
A006477,K0337,I01620,sku_quoted,P016,2024-11-03
A006478,K0337,I01620,commissioning,on-site,2024-11-03
A006479,K0337,I01620,service_plan,standard,2024-11-03
A006480,K0337,I01620,support_tier,pooled,2024-11-03
A006481,K0223,I01621,sku_quoted,P025,2025-06-19
A006482,K0223,I01621,commissioning,self,2025-06-19
A006483,K0223,I01621,service_plan,none,2025-06-19
A006484,K0223,I01621,support_tier,pooled,2025-06-19
A006485,K0156,I01622,sku_quoted,P002,2024-07-03
A006486,K0156,I01622,commissioning,self,2024-07-03
A006487,K0156,I01622,service_plan,none,2024-07-03
A006488,K0156,I01622,support_tier,pooled,2024-07-03
A006489,K0376,I01623,sku_quoted,P015,2025-02-25
A006490,K0376,I01623,commissioning,self,2025-02-25
A006491,K0376,I01623,service_plan,none,2025-02-25
A006492,K0376,I01623,support_tier,dedicated,2025-02-25
A006493,K0060,I01624,sku_quoted,P029,2024-10-20
A006494,K0060,I01624,commissioning,self,2024-10-20
A006495,K0060,I01624,service_plan,premium,2024-10-20
A006496,K0060,I01624,support_tier,pooled,2024-10-20
A006497,K0084,I01625,sku_quoted,P010,2025-02-18
A006498,K0084,I01625,commissioning,self,2025-02-18
A006499,K0084,I01625,service_plan,standard,2025-02-18
A006500,K0084,I01625,support_tier,pooled,2025-02-18
A006501,K0400,I01626,sku_quoted,P035,2024-10-12
A006502,K0400,I01626,commissioning,self,2024-10-12
A006503,K0400,I01626,service_plan,premium,2024-10-12
A006504,K0400,I01626,support_tier,dedicated,2024-10-12
A006505,K0506,I01627,sku_quoted,P004,2024-08-05
A006506,K0506,I01627,commissioning,on-site,2024-08-05
A006507,K0506,I01627,service_plan,standard,2024-08-05
A006508,K0506,I01627,support_tier,dedicated,2024-08-05
A006509,K0380,I01628,sku_quoted,P002,2024-12-04
A006510,K0380,I01628,commissioning,on-site,2024-12-04
A006511,K0380,I01628,service_plan,none,2024-12-04
A006512,K0380,I01628,support_tier,pooled,2024-12-04
A006513,K0105,I01629,sku_quoted,P031,2024-12-21
A006514,K0105,I01629,commissioning,on-site,2024-12-21
A006515,K0105,I01629,service_plan,premium,2024-12-21
A006516,K0105,I01629,support_tier,dedicated,2024-12-21
A006517,K0509,I01630,sku_quoted,P024,2024-06-03
A006518,K0509,I01630,commissioning,on-site,2024-06-03
A006519,K0509,I01630,service_plan,standard,2024-06-03
A006520,K0509,I01630,support_tier,dedicated,2024-06-03
A006521,K0290,I01631,sku_quoted,P010,2024-10-01
A006522,K0290,I01631,commissioning,self,2024-10-01
A006523,K0290,I01631,service_plan,none,2024-10-01
A006524,K0290,I01631,support_tier,dedicated,2024-10-01
A006525,K0016,I01632,sku_quoted,P026,2025-06-22
A006526,K0016,I01632,commissioning,guided,2025-06-22
A006527,K0016,I01632,service_plan,standard,2025-06-22
A006528,K0016,I01632,support_tier,pooled,2025-06-22
A006529,K0483,I01633,sku_quoted,P010,2024-09-23
A006530,K0483,I01633,commissioning,self,2024-09-23
A006531,K0483,I01633,service_plan,standard,2024-09-23
A006532,K0483,I01633,support_tier,pooled,2024-09-23
A006533,K0456,I01634,sku_quoted,P042,2024-10-02
A006534,K0456,I01634,commissioning,on-site,2024-10-02
A006535,K0456,I01634,service_plan,premium,2024-10-02
A006536,K0456,I01634,support_tier,dedicated,2024-10-02
A006537,K0454,I01635,sku_quoted,P006,2025-04-24
A006538,K0454,I01635,commissioning,self,2025-04-24
A006539,K0454,I01635,service_plan,none,2025-04-24
A006540,K0454,I01635,support_tier,pooled,2025-04-24
A006541,K0416,I01636,sku_quoted,P028,2025-02-07
A006542,K0416,I01636,commissioning,guided,2025-02-07
A006543,K0416,I01636,service_plan,none,2025-02-07
A006544,K0416,I01636,support_tier,pooled,2025-02-07
A006545,K0416,I01637,sku_quoted,P018,2024-10-27
A006546,K0416,I01637,commissioning,guided,2024-10-27
A006547,K0416,I01637,service_plan,standard,2024-10-27
A006548,K0416,I01637,support_tier,dedicated,2024-10-27
A006549,K0092,I01638,sku_quoted,P010,2024-06-12
A006550,K0092,I01638,commissioning,guided,2024-06-12
A006551,K0092,I01638,service_plan,premium,2024-06-12
A006552,K0092,I01638,support_tier,dedicated,2024-06-12
A006553,K0269,I01639,sku_quoted,P027,2024-12-10
A006554,K0269,I01639,commissioning,self,2024-12-10
A006555,K0269,I01639,service_plan,none,2024-12-10
A006556,K0269,I01639,support_tier,dedicated,2024-12-10
A006557,K0462,I01640,sku_quoted,P014,2025-07-27
A006558,K0462,I01640,commissioning,on-site,2025-07-27
A006559,K0462,I01640,service_plan,standard,2025-07-27
A006560,K0462,I01640,support_tier,pooled,2025-07-27
A006561,K0086,I01641,sku_quoted,P038,2024-12-03
A006562,K0086,I01641,commissioning,self,2024-12-03
A006563,K0086,I01641,service_plan,standard,2024-12-03
A006564,K0086,I01641,support_tier,pooled,2024-12-03
A006565,K0034,I01642,sku_quoted,P005,2025-07-31
A006566,K0034,I01642,commissioning,on-site,2025-07-31
A006567,K0034,I01642,service_plan,none,2025-07-31
A006568,K0034,I01642,support_tier,dedicated,2025-07-31
A006569,K0162,I01643,sku_quoted,P008,2025-01-08
A006570,K0162,I01643,commissioning,self,2025-01-08
A006571,K0162,I01643,service_plan,none,2025-01-08
A006572,K0162,I01643,support_tier,pooled,2025-01-08
A006573,K0415,I01644,sku_quoted,P011,2025-02-13
A006574,K0415,I01644,commissioning,guided,2025-02-13
A006575,K0415,I01644,service_plan,standard,2025-02-13
A006576,K0415,I01644,support_tier,pooled,2025-02-13
A006577,K0189,I01645,sku_quoted,P017,2024-12-03
A006578,K0189,I01645,commissioning,self,2024-12-03
A006579,K0189,I01645,service_plan,premium,2024-12-03
A006580,K0189,I01645,support_tier,dedicated,2024-12-03
A006581,K0386,I01646,sku_quoted,P016,2024-09-07
A006582,K0386,I01646,commissioning,self,2024-09-07
A006583,K0386,I01646,service_plan,premium,2024-09-07
A006584,K0386,I01646,support_tier,pooled,2024-09-07
A006585,K0127,I01647,sku_quoted,P011,2025-05-21
A006586,K0127,I01647,commissioning,self,2025-05-21
A006587,K0127,I01647,service_plan,none,2025-05-21
A006588,K0127,I01647,support_tier,pooled,2025-05-21
A006589,K0098,I01648,sku_quoted,P038,2024-11-12
A006590,K0098,I01648,commissioning,on-site,2024-11-12
A006591,K0098,I01648,service_plan,premium,2024-11-12
A006592,K0098,I01648,support_tier,dedicated,2024-11-12
A006593,K0089,I01649,sku_quoted,P034,2025-02-18
A006594,K0089,I01649,commissioning,on-site,2025-02-18
A006595,K0089,I01649,service_plan,standard,2025-02-18
A006596,K0089,I01649,support_tier,dedicated,2025-02-18
A006597,K0180,I01650,sku_quoted,P013,2024-10-14
A006598,K0180,I01650,commissioning,self,2024-10-14
A006599,K0180,I01650,service_plan,standard,2024-10-14
A006600,K0180,I01650,support_tier,dedicated,2024-10-14
A006601,K0366,I01651,sku_quoted,P006,2025-03-02
A006602,K0366,I01651,commissioning,guided,2025-03-02
A006603,K0366,I01651,service_plan,none,2025-03-02
A006604,K0366,I01651,support_tier,dedicated,2025-03-02
A006605,K0333,I01652,sku_quoted,P007,2024-08-10
A006606,K0333,I01652,commissioning,guided,2024-08-10
A006607,K0333,I01652,service_plan,standard,2024-08-10
A006608,K0333,I01652,support_tier,dedicated,2024-08-10
A006609,K0403,I01653,sku_quoted,P028,2024-09-29
A006610,K0403,I01653,commissioning,on-site,2024-09-29
A006611,K0403,I01653,service_plan,premium,2024-09-29
A006612,K0403,I01653,support_tier,pooled,2024-09-29
A006613,K0016,I01654,sku_quoted,P030,2025-01-01
A006614,K0016,I01654,commissioning,on-site,2025-01-01
A006615,K0016,I01654,service_plan,none,2025-01-01
A006616,K0016,I01654,support_tier,dedicated,2025-01-01
A006617,K0503,I01655,sku_quoted,P006,2025-07-29
A006618,K0503,I01655,commissioning,on-site,2025-07-29
A006619,K0503,I01655,service_plan,standard,2025-07-29
A006620,K0503,I01655,support_tier,dedicated,2025-07-29
A006621,K0129,I01656,sku_quoted,P019,2025-03-04
A006622,K0129,I01656,commissioning,self,2025-03-04
A006623,K0129,I01656,service_plan,standard,2025-03-04
A006624,K0129,I01656,support_tier,pooled,2025-03-04
A006625,K0235,I01657,sku_quoted,P016,2025-03-04
A006626,K0235,I01657,commissioning,self,2025-03-04
A006627,K0235,I01657,service_plan,premium,2025-03-04
A006628,K0235,I01657,support_tier,pooled,2025-03-04
A006629,K0100,I01658,sku_quoted,P005,2024-04-08
A006630,K0100,I01658,commissioning,guided,2024-04-08
A006631,K0100,I01658,service_plan,none,2024-04-08
A006632,K0100,I01658,support_tier,dedicated,2024-04-08
A006633,K0119,I01659,sku_quoted,P041,2024-12-18
A006634,K0119,I01659,commissioning,guided,2024-12-18
A006635,K0119,I01659,service_plan,none,2024-12-18
A006636,K0119,I01659,support_tier,pooled,2024-12-18
A006637,K0465,I01660,sku_quoted,P025,2025-06-19
A006638,K0465,I01660,commissioning,on-site,2025-06-19
A006639,K0465,I01660,service_plan,standard,2025-06-19
A006640,K0465,I01660,support_tier,pooled,2025-06-19
A006641,K0341,I01661,sku_quoted,P006,2025-05-09
A006642,K0341,I01661,commissioning,self,2025-05-09
A006643,K0341,I01661,service_plan,premium,2025-05-09
A006644,K0341,I01661,support_tier,pooled,2025-05-09
A006645,K0307,I01662,sku_quoted,P029,2024-07-07
A006646,K0307,I01662,commissioning,guided,2024-07-07
A006647,K0307,I01662,service_plan,standard,2024-07-07
A006648,K0307,I01662,support_tier,pooled,2024-07-07
A006649,K0097,I01663,sku_quoted,P040,2025-06-16
A006650,K0097,I01663,commissioning,guided,2025-06-16
A006651,K0097,I01663,service_plan,none,2025-06-16
A006652,K0097,I01663,support_tier,dedicated,2025-06-16
A006653,K0150,I01664,sku_quoted,P039,2024-04-16
A006654,K0150,I01664,commissioning,self,2024-04-16
A006655,K0150,I01664,service_plan,standard,2024-04-16
A006656,K0150,I01664,support_tier,pooled,2024-04-16
A006657,K0508,I01665,sku_quoted,P039,2025-01-14
A006658,K0508,I01665,commissioning,guided,2025-01-14
A006659,K0508,I01665,service_plan,premium,2025-01-14
A006660,K0508,I01665,support_tier,dedicated,2025-01-14
A006661,K0033,I01666,sku_quoted,P003,2025-06-24
A006662,K0033,I01666,commissioning,guided,2025-06-24
A006663,K0033,I01666,service_plan,standard,2025-06-24
A006664,K0033,I01666,support_tier,dedicated,2025-06-24
A006665,K0056,I01667,sku_quoted,P026,2025-06-13
A006666,K0056,I01667,commissioning,self,2025-06-13
A006667,K0056,I01667,service_plan,none,2025-06-13
A006668,K0056,I01667,support_tier,dedicated,2025-06-13
A006669,K0474,I01668,sku_quoted,P034,2024-06-24
A006670,K0474,I01668,commissioning,guided,2024-06-24
A006671,K0474,I01668,service_plan,premium,2024-06-24
A006672,K0474,I01668,support_tier,dedicated,2024-06-24
A006673,K0077,I01669,sku_quoted,P010,2025-05-17
A006674,K0077,I01669,commissioning,guided,2025-05-17
A006675,K0077,I01669,service_plan,standard,2025-05-17
A006676,K0077,I01669,support_tier,dedicated,2025-05-17
A006677,K0114,I01670,sku_quoted,P039,2025-01-01
A006678,K0114,I01670,commissioning,guided,2025-01-01
A006679,K0114,I01670,service_plan,standard,2025-01-01
A006680,K0114,I01670,support_tier,dedicated,2025-01-01
A006681,K0236,I01671,sku_quoted,P021,2024-04-15
A006682,K0236,I01671,commissioning,on-site,2024-04-15
A006683,K0236,I01671,service_plan,standard,2024-04-15
A006684,K0236,I01671,support_tier,pooled,2024-04-15
A006685,K0499,I01672,sku_quoted,P034,2024-04-29
A006686,K0499,I01672,commissioning,guided,2024-04-29
A006687,K0499,I01672,service_plan,none,2024-04-29
A006688,K0499,I01672,support_tier,pooled,2024-04-29
A006689,K0354,I01673,sku_quoted,P002,2024-12-29
A006690,K0354,I01673,commissioning,self,2024-12-29
A006691,K0354,I01673,service_plan,none,2024-12-29
A006692,K0354,I01673,support_tier,dedicated,2024-12-29
A006693,K0107,I01674,sku_quoted,P019,2025-04-30
A006694,K0107,I01674,commissioning,on-site,2025-04-30
A006695,K0107,I01674,service_plan,standard,2025-04-30
A006696,K0107,I01674,support_tier,dedicated,2025-04-30
A006697,K0135,I01675,sku_quoted,P022,2024-12-15
A006698,K0135,I01675,commissioning,guided,2024-12-15
A006699,K0135,I01675,service_plan,none,2024-12-15
A006700,K0135,I01675,support_tier,pooled,2024-12-15
A006701,K0086,I01676,sku_quoted,P042,2024-10-15
A006702,K0086,I01676,commissioning,on-site,2024-10-15
A006703,K0086,I01676,service_plan,premium,2024-10-15
A006704,K0086,I01676,support_tier,dedicated,2024-10-15
A006705,K0084,I01677,sku_quoted,P042,2025-05-09
A006706,K0084,I01677,commissioning,guided,2025-05-09
A006707,K0084,I01677,service_plan,premium,2025-05-09
A006708,K0084,I01677,support_tier,dedicated,2025-05-09
A006709,K0438,I01678,sku_quoted,P010,2025-01-31
A006710,K0438,I01678,commissioning,on-site,2025-01-31
A006711,K0438,I01678,service_plan,none,2025-01-31
A006712,K0438,I01678,support_tier,pooled,2025-01-31
A006713,K0509,I01679,sku_quoted,P022,2024-04-12
A006714,K0509,I01679,commissioning,self,2024-04-12
A006715,K0509,I01679,service_plan,standard,2024-04-12
A006716,K0509,I01679,support_tier,dedicated,2024-04-12
A006717,K0432,I01680,sku_quoted,P017,2024-12-21
A006718,K0432,I01680,commissioning,guided,2024-12-21
A006719,K0432,I01680,service_plan,standard,2024-12-21
A006720,K0432,I01680,support_tier,dedicated,2024-12-21
A006721,K0028,I01681,sku_quoted,P017,2025-03-29
A006722,K0028,I01681,commissioning,on-site,2025-03-29
A006723,K0028,I01681,service_plan,standard,2025-03-29
A006724,K0028,I01681,support_tier,dedicated,2025-03-29
A006725,K0356,I01682,sku_quoted,P031,2025-03-06
A006726,K0356,I01682,commissioning,self,2025-03-06
A006727,K0356,I01682,service_plan,standard,2025-03-06
A006728,K0356,I01682,support_tier,pooled,2025-03-06
A006729,K0161,I01683,sku_quoted,P018,2024-03-05
A006730,K0161,I01683,commissioning,guided,2024-03-05
A006731,K0161,I01683,service_plan,standard,2024-03-05
A006732,K0161,I01683,support_tier,pooled,2024-03-05
A006733,K0261,I01684,sku_quoted,P024,2024-03-30
A006734,K0261,I01684,commissioning,guided,2024-03-30
A006735,K0261,I01684,service_plan,standard,2024-03-30
A006736,K0261,I01684,support_tier,dedicated,2024-03-30
A006737,K0486,I01685,sku_quoted,P013,2025-03-09
A006738,K0486,I01685,commissioning,on-site,2025-03-09
A006739,K0486,I01685,service_plan,standard,2025-03-09
A006740,K0486,I01685,support_tier,dedicated,2025-03-09
A006741,K0086,I01686,sku_quoted,P024,2024-04-10
A006742,K0086,I01686,commissioning,self,2024-04-10
A006743,K0086,I01686,service_plan,standard,2024-04-10
A006744,K0086,I01686,support_tier,pooled,2024-04-10
A006745,K0430,I01687,sku_quoted,P022,2024-12-03
A006746,K0430,I01687,commissioning,on-site,2024-12-03
A006747,K0430,I01687,service_plan,premium,2024-12-03
A006748,K0430,I01687,support_tier,pooled,2024-12-03
A006749,K0283,I01688,sku_quoted,P013,2024-09-25
A006750,K0283,I01688,commissioning,on-site,2024-09-25
A006751,K0283,I01688,service_plan,premium,2024-09-25
A006752,K0283,I01688,support_tier,pooled,2024-09-25
A006753,K0324,I01689,sku_quoted,P006,2024-03-24
A006754,K0324,I01689,commissioning,self,2024-03-24
A006755,K0324,I01689,service_plan,standard,2024-03-24
A006756,K0324,I01689,support_tier,dedicated,2024-03-24
A006757,K0410,I01690,sku_quoted,P038,2025-03-08
A006758,K0410,I01690,commissioning,guided,2025-03-08
A006759,K0410,I01690,service_plan,none,2025-03-08
A006760,K0410,I01690,support_tier,dedicated,2025-03-08
A006761,K0300,I01691,sku_quoted,P025,2024-05-25
A006762,K0300,I01691,commissioning,on-site,2024-05-25
A006763,K0300,I01691,service_plan,premium,2024-05-25
A006764,K0300,I01691,support_tier,pooled,2024-05-25
A006765,K0271,I01692,sku_quoted,P017,2024-06-07
A006766,K0271,I01692,commissioning,on-site,2024-06-07
A006767,K0271,I01692,service_plan,standard,2024-06-07
A006768,K0271,I01692,support_tier,dedicated,2024-06-07
A006769,K0260,I01693,sku_quoted,P025,2024-09-26
A006770,K0260,I01693,commissioning,self,2024-09-26
A006771,K0260,I01693,service_plan,premium,2024-09-26
A006772,K0260,I01693,support_tier,dedicated,2024-09-26
A006773,K0158,I01694,sku_quoted,P018,2025-03-22
A006774,K0158,I01694,commissioning,on-site,2025-03-22
A006775,K0158,I01694,service_plan,standard,2025-03-22
A006776,K0158,I01694,support_tier,dedicated,2025-03-22
A006777,K0168,I01695,sku_quoted,P029,2024-12-30
A006778,K0168,I01695,commissioning,self,2024-12-30
A006779,K0168,I01695,service_plan,none,2024-12-30
A006780,K0168,I01695,support_tier,pooled,2024-12-30
A006781,K0267,I01696,sku_quoted,P024,2025-05-11
A006782,K0267,I01696,commissioning,on-site,2025-05-11
A006783,K0267,I01696,service_plan,standard,2025-05-11
A006784,K0267,I01696,support_tier,dedicated,2025-05-11
A006785,K0360,I01697,sku_quoted,P012,2025-05-13
A006786,K0360,I01697,commissioning,guided,2025-05-13
A006787,K0360,I01697,service_plan,none,2025-05-13
A006788,K0360,I01697,support_tier,dedicated,2025-05-13
A006789,K0054,I01698,sku_quoted,P019,2024-11-18
A006790,K0054,I01698,commissioning,guided,2024-11-18
A006791,K0054,I01698,service_plan,standard,2024-11-18
A006792,K0054,I01698,support_tier,pooled,2024-11-18
A006793,K0124,I01699,sku_quoted,P037,2025-02-11
A006794,K0124,I01699,commissioning,self,2025-02-11
A006795,K0124,I01699,service_plan,none,2025-02-11
A006796,K0124,I01699,support_tier,pooled,2025-02-11
A006797,K0112,I01700,sku_quoted,P035,2024-04-11
A006798,K0112,I01700,commissioning,on-site,2024-04-11
A006799,K0112,I01700,service_plan,none,2024-04-11
A006800,K0112,I01700,support_tier,dedicated,2024-04-11
A006801,K0513,I01701,sku_quoted,P033,2024-07-02
A006802,K0513,I01701,commissioning,on-site,2024-07-02
A006803,K0513,I01701,service_plan,standard,2024-07-02
A006804,K0513,I01701,support_tier,dedicated,2024-07-02
A006805,K0307,I01702,sku_quoted,P040,2025-02-14
A006806,K0307,I01702,commissioning,guided,2025-02-14
A006807,K0307,I01702,service_plan,premium,2025-02-14
A006808,K0307,I01702,support_tier,dedicated,2025-02-14
A006809,K0181,I01703,sku_quoted,P019,2024-08-27
A006810,K0181,I01703,commissioning,guided,2024-08-27
A006811,K0181,I01703,service_plan,standard,2024-08-27
A006812,K0181,I01703,support_tier,pooled,2024-08-27
A006813,K0035,I01704,sku_quoted,P038,2024-04-01
A006814,K0035,I01704,commissioning,guided,2024-04-01
A006815,K0035,I01704,service_plan,standard,2024-04-01
A006816,K0035,I01704,support_tier,pooled,2024-04-01
A006817,K0071,I01705,sku_quoted,P030,2024-03-28
A006818,K0071,I01705,commissioning,on-site,2024-03-28
A006819,K0071,I01705,service_plan,none,2024-03-28
A006820,K0071,I01705,support_tier,pooled,2024-03-28
A006821,K0192,I01706,sku_quoted,P012,2025-07-10
A006822,K0192,I01706,commissioning,on-site,2025-07-10
A006823,K0192,I01706,service_plan,standard,2025-07-10
A006824,K0192,I01706,support_tier,dedicated,2025-07-10
A006825,K0439,I01707,sku_quoted,P042,2024-08-22
A006826,K0439,I01707,commissioning,self,2024-08-22
A006827,K0439,I01707,service_plan,standard,2024-08-22
A006828,K0439,I01707,support_tier,pooled,2024-08-22
A006829,K0171,I01708,sku_quoted,P032,2025-04-27
A006830,K0171,I01708,commissioning,on-site,2025-04-27
A006831,K0171,I01708,service_plan,standard,2025-04-27
A006832,K0171,I01708,support_tier,pooled,2025-04-27
A006833,K0394,I01709,sku_quoted,P016,2025-01-11
A006834,K0394,I01709,commissioning,on-site,2025-01-11
A006835,K0394,I01709,service_plan,standard,2025-01-11
A006836,K0394,I01709,support_tier,pooled,2025-01-11
A006837,K0067,I01710,sku_quoted,P003,2024-05-30
A006838,K0067,I01710,commissioning,self,2024-05-30
A006839,K0067,I01710,service_plan,standard,2024-05-30
A006840,K0067,I01710,support_tier,pooled,2024-05-30
A006841,K0105,I01711,sku_quoted,P019,2024-11-09
A006842,K0105,I01711,commissioning,on-site,2024-11-09
A006843,K0105,I01711,service_plan,none,2024-11-09
A006844,K0105,I01711,support_tier,pooled,2024-11-09
A006845,K0223,I01712,sku_quoted,P034,2024-04-11
A006846,K0223,I01712,commissioning,guided,2024-04-11
A006847,K0223,I01712,service_plan,none,2024-04-11
A006848,K0223,I01712,support_tier,dedicated,2024-04-11
A006849,K0060,I01713,sku_quoted,P033,2025-01-04
A006850,K0060,I01713,commissioning,self,2025-01-04
A006851,K0060,I01713,service_plan,standard,2025-01-04
A006852,K0060,I01713,support_tier,pooled,2025-01-04
A006853,K0131,I01714,sku_quoted,P033,2024-05-24
A006854,K0131,I01714,commissioning,guided,2024-05-24
A006855,K0131,I01714,service_plan,none,2024-05-24
A006856,K0131,I01714,support_tier,pooled,2024-05-24
A006857,K0474,I01715,sku_quoted,P024,2024-09-05
A006858,K0474,I01715,commissioning,self,2024-09-05
A006859,K0474,I01715,service_plan,none,2024-09-05
A006860,K0474,I01715,support_tier,dedicated,2024-09-05
A006861,K0485,I01716,sku_quoted,P018,2025-06-08
A006862,K0485,I01716,commissioning,self,2025-06-08
A006863,K0485,I01716,service_plan,standard,2025-06-08
A006864,K0485,I01716,support_tier,pooled,2025-06-08
A006865,K0454,I01717,sku_quoted,P013,2024-12-28
A006866,K0454,I01717,commissioning,guided,2024-12-28
A006867,K0454,I01717,service_plan,premium,2024-12-28
A006868,K0454,I01717,support_tier,dedicated,2024-12-28
A006869,K0472,I01718,sku_quoted,P040,2024-03-26
A006870,K0472,I01718,commissioning,guided,2024-03-26
A006871,K0472,I01718,service_plan,none,2024-03-26
A006872,K0472,I01718,support_tier,dedicated,2024-03-26
A006873,K0036,I01719,sku_quoted,P007,2024-07-04
A006874,K0036,I01719,commissioning,on-site,2024-07-04
A006875,K0036,I01719,service_plan,standard,2024-07-04
A006876,K0036,I01719,support_tier,dedicated,2024-07-04
A006877,K0080,I01720,sku_quoted,P005,2024-09-27
A006878,K0080,I01720,commissioning,guided,2024-09-27
A006879,K0080,I01720,service_plan,standard,2024-09-27
A006880,K0080,I01720,support_tier,dedicated,2024-09-27
A006881,K0277,I01721,sku_quoted,P005,2024-09-21
A006882,K0277,I01721,commissioning,self,2024-09-21
A006883,K0277,I01721,service_plan,none,2024-09-21
A006884,K0277,I01721,support_tier,dedicated,2024-09-21
A006885,K0509,I01722,sku_quoted,P039,2025-04-20
A006886,K0509,I01722,commissioning,on-site,2025-04-20
A006887,K0509,I01722,service_plan,premium,2025-04-20
A006888,K0509,I01722,support_tier,dedicated,2025-04-20
A006889,K0511,I01723,sku_quoted,P001,2025-01-07
A006890,K0511,I01723,commissioning,self,2025-01-07
A006891,K0511,I01723,service_plan,none,2025-01-07
A006892,K0511,I01723,support_tier,pooled,2025-01-07
A006893,K0146,I01724,sku_quoted,P018,2025-06-16
A006894,K0146,I01724,commissioning,guided,2025-06-16
A006895,K0146,I01724,service_plan,standard,2025-06-16
A006896,K0146,I01724,support_tier,pooled,2025-06-16
A006897,K0291,I01725,sku_quoted,P018,2025-06-19
A006898,K0291,I01725,commissioning,guided,2025-06-19
A006899,K0291,I01725,service_plan,standard,2025-06-19
A006900,K0291,I01725,support_tier,pooled,2025-06-19
A006901,K0389,I01726,sku_quoted,P032,2025-01-01
A006902,K0389,I01726,commissioning,on-site,2025-01-01
A006903,K0389,I01726,service_plan,premium,2025-01-01
A006904,K0389,I01726,support_tier,dedicated,2025-01-01
A006905,K0009,I01727,sku_quoted,P001,2024-05-12
A006906,K0009,I01727,commissioning,guided,2024-05-12
A006907,K0009,I01727,service_plan,premium,2024-05-12
A006908,K0009,I01727,support_tier,dedicated,2024-05-12
A006909,K0100,I01728,sku_quoted,P032,2024-08-25
A006910,K0100,I01728,commissioning,guided,2024-08-25
A006911,K0100,I01728,service_plan,standard,2024-08-25
A006912,K0100,I01728,support_tier,pooled,2024-08-25
A006913,K0287,I01729,sku_quoted,P027,2024-07-22
A006914,K0287,I01729,commissioning,self,2024-07-22
A006915,K0287,I01729,service_plan,none,2024-07-22
A006916,K0287,I01729,support_tier,pooled,2024-07-22
A006917,K0351,I01730,sku_quoted,P038,2025-05-22
A006918,K0351,I01730,commissioning,on-site,2025-05-22
A006919,K0351,I01730,service_plan,none,2025-05-22
A006920,K0351,I01730,support_tier,pooled,2025-05-22
A006921,K0492,I01731,sku_quoted,P021,2024-11-29
A006922,K0492,I01731,commissioning,on-site,2024-11-29
A006923,K0492,I01731,service_plan,premium,2024-11-29
A006924,K0492,I01731,support_tier,dedicated,2024-11-29
A006925,K0133,I01732,sku_quoted,P005,2024-09-24
A006926,K0133,I01732,commissioning,on-site,2024-09-24
A006927,K0133,I01732,service_plan,standard,2024-09-24
A006928,K0133,I01732,support_tier,dedicated,2024-09-24
A006929,K0012,I01733,sku_quoted,P005,2024-05-29
A006930,K0012,I01733,commissioning,guided,2024-05-29
A006931,K0012,I01733,service_plan,premium,2024-05-29
A006932,K0012,I01733,support_tier,pooled,2024-05-29
A006933,K0328,I01734,sku_quoted,P010,2024-04-01
A006934,K0328,I01734,commissioning,self,2024-04-01
A006935,K0328,I01734,service_plan,standard,2024-04-01
A006936,K0328,I01734,support_tier,dedicated,2024-04-01
A006937,K0432,I01735,sku_quoted,P024,2024-09-21
A006938,K0432,I01735,commissioning,on-site,2024-09-21
A006939,K0432,I01735,service_plan,standard,2024-09-21
A006940,K0432,I01735,support_tier,pooled,2024-09-21
A006941,K0461,I01736,sku_quoted,P006,2025-01-14
A006942,K0461,I01736,commissioning,self,2025-01-14
A006943,K0461,I01736,service_plan,standard,2025-01-14
A006944,K0461,I01736,support_tier,dedicated,2025-01-14
A006945,K0207,I01737,sku_quoted,P026,2024-04-10
A006946,K0207,I01737,commissioning,on-site,2024-04-10
A006947,K0207,I01737,service_plan,none,2024-04-10
A006948,K0207,I01737,support_tier,pooled,2024-04-10
A006949,K0350,I01738,sku_quoted,P005,2024-10-04
A006950,K0350,I01738,commissioning,self,2024-10-04
A006951,K0350,I01738,service_plan,none,2024-10-04
A006952,K0350,I01738,support_tier,pooled,2024-10-04
A006953,K0040,I01739,sku_quoted,P038,2024-10-05
A006954,K0040,I01739,commissioning,on-site,2024-10-05
A006955,K0040,I01739,service_plan,none,2024-10-05
A006956,K0040,I01739,support_tier,dedicated,2024-10-05
A006957,K0110,I01740,sku_quoted,P014,2025-03-16
A006958,K0110,I01740,commissioning,on-site,2025-03-16
A006959,K0110,I01740,service_plan,standard,2025-03-16
A006960,K0110,I01740,support_tier,pooled,2025-03-16
A006961,K0349,I01741,sku_quoted,P042,2024-09-23
A006962,K0349,I01741,commissioning,on-site,2024-09-23
A006963,K0349,I01741,service_plan,standard,2024-09-23
A006964,K0349,I01741,support_tier,dedicated,2024-09-23
A006965,K0075,I01742,sku_quoted,P039,2025-02-02
A006966,K0075,I01742,commissioning,self,2025-02-02
A006967,K0075,I01742,service_plan,standard,2025-02-02
A006968,K0075,I01742,support_tier,dedicated,2025-02-02
A006969,K0193,I01743,sku_quoted,P020,2024-05-09
A006970,K0193,I01743,commissioning,on-site,2024-05-09
A006971,K0193,I01743,service_plan,premium,2024-05-09
A006972,K0193,I01743,support_tier,dedicated,2024-05-09
A006973,K0455,I01744,sku_quoted,P040,2024-12-07
A006974,K0455,I01744,commissioning,self,2024-12-07
A006975,K0455,I01744,service_plan,none,2024-12-07
A006976,K0455,I01744,support_tier,dedicated,2024-12-07
A006977,K0340,I01745,sku_quoted,P026,2024-12-16
A006978,K0340,I01745,commissioning,on-site,2024-12-16
A006979,K0340,I01745,service_plan,premium,2024-12-16
A006980,K0340,I01745,support_tier,dedicated,2024-12-16
A006981,K0044,I01746,sku_quoted,P038,2025-02-22
A006982,K0044,I01746,commissioning,guided,2025-02-22
A006983,K0044,I01746,service_plan,none,2025-02-22
A006984,K0044,I01746,support_tier,dedicated,2025-02-22
A006985,K0113,I01747,sku_quoted,P013,2025-05-22
A006986,K0113,I01747,commissioning,on-site,2025-05-22
A006987,K0113,I01747,service_plan,none,2025-05-22
A006988,K0113,I01747,support_tier,dedicated,2025-05-22
A006989,K0155,I01748,sku_quoted,P007,2025-05-02
A006990,K0155,I01748,commissioning,guided,2025-05-02
A006991,K0155,I01748,service_plan,standard,2025-05-02
A006992,K0155,I01748,support_tier,dedicated,2025-05-02
A006993,K0416,I01749,sku_quoted,P037,2025-03-20
A006994,K0416,I01749,commissioning,on-site,2025-03-20
A006995,K0416,I01749,service_plan,none,2025-03-20
A006996,K0416,I01749,support_tier,dedicated,2025-03-20
A006997,K0112,I01750,sku_quoted,P001,2025-07-19
A006998,K0112,I01750,commissioning,self,2025-07-19
A006999,K0112,I01750,service_plan,standard,2025-07-19
A007000,K0112,I01750,support_tier,pooled,2025-07-19
A007001,K0080,I01751,sku_quoted,P004,2025-06-13
A007002,K0080,I01751,commissioning,self,2025-06-13
A007003,K0080,I01751,service_plan,standard,2025-06-13
A007004,K0080,I01751,support_tier,dedicated,2025-06-13
A007005,K0050,I01752,sku_quoted,P037,2025-05-07
A007006,K0050,I01752,commissioning,guided,2025-05-07
A007007,K0050,I01752,service_plan,standard,2025-05-07
A007008,K0050,I01752,support_tier,pooled,2025-05-07
A007009,K0084,I01753,sku_quoted,P002,2025-06-18
A007010,K0084,I01753,commissioning,guided,2025-06-18
A007011,K0084,I01753,service_plan,none,2025-06-18
A007012,K0084,I01753,support_tier,pooled,2025-06-18
A007013,K0485,I01754,sku_quoted,P001,2024-11-21
A007014,K0485,I01754,commissioning,self,2024-11-21
A007015,K0485,I01754,service_plan,premium,2024-11-21
A007016,K0485,I01754,support_tier,dedicated,2024-11-21
A007017,K0033,I01755,sku_quoted,P024,2025-03-29
A007018,K0033,I01755,commissioning,on-site,2025-03-29
A007019,K0033,I01755,service_plan,standard,2025-03-29
A007020,K0033,I01755,support_tier,pooled,2025-03-29
A007021,K0083,I01756,sku_quoted,P019,2025-07-15
A007022,K0083,I01756,commissioning,self,2025-07-15
A007023,K0083,I01756,service_plan,standard,2025-07-15
A007024,K0083,I01756,support_tier,dedicated,2025-07-15
A007025,K0458,I01757,sku_quoted,P028,2024-05-08
A007026,K0458,I01757,commissioning,on-site,2024-05-08
A007027,K0458,I01757,service_plan,none,2024-05-08
A007028,K0458,I01757,support_tier,pooled,2024-05-08
A007029,K0322,I01758,sku_quoted,P015,2024-10-11
A007030,K0322,I01758,commissioning,on-site,2024-10-11
A007031,K0322,I01758,service_plan,standard,2024-10-11
A007032,K0322,I01758,support_tier,dedicated,2024-10-11
A007033,K0075,I01759,sku_quoted,P014,2025-01-05
A007034,K0075,I01759,commissioning,self,2025-01-05
A007035,K0075,I01759,service_plan,none,2025-01-05
A007036,K0075,I01759,support_tier,dedicated,2025-01-05
A007037,K0294,I01760,sku_quoted,P018,2024-10-21
A007038,K0294,I01760,commissioning,on-site,2024-10-21
A007039,K0294,I01760,service_plan,none,2024-10-21
A007040,K0294,I01760,support_tier,pooled,2024-10-21
A007041,K0077,I01761,sku_quoted,P028,2024-07-09
A007042,K0077,I01761,commissioning,on-site,2024-07-09
A007043,K0077,I01761,service_plan,premium,2024-07-09
A007044,K0077,I01761,support_tier,dedicated,2024-07-09
A007045,K0484,I01762,sku_quoted,P023,2025-04-23
A007046,K0484,I01762,commissioning,self,2025-04-23
A007047,K0484,I01762,service_plan,none,2025-04-23
A007048,K0484,I01762,support_tier,pooled,2025-04-23
A007049,K0427,I01763,sku_quoted,P033,2025-02-23
A007050,K0427,I01763,commissioning,guided,2025-02-23
A007051,K0427,I01763,service_plan,standard,2025-02-23
A007052,K0427,I01763,support_tier,pooled,2025-02-23
A007053,K0131,I01764,sku_quoted,P027,2024-05-01
A007054,K0131,I01764,commissioning,on-site,2024-05-01
A007055,K0131,I01764,service_plan,standard,2024-05-01
A007056,K0131,I01764,support_tier,dedicated,2024-05-01
A007057,K0354,I01765,sku_quoted,P027,2025-01-22
A007058,K0354,I01765,commissioning,self,2025-01-22
A007059,K0354,I01765,service_plan,none,2025-01-22
A007060,K0354,I01765,support_tier,dedicated,2025-01-22
A007061,K0485,I01766,sku_quoted,P026,2025-04-15
A007062,K0485,I01766,commissioning,guided,2025-04-15
A007063,K0485,I01766,service_plan,standard,2025-04-15
A007064,K0485,I01766,support_tier,pooled,2025-04-15
A007065,K0295,I01767,sku_quoted,P024,2024-07-04
A007066,K0295,I01767,commissioning,guided,2024-07-04
A007067,K0295,I01767,service_plan,standard,2024-07-04
A007068,K0295,I01767,support_tier,pooled,2024-07-04
A007069,K0138,I01768,sku_quoted,P016,2024-04-13
A007070,K0138,I01768,commissioning,self,2024-04-13
A007071,K0138,I01768,service_plan,standard,2024-04-13
A007072,K0138,I01768,support_tier,pooled,2024-04-13
A007073,K0352,I01769,sku_quoted,P031,2025-02-06
A007074,K0352,I01769,commissioning,on-site,2025-02-06
A007075,K0352,I01769,service_plan,none,2025-02-06
A007076,K0352,I01769,support_tier,dedicated,2025-02-06
A007077,K0308,I01770,sku_quoted,P025,2025-02-09
A007078,K0308,I01770,commissioning,guided,2025-02-09
A007079,K0308,I01770,service_plan,premium,2025-02-09
A007080,K0308,I01770,support_tier,pooled,2025-02-09
A007081,K0385,I01771,sku_quoted,P032,2024-10-04
A007082,K0385,I01771,commissioning,guided,2024-10-04
A007083,K0385,I01771,service_plan,standard,2024-10-04
A007084,K0385,I01771,support_tier,dedicated,2024-10-04
A007085,K0324,I01772,sku_quoted,P034,2024-05-07
A007086,K0324,I01772,commissioning,guided,2024-05-07
A007087,K0324,I01772,service_plan,none,2024-05-07
A007088,K0324,I01772,support_tier,pooled,2024-05-07
A007089,K0295,I01773,sku_quoted,P035,2024-06-24
A007090,K0295,I01773,commissioning,on-site,2024-06-24
A007091,K0295,I01773,service_plan,premium,2024-06-24
A007092,K0295,I01773,support_tier,dedicated,2024-06-24
A007093,K0351,I01774,sku_quoted,P001,2025-07-24
A007094,K0351,I01774,commissioning,on-site,2025-07-24
A007095,K0351,I01774,service_plan,premium,2025-07-24
A007096,K0351,I01774,support_tier,dedicated,2025-07-24
A007097,K0166,I01775,sku_quoted,P011,2024-12-29
A007098,K0166,I01775,commissioning,self,2024-12-29
A007099,K0166,I01775,service_plan,none,2024-12-29
A007100,K0166,I01775,support_tier,dedicated,2024-12-29
A007101,K0470,I01776,sku_quoted,P024,2025-03-27
A007102,K0470,I01776,commissioning,guided,2025-03-27
A007103,K0470,I01776,service_plan,standard,2025-03-27
A007104,K0470,I01776,support_tier,pooled,2025-03-27
A007105,K0034,I01777,sku_quoted,P032,2025-08-02
A007106,K0034,I01777,commissioning,guided,2025-08-02
A007107,K0034,I01777,service_plan,standard,2025-08-02
A007108,K0034,I01777,support_tier,dedicated,2025-08-02
A007109,K0401,I01778,sku_quoted,P037,2024-04-19
A007110,K0401,I01778,commissioning,on-site,2024-04-19
A007111,K0401,I01778,service_plan,standard,2024-04-19
A007112,K0401,I01778,support_tier,pooled,2024-04-19
A007113,K0038,I01779,sku_quoted,P018,2024-08-01
A007114,K0038,I01779,commissioning,self,2024-08-01
A007115,K0038,I01779,service_plan,standard,2024-08-01
A007116,K0038,I01779,support_tier,pooled,2024-08-01
A007117,K0461,I01780,sku_quoted,P024,2024-04-10
A007118,K0461,I01780,commissioning,self,2024-04-10
A007119,K0461,I01780,service_plan,none,2024-04-10
A007120,K0461,I01780,support_tier,pooled,2024-04-10
A007121,K0119,I01781,sku_quoted,P029,2025-04-11
A007122,K0119,I01781,commissioning,self,2025-04-11
A007123,K0119,I01781,service_plan,standard,2025-04-11
A007124,K0119,I01781,support_tier,dedicated,2025-04-11
A007125,K0352,I01782,sku_quoted,P018,2025-05-18
A007126,K0352,I01782,commissioning,self,2025-05-18
A007127,K0352,I01782,service_plan,standard,2025-05-18
A007128,K0352,I01782,support_tier,pooled,2025-05-18
A007129,K0281,I01783,sku_quoted,P023,2024-03-11
A007130,K0281,I01783,commissioning,self,2024-03-11
A007131,K0281,I01783,service_plan,standard,2024-03-11
A007132,K0281,I01783,support_tier,dedicated,2024-03-11
A007133,K0186,I01784,sku_quoted,P035,2024-10-20
A007134,K0186,I01784,commissioning,on-site,2024-10-20
A007135,K0186,I01784,service_plan,standard,2024-10-20
A007136,K0186,I01784,support_tier,pooled,2024-10-20
A007137,K0237,I01785,sku_quoted,P023,2024-06-10
A007138,K0237,I01785,commissioning,on-site,2024-06-10
A007139,K0237,I01785,service_plan,standard,2024-06-10
A007140,K0237,I01785,support_tier,dedicated,2024-06-10
A007141,K0363,I01786,sku_quoted,P002,2025-05-01
A007142,K0363,I01786,commissioning,self,2025-05-01
A007143,K0363,I01786,service_plan,standard,2025-05-01
A007144,K0363,I01786,support_tier,pooled,2025-05-01
A007145,K0024,I01787,sku_quoted,P002,2024-07-06
A007146,K0024,I01787,commissioning,on-site,2024-07-06
A007147,K0024,I01787,service_plan,standard,2024-07-06
A007148,K0024,I01787,support_tier,pooled,2024-07-06
A007149,K0234,I01788,sku_quoted,P021,2024-10-13
A007150,K0234,I01788,commissioning,guided,2024-10-13
A007151,K0234,I01788,service_plan,none,2024-10-13
A007152,K0234,I01788,support_tier,pooled,2024-10-13
A007153,K0485,I01789,sku_quoted,P023,2025-07-06
A007154,K0485,I01789,commissioning,guided,2025-07-06
A007155,K0485,I01789,service_plan,standard,2025-07-06
A007156,K0485,I01789,support_tier,dedicated,2025-07-06
A007157,K0064,I01790,sku_quoted,P036,2025-07-23
A007158,K0064,I01790,commissioning,guided,2025-07-23
A007159,K0064,I01790,service_plan,premium,2025-07-23
A007160,K0064,I01790,support_tier,pooled,2025-07-23
A007161,K0022,I01791,sku_quoted,P017,2024-09-17
A007162,K0022,I01791,commissioning,on-site,2024-09-17
A007163,K0022,I01791,service_plan,premium,2024-09-17
A007164,K0022,I01791,support_tier,pooled,2024-09-17
A007165,K0367,I01792,sku_quoted,P039,2024-06-06
A007166,K0367,I01792,commissioning,on-site,2024-06-06
A007167,K0367,I01792,service_plan,premium,2024-06-06
A007168,K0367,I01792,support_tier,dedicated,2024-06-06
A007169,K0093,I01793,sku_quoted,P004,2024-10-20
A007170,K0093,I01793,commissioning,guided,2024-10-20
A007171,K0093,I01793,service_plan,standard,2024-10-20
A007172,K0093,I01793,support_tier,dedicated,2024-10-20
A007173,K0317,I01794,sku_quoted,P029,2025-01-05
A007174,K0317,I01794,commissioning,self,2025-01-05
A007175,K0317,I01794,service_plan,standard,2025-01-05
A007176,K0317,I01794,support_tier,pooled,2025-01-05
A007177,K0078,I01795,sku_quoted,P001,2025-05-07
A007178,K0078,I01795,commissioning,self,2025-05-07
A007179,K0078,I01795,service_plan,standard,2025-05-07
A007180,K0078,I01795,support_tier,dedicated,2025-05-07
A007181,K0309,I01796,sku_quoted,P012,2025-09-03
A007182,K0309,I01796,commissioning,on-site,2025-09-03
A007183,K0309,I01796,service_plan,none,2025-09-03
A007184,K0309,I01796,support_tier,pooled,2025-09-03
A007185,K0087,I01797,sku_quoted,P018,2024-03-31
A007186,K0087,I01797,commissioning,on-site,2024-03-31
A007187,K0087,I01797,service_plan,standard,2024-03-31
A007188,K0087,I01797,support_tier,dedicated,2024-03-31
A007189,K0405,I01798,sku_quoted,P030,2024-10-04
A007190,K0405,I01798,commissioning,guided,2024-10-04
A007191,K0405,I01798,service_plan,standard,2024-10-04
A007192,K0405,I01798,support_tier,pooled,2024-10-04
A007193,K0357,I01799,sku_quoted,P035,2025-03-15
A007194,K0357,I01799,commissioning,guided,2025-03-15
A007195,K0357,I01799,service_plan,standard,2025-03-15
A007196,K0357,I01799,support_tier,pooled,2025-03-15
A007197,K0312,I01800,sku_quoted,P002,2025-03-12
A007198,K0312,I01800,commissioning,self,2025-03-12
A007199,K0312,I01800,service_plan,none,2025-03-12
A007200,K0312,I01800,support_tier,dedicated,2025-03-12
A007201,K0395,I01801,sku_quoted,P037,2024-10-07
A007202,K0395,I01801,commissioning,on-site,2024-10-07
A007203,K0395,I01801,service_plan,premium,2024-10-07
A007204,K0395,I01801,support_tier,dedicated,2024-10-07
A007205,K0313,I01802,sku_quoted,P017,2024-08-27
A007206,K0313,I01802,commissioning,self,2024-08-27
A007207,K0313,I01802,service_plan,premium,2024-08-27
A007208,K0313,I01802,support_tier,dedicated,2024-08-27
A007209,K0368,I01803,sku_quoted,P025,2024-04-07
A007210,K0368,I01803,commissioning,guided,2024-04-07
A007211,K0368,I01803,service_plan,standard,2024-04-07
A007212,K0368,I01803,support_tier,dedicated,2024-04-07
A007213,K0425,I01804,sku_quoted,P037,2024-08-03
A007214,K0425,I01804,commissioning,guided,2024-08-03
A007215,K0425,I01804,service_plan,premium,2024-08-03
A007216,K0425,I01804,support_tier,pooled,2024-08-03
A007217,K0222,I01805,sku_quoted,P038,2024-06-24
A007218,K0222,I01805,commissioning,self,2024-06-24
A007219,K0222,I01805,service_plan,standard,2024-06-24
A007220,K0222,I01805,support_tier,dedicated,2024-06-24
A007221,K0213,I01806,sku_quoted,P011,2024-03-12
A007222,K0213,I01806,commissioning,guided,2024-03-12
A007223,K0213,I01806,service_plan,none,2024-03-12
A007224,K0213,I01806,support_tier,pooled,2024-03-12
A007225,K0001,I01807,sku_quoted,P031,2024-04-15
A007226,K0001,I01807,commissioning,on-site,2024-04-15
A007227,K0001,I01807,service_plan,none,2024-04-15
A007228,K0001,I01807,support_tier,pooled,2024-04-15
A007229,K0153,I01808,sku_quoted,P024,2025-06-29
A007230,K0153,I01808,commissioning,on-site,2025-06-29
A007231,K0153,I01808,service_plan,standard,2025-06-29
A007232,K0153,I01808,support_tier,dedicated,2025-06-29
A007233,K0208,I01809,sku_quoted,P039,2025-02-12
A007234,K0208,I01809,commissioning,on-site,2025-02-12
A007235,K0208,I01809,service_plan,premium,2025-02-12
A007236,K0208,I01809,support_tier,dedicated,2025-02-12
A007237,K0181,I01810,sku_quoted,P002,2025-07-26
A007238,K0181,I01810,commissioning,on-site,2025-07-26
A007239,K0181,I01810,service_plan,standard,2025-07-26
A007240,K0181,I01810,support_tier,dedicated,2025-07-26
A007241,K0112,I01811,sku_quoted,P041,2024-05-25
A007242,K0112,I01811,commissioning,on-site,2024-05-25
A007243,K0112,I01811,service_plan,none,2024-05-25
A007244,K0112,I01811,support_tier,dedicated,2024-05-25
A007245,K0385,I01812,sku_quoted,P016,2024-12-03
A007246,K0385,I01812,commissioning,guided,2024-12-03
A007247,K0385,I01812,service_plan,standard,2024-12-03
A007248,K0385,I01812,support_tier,pooled,2024-12-03
A007249,K0067,I01813,sku_quoted,P042,2024-06-30
A007250,K0067,I01813,commissioning,guided,2024-06-30
A007251,K0067,I01813,service_plan,standard,2024-06-30
A007252,K0067,I01813,support_tier,dedicated,2024-06-30
A007253,K0069,I01814,sku_quoted,P001,2025-02-06
A007254,K0069,I01814,commissioning,on-site,2025-02-06
A007255,K0069,I01814,service_plan,standard,2025-02-06
A007256,K0069,I01814,support_tier,pooled,2025-02-06
A007257,K0478,I01815,sku_quoted,P009,2024-07-28
A007258,K0478,I01815,commissioning,self,2024-07-28
A007259,K0478,I01815,service_plan,standard,2024-07-28
A007260,K0478,I01815,support_tier,pooled,2024-07-28
A007261,K0172,I01816,sku_quoted,P040,2025-02-08
A007262,K0172,I01816,commissioning,guided,2025-02-08
A007263,K0172,I01816,service_plan,none,2025-02-08
A007264,K0172,I01816,support_tier,dedicated,2025-02-08
A007265,K0482,I01817,sku_quoted,P040,2024-08-30
A007266,K0482,I01817,commissioning,guided,2024-08-30
A007267,K0482,I01817,service_plan,standard,2024-08-30
A007268,K0482,I01817,support_tier,pooled,2024-08-30
A007269,K0284,I01818,sku_quoted,P025,2024-11-02
A007270,K0284,I01818,commissioning,on-site,2024-11-02
A007271,K0284,I01818,service_plan,none,2024-11-02
A007272,K0284,I01818,support_tier,pooled,2024-11-02
A007273,K0022,I01819,sku_quoted,P006,2024-05-19
A007274,K0022,I01819,commissioning,self,2024-05-19
A007275,K0022,I01819,service_plan,standard,2024-05-19
A007276,K0022,I01819,support_tier,dedicated,2024-05-19
A007277,K0365,I01820,sku_quoted,P033,2024-09-30
A007278,K0365,I01820,commissioning,self,2024-09-30
A007279,K0365,I01820,service_plan,premium,2024-09-30
A007280,K0365,I01820,support_tier,dedicated,2024-09-30
A007281,K0344,I01821,sku_quoted,P001,2025-07-24
A007282,K0344,I01821,commissioning,self,2025-07-24
A007283,K0344,I01821,service_plan,none,2025-07-24
A007284,K0344,I01821,support_tier,dedicated,2025-07-24
A007285,K0267,I01822,sku_quoted,P012,2025-05-13
A007286,K0267,I01822,commissioning,self,2025-05-13
A007287,K0267,I01822,service_plan,none,2025-05-13
A007288,K0267,I01822,support_tier,dedicated,2025-05-13
A007289,K0339,I01823,sku_quoted,P019,2025-03-02
A007290,K0339,I01823,commissioning,on-site,2025-03-02
A007291,K0339,I01823,service_plan,none,2025-03-02
A007292,K0339,I01823,support_tier,dedicated,2025-03-02
A007293,K0401,I01824,sku_quoted,P031,2025-08-08
A007294,K0401,I01824,commissioning,guided,2025-08-08
A007295,K0401,I01824,service_plan,none,2025-08-08
A007296,K0401,I01824,support_tier,pooled,2025-08-08
A007297,K0313,I01825,sku_quoted,P031,2025-04-01
A007298,K0313,I01825,commissioning,self,2025-04-01
A007299,K0313,I01825,service_plan,premium,2025-04-01
A007300,K0313,I01825,support_tier,dedicated,2025-04-01
A007301,K0086,I01826,sku_quoted,P024,2024-11-05
A007302,K0086,I01826,commissioning,guided,2024-11-05
A007303,K0086,I01826,service_plan,standard,2024-11-05
A007304,K0086,I01826,support_tier,dedicated,2024-11-05
A007305,K0343,I01827,sku_quoted,P013,2024-06-16
A007306,K0343,I01827,commissioning,on-site,2024-06-16
A007307,K0343,I01827,service_plan,standard,2024-06-16
A007308,K0343,I01827,support_tier,dedicated,2024-06-16
A007309,K0067,I01828,sku_quoted,P029,2025-05-14
A007310,K0067,I01828,commissioning,self,2025-05-14
A007311,K0067,I01828,service_plan,premium,2025-05-14
A007312,K0067,I01828,support_tier,pooled,2025-05-14
A007313,K0428,I01829,sku_quoted,P002,2025-03-20
A007314,K0428,I01829,commissioning,guided,2025-03-20
A007315,K0428,I01829,service_plan,premium,2025-03-20
A007316,K0428,I01829,support_tier,pooled,2025-03-20
A007317,K0057,I01830,sku_quoted,P039,2025-01-13
A007318,K0057,I01830,commissioning,self,2025-01-13
A007319,K0057,I01830,service_plan,standard,2025-01-13
A007320,K0057,I01830,support_tier,pooled,2025-01-13
A007321,K0436,I01831,sku_quoted,P035,2025-02-14
A007322,K0436,I01831,commissioning,guided,2025-02-14
A007323,K0436,I01831,service_plan,premium,2025-02-14
A007324,K0436,I01831,support_tier,dedicated,2025-02-14
A007325,K0181,I01832,sku_quoted,P034,2025-07-05
A007326,K0181,I01832,commissioning,self,2025-07-05
A007327,K0181,I01832,service_plan,none,2025-07-05
A007328,K0181,I01832,support_tier,dedicated,2025-07-05
A007329,K0189,I01833,sku_quoted,P014,2025-04-09
A007330,K0189,I01833,commissioning,guided,2025-04-09
A007331,K0189,I01833,service_plan,none,2025-04-09
A007332,K0189,I01833,support_tier,pooled,2025-04-09
A007333,K0470,I01834,sku_quoted,P020,2024-05-19
A007334,K0470,I01834,commissioning,on-site,2024-05-19
A007335,K0470,I01834,service_plan,standard,2024-05-19
A007336,K0470,I01834,support_tier,pooled,2024-05-19
A007337,K0337,I01835,sku_quoted,P040,2024-03-08
A007338,K0337,I01835,commissioning,guided,2024-03-08
A007339,K0337,I01835,service_plan,standard,2024-03-08
A007340,K0337,I01835,support_tier,dedicated,2024-03-08
A007341,K0079,I01836,sku_quoted,P024,2025-03-07
A007342,K0079,I01836,commissioning,self,2025-03-07
A007343,K0079,I01836,service_plan,standard,2025-03-07
A007344,K0079,I01836,support_tier,pooled,2025-03-07
A007345,K0514,I01837,sku_quoted,P017,2024-10-15
A007346,K0514,I01837,commissioning,guided,2024-10-15
A007347,K0514,I01837,service_plan,standard,2024-10-15
A007348,K0514,I01837,support_tier,dedicated,2024-10-15
A007349,K0047,I01838,sku_quoted,P035,2025-04-24
A007350,K0047,I01838,commissioning,guided,2025-04-24
A007351,K0047,I01838,service_plan,premium,2025-04-24
A007352,K0047,I01838,support_tier,dedicated,2025-04-24
A007353,K0311,I01839,sku_quoted,P023,2025-06-18
A007354,K0311,I01839,commissioning,self,2025-06-18
A007355,K0311,I01839,service_plan,standard,2025-06-18
A007356,K0311,I01839,support_tier,dedicated,2025-06-18
A007357,K0358,I01840,sku_quoted,P019,2024-07-25
A007358,K0358,I01840,commissioning,on-site,2024-07-25
A007359,K0358,I01840,service_plan,standard,2024-07-25
A007360,K0358,I01840,support_tier,pooled,2024-07-25
A007361,K0354,I01841,sku_quoted,P037,2024-04-24
A007362,K0354,I01841,commissioning,on-site,2024-04-24
A007363,K0354,I01841,service_plan,standard,2024-04-24
A007364,K0354,I01841,support_tier,pooled,2024-04-24
A007365,K0393,I01842,sku_quoted,P027,2024-08-26
A007366,K0393,I01842,commissioning,guided,2024-08-26
A007367,K0393,I01842,service_plan,premium,2024-08-26
A007368,K0393,I01842,support_tier,dedicated,2024-08-26
A007369,K0380,I01843,sku_quoted,P037,2024-04-16
A007370,K0380,I01843,commissioning,on-site,2024-04-16
A007371,K0380,I01843,service_plan,none,2024-04-16
A007372,K0380,I01843,support_tier,pooled,2024-04-16
A007373,K0116,I01844,sku_quoted,P040,2024-09-28
A007374,K0116,I01844,commissioning,on-site,2024-09-28
A007375,K0116,I01844,service_plan,none,2024-09-28
A007376,K0116,I01844,support_tier,pooled,2024-09-28
A007377,K0495,I01845,sku_quoted,P003,2025-01-03
A007378,K0495,I01845,commissioning,self,2025-01-03
A007379,K0495,I01845,service_plan,standard,2025-01-03
A007380,K0495,I01845,support_tier,dedicated,2025-01-03
A007381,K0427,I01846,sku_quoted,P010,2024-03-31
A007382,K0427,I01846,commissioning,guided,2024-03-31
A007383,K0427,I01846,service_plan,none,2024-03-31
A007384,K0427,I01846,support_tier,pooled,2024-03-31
A007385,K0167,I01847,sku_quoted,P010,2024-11-09
A007386,K0167,I01847,commissioning,self,2024-11-09
A007387,K0167,I01847,service_plan,none,2024-11-09
A007388,K0167,I01847,support_tier,dedicated,2024-11-09
A007389,K0492,I01848,sku_quoted,P014,2025-01-10
A007390,K0492,I01848,commissioning,on-site,2025-01-10
A007391,K0492,I01848,service_plan,standard,2025-01-10
A007392,K0492,I01848,support_tier,pooled,2025-01-10
A007393,K0334,I01849,sku_quoted,P034,2024-05-08
A007394,K0334,I01849,commissioning,self,2024-05-08
A007395,K0334,I01849,service_plan,standard,2024-05-08
A007396,K0334,I01849,support_tier,dedicated,2024-05-08
A007397,K0454,I01850,sku_quoted,P024,2024-10-23
A007398,K0454,I01850,commissioning,guided,2024-10-23
A007399,K0454,I01850,service_plan,none,2024-10-23
A007400,K0454,I01850,support_tier,dedicated,2024-10-23
A007401,K0149,I01851,sku_quoted,P036,2024-11-18
A007402,K0149,I01851,commissioning,self,2024-11-18
A007403,K0149,I01851,service_plan,none,2024-11-18
A007404,K0149,I01851,support_tier,dedicated,2024-11-18
A007405,K0492,I01852,sku_quoted,P006,2024-05-01
A007406,K0492,I01852,commissioning,guided,2024-05-01
A007407,K0492,I01852,service_plan,premium,2024-05-01
A007408,K0492,I01852,support_tier,pooled,2024-05-01
A007409,K0286,I01853,sku_quoted,P035,2024-05-21
A007410,K0286,I01853,commissioning,guided,2024-05-21
A007411,K0286,I01853,service_plan,standard,2024-05-21
A007412,K0286,I01853,support_tier,dedicated,2024-05-21
A007413,K0365,I01854,sku_quoted,P007,2025-06-06
A007414,K0365,I01854,commissioning,on-site,2025-06-06
A007415,K0365,I01854,service_plan,none,2025-06-06
A007416,K0365,I01854,support_tier,pooled,2025-06-06
A007417,K0245,I01855,sku_quoted,P042,2025-08-12
A007418,K0245,I01855,commissioning,on-site,2025-08-12
A007419,K0245,I01855,service_plan,standard,2025-08-12
A007420,K0245,I01855,support_tier,pooled,2025-08-12
A007421,K0214,I01856,sku_quoted,P031,2025-06-28
A007422,K0214,I01856,commissioning,self,2025-06-28
A007423,K0214,I01856,service_plan,standard,2025-06-28
A007424,K0214,I01856,support_tier,pooled,2025-06-28
A007425,K0067,I01857,sku_quoted,P011,2025-06-16
A007426,K0067,I01857,commissioning,guided,2025-06-16
A007427,K0067,I01857,service_plan,standard,2025-06-16
A007428,K0067,I01857,support_tier,pooled,2025-06-16
A007429,K0432,I01858,sku_quoted,P026,2024-09-09
A007430,K0432,I01858,commissioning,self,2024-09-09
A007431,K0432,I01858,service_plan,none,2024-09-09
A007432,K0432,I01858,support_tier,dedicated,2024-09-09
A007433,K0343,I01859,sku_quoted,P029,2024-07-28
A007434,K0343,I01859,commissioning,self,2024-07-28
A007435,K0343,I01859,service_plan,standard,2024-07-28
A007436,K0343,I01859,support_tier,pooled,2024-07-28
A007437,K0358,I01860,sku_quoted,P022,2024-11-18
A007438,K0358,I01860,commissioning,guided,2024-11-18
A007439,K0358,I01860,service_plan,standard,2024-11-18
A007440,K0358,I01860,support_tier,pooled,2024-11-18
A007441,K0278,I01861,sku_quoted,P034,2025-02-04
A007442,K0278,I01861,commissioning,guided,2025-02-04
A007443,K0278,I01861,service_plan,none,2025-02-04
A007444,K0278,I01861,support_tier,dedicated,2025-02-04
A007445,K0519,I01862,sku_quoted,P013,2024-11-16
A007446,K0519,I01862,commissioning,guided,2024-11-16
A007447,K0519,I01862,service_plan,premium,2024-11-16
A007448,K0519,I01862,support_tier,dedicated,2024-11-16
A007449,K0450,I01863,sku_quoted,P020,2025-01-16
A007450,K0450,I01863,commissioning,on-site,2025-01-16
A007451,K0450,I01863,service_plan,none,2025-01-16
A007452,K0450,I01863,support_tier,dedicated,2025-01-16
A007453,K0311,I01864,sku_quoted,P007,2024-06-13
A007454,K0311,I01864,commissioning,guided,2024-06-13
A007455,K0311,I01864,service_plan,standard,2024-06-13
A007456,K0311,I01864,support_tier,pooled,2024-06-13
A007457,K0195,I01865,sku_quoted,P041,2024-11-14
A007458,K0195,I01865,commissioning,guided,2024-11-14
A007459,K0195,I01865,service_plan,none,2024-11-14
A007460,K0195,I01865,support_tier,pooled,2024-11-14
A007461,K0457,I01866,sku_quoted,P003,2024-10-11
A007462,K0457,I01866,commissioning,on-site,2024-10-11
A007463,K0457,I01866,service_plan,standard,2024-10-11
A007464,K0457,I01866,support_tier,pooled,2024-10-11
A007465,K0423,I01867,sku_quoted,P019,2024-08-16
A007466,K0423,I01867,commissioning,on-site,2024-08-16
A007467,K0423,I01867,service_plan,premium,2024-08-16
A007468,K0423,I01867,support_tier,pooled,2024-08-16
A007469,K0089,I01868,sku_quoted,P020,2024-07-31
A007470,K0089,I01868,commissioning,on-site,2024-07-31
A007471,K0089,I01868,service_plan,standard,2024-07-31
A007472,K0089,I01868,support_tier,dedicated,2024-07-31
A007473,K0200,I01869,sku_quoted,P026,2025-01-15
A007474,K0200,I01869,commissioning,guided,2025-01-15
A007475,K0200,I01869,service_plan,none,2025-01-15
A007476,K0200,I01869,support_tier,pooled,2025-01-15
A007477,K0310,I01870,sku_quoted,P012,2024-07-05
A007478,K0310,I01870,commissioning,self,2024-07-05
A007479,K0310,I01870,service_plan,none,2024-07-05
A007480,K0310,I01870,support_tier,pooled,2024-07-05
A007481,K0021,I01871,sku_quoted,P019,2024-08-01
A007482,K0021,I01871,commissioning,guided,2024-08-01
A007483,K0021,I01871,service_plan,standard,2024-08-01
A007484,K0021,I01871,support_tier,dedicated,2024-08-01
A007485,K0081,I01872,sku_quoted,P013,2025-07-09
A007486,K0081,I01872,commissioning,guided,2025-07-09
A007487,K0081,I01872,service_plan,standard,2025-07-09
A007488,K0081,I01872,support_tier,dedicated,2025-07-09
A007489,K0053,I01873,sku_quoted,P016,2024-05-08
A007490,K0053,I01873,commissioning,guided,2024-05-08
A007491,K0053,I01873,service_plan,standard,2024-05-08
A007492,K0053,I01873,support_tier,pooled,2024-05-08
A007493,K0249,I01874,sku_quoted,P035,2024-10-30
A007494,K0249,I01874,commissioning,self,2024-10-30
A007495,K0249,I01874,service_plan,none,2024-10-30
A007496,K0249,I01874,support_tier,pooled,2024-10-30
A007497,K0119,I01875,sku_quoted,P023,2024-04-08
A007498,K0119,I01875,commissioning,self,2024-04-08
A007499,K0119,I01875,service_plan,premium,2024-04-08
A007500,K0119,I01875,support_tier,dedicated,2024-04-08
A007501,K0426,I01876,sku_quoted,P019,2025-05-03
A007502,K0426,I01876,commissioning,on-site,2025-05-03
A007503,K0426,I01876,service_plan,standard,2025-05-03
A007504,K0426,I01876,support_tier,pooled,2025-05-03
A007505,K0390,I01877,sku_quoted,P038,2025-06-21
A007506,K0390,I01877,commissioning,guided,2025-06-21
A007507,K0390,I01877,service_plan,none,2025-06-21
A007508,K0390,I01877,support_tier,pooled,2025-06-21
A007509,K0300,I01878,sku_quoted,P009,2024-12-04
A007510,K0300,I01878,commissioning,on-site,2024-12-04
A007511,K0300,I01878,service_plan,premium,2024-12-04
A007512,K0300,I01878,support_tier,dedicated,2024-12-04
A007513,K0081,I01879,sku_quoted,P003,2025-05-22
A007514,K0081,I01879,commissioning,self,2025-05-22
A007515,K0081,I01879,service_plan,premium,2025-05-22
A007516,K0081,I01879,support_tier,pooled,2025-05-22
A007517,K0251,I01880,sku_quoted,P041,2024-10-01
A007518,K0251,I01880,commissioning,self,2024-10-01
A007519,K0251,I01880,service_plan,standard,2024-10-01
A007520,K0251,I01880,support_tier,dedicated,2024-10-01
A007521,K0458,I01881,sku_quoted,P029,2024-04-29
A007522,K0458,I01881,commissioning,self,2024-04-29
A007523,K0458,I01881,service_plan,premium,2024-04-29
A007524,K0458,I01881,support_tier,pooled,2024-04-29
A007525,K0246,I01882,sku_quoted,P041,2025-03-06
A007526,K0246,I01882,commissioning,self,2025-03-06
A007527,K0246,I01882,service_plan,premium,2025-03-06
A007528,K0246,I01882,support_tier,dedicated,2025-03-06
A007529,K0167,I01883,sku_quoted,P035,2025-04-18
A007530,K0167,I01883,commissioning,guided,2025-04-18
A007531,K0167,I01883,service_plan,standard,2025-04-18
A007532,K0167,I01883,support_tier,dedicated,2025-04-18
A007533,K0067,I01884,sku_quoted,P013,2025-05-23
A007534,K0067,I01884,commissioning,guided,2025-05-23
A007535,K0067,I01884,service_plan,none,2025-05-23
A007536,K0067,I01884,support_tier,dedicated,2025-05-23
A007537,K0363,I01885,sku_quoted,P016,2025-06-13
A007538,K0363,I01885,commissioning,on-site,2025-06-13
A007539,K0363,I01885,service_plan,standard,2025-06-13
A007540,K0363,I01885,support_tier,dedicated,2025-06-13
A007541,K0137,I01886,sku_quoted,P029,2024-05-24
A007542,K0137,I01886,commissioning,on-site,2024-05-24
A007543,K0137,I01886,service_plan,premium,2024-05-24
A007544,K0137,I01886,support_tier,dedicated,2024-05-24
A007545,K0246,I01887,sku_quoted,P010,2025-04-30
A007546,K0246,I01887,commissioning,guided,2025-04-30
A007547,K0246,I01887,service_plan,standard,2025-04-30
A007548,K0246,I01887,support_tier,dedicated,2025-04-30
A007549,K0024,I01888,sku_quoted,P032,2024-04-01
A007550,K0024,I01888,commissioning,guided,2024-04-01
A007551,K0024,I01888,service_plan,standard,2024-04-01
A007552,K0024,I01888,support_tier,dedicated,2024-04-01
A007553,K0425,I01889,sku_quoted,P009,2025-07-03
A007554,K0425,I01889,commissioning,guided,2025-07-03
A007555,K0425,I01889,service_plan,standard,2025-07-03
A007556,K0425,I01889,support_tier,dedicated,2025-07-03
A007557,K0357,I01890,sku_quoted,P014,2024-11-28
A007558,K0357,I01890,commissioning,guided,2024-11-28
A007559,K0357,I01890,service_plan,premium,2024-11-28
A007560,K0357,I01890,support_tier,dedicated,2024-11-28
A007561,K0181,I01891,sku_quoted,P010,2025-03-15
A007562,K0181,I01891,commissioning,self,2025-03-15
A007563,K0181,I01891,service_plan,standard,2025-03-15
A007564,K0181,I01891,support_tier,dedicated,2025-03-15
A007565,K0413,I01892,sku_quoted,P033,2024-09-30
A007566,K0413,I01892,commissioning,self,2024-09-30
A007567,K0413,I01892,service_plan,none,2024-09-30
A007568,K0413,I01892,support_tier,dedicated,2024-09-30
A007569,K0266,I01893,sku_quoted,P039,2025-03-07
A007570,K0266,I01893,commissioning,guided,2025-03-07
A007571,K0266,I01893,service_plan,standard,2025-03-07
A007572,K0266,I01893,support_tier,dedicated,2025-03-07
A007573,K0189,I01894,sku_quoted,P032,2025-05-25
A007574,K0189,I01894,commissioning,guided,2025-05-25
A007575,K0189,I01894,service_plan,premium,2025-05-25
A007576,K0189,I01894,support_tier,pooled,2025-05-25
A007577,K0297,I01895,sku_quoted,P003,2025-01-16
A007578,K0297,I01895,commissioning,guided,2025-01-16
A007579,K0297,I01895,service_plan,standard,2025-01-16
A007580,K0297,I01895,support_tier,dedicated,2025-01-16
A007581,K0448,I01896,sku_quoted,P010,2024-11-28
A007582,K0448,I01896,commissioning,on-site,2024-11-28
A007583,K0448,I01896,service_plan,none,2024-11-28
A007584,K0448,I01896,support_tier,dedicated,2024-11-28
A007585,K0155,I01897,sku_quoted,P008,2025-03-17
A007586,K0155,I01897,commissioning,on-site,2025-03-17
A007587,K0155,I01897,service_plan,standard,2025-03-17
A007588,K0155,I01897,support_tier,pooled,2025-03-17
A007589,K0136,I01898,sku_quoted,P010,2025-01-02
A007590,K0136,I01898,commissioning,self,2025-01-02
A007591,K0136,I01898,service_plan,standard,2025-01-02
A007592,K0136,I01898,support_tier,pooled,2025-01-02
A007593,K0389,I01899,sku_quoted,P002,2025-07-17
A007594,K0389,I01899,commissioning,self,2025-07-17
A007595,K0389,I01899,service_plan,premium,2025-07-17
A007596,K0389,I01899,support_tier,pooled,2025-07-17
A007597,K0355,I01900,sku_quoted,P022,2025-03-22
A007598,K0355,I01900,commissioning,self,2025-03-22
A007599,K0355,I01900,service_plan,standard,2025-03-22
A007600,K0355,I01900,support_tier,dedicated,2025-03-22
A007601,K0369,I01901,sku_quoted,P013,2024-05-03
A007602,K0369,I01901,commissioning,guided,2024-05-03
A007603,K0369,I01901,service_plan,none,2024-05-03
A007604,K0369,I01901,support_tier,dedicated,2024-05-03
A007605,K0106,I01902,sku_quoted,P007,2024-05-08
A007606,K0106,I01902,commissioning,self,2024-05-08
A007607,K0106,I01902,service_plan,standard,2024-05-08
A007608,K0106,I01902,support_tier,dedicated,2024-05-08
A007609,K0162,I01903,sku_quoted,P020,2024-08-11
A007610,K0162,I01903,commissioning,guided,2024-08-11
A007611,K0162,I01903,service_plan,none,2024-08-11
A007612,K0162,I01903,support_tier,pooled,2024-08-11
A007613,K0163,I01904,sku_quoted,P028,2024-05-30
A007614,K0163,I01904,commissioning,on-site,2024-05-30
A007615,K0163,I01904,service_plan,none,2024-05-30
A007616,K0163,I01904,support_tier,dedicated,2024-05-30
A007617,K0077,I01905,sku_quoted,P015,2024-04-24
A007618,K0077,I01905,commissioning,on-site,2024-04-24
A007619,K0077,I01905,service_plan,premium,2024-04-24
A007620,K0077,I01905,support_tier,pooled,2024-04-24
A007621,K0500,I01906,sku_quoted,P023,2025-03-13
A007622,K0500,I01906,commissioning,guided,2025-03-13
A007623,K0500,I01906,service_plan,standard,2025-03-13
A007624,K0500,I01906,support_tier,dedicated,2025-03-13
A007625,K0187,I01907,sku_quoted,P001,2024-05-07
A007626,K0187,I01907,commissioning,on-site,2024-05-07
A007627,K0187,I01907,service_plan,premium,2024-05-07
A007628,K0187,I01907,support_tier,pooled,2024-05-07
A007629,K0362,I01908,sku_quoted,P029,2024-02-27
A007630,K0362,I01908,commissioning,guided,2024-02-27
A007631,K0362,I01908,service_plan,standard,2024-02-27
A007632,K0362,I01908,support_tier,dedicated,2024-02-27
A007633,K0235,I01909,sku_quoted,P009,2024-06-01
A007634,K0235,I01909,commissioning,guided,2024-06-01
A007635,K0235,I01909,service_plan,none,2024-06-01
A007636,K0235,I01909,support_tier,dedicated,2024-06-01
A007637,K0004,I01910,sku_quoted,P019,2025-05-03
A007638,K0004,I01910,commissioning,guided,2025-05-03
A007639,K0004,I01910,service_plan,standard,2025-05-03
A007640,K0004,I01910,support_tier,dedicated,2025-05-03
A007641,K0299,I01911,sku_quoted,P020,2024-11-05
A007642,K0299,I01911,commissioning,guided,2024-11-05
A007643,K0299,I01911,service_plan,standard,2024-11-05
A007644,K0299,I01911,support_tier,dedicated,2024-11-05
A007645,K0105,I01912,sku_quoted,P025,2024-03-09
A007646,K0105,I01912,commissioning,guided,2024-03-09
A007647,K0105,I01912,service_plan,none,2024-03-09
A007648,K0105,I01912,support_tier,dedicated,2024-03-09
A007649,K0447,I01913,sku_quoted,P016,2024-06-14
A007650,K0447,I01913,commissioning,on-site,2024-06-14
A007651,K0447,I01913,service_plan,standard,2024-06-14
A007652,K0447,I01913,support_tier,pooled,2024-06-14
A007653,K0271,I01914,sku_quoted,P020,2024-04-04
A007654,K0271,I01914,commissioning,guided,2024-04-04
A007655,K0271,I01914,service_plan,standard,2024-04-04
A007656,K0271,I01914,support_tier,dedicated,2024-04-04
A007657,K0235,I01915,sku_quoted,P014,2024-06-06
A007658,K0235,I01915,commissioning,on-site,2024-06-06
A007659,K0235,I01915,service_plan,standard,2024-06-06
A007660,K0235,I01915,support_tier,dedicated,2024-06-06
A007661,K0223,I01916,sku_quoted,P034,2024-12-20
A007662,K0223,I01916,commissioning,guided,2024-12-20
A007663,K0223,I01916,service_plan,none,2024-12-20
A007664,K0223,I01916,support_tier,dedicated,2024-12-20
A007665,K0452,I01917,sku_quoted,P038,2024-03-05
A007666,K0452,I01917,commissioning,guided,2024-03-05
A007667,K0452,I01917,service_plan,standard,2024-03-05
A007668,K0452,I01917,support_tier,dedicated,2024-03-05
A007669,K0194,I01918,sku_quoted,P023,2025-01-03
A007670,K0194,I01918,commissioning,guided,2025-01-03
A007671,K0194,I01918,service_plan,premium,2025-01-03
A007672,K0194,I01918,support_tier,dedicated,2025-01-03
A007673,K0181,I01919,sku_quoted,P013,2025-08-13
A007674,K0181,I01919,commissioning,on-site,2025-08-13
A007675,K0181,I01919,service_plan,standard,2025-08-13
A007676,K0181,I01919,support_tier,pooled,2025-08-13
A007677,K0339,I01920,sku_quoted,P007,2024-10-08
A007678,K0339,I01920,commissioning,on-site,2024-10-08
A007679,K0339,I01920,service_plan,none,2024-10-08
A007680,K0339,I01920,support_tier,dedicated,2024-10-08
A007681,K0074,I01921,sku_quoted,P027,2024-07-19
A007682,K0074,I01921,commissioning,on-site,2024-07-19
A007683,K0074,I01921,service_plan,premium,2024-07-19
A007684,K0074,I01921,support_tier,dedicated,2024-07-19
A007685,K0482,I01922,sku_quoted,P021,2025-06-10
A007686,K0482,I01922,commissioning,on-site,2025-06-10
A007687,K0482,I01922,service_plan,none,2025-06-10
A007688,K0482,I01922,support_tier,pooled,2025-06-10
A007689,K0159,I01923,sku_quoted,P037,2025-04-15
A007690,K0159,I01923,commissioning,on-site,2025-04-15
A007691,K0159,I01923,service_plan,standard,2025-04-15
A007692,K0159,I01923,support_tier,dedicated,2025-04-15
A007693,K0203,I01924,sku_quoted,P007,2024-07-01
A007694,K0203,I01924,commissioning,self,2024-07-01
A007695,K0203,I01924,service_plan,none,2024-07-01
A007696,K0203,I01924,support_tier,pooled,2024-07-01
A007697,K0419,I01925,sku_quoted,P036,2024-04-10
A007698,K0419,I01925,commissioning,self,2024-04-10
A007699,K0419,I01925,service_plan,standard,2024-04-10
A007700,K0419,I01925,support_tier,pooled,2024-04-10
A007701,K0432,I01926,sku_quoted,P038,2025-04-28
A007702,K0432,I01926,commissioning,guided,2025-04-28
A007703,K0432,I01926,service_plan,premium,2025-04-28
A007704,K0432,I01926,support_tier,pooled,2025-04-28
A007705,K0185,I01927,sku_quoted,P042,2025-03-05
A007706,K0185,I01927,commissioning,guided,2025-03-05
A007707,K0185,I01927,service_plan,none,2025-03-05
A007708,K0185,I01927,support_tier,dedicated,2025-03-05
A007709,K0341,I01928,sku_quoted,P027,2025-03-26
A007710,K0341,I01928,commissioning,on-site,2025-03-26
A007711,K0341,I01928,service_plan,none,2025-03-26
A007712,K0341,I01928,support_tier,pooled,2025-03-26
A007713,K0363,I01929,sku_quoted,P035,2024-04-01
A007714,K0363,I01929,commissioning,on-site,2024-04-01
A007715,K0363,I01929,service_plan,standard,2024-04-01
A007716,K0363,I01929,support_tier,dedicated,2024-04-01
A007717,K0253,I01930,sku_quoted,P027,2024-08-19
A007718,K0253,I01930,commissioning,self,2024-08-19
A007719,K0253,I01930,service_plan,standard,2024-08-19
A007720,K0253,I01930,support_tier,dedicated,2024-08-19
A007721,K0045,I01931,sku_quoted,P033,2025-02-07
A007722,K0045,I01931,commissioning,self,2025-02-07
A007723,K0045,I01931,service_plan,none,2025-02-07
A007724,K0045,I01931,support_tier,pooled,2025-02-07
A007725,K0328,I01932,sku_quoted,P015,2024-11-06
A007726,K0328,I01932,commissioning,guided,2024-11-06
A007727,K0328,I01932,service_plan,none,2024-11-06
A007728,K0328,I01932,support_tier,dedicated,2024-11-06
A007729,K0506,I01933,sku_quoted,P025,2024-08-03
A007730,K0506,I01933,commissioning,self,2024-08-03
A007731,K0506,I01933,service_plan,none,2024-08-03
A007732,K0506,I01933,support_tier,dedicated,2024-08-03
A007733,K0137,I01934,sku_quoted,P002,2025-04-30
A007734,K0137,I01934,commissioning,on-site,2025-04-30
A007735,K0137,I01934,service_plan,premium,2025-04-30
A007736,K0137,I01934,support_tier,pooled,2025-04-30
A007737,K0066,I01935,sku_quoted,P006,2024-06-24
A007738,K0066,I01935,commissioning,on-site,2024-06-24
A007739,K0066,I01935,service_plan,premium,2024-06-24
A007740,K0066,I01935,support_tier,dedicated,2024-06-24
A007741,K0403,I01936,sku_quoted,P038,2024-04-10
A007742,K0403,I01936,commissioning,guided,2024-04-10
A007743,K0403,I01936,service_plan,none,2024-04-10
A007744,K0403,I01936,support_tier,pooled,2024-04-10
A007745,K0426,I01937,sku_quoted,P015,2024-11-28
A007746,K0426,I01937,commissioning,guided,2024-11-28
A007747,K0426,I01937,service_plan,none,2024-11-28
A007748,K0426,I01937,support_tier,pooled,2024-11-28
A007749,K0319,I01938,sku_quoted,P020,2024-07-10
A007750,K0319,I01938,commissioning,guided,2024-07-10
A007751,K0319,I01938,service_plan,standard,2024-07-10
A007752,K0319,I01938,support_tier,dedicated,2024-07-10
A007753,K0294,I01939,sku_quoted,P029,2024-07-22
A007754,K0294,I01939,commissioning,on-site,2024-07-22
A007755,K0294,I01939,service_plan,standard,2024-07-22
A007756,K0294,I01939,support_tier,pooled,2024-07-22
A007757,K0119,I01940,sku_quoted,P024,2024-09-06
A007758,K0119,I01940,commissioning,on-site,2024-09-06
A007759,K0119,I01940,service_plan,standard,2024-09-06
A007760,K0119,I01940,support_tier,pooled,2024-09-06
A007761,K0396,I01941,sku_quoted,P035,2025-03-22
A007762,K0396,I01941,commissioning,self,2025-03-22
A007763,K0396,I01941,service_plan,premium,2025-03-22
A007764,K0396,I01941,support_tier,dedicated,2025-03-22
A007765,K0431,I01942,sku_quoted,P040,2025-06-28
A007766,K0431,I01942,commissioning,guided,2025-06-28
A007767,K0431,I01942,service_plan,premium,2025-06-28
A007768,K0431,I01942,support_tier,dedicated,2025-06-28
A007769,K0276,I01943,sku_quoted,P025,2025-07-22
A007770,K0276,I01943,commissioning,self,2025-07-22
A007771,K0276,I01943,service_plan,standard,2025-07-22
A007772,K0276,I01943,support_tier,dedicated,2025-07-22
A007773,K0141,I01944,sku_quoted,P027,2025-06-25
A007774,K0141,I01944,commissioning,guided,2025-06-25
A007775,K0141,I01944,service_plan,premium,2025-06-25
A007776,K0141,I01944,support_tier,dedicated,2025-06-25
A007777,K0131,I01945,sku_quoted,P035,2025-04-19
A007778,K0131,I01945,commissioning,guided,2025-04-19
A007779,K0131,I01945,service_plan,standard,2025-04-19
A007780,K0131,I01945,support_tier,pooled,2025-04-19
A007781,K0337,I01946,sku_quoted,P042,2025-04-24
A007782,K0337,I01946,commissioning,on-site,2025-04-24
A007783,K0337,I01946,service_plan,standard,2025-04-24
A007784,K0337,I01946,support_tier,pooled,2025-04-24
A007785,K0422,I01947,sku_quoted,P002,2024-09-27
A007786,K0422,I01947,commissioning,self,2024-09-27
A007787,K0422,I01947,service_plan,premium,2024-09-27
A007788,K0422,I01947,support_tier,pooled,2024-09-27
A007789,K0471,I01948,sku_quoted,P013,2024-03-23
A007790,K0471,I01948,commissioning,guided,2024-03-23
A007791,K0471,I01948,service_plan,standard,2024-03-23
A007792,K0471,I01948,support_tier,pooled,2024-03-23
A007793,K0136,I01949,sku_quoted,P015,2024-09-10
A007794,K0136,I01949,commissioning,self,2024-09-10
A007795,K0136,I01949,service_plan,none,2024-09-10
A007796,K0136,I01949,support_tier,dedicated,2024-09-10
A007797,K0356,I01950,sku_quoted,P010,2024-04-17
A007798,K0356,I01950,commissioning,guided,2024-04-17
A007799,K0356,I01950,service_plan,premium,2024-04-17
A007800,K0356,I01950,support_tier,dedicated,2024-04-17
A007801,K0173,I01951,sku_quoted,P042,2024-06-14
A007802,K0173,I01951,commissioning,guided,2024-06-14
A007803,K0173,I01951,service_plan,none,2024-06-14
A007804,K0173,I01951,support_tier,pooled,2024-06-14
A007805,K0287,I01952,sku_quoted,P004,2025-07-03
A007806,K0287,I01952,commissioning,on-site,2025-07-03
A007807,K0287,I01952,service_plan,none,2025-07-03
A007808,K0287,I01952,support_tier,pooled,2025-07-03
A007809,K0518,I01953,sku_quoted,P021,2025-08-05
A007810,K0518,I01953,commissioning,self,2025-08-05
A007811,K0518,I01953,service_plan,none,2025-08-05
A007812,K0518,I01953,support_tier,dedicated,2025-08-05
A007813,K0501,I01954,sku_quoted,P032,2024-10-04
A007814,K0501,I01954,commissioning,guided,2024-10-04
A007815,K0501,I01954,service_plan,standard,2024-10-04
A007816,K0501,I01954,support_tier,pooled,2024-10-04
A007817,K0185,I01955,sku_quoted,P027,2024-08-28
A007818,K0185,I01955,commissioning,on-site,2024-08-28
A007819,K0185,I01955,service_plan,standard,2024-08-28
A007820,K0185,I01955,support_tier,dedicated,2024-08-28
A007821,K0275,I01956,sku_quoted,P042,2024-09-06
A007822,K0275,I01956,commissioning,guided,2024-09-06
A007823,K0275,I01956,service_plan,premium,2024-09-06
A007824,K0275,I01956,support_tier,dedicated,2024-09-06
A007825,K0058,I01957,sku_quoted,P032,2025-02-25
A007826,K0058,I01957,commissioning,self,2025-02-25
A007827,K0058,I01957,service_plan,premium,2025-02-25
A007828,K0058,I01957,support_tier,pooled,2025-02-25
A007829,K0119,I01958,sku_quoted,P021,2024-05-07
A007830,K0119,I01958,commissioning,guided,2024-05-07
A007831,K0119,I01958,service_plan,standard,2024-05-07
A007832,K0119,I01958,support_tier,dedicated,2024-05-07
A007833,K0068,I01959,sku_quoted,P042,2025-07-03
A007834,K0068,I01959,commissioning,self,2025-07-03
A007835,K0068,I01959,service_plan,standard,2025-07-03
A007836,K0068,I01959,support_tier,dedicated,2025-07-03
A007837,K0045,I01960,sku_quoted,P001,2024-07-17
A007838,K0045,I01960,commissioning,self,2024-07-17
A007839,K0045,I01960,service_plan,premium,2024-07-17
A007840,K0045,I01960,support_tier,pooled,2024-07-17
A007841,K0312,I01961,sku_quoted,P022,2025-01-04
A007842,K0312,I01961,commissioning,on-site,2025-01-04
A007843,K0312,I01961,service_plan,standard,2025-01-04
A007844,K0312,I01961,support_tier,pooled,2025-01-04
A007845,K0337,I01962,sku_quoted,P029,2024-10-29
A007846,K0337,I01962,commissioning,self,2024-10-29
A007847,K0337,I01962,service_plan,none,2024-10-29
A007848,K0337,I01962,support_tier,pooled,2024-10-29
A007849,K0350,I01963,sku_quoted,P010,2025-05-17
A007850,K0350,I01963,commissioning,guided,2025-05-17
A007851,K0350,I01963,service_plan,premium,2025-05-17
A007852,K0350,I01963,support_tier,pooled,2025-05-17
A007853,K0413,I01964,sku_quoted,P006,2024-04-23
A007854,K0413,I01964,commissioning,self,2024-04-23
A007855,K0413,I01964,service_plan,none,2024-04-23
A007856,K0413,I01964,support_tier,dedicated,2024-04-23
A007857,K0179,I01965,sku_quoted,P007,2025-05-19
A007858,K0179,I01965,commissioning,self,2025-05-19
A007859,K0179,I01965,service_plan,standard,2025-05-19
A007860,K0179,I01965,support_tier,dedicated,2025-05-19
A007861,K0160,I01966,sku_quoted,P017,2025-03-26
A007862,K0160,I01966,commissioning,guided,2025-03-26
A007863,K0160,I01966,service_plan,none,2025-03-26
A007864,K0160,I01966,support_tier,dedicated,2025-03-26
A007865,K0389,I01967,sku_quoted,P003,2024-08-19
A007866,K0389,I01967,commissioning,self,2024-08-19
A007867,K0389,I01967,service_plan,premium,2024-08-19
A007868,K0389,I01967,support_tier,pooled,2024-08-19
A007869,K0243,I01968,sku_quoted,P019,2024-08-07
A007870,K0243,I01968,commissioning,guided,2024-08-07
A007871,K0243,I01968,service_plan,none,2024-08-07
A007872,K0243,I01968,support_tier,pooled,2024-08-07
A007873,K0341,I01969,sku_quoted,P014,2025-04-11
A007874,K0341,I01969,commissioning,guided,2025-04-11
A007875,K0341,I01969,service_plan,standard,2025-04-11
A007876,K0341,I01969,support_tier,dedicated,2025-04-11
A007877,K0410,I01970,sku_quoted,P008,2025-04-27
A007878,K0410,I01970,commissioning,on-site,2025-04-27
A007879,K0410,I01970,service_plan,none,2025-04-27
A007880,K0410,I01970,support_tier,pooled,2025-04-27
A007881,K0310,I01971,sku_quoted,P019,2025-03-08
A007882,K0310,I01971,commissioning,self,2025-03-08
A007883,K0310,I01971,service_plan,standard,2025-03-08
A007884,K0310,I01971,support_tier,dedicated,2025-03-08
A007885,K0390,I01972,sku_quoted,P030,2025-05-24
A007886,K0390,I01972,commissioning,on-site,2025-05-24
A007887,K0390,I01972,service_plan,standard,2025-05-24
A007888,K0390,I01972,support_tier,dedicated,2025-05-24
A007889,K0197,I01973,sku_quoted,P002,2025-03-03
A007890,K0197,I01973,commissioning,on-site,2025-03-03
A007891,K0197,I01973,service_plan,standard,2025-03-03
A007892,K0197,I01973,support_tier,dedicated,2025-03-03
A007893,K0242,I01974,sku_quoted,P036,2024-11-04
A007894,K0242,I01974,commissioning,on-site,2024-11-04
A007895,K0242,I01974,service_plan,standard,2024-11-04
A007896,K0242,I01974,support_tier,pooled,2024-11-04
A007897,K0434,I01975,sku_quoted,P011,2024-12-10
A007898,K0434,I01975,commissioning,on-site,2024-12-10
A007899,K0434,I01975,service_plan,none,2024-12-10
A007900,K0434,I01975,support_tier,pooled,2024-12-10
A007901,K0307,I01976,sku_quoted,P023,2024-09-08
A007902,K0307,I01976,commissioning,self,2024-09-08
A007903,K0307,I01976,service_plan,premium,2024-09-08
A007904,K0307,I01976,support_tier,pooled,2024-09-08
A007905,K0266,I01977,sku_quoted,P036,2025-03-14
A007906,K0266,I01977,commissioning,guided,2025-03-14
A007907,K0266,I01977,service_plan,standard,2025-03-14
A007908,K0266,I01977,support_tier,pooled,2025-03-14
A007909,K0393,I01978,sku_quoted,P031,2025-03-30
A007910,K0393,I01978,commissioning,self,2025-03-30
A007911,K0393,I01978,service_plan,standard,2025-03-30
A007912,K0393,I01978,support_tier,dedicated,2025-03-30
A007913,K0481,I01979,sku_quoted,P042,2024-11-13
A007914,K0481,I01979,commissioning,guided,2024-11-13
A007915,K0481,I01979,service_plan,none,2024-11-13
A007916,K0481,I01979,support_tier,dedicated,2024-11-13
A007917,K0043,I01980,sku_quoted,P007,2024-04-07
A007918,K0043,I01980,commissioning,guided,2024-04-07
A007919,K0043,I01980,service_plan,premium,2024-04-07
A007920,K0043,I01980,support_tier,dedicated,2024-04-07
A007921,K0429,I01981,sku_quoted,P009,2024-11-17
A007922,K0429,I01981,commissioning,on-site,2024-11-17
A007923,K0429,I01981,service_plan,standard,2024-11-17
A007924,K0429,I01981,support_tier,pooled,2024-11-17
A007925,K0061,I01982,sku_quoted,P019,2024-11-23
A007926,K0061,I01982,commissioning,guided,2024-11-23
A007927,K0061,I01982,service_plan,standard,2024-11-23
A007928,K0061,I01982,support_tier,dedicated,2024-11-23
A007929,K0183,I01983,sku_quoted,P018,2024-10-18
A007930,K0183,I01983,commissioning,self,2024-10-18
A007931,K0183,I01983,service_plan,none,2024-10-18
A007932,K0183,I01983,support_tier,pooled,2024-10-18
A007933,K0168,I01984,sku_quoted,P009,2024-03-04
A007934,K0168,I01984,commissioning,self,2024-03-04
A007935,K0168,I01984,service_plan,none,2024-03-04
A007936,K0168,I01984,support_tier,pooled,2024-03-04
A007937,K0247,I01985,sku_quoted,P030,2025-06-10
A007938,K0247,I01985,commissioning,guided,2025-06-10
A007939,K0247,I01985,service_plan,premium,2025-06-10
A007940,K0247,I01985,support_tier,pooled,2025-06-10
A007941,K0122,I01986,sku_quoted,P029,2024-11-14
A007942,K0122,I01986,commissioning,guided,2024-11-14
A007943,K0122,I01986,service_plan,premium,2024-11-14
A007944,K0122,I01986,support_tier,pooled,2024-11-14
A007945,K0394,I01987,sku_quoted,P011,2025-01-11
A007946,K0394,I01987,commissioning,on-site,2025-01-11
A007947,K0394,I01987,service_plan,none,2025-01-11
A007948,K0394,I01987,support_tier,pooled,2025-01-11
A007949,K0407,I01988,sku_quoted,P001,2024-09-15
A007950,K0407,I01988,commissioning,guided,2024-09-15
A007951,K0407,I01988,service_plan,none,2024-09-15
A007952,K0407,I01988,support_tier,pooled,2024-09-15
A007953,K0079,I01989,sku_quoted,P024,2024-07-14
A007954,K0079,I01989,commissioning,on-site,2024-07-14
A007955,K0079,I01989,service_plan,none,2024-07-14
A007956,K0079,I01989,support_tier,pooled,2024-07-14
A007957,K0253,I01990,sku_quoted,P029,2025-04-19
A007958,K0253,I01990,commissioning,on-site,2025-04-19
A007959,K0253,I01990,service_plan,premium,2025-04-19
A007960,K0253,I01990,support_tier,dedicated,2025-04-19
A007961,K0233,I01991,sku_quoted,P028,2024-06-27
A007962,K0233,I01991,commissioning,self,2024-06-27
A007963,K0233,I01991,service_plan,premium,2024-06-27
A007964,K0233,I01991,support_tier,dedicated,2024-06-27
A007965,K0327,I01992,sku_quoted,P006,2024-04-03
A007966,K0327,I01992,commissioning,self,2024-04-03
A007967,K0327,I01992,service_plan,premium,2024-04-03
A007968,K0327,I01992,support_tier,dedicated,2024-04-03
A007969,K0506,I01993,sku_quoted,P033,2024-05-12
A007970,K0506,I01993,commissioning,guided,2024-05-12
A007971,K0506,I01993,service_plan,none,2024-05-12
A007972,K0506,I01993,support_tier,pooled,2024-05-12
A007973,K0003,I01994,sku_quoted,P039,2025-07-14
A007974,K0003,I01994,commissioning,guided,2025-07-14
A007975,K0003,I01994,service_plan,premium,2025-07-14
A007976,K0003,I01994,support_tier,pooled,2025-07-14
A007977,K0325,I01995,sku_quoted,P009,2024-08-27
A007978,K0325,I01995,commissioning,guided,2024-08-27
A007979,K0325,I01995,service_plan,premium,2024-08-27
A007980,K0325,I01995,support_tier,dedicated,2024-08-27
A007981,K0303,I01996,sku_quoted,P016,2024-06-01
A007982,K0303,I01996,commissioning,self,2024-06-01
A007983,K0303,I01996,service_plan,premium,2024-06-01
A007984,K0303,I01996,support_tier,pooled,2024-06-01
A007985,K0459,I01997,sku_quoted,P028,2024-06-29
A007986,K0459,I01997,commissioning,guided,2024-06-29
A007987,K0459,I01997,service_plan,premium,2024-06-29
A007988,K0459,I01997,support_tier,dedicated,2024-06-29
A007989,K0191,I01998,sku_quoted,P038,2024-04-28
A007990,K0191,I01998,commissioning,guided,2024-04-28
A007991,K0191,I01998,service_plan,standard,2024-04-28
A007992,K0191,I01998,support_tier,pooled,2024-04-28
A007993,K0218,I01999,sku_quoted,P040,2024-08-20
A007994,K0218,I01999,commissioning,guided,2024-08-20
A007995,K0218,I01999,service_plan,standard,2024-08-20
A007996,K0218,I01999,support_tier,pooled,2024-08-20
A007997,K0443,I02000,sku_quoted,P018,2024-12-03
A007998,K0443,I02000,commissioning,self,2024-12-03
A007999,K0443,I02000,service_plan,premium,2024-12-03
A008000,K0443,I02000,support_tier,dedicated,2024-12-03
A008001,K0250,I02001,sku_quoted,P041,2025-03-08
A008002,K0250,I02001,commissioning,guided,2025-03-08
A008003,K0250,I02001,service_plan,standard,2025-03-08
A008004,K0250,I02001,support_tier,dedicated,2025-03-08
A008005,K0228,I02002,sku_quoted,P027,2024-12-31
A008006,K0228,I02002,commissioning,self,2024-12-31
A008007,K0228,I02002,service_plan,none,2024-12-31
A008008,K0228,I02002,support_tier,dedicated,2024-12-31
A008009,K0448,I02003,sku_quoted,P009,2024-05-09
A008010,K0448,I02003,commissioning,guided,2024-05-09
A008011,K0448,I02003,service_plan,none,2024-05-09
A008012,K0448,I02003,support_tier,dedicated,2024-05-09
A008013,K0356,I02004,sku_quoted,P028,2024-04-24
A008014,K0356,I02004,commissioning,self,2024-04-24
A008015,K0356,I02004,service_plan,standard,2024-04-24
A008016,K0356,I02004,support_tier,dedicated,2024-04-24
A008017,K0176,I02005,sku_quoted,P023,2025-07-16
A008018,K0176,I02005,commissioning,guided,2025-07-16
A008019,K0176,I02005,service_plan,standard,2025-07-16
A008020,K0176,I02005,support_tier,pooled,2025-07-16
A008021,K0064,I02006,sku_quoted,P004,2024-05-02
A008022,K0064,I02006,commissioning,guided,2024-05-02
A008023,K0064,I02006,service_plan,standard,2024-05-02
A008024,K0064,I02006,support_tier,pooled,2024-05-02
A008025,K0484,I02007,sku_quoted,P028,2025-02-09
A008026,K0484,I02007,commissioning,guided,2025-02-09
A008027,K0484,I02007,service_plan,premium,2025-02-09
A008028,K0484,I02007,support_tier,dedicated,2025-02-09
A008029,K0404,I02008,sku_quoted,P003,2024-10-17
A008030,K0404,I02008,commissioning,on-site,2024-10-17
A008031,K0404,I02008,service_plan,none,2024-10-17
A008032,K0404,I02008,support_tier,dedicated,2024-10-17
A008033,K0386,I02009,sku_quoted,P041,2025-05-06
A008034,K0386,I02009,commissioning,self,2025-05-06
A008035,K0386,I02009,service_plan,none,2025-05-06
A008036,K0386,I02009,support_tier,dedicated,2025-05-06
A008037,K0045,I02010,sku_quoted,P014,2025-05-08
A008038,K0045,I02010,commissioning,self,2025-05-08
A008039,K0045,I02010,service_plan,standard,2025-05-08
A008040,K0045,I02010,support_tier,dedicated,2025-05-08
A008041,K0438,I02011,sku_quoted,P016,2025-06-19
A008042,K0438,I02011,commissioning,self,2025-06-19
A008043,K0438,I02011,service_plan,standard,2025-06-19
A008044,K0438,I02011,support_tier,dedicated,2025-06-19
A008045,K0500,I02012,sku_quoted,P020,2024-05-28
A008046,K0500,I02012,commissioning,on-site,2024-05-28
A008047,K0500,I02012,service_plan,none,2024-05-28
A008048,K0500,I02012,support_tier,dedicated,2024-05-28
A008049,K0434,I02013,sku_quoted,P022,2024-12-13
A008050,K0434,I02013,commissioning,self,2024-12-13
A008051,K0434,I02013,service_plan,premium,2024-12-13
A008052,K0434,I02013,support_tier,pooled,2024-12-13
A008053,K0062,I02014,sku_quoted,P007,2025-06-29
A008054,K0062,I02014,commissioning,guided,2025-06-29
A008055,K0062,I02014,service_plan,none,2025-06-29
A008056,K0062,I02014,support_tier,dedicated,2025-06-29
A008057,K0321,I02015,sku_quoted,P007,2024-04-19
A008058,K0321,I02015,commissioning,self,2024-04-19
A008059,K0321,I02015,service_plan,none,2024-04-19
A008060,K0321,I02015,support_tier,dedicated,2024-04-19
A008061,K0020,I02016,sku_quoted,P008,2024-05-12
A008062,K0020,I02016,commissioning,guided,2024-05-12
A008063,K0020,I02016,service_plan,standard,2024-05-12
A008064,K0020,I02016,support_tier,dedicated,2024-05-12
A008065,K0132,I02017,sku_quoted,P036,2024-08-18
A008066,K0132,I02017,commissioning,on-site,2024-08-18
A008067,K0132,I02017,service_plan,standard,2024-08-18
A008068,K0132,I02017,support_tier,pooled,2024-08-18
A008069,K0279,I02018,sku_quoted,P024,2024-05-09
A008070,K0279,I02018,commissioning,self,2024-05-09
A008071,K0279,I02018,service_plan,standard,2024-05-09
A008072,K0279,I02018,support_tier,pooled,2024-05-09
A008073,K0097,I02019,sku_quoted,P024,2025-08-04
A008074,K0097,I02019,commissioning,self,2025-08-04
A008075,K0097,I02019,service_plan,premium,2025-08-04
A008076,K0097,I02019,support_tier,pooled,2025-08-04
A008077,K0472,I02020,sku_quoted,P024,2025-05-03
A008078,K0472,I02020,commissioning,on-site,2025-05-03
A008079,K0472,I02020,service_plan,standard,2025-05-03
A008080,K0472,I02020,support_tier,dedicated,2025-05-03
A008081,K0218,I02021,sku_quoted,P042,2025-08-04
A008082,K0218,I02021,commissioning,on-site,2025-08-04
A008083,K0218,I02021,service_plan,none,2025-08-04
A008084,K0218,I02021,support_tier,dedicated,2025-08-04
A008085,K0030,I02022,sku_quoted,P010,2024-04-08
A008086,K0030,I02022,commissioning,on-site,2024-04-08
A008087,K0030,I02022,service_plan,standard,2024-04-08
A008088,K0030,I02022,support_tier,dedicated,2024-04-08
A008089,K0460,I02023,sku_quoted,P020,2024-06-06
A008090,K0460,I02023,commissioning,on-site,2024-06-06
A008091,K0460,I02023,service_plan,standard,2024-06-06
A008092,K0460,I02023,support_tier,dedicated,2024-06-06
A008093,K0173,I02024,sku_quoted,P002,2024-12-18
A008094,K0173,I02024,commissioning,self,2024-12-18
A008095,K0173,I02024,service_plan,premium,2024-12-18
A008096,K0173,I02024,support_tier,pooled,2024-12-18
A008097,K0393,I02025,sku_quoted,P012,2024-06-13
A008098,K0393,I02025,commissioning,guided,2024-06-13
A008099,K0393,I02025,service_plan,standard,2024-06-13
A008100,K0393,I02025,support_tier,pooled,2024-06-13
A008101,K0265,I02026,sku_quoted,P018,2024-03-01
A008102,K0265,I02026,commissioning,on-site,2024-03-01
A008103,K0265,I02026,service_plan,standard,2024-03-01
A008104,K0265,I02026,support_tier,dedicated,2024-03-01
A008105,K0194,I02027,sku_quoted,P025,2025-05-12
A008106,K0194,I02027,commissioning,guided,2025-05-12
A008107,K0194,I02027,service_plan,standard,2025-05-12
A008108,K0194,I02027,support_tier,dedicated,2025-05-12
A008109,K0135,I02028,sku_quoted,P024,2025-06-28
A008110,K0135,I02028,commissioning,self,2025-06-28
A008111,K0135,I02028,service_plan,none,2025-06-28
A008112,K0135,I02028,support_tier,dedicated,2025-06-28
A008113,K0308,I02029,sku_quoted,P013,2025-06-06
A008114,K0308,I02029,commissioning,self,2025-06-06
A008115,K0308,I02029,service_plan,none,2025-06-06
A008116,K0308,I02029,support_tier,pooled,2025-06-06
A008117,K0010,I02030,sku_quoted,P019,2025-05-09
A008118,K0010,I02030,commissioning,guided,2025-05-09
A008119,K0010,I02030,service_plan,premium,2025-05-09
A008120,K0010,I02030,support_tier,dedicated,2025-05-09
A008121,K0465,I02031,sku_quoted,P026,2024-12-17
A008122,K0465,I02031,commissioning,guided,2024-12-17
A008123,K0465,I02031,service_plan,standard,2024-12-17
A008124,K0465,I02031,support_tier,dedicated,2024-12-17
A008125,K0310,I02032,sku_quoted,P029,2024-06-08
A008126,K0310,I02032,commissioning,self,2024-06-08
A008127,K0310,I02032,service_plan,standard,2024-06-08
A008128,K0310,I02032,support_tier,pooled,2024-06-08
A008129,K0223,I02033,sku_quoted,P016,2024-10-07
A008130,K0223,I02033,commissioning,on-site,2024-10-07
A008131,K0223,I02033,service_plan,standard,2024-10-07
A008132,K0223,I02033,support_tier,pooled,2024-10-07
A008133,K0029,I02034,sku_quoted,P015,2025-01-10
A008134,K0029,I02034,commissioning,on-site,2025-01-10
A008135,K0029,I02034,service_plan,standard,2025-01-10
A008136,K0029,I02034,support_tier,pooled,2025-01-10
A008137,K0218,I02035,sku_quoted,P008,2024-07-29
A008138,K0218,I02035,commissioning,self,2024-07-29
A008139,K0218,I02035,service_plan,standard,2024-07-29
A008140,K0218,I02035,support_tier,pooled,2024-07-29
A008141,K0389,I02036,sku_quoted,P024,2025-05-24
A008142,K0389,I02036,commissioning,on-site,2025-05-24
A008143,K0389,I02036,service_plan,standard,2025-05-24
A008144,K0389,I02036,support_tier,dedicated,2025-05-24
A008145,K0451,I02037,sku_quoted,P012,2025-07-01
A008146,K0451,I02037,commissioning,guided,2025-07-01
A008147,K0451,I02037,service_plan,none,2025-07-01
A008148,K0451,I02037,support_tier,pooled,2025-07-01
A008149,K0100,I02038,sku_quoted,P030,2024-10-20
A008150,K0100,I02038,commissioning,guided,2024-10-20
A008151,K0100,I02038,service_plan,none,2024-10-20
A008152,K0100,I02038,support_tier,pooled,2024-10-20
A008153,K0075,I02039,sku_quoted,P013,2024-08-27
A008154,K0075,I02039,commissioning,guided,2024-08-27
A008155,K0075,I02039,service_plan,none,2024-08-27
A008156,K0075,I02039,support_tier,dedicated,2024-08-27
A008157,K0518,I02040,sku_quoted,P015,2024-09-04
A008158,K0518,I02040,commissioning,guided,2024-09-04
A008159,K0518,I02040,service_plan,standard,2024-09-04
A008160,K0518,I02040,support_tier,pooled,2024-09-04
A008161,K0278,I02041,sku_quoted,P017,2024-10-19
A008162,K0278,I02041,commissioning,on-site,2024-10-19
A008163,K0278,I02041,service_plan,none,2024-10-19
A008164,K0278,I02041,support_tier,pooled,2024-10-19
A008165,K0095,I02042,sku_quoted,P016,2024-08-22
A008166,K0095,I02042,commissioning,guided,2024-08-22
A008167,K0095,I02042,service_plan,none,2024-08-22
A008168,K0095,I02042,support_tier,pooled,2024-08-22
A008169,K0350,I02043,sku_quoted,P041,2024-09-12
A008170,K0350,I02043,commissioning,self,2024-09-12
A008171,K0350,I02043,service_plan,standard,2024-09-12
A008172,K0350,I02043,support_tier,pooled,2024-09-12
A008173,K0341,I02044,sku_quoted,P006,2025-01-15
A008174,K0341,I02044,commissioning,on-site,2025-01-15
A008175,K0341,I02044,service_plan,standard,2025-01-15
A008176,K0341,I02044,support_tier,dedicated,2025-01-15
A008177,K0217,I02045,sku_quoted,P027,2025-04-08
A008178,K0217,I02045,commissioning,self,2025-04-08
A008179,K0217,I02045,service_plan,standard,2025-04-08
A008180,K0217,I02045,support_tier,dedicated,2025-04-08
A008181,K0394,I02046,sku_quoted,P036,2024-08-22
A008182,K0394,I02046,commissioning,guided,2024-08-22
A008183,K0394,I02046,service_plan,premium,2024-08-22
A008184,K0394,I02046,support_tier,pooled,2024-08-22
A008185,K0419,I02047,sku_quoted,P041,2025-03-25
A008186,K0419,I02047,commissioning,on-site,2025-03-25
A008187,K0419,I02047,service_plan,none,2025-03-25
A008188,K0419,I02047,support_tier,dedicated,2025-03-25
A008189,K0507,I02048,sku_quoted,P030,2025-07-15
A008190,K0507,I02048,commissioning,on-site,2025-07-15
A008191,K0507,I02048,service_plan,none,2025-07-15
A008192,K0507,I02048,support_tier,dedicated,2025-07-15
A008193,K0311,I02049,sku_quoted,P022,2024-03-25
A008194,K0311,I02049,commissioning,guided,2024-03-25
A008195,K0311,I02049,service_plan,standard,2024-03-25
A008196,K0311,I02049,support_tier,pooled,2024-03-25
A008197,K0065,I02050,sku_quoted,P019,2024-12-24
A008198,K0065,I02050,commissioning,self,2024-12-24
A008199,K0065,I02050,service_plan,premium,2024-12-24
A008200,K0065,I02050,support_tier,pooled,2024-12-24
A008201,K0050,I02051,sku_quoted,P028,2025-05-01
A008202,K0050,I02051,commissioning,on-site,2025-05-01
A008203,K0050,I02051,service_plan,none,2025-05-01
A008204,K0050,I02051,support_tier,dedicated,2025-05-01
A008205,K0245,I02052,sku_quoted,P040,2024-04-30
A008206,K0245,I02052,commissioning,self,2024-04-30
A008207,K0245,I02052,service_plan,premium,2024-04-30
A008208,K0245,I02052,support_tier,dedicated,2024-04-30
A008209,K0131,I02053,sku_quoted,P014,2024-06-05
A008210,K0131,I02053,commissioning,self,2024-06-05
A008211,K0131,I02053,service_plan,standard,2024-06-05
A008212,K0131,I02053,support_tier,dedicated,2024-06-05
A008213,K0478,I02054,sku_quoted,P007,2025-01-02
A008214,K0478,I02054,commissioning,on-site,2025-01-02
A008215,K0478,I02054,service_plan,premium,2025-01-02
A008216,K0478,I02054,support_tier,dedicated,2025-01-02
A008217,K0360,I02055,sku_quoted,P013,2024-07-29
A008218,K0360,I02055,commissioning,self,2024-07-29
A008219,K0360,I02055,service_plan,none,2024-07-29
A008220,K0360,I02055,support_tier,dedicated,2024-07-29
A008221,K0266,I02056,sku_quoted,P031,2025-04-30
A008222,K0266,I02056,commissioning,guided,2025-04-30
A008223,K0266,I02056,service_plan,standard,2025-04-30
A008224,K0266,I02056,support_tier,dedicated,2025-04-30
A008225,K0410,I02057,sku_quoted,P005,2024-07-06
A008226,K0410,I02057,commissioning,guided,2024-07-06
A008227,K0410,I02057,service_plan,standard,2024-07-06
A008228,K0410,I02057,support_tier,dedicated,2024-07-06
A008229,K0287,I02058,sku_quoted,P029,2024-06-22
A008230,K0287,I02058,commissioning,on-site,2024-06-22
A008231,K0287,I02058,service_plan,premium,2024-06-22
A008232,K0287,I02058,support_tier,pooled,2024-06-22
A008233,K0393,I02059,sku_quoted,P008,2024-04-09
A008234,K0393,I02059,commissioning,guided,2024-04-09
A008235,K0393,I02059,service_plan,standard,2024-04-09
A008236,K0393,I02059,support_tier,pooled,2024-04-09
A008237,K0217,I02060,sku_quoted,P020,2025-05-02
A008238,K0217,I02060,commissioning,self,2025-05-02
A008239,K0217,I02060,service_plan,standard,2025-05-02
A008240,K0217,I02060,support_tier,dedicated,2025-05-02
A008241,K0511,I02061,sku_quoted,P015,2024-05-04
A008242,K0511,I02061,commissioning,on-site,2024-05-04
A008243,K0511,I02061,service_plan,premium,2024-05-04
A008244,K0511,I02061,support_tier,dedicated,2024-05-04
A008245,K0308,I02062,sku_quoted,P003,2024-06-12
A008246,K0308,I02062,commissioning,guided,2024-06-12
A008247,K0308,I02062,service_plan,none,2024-06-12
A008248,K0308,I02062,support_tier,pooled,2024-06-12
A008249,K0220,I02063,sku_quoted,P035,2024-11-15
A008250,K0220,I02063,commissioning,self,2024-11-15
A008251,K0220,I02063,service_plan,premium,2024-11-15
A008252,K0220,I02063,support_tier,dedicated,2024-11-15
A008253,K0238,I02064,sku_quoted,P040,2024-07-05
A008254,K0238,I02064,commissioning,on-site,2024-07-05
A008255,K0238,I02064,service_plan,none,2024-07-05
A008256,K0238,I02064,support_tier,dedicated,2024-07-05
A008257,K0310,I02065,sku_quoted,P019,2025-04-18
A008258,K0310,I02065,commissioning,on-site,2025-04-18
A008259,K0310,I02065,service_plan,standard,2025-04-18
A008260,K0310,I02065,support_tier,pooled,2025-04-18
A008261,K0115,I02066,sku_quoted,P005,2024-12-01
A008262,K0115,I02066,commissioning,guided,2024-12-01
A008263,K0115,I02066,service_plan,standard,2024-12-01
A008264,K0115,I02066,support_tier,dedicated,2024-12-01
A008265,K0496,I02067,sku_quoted,P010,2025-05-03
A008266,K0496,I02067,commissioning,self,2025-05-03
A008267,K0496,I02067,service_plan,standard,2025-05-03
A008268,K0496,I02067,support_tier,dedicated,2025-05-03
A008269,K0092,I02068,sku_quoted,P024,2024-04-01
A008270,K0092,I02068,commissioning,guided,2024-04-01
A008271,K0092,I02068,service_plan,standard,2024-04-01
A008272,K0092,I02068,support_tier,dedicated,2024-04-01
A008273,K0135,I02069,sku_quoted,P003,2025-03-29
A008274,K0135,I02069,commissioning,guided,2025-03-29
A008275,K0135,I02069,service_plan,standard,2025-03-29
A008276,K0135,I02069,support_tier,pooled,2025-03-29
A008277,K0164,I02070,sku_quoted,P009,2025-05-29
A008278,K0164,I02070,commissioning,on-site,2025-05-29
A008279,K0164,I02070,service_plan,none,2025-05-29
A008280,K0164,I02070,support_tier,dedicated,2025-05-29
A008281,K0415,I02071,sku_quoted,P002,2025-07-06
A008282,K0415,I02071,commissioning,on-site,2025-07-06
A008283,K0415,I02071,service_plan,premium,2025-07-06
A008284,K0415,I02071,support_tier,dedicated,2025-07-06
A008285,K0516,I02072,sku_quoted,P025,2024-11-04
A008286,K0516,I02072,commissioning,on-site,2024-11-04
A008287,K0516,I02072,service_plan,standard,2024-11-04
A008288,K0516,I02072,support_tier,pooled,2024-11-04
A008289,K0231,I02073,sku_quoted,P005,2025-05-01
A008290,K0231,I02073,commissioning,guided,2025-05-01
A008291,K0231,I02073,service_plan,standard,2025-05-01
A008292,K0231,I02073,support_tier,pooled,2025-05-01
A008293,K0166,I02074,sku_quoted,P015,2025-05-13
A008294,K0166,I02074,commissioning,self,2025-05-13
A008295,K0166,I02074,service_plan,none,2025-05-13
A008296,K0166,I02074,support_tier,dedicated,2025-05-13
A008297,K0348,I02075,sku_quoted,P031,2024-04-01
A008298,K0348,I02075,commissioning,self,2024-04-01
A008299,K0348,I02075,service_plan,standard,2024-04-01
A008300,K0348,I02075,support_tier,pooled,2024-04-01
A008301,K0461,I02076,sku_quoted,P034,2025-01-01
A008302,K0461,I02076,commissioning,guided,2025-01-01
A008303,K0461,I02076,service_plan,none,2025-01-01
A008304,K0461,I02076,support_tier,dedicated,2025-01-01
A008305,K0340,I02077,sku_quoted,P035,2025-05-25
A008306,K0340,I02077,commissioning,on-site,2025-05-25
A008307,K0340,I02077,service_plan,standard,2025-05-25
A008308,K0340,I02077,support_tier,dedicated,2025-05-25
A008309,K0416,I02078,sku_quoted,P011,2024-06-11
A008310,K0416,I02078,commissioning,self,2024-06-11
A008311,K0416,I02078,service_plan,none,2024-06-11
A008312,K0416,I02078,support_tier,dedicated,2024-06-11
A008313,K0138,I02079,sku_quoted,P029,2024-06-13
A008314,K0138,I02079,commissioning,on-site,2024-06-13
A008315,K0138,I02079,service_plan,standard,2024-06-13
A008316,K0138,I02079,support_tier,dedicated,2024-06-13
A008317,K0362,I02080,sku_quoted,P028,2025-03-26
A008318,K0362,I02080,commissioning,on-site,2025-03-26
A008319,K0362,I02080,service_plan,standard,2025-03-26
A008320,K0362,I02080,support_tier,pooled,2025-03-26
A008321,K0325,I02081,sku_quoted,P005,2024-05-19
A008322,K0325,I02081,commissioning,self,2024-05-19
A008323,K0325,I02081,service_plan,none,2024-05-19
A008324,K0325,I02081,support_tier,pooled,2024-05-19
A008325,K0043,I02082,sku_quoted,P007,2024-04-23
A008326,K0043,I02082,commissioning,on-site,2024-04-23
A008327,K0043,I02082,service_plan,standard,2024-04-23
A008328,K0043,I02082,support_tier,dedicated,2024-04-23
A008329,K0064,I02083,sku_quoted,P017,2024-09-02
A008330,K0064,I02083,commissioning,self,2024-09-02
A008331,K0064,I02083,service_plan,none,2024-09-02
A008332,K0064,I02083,support_tier,dedicated,2024-09-02
A008333,K0089,I02084,sku_quoted,P027,2025-02-08
A008334,K0089,I02084,commissioning,on-site,2025-02-08
A008335,K0089,I02084,service_plan,none,2025-02-08
A008336,K0089,I02084,support_tier,dedicated,2025-02-08
A008337,K0072,I02085,sku_quoted,P004,2024-12-19
A008338,K0072,I02085,commissioning,self,2024-12-19
A008339,K0072,I02085,service_plan,premium,2024-12-19
A008340,K0072,I02085,support_tier,dedicated,2024-12-19
A008341,K0264,I02086,sku_quoted,P039,2024-10-29
A008342,K0264,I02086,commissioning,guided,2024-10-29
A008343,K0264,I02086,service_plan,premium,2024-10-29
A008344,K0264,I02086,support_tier,dedicated,2024-10-29
A008345,K0509,I02087,sku_quoted,P029,2025-05-07
A008346,K0509,I02087,commissioning,self,2025-05-07
A008347,K0509,I02087,service_plan,standard,2025-05-07
A008348,K0509,I02087,support_tier,pooled,2025-05-07
A008349,K0137,I02088,sku_quoted,P013,2024-11-30
A008350,K0137,I02088,commissioning,guided,2024-11-30
A008351,K0137,I02088,service_plan,premium,2024-11-30
A008352,K0137,I02088,support_tier,dedicated,2024-11-30
A008353,K0284,I02089,sku_quoted,P001,2025-03-20
A008354,K0284,I02089,commissioning,self,2025-03-20
A008355,K0284,I02089,service_plan,standard,2025-03-20
A008356,K0284,I02089,support_tier,pooled,2025-03-20
A008357,K0296,I02090,sku_quoted,P012,2025-03-26
A008358,K0296,I02090,commissioning,on-site,2025-03-26
A008359,K0296,I02090,service_plan,standard,2025-03-26
A008360,K0296,I02090,support_tier,dedicated,2025-03-26
A008361,K0439,I02091,sku_quoted,P041,2024-09-26
A008362,K0439,I02091,commissioning,on-site,2024-09-26
A008363,K0439,I02091,service_plan,standard,2024-09-26
A008364,K0439,I02091,support_tier,dedicated,2024-09-26
A008365,K0110,I02092,sku_quoted,P002,2024-06-19
A008366,K0110,I02092,commissioning,self,2024-06-19
A008367,K0110,I02092,service_plan,premium,2024-06-19
A008368,K0110,I02092,support_tier,pooled,2024-06-19
A008369,K0380,I02093,sku_quoted,P009,2024-07-20
A008370,K0380,I02093,commissioning,self,2024-07-20
A008371,K0380,I02093,service_plan,premium,2024-07-20
A008372,K0380,I02093,support_tier,dedicated,2024-07-20
A008373,K0235,I02094,sku_quoted,P031,2025-01-20
A008374,K0235,I02094,commissioning,guided,2025-01-20
A008375,K0235,I02094,service_plan,standard,2025-01-20
A008376,K0235,I02094,support_tier,pooled,2025-01-20
A008377,K0228,I02095,sku_quoted,P020,2024-10-09
A008378,K0228,I02095,commissioning,self,2024-10-09
A008379,K0228,I02095,service_plan,premium,2024-10-09
A008380,K0228,I02095,support_tier,pooled,2024-10-09
A008381,K0251,I02096,sku_quoted,P012,2024-12-25
A008382,K0251,I02096,commissioning,guided,2024-12-25
A008383,K0251,I02096,service_plan,premium,2024-12-25
A008384,K0251,I02096,support_tier,dedicated,2024-12-25
A008385,K0488,I02097,sku_quoted,P016,2025-06-17
A008386,K0488,I02097,commissioning,on-site,2025-06-17
A008387,K0488,I02097,service_plan,standard,2025-06-17
A008388,K0488,I02097,support_tier,pooled,2025-06-17
A008389,K0454,I02098,sku_quoted,P039,2024-04-18
A008390,K0454,I02098,commissioning,on-site,2024-04-18
A008391,K0454,I02098,service_plan,premium,2024-04-18
A008392,K0454,I02098,support_tier,dedicated,2024-04-18
A008393,K0383,I02099,sku_quoted,P016,2025-05-22
A008394,K0383,I02099,commissioning,self,2025-05-22
A008395,K0383,I02099,service_plan,standard,2025-05-22
A008396,K0383,I02099,support_tier,dedicated,2025-05-22
A008397,K0163,I02100,sku_quoted,P002,2024-08-07
A008398,K0163,I02100,commissioning,guided,2024-08-07
A008399,K0163,I02100,service_plan,none,2024-08-07
A008400,K0163,I02100,support_tier,pooled,2024-08-07
A008401,K0202,I02101,sku_quoted,P038,2025-03-08
A008402,K0202,I02101,commissioning,on-site,2025-03-08
A008403,K0202,I02101,service_plan,standard,2025-03-08
A008404,K0202,I02101,support_tier,pooled,2025-03-08
A008405,K0478,I02102,sku_quoted,P038,2025-03-07
A008406,K0478,I02102,commissioning,self,2025-03-07
A008407,K0478,I02102,service_plan,standard,2025-03-07
A008408,K0478,I02102,support_tier,pooled,2025-03-07
A008409,K0460,I02103,sku_quoted,P029,2025-03-28
A008410,K0460,I02103,commissioning,on-site,2025-03-28
A008411,K0460,I02103,service_plan,standard,2025-03-28
A008412,K0460,I02103,support_tier,dedicated,2025-03-28
A008413,K0054,I02104,sku_quoted,P001,2025-02-24
A008414,K0054,I02104,commissioning,guided,2025-02-24
A008415,K0054,I02104,service_plan,none,2025-02-24
A008416,K0054,I02104,support_tier,pooled,2025-02-24
A008417,K0186,I02105,sku_quoted,P009,2025-02-17
A008418,K0186,I02105,commissioning,self,2025-02-17
A008419,K0186,I02105,service_plan,none,2025-02-17
A008420,K0186,I02105,support_tier,pooled,2025-02-17
A008421,K0075,I02106,sku_quoted,P022,2024-06-16
A008422,K0075,I02106,commissioning,on-site,2024-06-16
A008423,K0075,I02106,service_plan,none,2024-06-16
A008424,K0075,I02106,support_tier,dedicated,2024-06-16
A008425,K0307,I02107,sku_quoted,P027,2025-06-17
A008426,K0307,I02107,commissioning,on-site,2025-06-17
A008427,K0307,I02107,service_plan,standard,2025-06-17
A008428,K0307,I02107,support_tier,dedicated,2025-06-17
A008429,K0439,I02108,sku_quoted,P038,2025-05-14
A008430,K0439,I02108,commissioning,self,2025-05-14
A008431,K0439,I02108,service_plan,standard,2025-05-14
A008432,K0439,I02108,support_tier,dedicated,2025-05-14
A008433,K0288,I02109,sku_quoted,P027,2025-07-09
A008434,K0288,I02109,commissioning,self,2025-07-09
A008435,K0288,I02109,service_plan,none,2025-07-09
A008436,K0288,I02109,support_tier,dedicated,2025-07-09
A008437,K0255,I02110,sku_quoted,P005,2025-07-09
A008438,K0255,I02110,commissioning,self,2025-07-09
A008439,K0255,I02110,service_plan,standard,2025-07-09
A008440,K0255,I02110,support_tier,dedicated,2025-07-09
A008441,K0089,I02111,sku_quoted,P017,2025-08-03
A008442,K0089,I02111,commissioning,guided,2025-08-03
A008443,K0089,I02111,service_plan,standard,2025-08-03
A008444,K0089,I02111,support_tier,pooled,2025-08-03
A008445,K0064,I02112,sku_quoted,P015,2025-06-30
A008446,K0064,I02112,commissioning,guided,2025-06-30
A008447,K0064,I02112,service_plan,standard,2025-06-30
A008448,K0064,I02112,support_tier,pooled,2025-06-30
A008449,K0425,I02113,sku_quoted,P002,2024-06-03
A008450,K0425,I02113,commissioning,guided,2024-06-03
A008451,K0425,I02113,service_plan,none,2024-06-03
A008452,K0425,I02113,support_tier,pooled,2024-06-03
A008453,K0193,I02114,sku_quoted,P035,2025-02-05
A008454,K0193,I02114,commissioning,guided,2025-02-05
A008455,K0193,I02114,service_plan,premium,2025-02-05
A008456,K0193,I02114,support_tier,dedicated,2025-02-05
A008457,K0114,I02115,sku_quoted,P003,2024-07-30
A008458,K0114,I02115,commissioning,self,2024-07-30
A008459,K0114,I02115,service_plan,standard,2024-07-30
A008460,K0114,I02115,support_tier,pooled,2024-07-30
A008461,K0080,I02116,sku_quoted,P007,2024-07-10
A008462,K0080,I02116,commissioning,guided,2024-07-10
A008463,K0080,I02116,service_plan,none,2024-07-10
A008464,K0080,I02116,support_tier,dedicated,2024-07-10
A008465,K0352,I02117,sku_quoted,P032,2025-04-19
A008466,K0352,I02117,commissioning,self,2025-04-19
A008467,K0352,I02117,service_plan,none,2025-04-19
A008468,K0352,I02117,support_tier,dedicated,2025-04-19
A008469,K0105,I02118,sku_quoted,P038,2024-09-30
A008470,K0105,I02118,commissioning,self,2024-09-30
A008471,K0105,I02118,service_plan,standard,2024-09-30
A008472,K0105,I02118,support_tier,dedicated,2024-09-30
A008473,K0312,I02119,sku_quoted,P042,2024-08-02
A008474,K0312,I02119,commissioning,guided,2024-08-02
A008475,K0312,I02119,service_plan,premium,2024-08-02
A008476,K0312,I02119,support_tier,dedicated,2024-08-02
A008477,K0370,I02120,sku_quoted,P014,2024-07-31
A008478,K0370,I02120,commissioning,on-site,2024-07-31
A008479,K0370,I02120,service_plan,standard,2024-07-31
A008480,K0370,I02120,support_tier,dedicated,2024-07-31
A008481,K0499,I02121,sku_quoted,P018,2024-08-15
A008482,K0499,I02121,commissioning,on-site,2024-08-15
A008483,K0499,I02121,service_plan,standard,2024-08-15
A008484,K0499,I02121,support_tier,pooled,2024-08-15
A008485,K0262,I02122,sku_quoted,P001,2024-05-07
A008486,K0262,I02122,commissioning,guided,2024-05-07
A008487,K0262,I02122,service_plan,none,2024-05-07
A008488,K0262,I02122,support_tier,pooled,2024-05-07
A008489,K0164,I02123,sku_quoted,P041,2024-04-21
A008490,K0164,I02123,commissioning,on-site,2024-04-21
A008491,K0164,I02123,service_plan,premium,2024-04-21
A008492,K0164,I02123,support_tier,dedicated,2024-04-21
A008493,K0326,I02124,sku_quoted,P038,2024-09-11
A008494,K0326,I02124,commissioning,guided,2024-09-11
A008495,K0326,I02124,service_plan,standard,2024-09-11
A008496,K0326,I02124,support_tier,pooled,2024-09-11
A008497,K0485,I02125,sku_quoted,P033,2025-05-25
A008498,K0485,I02125,commissioning,self,2025-05-25
A008499,K0485,I02125,service_plan,premium,2025-05-25
A008500,K0485,I02125,support_tier,dedicated,2025-05-25
A008501,K0271,I02126,sku_quoted,P028,2025-02-02
A008502,K0271,I02126,commissioning,self,2025-02-02
A008503,K0271,I02126,service_plan,premium,2025-02-02
A008504,K0271,I02126,support_tier,dedicated,2025-02-02
A008505,K0173,I02127,sku_quoted,P021,2025-05-27
A008506,K0173,I02127,commissioning,self,2025-05-27
A008507,K0173,I02127,service_plan,none,2025-05-27
A008508,K0173,I02127,support_tier,dedicated,2025-05-27
A008509,K0312,I02128,sku_quoted,P037,2024-12-03
A008510,K0312,I02128,commissioning,guided,2024-12-03
A008511,K0312,I02128,service_plan,standard,2024-12-03
A008512,K0312,I02128,support_tier,dedicated,2024-12-03
A008513,K0467,I02129,sku_quoted,P042,2025-05-12
A008514,K0467,I02129,commissioning,on-site,2025-05-12
A008515,K0467,I02129,service_plan,standard,2025-05-12
A008516,K0467,I02129,support_tier,dedicated,2025-05-12
A008517,K0326,I02130,sku_quoted,P041,2024-05-21
A008518,K0326,I02130,commissioning,guided,2024-05-21
A008519,K0326,I02130,service_plan,none,2024-05-21
A008520,K0326,I02130,support_tier,dedicated,2024-05-21
A008521,K0417,I02131,sku_quoted,P015,2024-12-17
A008522,K0417,I02131,commissioning,on-site,2024-12-17
A008523,K0417,I02131,service_plan,premium,2024-12-17
A008524,K0417,I02131,support_tier,dedicated,2024-12-17
A008525,K0180,I02132,sku_quoted,P012,2025-04-25
A008526,K0180,I02132,commissioning,self,2025-04-25
A008527,K0180,I02132,service_plan,premium,2025-04-25
A008528,K0180,I02132,support_tier,pooled,2025-04-25
A008529,K0223,I02133,sku_quoted,P014,2024-05-02
A008530,K0223,I02133,commissioning,self,2024-05-02
A008531,K0223,I02133,service_plan,standard,2024-05-02
A008532,K0223,I02133,support_tier,dedicated,2024-05-02
A008533,K0086,I02134,sku_quoted,P007,2024-04-19
A008534,K0086,I02134,commissioning,guided,2024-04-19
A008535,K0086,I02134,service_plan,standard,2024-04-19
A008536,K0086,I02134,support_tier,dedicated,2024-04-19
A008537,K0224,I02135,sku_quoted,P031,2025-05-31
A008538,K0224,I02135,commissioning,self,2025-05-31
A008539,K0224,I02135,service_plan,standard,2025-05-31
A008540,K0224,I02135,support_tier,dedicated,2025-05-31
A008541,K0108,I02136,sku_quoted,P003,2024-10-20
A008542,K0108,I02136,commissioning,self,2024-10-20
A008543,K0108,I02136,service_plan,standard,2024-10-20
A008544,K0108,I02136,support_tier,pooled,2024-10-20
A008545,K0295,I02137,sku_quoted,P024,2025-01-24
A008546,K0295,I02137,commissioning,guided,2025-01-24
A008547,K0295,I02137,service_plan,none,2025-01-24
A008548,K0295,I02137,support_tier,pooled,2025-01-24
A008549,K0363,I02138,sku_quoted,P015,2024-04-13
A008550,K0363,I02138,commissioning,self,2024-04-13
A008551,K0363,I02138,service_plan,standard,2024-04-13
A008552,K0363,I02138,support_tier,dedicated,2024-04-13
A008553,K0486,I02139,sku_quoted,P036,2025-02-22
A008554,K0486,I02139,commissioning,guided,2025-02-22
A008555,K0486,I02139,service_plan,none,2025-02-22
A008556,K0486,I02139,support_tier,pooled,2025-02-22
A008557,K0356,I02140,sku_quoted,P039,2024-10-17
A008558,K0356,I02140,commissioning,guided,2024-10-17
A008559,K0356,I02140,service_plan,none,2024-10-17
A008560,K0356,I02140,support_tier,pooled,2024-10-17
A008561,K0062,I02141,sku_quoted,P042,2024-04-20
A008562,K0062,I02141,commissioning,self,2024-04-20
A008563,K0062,I02141,service_plan,standard,2024-04-20
A008564,K0062,I02141,support_tier,dedicated,2024-04-20
A008565,K0186,I02142,sku_quoted,P040,2024-03-05
A008566,K0186,I02142,commissioning,guided,2024-03-05
A008567,K0186,I02142,service_plan,standard,2024-03-05
A008568,K0186,I02142,support_tier,pooled,2024-03-05
A008569,K0162,I02143,sku_quoted,P002,2025-01-16
A008570,K0162,I02143,commissioning,on-site,2025-01-16
A008571,K0162,I02143,service_plan,standard,2025-01-16
A008572,K0162,I02143,support_tier,pooled,2025-01-16
A008573,K0296,I02144,sku_quoted,P033,2025-08-17
A008574,K0296,I02144,commissioning,guided,2025-08-17
A008575,K0296,I02144,service_plan,none,2025-08-17
A008576,K0296,I02144,support_tier,pooled,2025-08-17
A008577,K0466,I02145,sku_quoted,P023,2024-09-20
A008578,K0466,I02145,commissioning,self,2024-09-20
A008579,K0466,I02145,service_plan,standard,2024-09-20
A008580,K0466,I02145,support_tier,pooled,2024-09-20
A008581,K0314,I02146,sku_quoted,P014,2024-12-06
A008582,K0314,I02146,commissioning,self,2024-12-06
A008583,K0314,I02146,service_plan,standard,2024-12-06
A008584,K0314,I02146,support_tier,dedicated,2024-12-06
A008585,K0398,I02147,sku_quoted,P039,2024-05-23
A008586,K0398,I02147,commissioning,guided,2024-05-23
A008587,K0398,I02147,service_plan,standard,2024-05-23
A008588,K0398,I02147,support_tier,dedicated,2024-05-23
A008589,K0397,I02148,sku_quoted,P038,2025-06-19
A008590,K0397,I02148,commissioning,on-site,2025-06-19
A008591,K0397,I02148,service_plan,standard,2025-06-19
A008592,K0397,I02148,support_tier,pooled,2025-06-19
A008593,K0393,I02149,sku_quoted,P026,2025-06-11
A008594,K0393,I02149,commissioning,self,2025-06-11
A008595,K0393,I02149,service_plan,standard,2025-06-11
A008596,K0393,I02149,support_tier,dedicated,2025-06-11
A008597,K0376,I02150,sku_quoted,P002,2025-04-28
A008598,K0376,I02150,commissioning,guided,2025-04-28
A008599,K0376,I02150,service_plan,standard,2025-04-28
A008600,K0376,I02150,support_tier,pooled,2025-04-28
A008601,K0059,I02151,sku_quoted,P021,2024-08-07
A008602,K0059,I02151,commissioning,self,2024-08-07
A008603,K0059,I02151,service_plan,standard,2024-08-07
A008604,K0059,I02151,support_tier,dedicated,2024-08-07
A008605,K0113,I02152,sku_quoted,P012,2025-06-11
A008606,K0113,I02152,commissioning,on-site,2025-06-11
A008607,K0113,I02152,service_plan,premium,2025-06-11
A008608,K0113,I02152,support_tier,dedicated,2025-06-11
A008609,K0242,I02153,sku_quoted,P023,2024-12-26
A008610,K0242,I02153,commissioning,self,2024-12-26
A008611,K0242,I02153,service_plan,premium,2024-12-26
A008612,K0242,I02153,support_tier,dedicated,2024-12-26
A008613,K0446,I02154,sku_quoted,P041,2024-12-19
A008614,K0446,I02154,commissioning,self,2024-12-19
A008615,K0446,I02154,service_plan,none,2024-12-19
A008616,K0446,I02154,support_tier,dedicated,2024-12-19
A008617,K0230,I02155,sku_quoted,P004,2025-01-23
A008618,K0230,I02155,commissioning,self,2025-01-23
A008619,K0230,I02155,service_plan,premium,2025-01-23
A008620,K0230,I02155,support_tier,dedicated,2025-01-23
A008621,K0072,I02156,sku_quoted,P037,2025-05-15
A008622,K0072,I02156,commissioning,guided,2025-05-15
A008623,K0072,I02156,service_plan,none,2025-05-15
A008624,K0072,I02156,support_tier,pooled,2025-05-15
A008625,K0385,I02157,sku_quoted,P034,2024-05-03
A008626,K0385,I02157,commissioning,self,2024-05-03
A008627,K0385,I02157,service_plan,none,2024-05-03
A008628,K0385,I02157,support_tier,pooled,2024-05-03
A008629,K0362,I02158,sku_quoted,P011,2024-12-19
A008630,K0362,I02158,commissioning,on-site,2024-12-19
A008631,K0362,I02158,service_plan,standard,2024-12-19
A008632,K0362,I02158,support_tier,pooled,2024-12-19
A008633,K0184,I02159,sku_quoted,P009,2024-06-29
A008634,K0184,I02159,commissioning,self,2024-06-29
A008635,K0184,I02159,service_plan,none,2024-06-29
A008636,K0184,I02159,support_tier,pooled,2024-06-29
A008637,K0300,I02160,sku_quoted,P015,2025-04-01
A008638,K0300,I02160,commissioning,guided,2025-04-01
A008639,K0300,I02160,service_plan,standard,2025-04-01
A008640,K0300,I02160,support_tier,pooled,2025-04-01
A008641,K0453,I02161,sku_quoted,P042,2024-10-22
A008642,K0453,I02161,commissioning,on-site,2024-10-22
A008643,K0453,I02161,service_plan,none,2024-10-22
A008644,K0453,I02161,support_tier,dedicated,2024-10-22
A008645,K0396,I02162,sku_quoted,P018,2025-06-20
A008646,K0396,I02162,commissioning,self,2025-06-20
A008647,K0396,I02162,service_plan,standard,2025-06-20
A008648,K0396,I02162,support_tier,pooled,2025-06-20
A008649,K0375,I02163,sku_quoted,P019,2024-04-18
A008650,K0375,I02163,commissioning,on-site,2024-04-18
A008651,K0375,I02163,service_plan,premium,2024-04-18
A008652,K0375,I02163,support_tier,dedicated,2024-04-18
A008653,K0448,I02164,sku_quoted,P012,2024-11-01
A008654,K0448,I02164,commissioning,self,2024-11-01
A008655,K0448,I02164,service_plan,none,2024-11-01
A008656,K0448,I02164,support_tier,pooled,2024-11-01
A008657,K0079,I02165,sku_quoted,P002,2025-03-27
A008658,K0079,I02165,commissioning,guided,2025-03-27
A008659,K0079,I02165,service_plan,standard,2025-03-27
A008660,K0079,I02165,support_tier,pooled,2025-03-27
A008661,K0510,I02166,sku_quoted,P027,2025-07-17
A008662,K0510,I02166,commissioning,guided,2025-07-17
A008663,K0510,I02166,service_plan,none,2025-07-17
A008664,K0510,I02166,support_tier,dedicated,2025-07-17
A008665,K0011,I02167,sku_quoted,P032,2024-03-16
A008666,K0011,I02167,commissioning,guided,2024-03-16
A008667,K0011,I02167,service_plan,standard,2024-03-16
A008668,K0011,I02167,support_tier,pooled,2024-03-16
A008669,K0300,I02168,sku_quoted,P010,2025-02-14
A008670,K0300,I02168,commissioning,on-site,2025-02-14
A008671,K0300,I02168,service_plan,standard,2025-02-14
A008672,K0300,I02168,support_tier,dedicated,2025-02-14
A008673,K0109,I02169,sku_quoted,P018,2025-02-19
A008674,K0109,I02169,commissioning,self,2025-02-19
A008675,K0109,I02169,service_plan,premium,2025-02-19
A008676,K0109,I02169,support_tier,pooled,2025-02-19
A008677,K0306,I02170,sku_quoted,P022,2024-03-14
A008678,K0306,I02170,commissioning,self,2024-03-14
A008679,K0306,I02170,service_plan,standard,2024-03-14
A008680,K0306,I02170,support_tier,dedicated,2024-03-14
A008681,K0242,I02171,sku_quoted,P033,2024-04-14
A008682,K0242,I02171,commissioning,guided,2024-04-14
A008683,K0242,I02171,service_plan,standard,2024-04-14
A008684,K0242,I02171,support_tier,pooled,2024-04-14
A008685,K0227,I02172,sku_quoted,P017,2024-11-18
A008686,K0227,I02172,commissioning,guided,2024-11-18
A008687,K0227,I02172,service_plan,standard,2024-11-18
A008688,K0227,I02172,support_tier,dedicated,2024-11-18
A008689,K0376,I02173,sku_quoted,P006,2025-05-19
A008690,K0376,I02173,commissioning,self,2025-05-19
A008691,K0376,I02173,service_plan,standard,2025-05-19
A008692,K0376,I02173,support_tier,dedicated,2025-05-19
A008693,K0285,I02174,sku_quoted,P021,2025-05-27
A008694,K0285,I02174,commissioning,on-site,2025-05-27
A008695,K0285,I02174,service_plan,standard,2025-05-27
A008696,K0285,I02174,support_tier,dedicated,2025-05-27
A008697,K0368,I02175,sku_quoted,P013,2024-04-26
A008698,K0368,I02175,commissioning,self,2024-04-26
A008699,K0368,I02175,service_plan,standard,2024-04-26
A008700,K0368,I02175,support_tier,dedicated,2024-04-26
A008701,K0235,I02176,sku_quoted,P034,2024-04-28
A008702,K0235,I02176,commissioning,guided,2024-04-28
A008703,K0235,I02176,service_plan,standard,2024-04-28
A008704,K0235,I02176,support_tier,pooled,2024-04-28
A008705,K0406,I02177,sku_quoted,P042,2025-03-20
A008706,K0406,I02177,commissioning,self,2025-03-20
A008707,K0406,I02177,service_plan,standard,2025-03-20
A008708,K0406,I02177,support_tier,dedicated,2025-03-20
A008709,K0193,I02178,sku_quoted,P020,2025-07-10
A008710,K0193,I02178,commissioning,on-site,2025-07-10
A008711,K0193,I02178,service_plan,standard,2025-07-10
A008712,K0193,I02178,support_tier,dedicated,2025-07-10
A008713,K0201,I02179,sku_quoted,P026,2024-11-22
A008714,K0201,I02179,commissioning,on-site,2024-11-22
A008715,K0201,I02179,service_plan,standard,2024-11-22
A008716,K0201,I02179,support_tier,dedicated,2024-11-22
A008717,K0473,I02180,sku_quoted,P026,2025-04-23
A008718,K0473,I02180,commissioning,on-site,2025-04-23
A008719,K0473,I02180,service_plan,standard,2025-04-23
A008720,K0473,I02180,support_tier,dedicated,2025-04-23
A008721,K0449,I02181,sku_quoted,P019,2025-06-22
A008722,K0449,I02181,commissioning,on-site,2025-06-22
A008723,K0449,I02181,service_plan,none,2025-06-22
A008724,K0449,I02181,support_tier,pooled,2025-06-22
A008725,K0045,I02182,sku_quoted,P020,2024-02-19
A008726,K0045,I02182,commissioning,on-site,2024-02-19
A008727,K0045,I02182,service_plan,none,2024-02-19
A008728,K0045,I02182,support_tier,dedicated,2024-02-19
A008729,K0075,I02183,sku_quoted,P015,2024-11-17
A008730,K0075,I02183,commissioning,self,2024-11-17
A008731,K0075,I02183,service_plan,standard,2024-11-17
A008732,K0075,I02183,support_tier,pooled,2024-11-17
A008733,K0318,I02184,sku_quoted,P032,2024-07-01
A008734,K0318,I02184,commissioning,guided,2024-07-01
A008735,K0318,I02184,service_plan,premium,2024-07-01
A008736,K0318,I02184,support_tier,dedicated,2024-07-01
A008737,K0432,I02185,sku_quoted,P015,2024-08-05
A008738,K0432,I02185,commissioning,guided,2024-08-05
A008739,K0432,I02185,service_plan,premium,2024-08-05
A008740,K0432,I02185,support_tier,pooled,2024-08-05
A008741,K0159,I02186,sku_quoted,P021,2025-05-16
A008742,K0159,I02186,commissioning,guided,2025-05-16
A008743,K0159,I02186,service_plan,standard,2025-05-16
A008744,K0159,I02186,support_tier,dedicated,2025-05-16
A008745,K0097,I02187,sku_quoted,P002,2024-09-19
A008746,K0097,I02187,commissioning,guided,2024-09-19
A008747,K0097,I02187,service_plan,standard,2024-09-19
A008748,K0097,I02187,support_tier,dedicated,2024-09-19
A008749,K0385,I02188,sku_quoted,P028,2025-02-09
A008750,K0385,I02188,commissioning,guided,2025-02-09
A008751,K0385,I02188,service_plan,none,2025-02-09
A008752,K0385,I02188,support_tier,dedicated,2025-02-09
A008753,K0447,I02189,sku_quoted,P018,2025-03-20
A008754,K0447,I02189,commissioning,on-site,2025-03-20
A008755,K0447,I02189,service_plan,standard,2025-03-20
A008756,K0447,I02189,support_tier,dedicated,2025-03-20
A008757,K0481,I02190,sku_quoted,P003,2024-10-15
A008758,K0481,I02190,commissioning,self,2024-10-15
A008759,K0481,I02190,service_plan,premium,2024-10-15
A008760,K0481,I02190,support_tier,dedicated,2024-10-15
A008761,K0488,I02191,sku_quoted,P009,2024-08-31
A008762,K0488,I02191,commissioning,on-site,2024-08-31
A008763,K0488,I02191,service_plan,standard,2024-08-31
A008764,K0488,I02191,support_tier,pooled,2024-08-31
A008765,K0030,I02192,sku_quoted,P008,2024-05-27
A008766,K0030,I02192,commissioning,guided,2024-05-27
A008767,K0030,I02192,service_plan,premium,2024-05-27
A008768,K0030,I02192,support_tier,pooled,2024-05-27
A008769,K0418,I02193,sku_quoted,P027,2024-08-09
A008770,K0418,I02193,commissioning,on-site,2024-08-09
A008771,K0418,I02193,service_plan,standard,2024-08-09
A008772,K0418,I02193,support_tier,dedicated,2024-08-09
A008773,K0362,I02194,sku_quoted,P025,2025-07-26
A008774,K0362,I02194,commissioning,self,2025-07-26
A008775,K0362,I02194,service_plan,standard,2025-07-26
A008776,K0362,I02194,support_tier,pooled,2025-07-26
A008777,K0144,I02195,sku_quoted,P028,2025-07-14
A008778,K0144,I02195,commissioning,self,2025-07-14
A008779,K0144,I02195,service_plan,premium,2025-07-14
A008780,K0144,I02195,support_tier,pooled,2025-07-14
A008781,K0485,I02196,sku_quoted,P025,2024-08-27
A008782,K0485,I02196,commissioning,on-site,2024-08-27
A008783,K0485,I02196,service_plan,none,2024-08-27
A008784,K0485,I02196,support_tier,pooled,2024-08-27
A008785,K0469,I02197,sku_quoted,P017,2024-12-22
A008786,K0469,I02197,commissioning,self,2024-12-22
A008787,K0469,I02197,service_plan,standard,2024-12-22
A008788,K0469,I02197,support_tier,pooled,2024-12-22
A008789,K0341,I02198,sku_quoted,P037,2024-10-30
A008790,K0341,I02198,commissioning,guided,2024-10-30
A008791,K0341,I02198,service_plan,none,2024-10-30
A008792,K0341,I02198,support_tier,pooled,2024-10-30
A008793,K0516,I02199,sku_quoted,P018,2025-08-11
A008794,K0516,I02199,commissioning,self,2025-08-11
A008795,K0516,I02199,service_plan,none,2025-08-11
A008796,K0516,I02199,support_tier,dedicated,2025-08-11
A008797,K0459,I02200,sku_quoted,P031,2024-04-07
A008798,K0459,I02200,commissioning,self,2024-04-07
A008799,K0459,I02200,service_plan,none,2024-04-07
A008800,K0459,I02200,support_tier,pooled,2024-04-07
A008801,K0068,I02201,sku_quoted,P014,2024-04-27
A008802,K0068,I02201,commissioning,on-site,2024-04-27
A008803,K0068,I02201,service_plan,standard,2024-04-27
A008804,K0068,I02201,support_tier,pooled,2024-04-27
A008805,K0141,I02202,sku_quoted,P020,2024-07-01
A008806,K0141,I02202,commissioning,self,2024-07-01
A008807,K0141,I02202,service_plan,premium,2024-07-01
A008808,K0141,I02202,support_tier,pooled,2024-07-01
A008809,K0498,I02203,sku_quoted,P026,2025-06-29
A008810,K0498,I02203,commissioning,guided,2025-06-29
A008811,K0498,I02203,service_plan,premium,2025-06-29
A008812,K0498,I02203,support_tier,dedicated,2025-06-29
A008813,K0287,I02204,sku_quoted,P040,2025-04-04
A008814,K0287,I02204,commissioning,on-site,2025-04-04
A008815,K0287,I02204,service_plan,standard,2025-04-04
A008816,K0287,I02204,support_tier,pooled,2025-04-04
A008817,K0517,I02205,sku_quoted,P012,2024-06-02
A008818,K0517,I02205,commissioning,self,2024-06-02
A008819,K0517,I02205,service_plan,premium,2024-06-02
A008820,K0517,I02205,support_tier,dedicated,2024-06-02
A008821,K0294,I02206,sku_quoted,P026,2025-08-04
A008822,K0294,I02206,commissioning,on-site,2025-08-04
A008823,K0294,I02206,service_plan,none,2025-08-04
A008824,K0294,I02206,support_tier,pooled,2025-08-04
A008825,K0085,I02207,sku_quoted,P034,2024-06-26
A008826,K0085,I02207,commissioning,guided,2024-06-26
A008827,K0085,I02207,service_plan,standard,2024-06-26
A008828,K0085,I02207,support_tier,dedicated,2024-06-26
A008829,K0142,I02208,sku_quoted,P033,2024-09-20
A008830,K0142,I02208,commissioning,self,2024-09-20
A008831,K0142,I02208,service_plan,standard,2024-09-20
A008832,K0142,I02208,support_tier,dedicated,2024-09-20
A008833,K0166,I02209,sku_quoted,P014,2025-02-16
A008834,K0166,I02209,commissioning,self,2025-02-16
A008835,K0166,I02209,service_plan,none,2025-02-16
A008836,K0166,I02209,support_tier,dedicated,2025-02-16
A008837,K0079,I02210,sku_quoted,P013,2024-12-16
A008838,K0079,I02210,commissioning,on-site,2024-12-16
A008839,K0079,I02210,service_plan,premium,2024-12-16
A008840,K0079,I02210,support_tier,dedicated,2024-12-16
A008841,K0398,I02211,sku_quoted,P036,2025-05-20
A008842,K0398,I02211,commissioning,on-site,2025-05-20
A008843,K0398,I02211,service_plan,standard,2025-05-20
A008844,K0398,I02211,support_tier,dedicated,2025-05-20
A008845,K0195,I02212,sku_quoted,P027,2024-06-25
A008846,K0195,I02212,commissioning,self,2024-06-25
A008847,K0195,I02212,service_plan,premium,2024-06-25
A008848,K0195,I02212,support_tier,pooled,2024-06-25
A008849,K0253,I02213,sku_quoted,P016,2025-06-12
A008850,K0253,I02213,commissioning,guided,2025-06-12
A008851,K0253,I02213,service_plan,premium,2025-06-12
A008852,K0253,I02213,support_tier,dedicated,2025-06-12
A008853,K0264,I02214,sku_quoted,P019,2025-07-12
A008854,K0264,I02214,commissioning,self,2025-07-12
A008855,K0264,I02214,service_plan,none,2025-07-12
A008856,K0264,I02214,support_tier,pooled,2025-07-12
A008857,K0203,I02215,sku_quoted,P039,2024-04-25
A008858,K0203,I02215,commissioning,guided,2024-04-25
A008859,K0203,I02215,service_plan,standard,2024-04-25
A008860,K0203,I02215,support_tier,dedicated,2024-04-25
A008861,K0043,I02216,sku_quoted,P035,2024-11-01
A008862,K0043,I02216,commissioning,self,2024-11-01
A008863,K0043,I02216,service_plan,standard,2024-11-01
A008864,K0043,I02216,support_tier,dedicated,2024-11-01
A008865,K0412,I02217,sku_quoted,P026,2024-04-15
A008866,K0412,I02217,commissioning,guided,2024-04-15
A008867,K0412,I02217,service_plan,premium,2024-04-15
A008868,K0412,I02217,support_tier,dedicated,2024-04-15
A008869,K0380,I02218,sku_quoted,P007,2025-04-05
A008870,K0380,I02218,commissioning,self,2025-04-05
A008871,K0380,I02218,service_plan,standard,2025-04-05
A008872,K0380,I02218,support_tier,pooled,2025-04-05
A008873,K0078,I02219,sku_quoted,P032,2024-03-17
A008874,K0078,I02219,commissioning,on-site,2024-03-17
A008875,K0078,I02219,service_plan,premium,2024-03-17
A008876,K0078,I02219,support_tier,pooled,2024-03-17
A008877,K0155,I02220,sku_quoted,P027,2024-10-08
A008878,K0155,I02220,commissioning,self,2024-10-08
A008879,K0155,I02220,service_plan,none,2024-10-08
A008880,K0155,I02220,support_tier,dedicated,2024-10-08
A008881,K0235,I02221,sku_quoted,P015,2024-09-29
A008882,K0235,I02221,commissioning,on-site,2024-09-29
A008883,K0235,I02221,service_plan,premium,2024-09-29
A008884,K0235,I02221,support_tier,pooled,2024-09-29
A008885,K0328,I02222,sku_quoted,P023,2025-01-27
A008886,K0328,I02222,commissioning,on-site,2025-01-27
A008887,K0328,I02222,service_plan,standard,2025-01-27
A008888,K0328,I02222,support_tier,pooled,2025-01-27
A008889,K0336,I02223,sku_quoted,P015,2025-05-02
A008890,K0336,I02223,commissioning,on-site,2025-05-02
A008891,K0336,I02223,service_plan,standard,2025-05-02
A008892,K0336,I02223,support_tier,pooled,2025-05-02
A008893,K0089,I02224,sku_quoted,P021,2025-02-02
A008894,K0089,I02224,commissioning,self,2025-02-02
A008895,K0089,I02224,service_plan,premium,2025-02-02
A008896,K0089,I02224,support_tier,dedicated,2025-02-02
A008897,K0446,I02225,sku_quoted,P041,2025-05-15
A008898,K0446,I02225,commissioning,on-site,2025-05-15
A008899,K0446,I02225,service_plan,premium,2025-05-15
A008900,K0446,I02225,support_tier,dedicated,2025-05-15
A008901,K0367,I02226,sku_quoted,P004,2024-05-29
A008902,K0367,I02226,commissioning,on-site,2024-05-29
A008903,K0367,I02226,service_plan,standard,2024-05-29
A008904,K0367,I02226,support_tier,dedicated,2024-05-29
A008905,K0047,I02227,sku_quoted,P018,2024-09-01
A008906,K0047,I02227,commissioning,on-site,2024-09-01
A008907,K0047,I02227,service_plan,none,2024-09-01
A008908,K0047,I02227,support_tier,pooled,2024-09-01
A008909,K0054,I02228,sku_quoted,P029,2024-07-05
A008910,K0054,I02228,commissioning,on-site,2024-07-05
A008911,K0054,I02228,service_plan,premium,2024-07-05
A008912,K0054,I02228,support_tier,pooled,2024-07-05
A008913,K0005,I02229,sku_quoted,P021,2025-05-11
A008914,K0005,I02229,commissioning,guided,2025-05-11
A008915,K0005,I02229,service_plan,standard,2025-05-11
A008916,K0005,I02229,support_tier,dedicated,2025-05-11
A008917,K0441,I02230,sku_quoted,P013,2024-12-20
A008918,K0441,I02230,commissioning,guided,2024-12-20
A008919,K0441,I02230,service_plan,standard,2024-12-20
A008920,K0441,I02230,support_tier,dedicated,2024-12-20
A008921,K0165,I02231,sku_quoted,P009,2024-12-05
A008922,K0165,I02231,commissioning,self,2024-12-05
A008923,K0165,I02231,service_plan,standard,2024-12-05
A008924,K0165,I02231,support_tier,pooled,2024-12-05
A008925,K0338,I02232,sku_quoted,P001,2024-12-19
A008926,K0338,I02232,commissioning,guided,2024-12-19
A008927,K0338,I02232,service_plan,none,2024-12-19
A008928,K0338,I02232,support_tier,pooled,2024-12-19
A008929,K0002,I02233,sku_quoted,P030,2025-07-03
A008930,K0002,I02233,commissioning,guided,2025-07-03
A008931,K0002,I02233,service_plan,premium,2025-07-03
A008932,K0002,I02233,support_tier,pooled,2025-07-03
A008933,K0193,I02234,sku_quoted,P027,2025-06-29
A008934,K0193,I02234,commissioning,on-site,2025-06-29
A008935,K0193,I02234,service_plan,none,2025-06-29
A008936,K0193,I02234,support_tier,pooled,2025-06-29
A008937,K0187,I02235,sku_quoted,P012,2024-03-06
A008938,K0187,I02235,commissioning,guided,2024-03-06
A008939,K0187,I02235,service_plan,standard,2024-03-06
A008940,K0187,I02235,support_tier,pooled,2024-03-06
A008941,K0368,I02236,sku_quoted,P042,2024-10-03
A008942,K0368,I02236,commissioning,self,2024-10-03
A008943,K0368,I02236,service_plan,standard,2024-10-03
A008944,K0368,I02236,support_tier,dedicated,2024-10-03
A008945,K0469,I02237,sku_quoted,P021,2025-03-19
A008946,K0469,I02237,commissioning,guided,2025-03-19
A008947,K0469,I02237,service_plan,standard,2025-03-19
A008948,K0469,I02237,support_tier,dedicated,2025-03-19
A008949,K0317,I02238,sku_quoted,P027,2025-02-04
A008950,K0317,I02238,commissioning,on-site,2025-02-04
A008951,K0317,I02238,service_plan,standard,2025-02-04
A008952,K0317,I02238,support_tier,dedicated,2025-02-04
A008953,K0408,I02239,sku_quoted,P022,2024-09-05
A008954,K0408,I02239,commissioning,guided,2024-09-05
A008955,K0408,I02239,service_plan,none,2024-09-05
A008956,K0408,I02239,support_tier,dedicated,2024-09-05
A008957,K0332,I02240,sku_quoted,P022,2025-03-21
A008958,K0332,I02240,commissioning,guided,2025-03-21
A008959,K0332,I02240,service_plan,none,2025-03-21
A008960,K0332,I02240,support_tier,dedicated,2025-03-21
A008961,K0143,I02241,sku_quoted,P019,2024-09-12
A008962,K0143,I02241,commissioning,guided,2024-09-12
A008963,K0143,I02241,service_plan,standard,2024-09-12
A008964,K0143,I02241,support_tier,pooled,2024-09-12
A008965,K0183,I02242,sku_quoted,P024,2025-03-13
A008966,K0183,I02242,commissioning,guided,2025-03-13
A008967,K0183,I02242,service_plan,none,2025-03-13
A008968,K0183,I02242,support_tier,pooled,2025-03-13
A008969,K0180,I02243,sku_quoted,P028,2024-06-02
A008970,K0180,I02243,commissioning,on-site,2024-06-02
A008971,K0180,I02243,service_plan,none,2024-06-02
A008972,K0180,I02243,support_tier,dedicated,2024-06-02
A008973,K0295,I02244,sku_quoted,P023,2025-05-20
A008974,K0295,I02244,commissioning,self,2025-05-20
A008975,K0295,I02244,service_plan,premium,2025-05-20
A008976,K0295,I02244,support_tier,pooled,2025-05-20
A008977,K0382,I02245,sku_quoted,P039,2025-07-19
A008978,K0382,I02245,commissioning,self,2025-07-19
A008979,K0382,I02245,service_plan,standard,2025-07-19
A008980,K0382,I02245,support_tier,dedicated,2025-07-19
A008981,K0440,I02246,sku_quoted,P032,2025-01-21
A008982,K0440,I02246,commissioning,on-site,2025-01-21
A008983,K0440,I02246,service_plan,standard,2025-01-21
A008984,K0440,I02246,support_tier,pooled,2025-01-21
A008985,K0423,I02247,sku_quoted,P012,2024-09-26
A008986,K0423,I02247,commissioning,guided,2024-09-26
A008987,K0423,I02247,service_plan,none,2024-09-26
A008988,K0423,I02247,support_tier,dedicated,2024-09-26
A008989,K0352,I02248,sku_quoted,P036,2025-05-07
A008990,K0352,I02248,commissioning,guided,2025-05-07
A008991,K0352,I02248,service_plan,standard,2025-05-07
A008992,K0352,I02248,support_tier,pooled,2025-05-07
A008993,K0306,I02249,sku_quoted,P024,2025-08-09
A008994,K0306,I02249,commissioning,on-site,2025-08-09
A008995,K0306,I02249,service_plan,premium,2025-08-09
A008996,K0306,I02249,support_tier,dedicated,2025-08-09
A008997,K0323,I02250,sku_quoted,P007,2024-05-13
A008998,K0323,I02250,commissioning,self,2024-05-13
A008999,K0323,I02250,service_plan,none,2024-05-13
A009000,K0323,I02250,support_tier,pooled,2024-05-13
A009001,K0200,I02251,sku_quoted,P026,2025-01-04
A009002,K0200,I02251,commissioning,on-site,2025-01-04
A009003,K0200,I02251,service_plan,premium,2025-01-04
A009004,K0200,I02251,support_tier,dedicated,2025-01-04
A009005,K0392,I02252,sku_quoted,P027,2024-02-28
A009006,K0392,I02252,commissioning,guided,2024-02-28
A009007,K0392,I02252,service_plan,standard,2024-02-28
A009008,K0392,I02252,support_tier,dedicated,2024-02-28
A009009,K0243,I02253,sku_quoted,P020,2025-06-16
A009010,K0243,I02253,commissioning,on-site,2025-06-16
A009011,K0243,I02253,service_plan,standard,2025-06-16
A009012,K0243,I02253,support_tier,dedicated,2025-06-16
A009013,K0160,I02254,sku_quoted,P040,2024-11-08
A009014,K0160,I02254,commissioning,on-site,2024-11-08
A009015,K0160,I02254,service_plan,standard,2024-11-08
A009016,K0160,I02254,support_tier,pooled,2024-11-08
A009017,K0442,I02255,sku_quoted,P023,2025-05-05
A009018,K0442,I02255,commissioning,guided,2025-05-05
A009019,K0442,I02255,service_plan,standard,2025-05-05
A009020,K0442,I02255,support_tier,pooled,2025-05-05
A009021,K0198,I02256,sku_quoted,P018,2024-05-30
A009022,K0198,I02256,commissioning,self,2024-05-30
A009023,K0198,I02256,service_plan,standard,2024-05-30
A009024,K0198,I02256,support_tier,dedicated,2024-05-30
A009025,K0428,I02257,sku_quoted,P003,2024-12-04
A009026,K0428,I02257,commissioning,self,2024-12-04
A009027,K0428,I02257,service_plan,none,2024-12-04
A009028,K0428,I02257,support_tier,dedicated,2024-12-04
A009029,K0321,I02258,sku_quoted,P010,2025-06-18
A009030,K0321,I02258,commissioning,self,2025-06-18
A009031,K0321,I02258,service_plan,none,2025-06-18
A009032,K0321,I02258,support_tier,dedicated,2025-06-18
A009033,K0386,I02259,sku_quoted,P018,2024-07-16
A009034,K0386,I02259,commissioning,guided,2024-07-16
A009035,K0386,I02259,service_plan,premium,2024-07-16
A009036,K0386,I02259,support_tier,dedicated,2024-07-16
A009037,K0437,I02260,sku_quoted,P027,2025-03-19
A009038,K0437,I02260,commissioning,on-site,2025-03-19
A009039,K0437,I02260,service_plan,none,2025-03-19
A009040,K0437,I02260,support_tier,dedicated,2025-03-19
A009041,K0327,I02261,sku_quoted,P014,2024-11-25
A009042,K0327,I02261,commissioning,on-site,2024-11-25
A009043,K0327,I02261,service_plan,none,2024-11-25
A009044,K0327,I02261,support_tier,pooled,2024-11-25
A009045,K0396,I02262,sku_quoted,P036,2025-03-10
A009046,K0396,I02262,commissioning,on-site,2025-03-10
A009047,K0396,I02262,service_plan,none,2025-03-10
A009048,K0396,I02262,support_tier,pooled,2025-03-10
A009049,K0076,I02263,sku_quoted,P014,2024-07-26
A009050,K0076,I02263,commissioning,guided,2024-07-26
A009051,K0076,I02263,service_plan,standard,2024-07-26
A009052,K0076,I02263,support_tier,dedicated,2024-07-26
A009053,K0038,I02264,sku_quoted,P022,2024-05-11
A009054,K0038,I02264,commissioning,guided,2024-05-11
A009055,K0038,I02264,service_plan,standard,2024-05-11
A009056,K0038,I02264,support_tier,pooled,2024-05-11
A009057,K0088,I02265,sku_quoted,P036,2024-08-31
A009058,K0088,I02265,commissioning,on-site,2024-08-31
A009059,K0088,I02265,service_plan,none,2024-08-31
A009060,K0088,I02265,support_tier,dedicated,2024-08-31
A009061,K0360,I02266,sku_quoted,P033,2024-04-11
A009062,K0360,I02266,commissioning,on-site,2024-04-11
A009063,K0360,I02266,service_plan,standard,2024-04-11
A009064,K0360,I02266,support_tier,pooled,2024-04-11
A009065,K0350,I02267,sku_quoted,P037,2025-05-20
A009066,K0350,I02267,commissioning,self,2025-05-20
A009067,K0350,I02267,service_plan,standard,2025-05-20
A009068,K0350,I02267,support_tier,pooled,2025-05-20
A009069,K0361,I02268,sku_quoted,P024,2025-06-13
A009070,K0361,I02268,commissioning,on-site,2025-06-13
A009071,K0361,I02268,service_plan,none,2025-06-13
A009072,K0361,I02268,support_tier,pooled,2025-06-13
A009073,K0275,I02269,sku_quoted,P032,2025-06-19
A009074,K0275,I02269,commissioning,guided,2025-06-19
A009075,K0275,I02269,service_plan,standard,2025-06-19
A009076,K0275,I02269,support_tier,pooled,2025-06-19
A009077,K0304,I02270,sku_quoted,P032,2024-05-09
A009078,K0304,I02270,commissioning,self,2024-05-09
A009079,K0304,I02270,service_plan,none,2024-05-09
A009080,K0304,I02270,support_tier,pooled,2024-05-09
A009081,K0509,I02271,sku_quoted,P004,2024-12-27
A009082,K0509,I02271,commissioning,on-site,2024-12-27
A009083,K0509,I02271,service_plan,standard,2024-12-27
A009084,K0509,I02271,support_tier,pooled,2024-12-27
A009085,K0429,I02272,sku_quoted,P003,2025-07-21
A009086,K0429,I02272,commissioning,self,2025-07-21
A009087,K0429,I02272,service_plan,premium,2025-07-21
A009088,K0429,I02272,support_tier,pooled,2025-07-21
A009089,K0284,I02273,sku_quoted,P018,2024-05-21
A009090,K0284,I02273,commissioning,guided,2024-05-21
A009091,K0284,I02273,service_plan,none,2024-05-21
A009092,K0284,I02273,support_tier,dedicated,2024-05-21
A009093,K0514,I02274,sku_quoted,P042,2024-07-23
A009094,K0514,I02274,commissioning,guided,2024-07-23
A009095,K0514,I02274,service_plan,standard,2024-07-23
A009096,K0514,I02274,support_tier,pooled,2024-07-23
A009097,K0473,I02275,sku_quoted,P009,2024-05-14
A009098,K0473,I02275,commissioning,on-site,2024-05-14
A009099,K0473,I02275,service_plan,standard,2024-05-14
A009100,K0473,I02275,support_tier,pooled,2024-05-14
A009101,K0431,I02276,sku_quoted,P038,2024-07-30
A009102,K0431,I02276,commissioning,on-site,2024-07-30
A009103,K0431,I02276,service_plan,standard,2024-07-30
A009104,K0431,I02276,support_tier,dedicated,2024-07-30
A009105,K0439,I02277,sku_quoted,P020,2025-06-26
A009106,K0439,I02277,commissioning,self,2025-06-26
A009107,K0439,I02277,service_plan,none,2025-06-26
A009108,K0439,I02277,support_tier,dedicated,2025-06-26
A009109,K0260,I02278,sku_quoted,P009,2024-08-28
A009110,K0260,I02278,commissioning,guided,2024-08-28
A009111,K0260,I02278,service_plan,standard,2024-08-28
A009112,K0260,I02278,support_tier,pooled,2024-08-28
A009113,K0285,I02279,sku_quoted,P022,2025-01-10
A009114,K0285,I02279,commissioning,guided,2025-01-10
A009115,K0285,I02279,service_plan,standard,2025-01-10
A009116,K0285,I02279,support_tier,pooled,2025-01-10
A009117,K0346,I02280,sku_quoted,P034,2024-06-04
A009118,K0346,I02280,commissioning,on-site,2024-06-04
A009119,K0346,I02280,service_plan,none,2024-06-04
A009120,K0346,I02280,support_tier,pooled,2024-06-04
A009121,K0246,I02281,sku_quoted,P037,2024-09-11
A009122,K0246,I02281,commissioning,self,2024-09-11
A009123,K0246,I02281,service_plan,none,2024-09-11
A009124,K0246,I02281,support_tier,pooled,2024-09-11
A009125,K0339,I02282,sku_quoted,P042,2024-06-18
A009126,K0339,I02282,commissioning,on-site,2024-06-18
A009127,K0339,I02282,service_plan,none,2024-06-18
A009128,K0339,I02282,support_tier,dedicated,2024-06-18
A009129,K0094,I02283,sku_quoted,P016,2024-08-11
A009130,K0094,I02283,commissioning,self,2024-08-11
A009131,K0094,I02283,service_plan,premium,2024-08-11
A009132,K0094,I02283,support_tier,pooled,2024-08-11
A009133,K0483,I02284,sku_quoted,P032,2024-04-23
A009134,K0483,I02284,commissioning,self,2024-04-23
A009135,K0483,I02284,service_plan,standard,2024-04-23
A009136,K0483,I02284,support_tier,dedicated,2024-04-23
A009137,K0221,I02285,sku_quoted,P019,2025-06-04
A009138,K0221,I02285,commissioning,self,2025-06-04
A009139,K0221,I02285,service_plan,premium,2025-06-04
A009140,K0221,I02285,support_tier,pooled,2025-06-04
A009141,K0183,I02286,sku_quoted,P013,2024-09-06
A009142,K0183,I02286,commissioning,self,2024-09-06
A009143,K0183,I02286,service_plan,standard,2024-09-06
A009144,K0183,I02286,support_tier,dedicated,2024-09-06
A009145,K0239,I02287,sku_quoted,P010,2024-04-20
A009146,K0239,I02287,commissioning,self,2024-04-20
A009147,K0239,I02287,service_plan,standard,2024-04-20
A009148,K0239,I02287,support_tier,dedicated,2024-04-20
A009149,K0191,I02288,sku_quoted,P033,2024-12-21
A009150,K0191,I02288,commissioning,on-site,2024-12-21
A009151,K0191,I02288,service_plan,premium,2024-12-21
A009152,K0191,I02288,support_tier,pooled,2024-12-21
A009153,K0511,I02289,sku_quoted,P002,2025-07-27
A009154,K0511,I02289,commissioning,on-site,2025-07-27
A009155,K0511,I02289,service_plan,none,2025-07-27
A009156,K0511,I02289,support_tier,pooled,2025-07-27
A009157,K0109,I02290,sku_quoted,P005,2024-05-20
A009158,K0109,I02290,commissioning,on-site,2024-05-20
A009159,K0109,I02290,service_plan,premium,2024-05-20
A009160,K0109,I02290,support_tier,pooled,2024-05-20
A009161,K0460,I02291,sku_quoted,P007,2025-05-04
A009162,K0460,I02291,commissioning,self,2025-05-04
A009163,K0460,I02291,service_plan,standard,2025-05-04
A009164,K0460,I02291,support_tier,pooled,2025-05-04
A009165,K0440,I02292,sku_quoted,P017,2024-04-15
A009166,K0440,I02292,commissioning,self,2024-04-15
A009167,K0440,I02292,service_plan,standard,2024-04-15
A009168,K0440,I02292,support_tier,pooled,2024-04-15
A009169,K0401,I02293,sku_quoted,P041,2024-08-26
A009170,K0401,I02293,commissioning,on-site,2024-08-26
A009171,K0401,I02293,service_plan,standard,2024-08-26
A009172,K0401,I02293,support_tier,dedicated,2024-08-26
A009173,K0056,I02294,sku_quoted,P021,2025-06-29
A009174,K0056,I02294,commissioning,self,2025-06-29
A009175,K0056,I02294,service_plan,none,2025-06-29
A009176,K0056,I02294,support_tier,dedicated,2025-06-29
A009177,K0416,I02295,sku_quoted,P018,2025-03-30
A009178,K0416,I02295,commissioning,guided,2025-03-30
A009179,K0416,I02295,service_plan,none,2025-03-30
A009180,K0416,I02295,support_tier,pooled,2025-03-30
A009181,K0270,I02296,sku_quoted,P033,2025-05-23
A009182,K0270,I02296,commissioning,on-site,2025-05-23
A009183,K0270,I02296,service_plan,standard,2025-05-23
A009184,K0270,I02296,support_tier,pooled,2025-05-23
A009185,K0374,I02297,sku_quoted,P036,2024-11-09
A009186,K0374,I02297,commissioning,self,2024-11-09
A009187,K0374,I02297,service_plan,standard,2024-11-09
A009188,K0374,I02297,support_tier,pooled,2024-11-09
A009189,K0137,I02298,sku_quoted,P022,2024-04-16
A009190,K0137,I02298,commissioning,on-site,2024-04-16
A009191,K0137,I02298,service_plan,standard,2024-04-16
A009192,K0137,I02298,support_tier,pooled,2024-04-16
A009193,K0119,I02299,sku_quoted,P025,2025-03-04
A009194,K0119,I02299,commissioning,on-site,2025-03-04
A009195,K0119,I02299,service_plan,standard,2025-03-04
A009196,K0119,I02299,support_tier,dedicated,2025-03-04
A009197,K0181,I02300,sku_quoted,P040,2025-03-16
A009198,K0181,I02300,commissioning,self,2025-03-16
A009199,K0181,I02300,service_plan,none,2025-03-16
A009200,K0181,I02300,support_tier,pooled,2025-03-16
A009201,K0020,I02301,sku_quoted,P041,2024-04-26
A009202,K0020,I02301,commissioning,guided,2024-04-26
A009203,K0020,I02301,service_plan,none,2024-04-26
A009204,K0020,I02301,support_tier,dedicated,2024-04-26
A009205,K0422,I02302,sku_quoted,P019,2024-07-22
A009206,K0422,I02302,commissioning,on-site,2024-07-22
A009207,K0422,I02302,service_plan,premium,2024-07-22
A009208,K0422,I02302,support_tier,pooled,2024-07-22
A009209,K0039,I02303,sku_quoted,P023,2025-04-06
A009210,K0039,I02303,commissioning,guided,2025-04-06
A009211,K0039,I02303,service_plan,none,2025-04-06
A009212,K0039,I02303,support_tier,pooled,2025-04-06
A009213,K0009,I02304,sku_quoted,P012,2024-12-03
A009214,K0009,I02304,commissioning,on-site,2024-12-03
A009215,K0009,I02304,service_plan,premium,2024-12-03
A009216,K0009,I02304,support_tier,dedicated,2024-12-03
A009217,K0356,I02305,sku_quoted,P019,2024-08-09
A009218,K0356,I02305,commissioning,self,2024-08-09
A009219,K0356,I02305,service_plan,premium,2024-08-09
A009220,K0356,I02305,support_tier,pooled,2024-08-09
A009221,K0308,I02306,sku_quoted,P017,2024-11-22
A009222,K0308,I02306,commissioning,self,2024-11-22
A009223,K0308,I02306,service_plan,standard,2024-11-22
A009224,K0308,I02306,support_tier,dedicated,2024-11-22
A009225,K0426,I02307,sku_quoted,P003,2024-05-07
A009226,K0426,I02307,commissioning,on-site,2024-05-07
A009227,K0426,I02307,service_plan,standard,2024-05-07
A009228,K0426,I02307,support_tier,dedicated,2024-05-07
A009229,K0352,I02308,sku_quoted,P008,2025-02-15
A009230,K0352,I02308,commissioning,self,2025-02-15
A009231,K0352,I02308,service_plan,standard,2025-02-15
A009232,K0352,I02308,support_tier,pooled,2025-02-15
A009233,K0280,I02309,sku_quoted,P005,2024-08-28
A009234,K0280,I02309,commissioning,self,2024-08-28
A009235,K0280,I02309,service_plan,premium,2024-08-28
A009236,K0280,I02309,support_tier,pooled,2024-08-28
A009237,K0025,I02310,sku_quoted,P036,2024-11-22
A009238,K0025,I02310,commissioning,on-site,2024-11-22
A009239,K0025,I02310,service_plan,standard,2024-11-22
A009240,K0025,I02310,support_tier,pooled,2024-11-22
A009241,K0154,I02311,sku_quoted,P027,2024-04-20
A009242,K0154,I02311,commissioning,self,2024-04-20
A009243,K0154,I02311,service_plan,standard,2024-04-20
A009244,K0154,I02311,support_tier,dedicated,2024-04-20
A009245,K0462,I02312,sku_quoted,P029,2024-10-25
A009246,K0462,I02312,commissioning,guided,2024-10-25
A009247,K0462,I02312,service_plan,standard,2024-10-25
A009248,K0462,I02312,support_tier,pooled,2024-10-25
A009249,K0121,I02313,sku_quoted,P040,2025-04-05
A009250,K0121,I02313,commissioning,on-site,2025-04-05
A009251,K0121,I02313,service_plan,standard,2025-04-05
A009252,K0121,I02313,support_tier,dedicated,2025-04-05
A009253,K0306,I02314,sku_quoted,P004,2024-06-07
A009254,K0306,I02314,commissioning,guided,2024-06-07
A009255,K0306,I02314,service_plan,standard,2024-06-07
A009256,K0306,I02314,support_tier,pooled,2024-06-07
A009257,K0499,I02315,sku_quoted,P011,2024-03-28
A009258,K0499,I02315,commissioning,self,2024-03-28
A009259,K0499,I02315,service_plan,standard,2024-03-28
A009260,K0499,I02315,support_tier,dedicated,2024-03-28
A009261,K0080,I02316,sku_quoted,P034,2024-03-28
A009262,K0080,I02316,commissioning,self,2024-03-28
A009263,K0080,I02316,service_plan,standard,2024-03-28
A009264,K0080,I02316,support_tier,dedicated,2024-03-28
A009265,K0255,I02317,sku_quoted,P031,2025-07-18
A009266,K0255,I02317,commissioning,on-site,2025-07-18
A009267,K0255,I02317,service_plan,standard,2025-07-18
A009268,K0255,I02317,support_tier,pooled,2025-07-18
A009269,K0125,I02318,sku_quoted,P042,2024-04-05
A009270,K0125,I02318,commissioning,guided,2024-04-05
A009271,K0125,I02318,service_plan,standard,2024-04-05
A009272,K0125,I02318,support_tier,dedicated,2024-04-05
A009273,K0223,I02319,sku_quoted,P038,2024-11-02
A009274,K0223,I02319,commissioning,self,2024-11-02
A009275,K0223,I02319,service_plan,premium,2024-11-02
A009276,K0223,I02319,support_tier,pooled,2024-11-02
A009277,K0422,I02320,sku_quoted,P008,2024-04-02
A009278,K0422,I02320,commissioning,on-site,2024-04-02
A009279,K0422,I02320,service_plan,premium,2024-04-02
A009280,K0422,I02320,support_tier,dedicated,2024-04-02
A009281,K0340,I02321,sku_quoted,P042,2025-02-09
A009282,K0340,I02321,commissioning,self,2025-02-09
A009283,K0340,I02321,service_plan,standard,2025-02-09
A009284,K0340,I02321,support_tier,dedicated,2025-02-09
A009285,K0429,I02322,sku_quoted,P002,2025-06-01
A009286,K0429,I02322,commissioning,self,2025-06-01
A009287,K0429,I02322,service_plan,premium,2025-06-01
A009288,K0429,I02322,support_tier,pooled,2025-06-01
A009289,K0311,I02323,sku_quoted,P023,2025-01-20
A009290,K0311,I02323,commissioning,on-site,2025-01-20
A009291,K0311,I02323,service_plan,premium,2025-01-20
A009292,K0311,I02323,support_tier,pooled,2025-01-20
A009293,K0257,I02324,sku_quoted,P034,2025-01-10
A009294,K0257,I02324,commissioning,on-site,2025-01-10
A009295,K0257,I02324,service_plan,standard,2025-01-10
A009296,K0257,I02324,support_tier,pooled,2025-01-10
A009297,K0164,I02325,sku_quoted,P014,2024-07-11
A009298,K0164,I02325,commissioning,on-site,2024-07-11
A009299,K0164,I02325,service_plan,standard,2024-07-11
A009300,K0164,I02325,support_tier,dedicated,2024-07-11
A009301,K0508,I02326,sku_quoted,P042,2024-05-07
A009302,K0508,I02326,commissioning,on-site,2024-05-07
A009303,K0508,I02326,service_plan,none,2024-05-07
A009304,K0508,I02326,support_tier,dedicated,2024-05-07
A009305,K0143,I02327,sku_quoted,P017,2024-09-28
A009306,K0143,I02327,commissioning,on-site,2024-09-28
A009307,K0143,I02327,service_plan,premium,2024-09-28
A009308,K0143,I02327,support_tier,dedicated,2024-09-28
A009309,K0379,I02328,sku_quoted,P034,2024-05-29
A009310,K0379,I02328,commissioning,on-site,2024-05-29
A009311,K0379,I02328,service_plan,standard,2024-05-29
A009312,K0379,I02328,support_tier,dedicated,2024-05-29
A009313,K0313,I02329,sku_quoted,P001,2024-06-27
A009314,K0313,I02329,commissioning,guided,2024-06-27
A009315,K0313,I02329,service_plan,none,2024-06-27
A009316,K0313,I02329,support_tier,dedicated,2024-06-27
A009317,K0090,I02330,sku_quoted,P013,2025-06-03
A009318,K0090,I02330,commissioning,on-site,2025-06-03
A009319,K0090,I02330,service_plan,premium,2025-06-03
A009320,K0090,I02330,support_tier,dedicated,2025-06-03
A009321,K0354,I02331,sku_quoted,P021,2024-02-13
A009322,K0354,I02331,commissioning,guided,2024-02-13
A009323,K0354,I02331,service_plan,standard,2024-02-13
A009324,K0354,I02331,support_tier,dedicated,2024-02-13
A009325,K0416,I02332,sku_quoted,P020,2025-07-22
A009326,K0416,I02332,commissioning,self,2025-07-22
A009327,K0416,I02332,service_plan,standard,2025-07-22
A009328,K0416,I02332,support_tier,dedicated,2025-07-22
A009329,K0471,I02333,sku_quoted,P001,2024-12-12
A009330,K0471,I02333,commissioning,self,2024-12-12
A009331,K0471,I02333,service_plan,none,2024-12-12
A009332,K0471,I02333,support_tier,dedicated,2024-12-12
A009333,K0179,I02334,sku_quoted,P040,2024-12-30
A009334,K0179,I02334,commissioning,on-site,2024-12-30
A009335,K0179,I02334,service_plan,premium,2024-12-30
A009336,K0179,I02334,support_tier,dedicated,2024-12-30
A009337,K0285,I02335,sku_quoted,P037,2025-06-07
A009338,K0285,I02335,commissioning,self,2025-06-07
A009339,K0285,I02335,service_plan,standard,2025-06-07
A009340,K0285,I02335,support_tier,pooled,2025-06-07
A009341,K0321,I02336,sku_quoted,P018,2024-03-26
A009342,K0321,I02336,commissioning,on-site,2024-03-26
A009343,K0321,I02336,service_plan,standard,2024-03-26
A009344,K0321,I02336,support_tier,pooled,2024-03-26
A009345,K0072,I02337,sku_quoted,P032,2024-10-17
A009346,K0072,I02337,commissioning,on-site,2024-10-17
A009347,K0072,I02337,service_plan,none,2024-10-17
A009348,K0072,I02337,support_tier,pooled,2024-10-17
A009349,K0281,I02338,sku_quoted,P041,2025-05-21
A009350,K0281,I02338,commissioning,self,2025-05-21
A009351,K0281,I02338,service_plan,standard,2025-05-21
A009352,K0281,I02338,support_tier,pooled,2025-05-21
A009353,K0485,I02339,sku_quoted,P018,2024-12-29
A009354,K0485,I02339,commissioning,self,2024-12-29
A009355,K0485,I02339,service_plan,standard,2024-12-29
A009356,K0485,I02339,support_tier,dedicated,2024-12-29
A009357,K0510,I02340,sku_quoted,P008,2025-01-09
A009358,K0510,I02340,commissioning,on-site,2025-01-09
A009359,K0510,I02340,service_plan,none,2025-01-09
A009360,K0510,I02340,support_tier,pooled,2025-01-09
A009361,K0306,I02341,sku_quoted,P002,2024-03-08
A009362,K0306,I02341,commissioning,on-site,2024-03-08
A009363,K0306,I02341,service_plan,none,2024-03-08
A009364,K0306,I02341,support_tier,pooled,2024-03-08
A009365,K0366,I02342,sku_quoted,P030,2025-05-17
A009366,K0366,I02342,commissioning,self,2025-05-17
A009367,K0366,I02342,service_plan,premium,2025-05-17
A009368,K0366,I02342,support_tier,pooled,2025-05-17
A009369,K0278,I02343,sku_quoted,P025,2024-02-02
A009370,K0278,I02343,commissioning,on-site,2024-02-02
A009371,K0278,I02343,service_plan,none,2024-02-02
A009372,K0278,I02343,support_tier,dedicated,2024-02-02
A009373,K0255,I02344,sku_quoted,P020,2025-02-11
A009374,K0255,I02344,commissioning,on-site,2025-02-11
A009375,K0255,I02344,service_plan,standard,2025-02-11
A009376,K0255,I02344,support_tier,dedicated,2025-02-11
A009377,K0100,I02345,sku_quoted,P010,2024-08-03
A009378,K0100,I02345,commissioning,on-site,2024-08-03
A009379,K0100,I02345,service_plan,none,2024-08-03
A009380,K0100,I02345,support_tier,pooled,2024-08-03
A009381,K0507,I02346,sku_quoted,P006,2024-07-23
A009382,K0507,I02346,commissioning,self,2024-07-23
A009383,K0507,I02346,service_plan,none,2024-07-23
A009384,K0507,I02346,support_tier,dedicated,2024-07-23
A009385,K0272,I02347,sku_quoted,P004,2024-08-16
A009386,K0272,I02347,commissioning,on-site,2024-08-16
A009387,K0272,I02347,service_plan,premium,2024-08-16
A009388,K0272,I02347,support_tier,pooled,2024-08-16
A009389,K0517,I02348,sku_quoted,P032,2025-02-18
A009390,K0517,I02348,commissioning,self,2025-02-18
A009391,K0517,I02348,service_plan,standard,2025-02-18
A009392,K0517,I02348,support_tier,dedicated,2025-02-18
A009393,K0312,I02349,sku_quoted,P004,2025-03-05
A009394,K0312,I02349,commissioning,on-site,2025-03-05
A009395,K0312,I02349,service_plan,none,2025-03-05
A009396,K0312,I02349,support_tier,dedicated,2025-03-05
A009397,K0367,I02350,sku_quoted,P002,2025-06-16
A009398,K0367,I02350,commissioning,guided,2025-06-16
A009399,K0367,I02350,service_plan,none,2025-06-16
A009400,K0367,I02350,support_tier,dedicated,2025-06-16
A009401,K0293,I02351,sku_quoted,P040,2025-03-20
A009402,K0293,I02351,commissioning,on-site,2025-03-20
A009403,K0293,I02351,service_plan,standard,2025-03-20
A009404,K0293,I02351,support_tier,dedicated,2025-03-20
A009405,K0002,I02352,sku_quoted,P015,2025-05-10
A009406,K0002,I02352,commissioning,self,2025-05-10
A009407,K0002,I02352,service_plan,standard,2025-05-10
A009408,K0002,I02352,support_tier,pooled,2025-05-10
A009409,K0425,I02353,sku_quoted,P028,2024-11-16
A009410,K0425,I02353,commissioning,on-site,2024-11-16
A009411,K0425,I02353,service_plan,standard,2024-11-16
A009412,K0425,I02353,support_tier,dedicated,2024-11-16
A009413,K0369,I02354,sku_quoted,P001,2025-01-10
A009414,K0369,I02354,commissioning,on-site,2025-01-10
A009415,K0369,I02354,service_plan,standard,2025-01-10
A009416,K0369,I02354,support_tier,pooled,2025-01-10
A009417,K0171,I02355,sku_quoted,P035,2025-03-30
A009418,K0171,I02355,commissioning,guided,2025-03-30
A009419,K0171,I02355,service_plan,premium,2025-03-30
A009420,K0171,I02355,support_tier,dedicated,2025-03-30
A009421,K0375,I02356,sku_quoted,P023,2025-03-23
A009422,K0375,I02356,commissioning,on-site,2025-03-23
A009423,K0375,I02356,service_plan,standard,2025-03-23
A009424,K0375,I02356,support_tier,pooled,2025-03-23
A009425,K0057,I02357,sku_quoted,P015,2024-08-05
A009426,K0057,I02357,commissioning,guided,2024-08-05
A009427,K0057,I02357,service_plan,premium,2024-08-05
A009428,K0057,I02357,support_tier,pooled,2024-08-05
A009429,K0352,I02358,sku_quoted,P034,2024-12-11
A009430,K0352,I02358,commissioning,on-site,2024-12-11
A009431,K0352,I02358,service_plan,standard,2024-12-11
A009432,K0352,I02358,support_tier,dedicated,2024-12-11
A009433,K0369,I02359,sku_quoted,P015,2024-07-17
A009434,K0369,I02359,commissioning,self,2024-07-17
A009435,K0369,I02359,service_plan,standard,2024-07-17
A009436,K0369,I02359,support_tier,dedicated,2024-07-17
A009437,K0375,I02360,sku_quoted,P017,2024-05-12
A009438,K0375,I02360,commissioning,on-site,2024-05-12
A009439,K0375,I02360,service_plan,standard,2024-05-12
A009440,K0375,I02360,support_tier,dedicated,2024-05-12
A009441,K0351,I02361,sku_quoted,P017,2024-06-19
A009442,K0351,I02361,commissioning,on-site,2024-06-19
A009443,K0351,I02361,service_plan,standard,2024-06-19
A009444,K0351,I02361,support_tier,dedicated,2024-06-19
A009445,K0226,I02362,sku_quoted,P025,2024-03-07
A009446,K0226,I02362,commissioning,guided,2024-03-07
A009447,K0226,I02362,service_plan,standard,2024-03-07
A009448,K0226,I02362,support_tier,pooled,2024-03-07
A009449,K0461,I02363,sku_quoted,P019,2024-11-19
A009450,K0461,I02363,commissioning,on-site,2024-11-19
A009451,K0461,I02363,service_plan,standard,2024-11-19
A009452,K0461,I02363,support_tier,pooled,2024-11-19
A009453,K0165,I02364,sku_quoted,P026,2025-07-10
A009454,K0165,I02364,commissioning,on-site,2025-07-10
A009455,K0165,I02364,service_plan,premium,2025-07-10
A009456,K0165,I02364,support_tier,dedicated,2025-07-10
A009457,K0352,I02365,sku_quoted,P025,2025-04-19
A009458,K0352,I02365,commissioning,guided,2025-04-19
A009459,K0352,I02365,service_plan,premium,2025-04-19
A009460,K0352,I02365,support_tier,dedicated,2025-04-19
A009461,K0300,I02366,sku_quoted,P031,2025-04-15
A009462,K0300,I02366,commissioning,guided,2025-04-15
A009463,K0300,I02366,service_plan,standard,2025-04-15
A009464,K0300,I02366,support_tier,pooled,2025-04-15
A009465,K0330,I02367,sku_quoted,P041,2025-01-03
A009466,K0330,I02367,commissioning,guided,2025-01-03
A009467,K0330,I02367,service_plan,none,2025-01-03
A009468,K0330,I02367,support_tier,pooled,2025-01-03
A009469,K0004,I02368,sku_quoted,P012,2024-06-12
A009470,K0004,I02368,commissioning,self,2024-06-12
A009471,K0004,I02368,service_plan,standard,2024-06-12
A009472,K0004,I02368,support_tier,pooled,2024-06-12
A009473,K0431,I02369,sku_quoted,P018,2025-01-09
A009474,K0431,I02369,commissioning,guided,2025-01-09
A009475,K0431,I02369,service_plan,standard,2025-01-09
A009476,K0431,I02369,support_tier,dedicated,2025-01-09
A009477,K0194,I02370,sku_quoted,P041,2024-10-09
A009478,K0194,I02370,commissioning,on-site,2024-10-09
A009479,K0194,I02370,service_plan,standard,2024-10-09
A009480,K0194,I02370,support_tier,dedicated,2024-10-09
A009481,K0288,I02371,sku_quoted,P034,2024-04-12
A009482,K0288,I02371,commissioning,self,2024-04-12
A009483,K0288,I02371,service_plan,none,2024-04-12
A009484,K0288,I02371,support_tier,dedicated,2024-04-12
A009485,K0129,I02372,sku_quoted,P020,2024-09-18
A009486,K0129,I02372,commissioning,self,2024-09-18
A009487,K0129,I02372,service_plan,none,2024-09-18
A009488,K0129,I02372,support_tier,dedicated,2024-09-18
A009489,K0238,I02373,sku_quoted,P002,2024-11-17
A009490,K0238,I02373,commissioning,self,2024-11-17
A009491,K0238,I02373,service_plan,standard,2024-11-17
A009492,K0238,I02373,support_tier,pooled,2024-11-17
A009493,K0449,I02374,sku_quoted,P011,2024-06-03
A009494,K0449,I02374,commissioning,guided,2024-06-03
A009495,K0449,I02374,service_plan,none,2024-06-03
A009496,K0449,I02374,support_tier,dedicated,2024-06-03
A009497,K0509,I02375,sku_quoted,P032,2024-05-02
A009498,K0509,I02375,commissioning,on-site,2024-05-02
A009499,K0509,I02375,service_plan,standard,2024-05-02
A009500,K0509,I02375,support_tier,pooled,2024-05-02
A009501,K0252,I02376,sku_quoted,P035,2024-07-05
A009502,K0252,I02376,commissioning,on-site,2024-07-05
A009503,K0252,I02376,service_plan,standard,2024-07-05
A009504,K0252,I02376,support_tier,pooled,2024-07-05
A009505,K0485,I02377,sku_quoted,P034,2024-03-16
A009506,K0485,I02377,commissioning,guided,2024-03-16
A009507,K0485,I02377,service_plan,standard,2024-03-16
A009508,K0485,I02377,support_tier,pooled,2024-03-16
A009509,K0249,I02378,sku_quoted,P010,2025-07-18
A009510,K0249,I02378,commissioning,on-site,2025-07-18
A009511,K0249,I02378,service_plan,standard,2025-07-18
A009512,K0249,I02378,support_tier,dedicated,2025-07-18
A009513,K0193,I02379,sku_quoted,P027,2024-04-05
A009514,K0193,I02379,commissioning,self,2024-04-05
A009515,K0193,I02379,service_plan,none,2024-04-05
A009516,K0193,I02379,support_tier,pooled,2024-04-05
A009517,K0451,I02380,sku_quoted,P028,2025-01-18
A009518,K0451,I02380,commissioning,guided,2025-01-18
A009519,K0451,I02380,service_plan,standard,2025-01-18
A009520,K0451,I02380,support_tier,dedicated,2025-01-18
A009521,K0284,I02381,sku_quoted,P003,2025-06-09
A009522,K0284,I02381,commissioning,self,2025-06-09
A009523,K0284,I02381,service_plan,standard,2025-06-09
A009524,K0284,I02381,support_tier,pooled,2025-06-09
A009525,K0261,I02382,sku_quoted,P023,2025-08-23
A009526,K0261,I02382,commissioning,on-site,2025-08-23
A009527,K0261,I02382,service_plan,none,2025-08-23
A009528,K0261,I02382,support_tier,dedicated,2025-08-23
A009529,K0131,I02383,sku_quoted,P023,2025-02-10
A009530,K0131,I02383,commissioning,on-site,2025-02-10
A009531,K0131,I02383,service_plan,standard,2025-02-10
A009532,K0131,I02383,support_tier,pooled,2025-02-10
A009533,K0196,I02384,sku_quoted,P015,2024-09-01
A009534,K0196,I02384,commissioning,self,2024-09-01
A009535,K0196,I02384,service_plan,standard,2024-09-01
A009536,K0196,I02384,support_tier,pooled,2024-09-01
A009537,K0251,I02385,sku_quoted,P029,2025-02-05
A009538,K0251,I02385,commissioning,on-site,2025-02-05
A009539,K0251,I02385,service_plan,none,2025-02-05
A009540,K0251,I02385,support_tier,pooled,2025-02-05
A009541,K0228,I02386,sku_quoted,P037,2025-05-16
A009542,K0228,I02386,commissioning,on-site,2025-05-16
A009543,K0228,I02386,service_plan,none,2025-05-16
A009544,K0228,I02386,support_tier,pooled,2025-05-16
A009545,K0146,I02387,sku_quoted,P026,2025-05-15
A009546,K0146,I02387,commissioning,on-site,2025-05-15
A009547,K0146,I02387,service_plan,standard,2025-05-15
A009548,K0146,I02387,support_tier,dedicated,2025-05-15
A009549,K0278,I02388,sku_quoted,P025,2025-02-22
A009550,K0278,I02388,commissioning,on-site,2025-02-22
A009551,K0278,I02388,service_plan,standard,2025-02-22
A009552,K0278,I02388,support_tier,pooled,2025-02-22
A009553,K0363,I02389,sku_quoted,P007,2025-07-06
A009554,K0363,I02389,commissioning,self,2025-07-06
A009555,K0363,I02389,service_plan,premium,2025-07-06
A009556,K0363,I02389,support_tier,dedicated,2025-07-06
A009557,K0505,I02390,sku_quoted,P007,2025-08-20
A009558,K0505,I02390,commissioning,guided,2025-08-20
A009559,K0505,I02390,service_plan,standard,2025-08-20
A009560,K0505,I02390,support_tier,dedicated,2025-08-20
A009561,K0228,I02391,sku_quoted,P010,2024-08-25
A009562,K0228,I02391,commissioning,guided,2024-08-25
A009563,K0228,I02391,service_plan,standard,2024-08-25
A009564,K0228,I02391,support_tier,dedicated,2024-08-25
A009565,K0358,I02392,sku_quoted,P035,2024-10-16
A009566,K0358,I02392,commissioning,self,2024-10-16
A009567,K0358,I02392,service_plan,standard,2024-10-16
A009568,K0358,I02392,support_tier,dedicated,2024-10-16
A009569,K0235,I02393,sku_quoted,P015,2025-01-17
A009570,K0235,I02393,commissioning,guided,2025-01-17
A009571,K0235,I02393,service_plan,standard,2025-01-17
A009572,K0235,I02393,support_tier,pooled,2025-01-17
A009573,K0337,I02394,sku_quoted,P023,2025-01-14
A009574,K0337,I02394,commissioning,on-site,2025-01-14
A009575,K0337,I02394,service_plan,premium,2025-01-14
A009576,K0337,I02394,support_tier,dedicated,2025-01-14
A009577,K0272,I02395,sku_quoted,P013,2025-04-08
A009578,K0272,I02395,commissioning,self,2025-04-08
A009579,K0272,I02395,service_plan,none,2025-04-08
A009580,K0272,I02395,support_tier,pooled,2025-04-08
A009581,K0180,I02396,sku_quoted,P020,2025-04-27
A009582,K0180,I02396,commissioning,on-site,2025-04-27
A009583,K0180,I02396,service_plan,standard,2025-04-27
A009584,K0180,I02396,support_tier,dedicated,2025-04-27
A009585,K0420,I02397,sku_quoted,P015,2024-08-07
A009586,K0420,I02397,commissioning,self,2024-08-07
A009587,K0420,I02397,service_plan,none,2024-08-07
A009588,K0420,I02397,support_tier,pooled,2024-08-07
A009589,K0036,I02398,sku_quoted,P042,2024-12-05
A009590,K0036,I02398,commissioning,self,2024-12-05
A009591,K0036,I02398,service_plan,none,2024-12-05
A009592,K0036,I02398,support_tier,pooled,2024-12-05
A009593,K0095,I02399,sku_quoted,P001,2024-12-11
A009594,K0095,I02399,commissioning,guided,2024-12-11
A009595,K0095,I02399,service_plan,none,2024-12-11
A009596,K0095,I02399,support_tier,dedicated,2024-12-11
A009597,K0212,I02400,sku_quoted,P033,2025-06-25
A009598,K0212,I02400,commissioning,guided,2025-06-25
A009599,K0212,I02400,service_plan,none,2025-06-25
A009600,K0212,I02400,support_tier,dedicated,2025-06-25
A009601,K0131,I02401,sku_quoted,P031,2024-03-05
A009602,K0131,I02401,commissioning,self,2024-03-05
A009603,K0131,I02401,service_plan,standard,2024-03-05
A009604,K0131,I02401,support_tier,dedicated,2024-03-05
A009605,K0512,I02402,sku_quoted,P001,2025-04-30
A009606,K0512,I02402,commissioning,on-site,2025-04-30
A009607,K0512,I02402,service_plan,standard,2025-04-30
A009608,K0512,I02402,support_tier,dedicated,2025-04-30
A009609,K0454,I02403,sku_quoted,P028,2024-04-07
A009610,K0454,I02403,commissioning,on-site,2024-04-07
A009611,K0454,I02403,service_plan,premium,2024-04-07
A009612,K0454,I02403,support_tier,dedicated,2024-04-07
A009613,K0024,I02404,sku_quoted,P010,2024-03-16
A009614,K0024,I02404,commissioning,on-site,2024-03-16
A009615,K0024,I02404,service_plan,none,2024-03-16
A009616,K0024,I02404,support_tier,pooled,2024-03-16
A009617,K0026,I02405,sku_quoted,P009,2024-08-26
A009618,K0026,I02405,commissioning,self,2024-08-26
A009619,K0026,I02405,service_plan,premium,2024-08-26
A009620,K0026,I02405,support_tier,pooled,2024-08-26
A009621,K0360,I02406,sku_quoted,P024,2024-03-28
A009622,K0360,I02406,commissioning,guided,2024-03-28
A009623,K0360,I02406,service_plan,standard,2024-03-28
A009624,K0360,I02406,support_tier,dedicated,2024-03-28
A009625,K0259,I02407,sku_quoted,P031,2025-03-27
A009626,K0259,I02407,commissioning,self,2025-03-27
A009627,K0259,I02407,service_plan,standard,2025-03-27
A009628,K0259,I02407,support_tier,dedicated,2025-03-27
A009629,K0225,I02408,sku_quoted,P014,2025-01-12
A009630,K0225,I02408,commissioning,on-site,2025-01-12
A009631,K0225,I02408,service_plan,none,2025-01-12
A009632,K0225,I02408,support_tier,dedicated,2025-01-12
A009633,K0416,I02409,sku_quoted,P026,2024-04-21
A009634,K0416,I02409,commissioning,on-site,2024-04-21
A009635,K0416,I02409,service_plan,none,2024-04-21
A009636,K0416,I02409,support_tier,pooled,2024-04-21
A009637,K0010,I02410,sku_quoted,P001,2024-07-01
A009638,K0010,I02410,commissioning,self,2024-07-01
A009639,K0010,I02410,service_plan,standard,2024-07-01
A009640,K0010,I02410,support_tier,pooled,2024-07-01
A009641,K0209,I02411,sku_quoted,P011,2024-12-12
A009642,K0209,I02411,commissioning,on-site,2024-12-12
A009643,K0209,I02411,service_plan,none,2024-12-12
A009644,K0209,I02411,support_tier,dedicated,2024-12-12
A009645,K0195,I02412,sku_quoted,P020,2025-03-12
A009646,K0195,I02412,commissioning,self,2025-03-12
A009647,K0195,I02412,service_plan,premium,2025-03-12
A009648,K0195,I02412,support_tier,dedicated,2025-03-12
A009649,K0336,I02413,sku_quoted,P015,2024-06-21
A009650,K0336,I02413,commissioning,self,2024-06-21
A009651,K0336,I02413,service_plan,premium,2024-06-21
A009652,K0336,I02413,support_tier,dedicated,2024-06-21
A009653,K0061,I02414,sku_quoted,P029,2024-04-12
A009654,K0061,I02414,commissioning,guided,2024-04-12
A009655,K0061,I02414,service_plan,none,2024-04-12
A009656,K0061,I02414,support_tier,dedicated,2024-04-12
A009657,K0159,I02415,sku_quoted,P032,2024-07-07
A009658,K0159,I02415,commissioning,self,2024-07-07
A009659,K0159,I02415,service_plan,premium,2024-07-07
A009660,K0159,I02415,support_tier,dedicated,2024-07-07
A009661,K0216,I02416,sku_quoted,P018,2025-01-29
A009662,K0216,I02416,commissioning,on-site,2025-01-29
A009663,K0216,I02416,service_plan,standard,2025-01-29
A009664,K0216,I02416,support_tier,dedicated,2025-01-29
A009665,K0504,I02417,sku_quoted,P040,2024-09-28
A009666,K0504,I02417,commissioning,self,2024-09-28
A009667,K0504,I02417,service_plan,premium,2024-09-28
A009668,K0504,I02417,support_tier,dedicated,2024-09-28
A009669,K0226,I02418,sku_quoted,P019,2024-11-29
A009670,K0226,I02418,commissioning,self,2024-11-29
A009671,K0226,I02418,service_plan,premium,2024-11-29
A009672,K0226,I02418,support_tier,pooled,2024-11-29
A009673,K0159,I02419,sku_quoted,P014,2024-09-12
A009674,K0159,I02419,commissioning,self,2024-09-12
A009675,K0159,I02419,service_plan,none,2024-09-12
A009676,K0159,I02419,support_tier,pooled,2024-09-12
A009677,K0176,I02420,sku_quoted,P012,2024-11-25
A009678,K0176,I02420,commissioning,guided,2024-11-25
A009679,K0176,I02420,service_plan,none,2024-11-25
A009680,K0176,I02420,support_tier,pooled,2024-11-25
A009681,K0313,I02421,sku_quoted,P002,2024-08-04
A009682,K0313,I02421,commissioning,guided,2024-08-04
A009683,K0313,I02421,service_plan,standard,2024-08-04
A009684,K0313,I02421,support_tier,dedicated,2024-08-04
A009685,K0088,I02422,sku_quoted,P041,2024-11-20
A009686,K0088,I02422,commissioning,guided,2024-11-20
A009687,K0088,I02422,service_plan,none,2024-11-20
A009688,K0088,I02422,support_tier,pooled,2024-11-20
A009689,K0085,I02423,sku_quoted,P001,2024-08-19
A009690,K0085,I02423,commissioning,self,2024-08-19
A009691,K0085,I02423,service_plan,none,2024-08-19
A009692,K0085,I02423,support_tier,pooled,2024-08-19
A009693,K0422,I02424,sku_quoted,P017,2024-03-27
A009694,K0422,I02424,commissioning,on-site,2024-03-27
A009695,K0422,I02424,service_plan,none,2024-03-27
A009696,K0422,I02424,support_tier,dedicated,2024-03-27
A009697,K0050,I02425,sku_quoted,P038,2024-07-14
A009698,K0050,I02425,commissioning,guided,2024-07-14
A009699,K0050,I02425,service_plan,standard,2024-07-14
A009700,K0050,I02425,support_tier,pooled,2024-07-14
A009701,K0218,I02426,sku_quoted,P019,2025-03-10
A009702,K0218,I02426,commissioning,on-site,2025-03-10
A009703,K0218,I02426,service_plan,standard,2025-03-10
A009704,K0218,I02426,support_tier,dedicated,2025-03-10
A009705,K0363,I02427,sku_quoted,P011,2024-06-17
A009706,K0363,I02427,commissioning,guided,2024-06-17
A009707,K0363,I02427,service_plan,standard,2024-06-17
A009708,K0363,I02427,support_tier,pooled,2024-06-17
A009709,K0408,I02428,sku_quoted,P001,2024-11-18
A009710,K0408,I02428,commissioning,guided,2024-11-18
A009711,K0408,I02428,service_plan,premium,2024-11-18
A009712,K0408,I02428,support_tier,pooled,2024-11-18
A009713,K0135,I02429,sku_quoted,P014,2025-05-12
A009714,K0135,I02429,commissioning,guided,2025-05-12
A009715,K0135,I02429,service_plan,standard,2025-05-12
A009716,K0135,I02429,support_tier,dedicated,2025-05-12
A009717,K0257,I02430,sku_quoted,P027,2024-08-13
A009718,K0257,I02430,commissioning,self,2024-08-13
A009719,K0257,I02430,service_plan,standard,2024-08-13
A009720,K0257,I02430,support_tier,pooled,2024-08-13
A009721,K0187,I02431,sku_quoted,P040,2025-06-10
A009722,K0187,I02431,commissioning,on-site,2025-06-10
A009723,K0187,I02431,service_plan,standard,2025-06-10
A009724,K0187,I02431,support_tier,pooled,2025-06-10
A009725,K0476,I02432,sku_quoted,P027,2024-08-29
A009726,K0476,I02432,commissioning,on-site,2024-08-29
A009727,K0476,I02432,service_plan,standard,2024-08-29
A009728,K0476,I02432,support_tier,dedicated,2024-08-29
A009729,K0360,I02433,sku_quoted,P039,2025-01-27
A009730,K0360,I02433,commissioning,guided,2025-01-27
A009731,K0360,I02433,service_plan,premium,2025-01-27
A009732,K0360,I02433,support_tier,dedicated,2025-01-27
A009733,K0426,I02434,sku_quoted,P038,2024-05-15
A009734,K0426,I02434,commissioning,guided,2024-05-15
A009735,K0426,I02434,service_plan,standard,2024-05-15
A009736,K0426,I02434,support_tier,dedicated,2024-05-15
A009737,K0275,I02435,sku_quoted,P006,2024-11-14
A009738,K0275,I02435,commissioning,on-site,2024-11-14
A009739,K0275,I02435,service_plan,standard,2024-11-14
A009740,K0275,I02435,support_tier,pooled,2024-11-14
A009741,K0373,I02436,sku_quoted,P011,2024-11-09
A009742,K0373,I02436,commissioning,self,2024-11-09
A009743,K0373,I02436,service_plan,standard,2024-11-09
A009744,K0373,I02436,support_tier,dedicated,2024-11-09
A009745,K0385,I02437,sku_quoted,P026,2025-04-02
A009746,K0385,I02437,commissioning,guided,2025-04-02
A009747,K0385,I02437,service_plan,standard,2025-04-02
A009748,K0385,I02437,support_tier,dedicated,2025-04-02
A009749,K0104,I02438,sku_quoted,P026,2024-07-09
A009750,K0104,I02438,commissioning,self,2024-07-09
A009751,K0104,I02438,service_plan,premium,2024-07-09
A009752,K0104,I02438,support_tier,pooled,2024-07-09
A009753,K0472,I02439,sku_quoted,P022,2025-05-12
A009754,K0472,I02439,commissioning,guided,2025-05-12
A009755,K0472,I02439,service_plan,standard,2025-05-12
A009756,K0472,I02439,support_tier,pooled,2025-05-12
A009757,K0438,I02440,sku_quoted,P017,2025-01-31
A009758,K0438,I02440,commissioning,on-site,2025-01-31
A009759,K0438,I02440,service_plan,premium,2025-01-31
A009760,K0438,I02440,support_tier,pooled,2025-01-31
A009761,K0181,I02441,sku_quoted,P021,2024-09-26
A009762,K0181,I02441,commissioning,guided,2024-09-26
A009763,K0181,I02441,service_plan,standard,2024-09-26
A009764,K0181,I02441,support_tier,dedicated,2024-09-26
A009765,K0171,I02442,sku_quoted,P041,2025-06-25
A009766,K0171,I02442,commissioning,self,2025-06-25
A009767,K0171,I02442,service_plan,none,2025-06-25
A009768,K0171,I02442,support_tier,dedicated,2025-06-25
A009769,K0485,I02443,sku_quoted,P041,2024-12-20
A009770,K0485,I02443,commissioning,guided,2024-12-20
A009771,K0485,I02443,service_plan,standard,2024-12-20
A009772,K0485,I02443,support_tier,pooled,2024-12-20
A009773,K0368,I02444,sku_quoted,P030,2024-10-15
A009774,K0368,I02444,commissioning,guided,2024-10-15
A009775,K0368,I02444,service_plan,premium,2024-10-15
A009776,K0368,I02444,support_tier,dedicated,2024-10-15
A009777,K0264,I02445,sku_quoted,P030,2025-06-08
A009778,K0264,I02445,commissioning,self,2025-06-08
A009779,K0264,I02445,service_plan,none,2025-06-08
A009780,K0264,I02445,support_tier,pooled,2025-06-08
A009781,K0003,I02446,sku_quoted,P026,2024-08-17
A009782,K0003,I02446,commissioning,on-site,2024-08-17
A009783,K0003,I02446,service_plan,standard,2024-08-17
A009784,K0003,I02446,support_tier,pooled,2024-08-17
A009785,K0200,I02447,sku_quoted,P002,2024-06-20
A009786,K0200,I02447,commissioning,self,2024-06-20
A009787,K0200,I02447,service_plan,premium,2024-06-20
A009788,K0200,I02447,support_tier,pooled,2024-06-20
A009789,K0370,I02448,sku_quoted,P012,2024-05-17
A009790,K0370,I02448,commissioning,guided,2024-05-17
A009791,K0370,I02448,service_plan,standard,2024-05-17
A009792,K0370,I02448,support_tier,dedicated,2024-05-17
A009793,K0108,I02449,sku_quoted,P023,2024-06-29
A009794,K0108,I02449,commissioning,on-site,2024-06-29
A009795,K0108,I02449,service_plan,none,2024-06-29
A009796,K0108,I02449,support_tier,pooled,2024-06-29
A009797,K0235,I02450,sku_quoted,P008,2025-05-17
A009798,K0235,I02450,commissioning,on-site,2025-05-17
A009799,K0235,I02450,service_plan,none,2025-05-17
A009800,K0235,I02450,support_tier,dedicated,2025-05-17
A009801,K0483,I02451,sku_quoted,P038,2024-10-08
A009802,K0483,I02451,commissioning,self,2024-10-08
A009803,K0483,I02451,service_plan,premium,2024-10-08
A009804,K0483,I02451,support_tier,dedicated,2024-10-08
A009805,K0377,I02452,sku_quoted,P022,2024-02-11
A009806,K0377,I02452,commissioning,guided,2024-02-11
A009807,K0377,I02452,service_plan,standard,2024-02-11
A009808,K0377,I02452,support_tier,dedicated,2024-02-11
A009809,K0129,I02453,sku_quoted,P033,2024-08-27
A009810,K0129,I02453,commissioning,on-site,2024-08-27
A009811,K0129,I02453,service_plan,none,2024-08-27
A009812,K0129,I02453,support_tier,dedicated,2024-08-27
A009813,K0491,I02454,sku_quoted,P028,2024-03-08
A009814,K0491,I02454,commissioning,self,2024-03-08
A009815,K0491,I02454,service_plan,standard,2024-03-08
A009816,K0491,I02454,support_tier,dedicated,2024-03-08
A009817,K0014,I02455,sku_quoted,P008,2024-03-18
A009818,K0014,I02455,commissioning,on-site,2024-03-18
A009819,K0014,I02455,service_plan,premium,2024-03-18
A009820,K0014,I02455,support_tier,pooled,2024-03-18
A009821,K0062,I02456,sku_quoted,P031,2025-02-11
A009822,K0062,I02456,commissioning,on-site,2025-02-11
A009823,K0062,I02456,service_plan,none,2025-02-11
A009824,K0062,I02456,support_tier,pooled,2025-02-11
A009825,K0189,I02457,sku_quoted,P034,2024-11-21
A009826,K0189,I02457,commissioning,self,2024-11-21
A009827,K0189,I02457,service_plan,standard,2024-11-21
A009828,K0189,I02457,support_tier,dedicated,2024-11-21
A009829,K0129,I02458,sku_quoted,P038,2025-01-14
A009830,K0129,I02458,commissioning,on-site,2025-01-14
A009831,K0129,I02458,service_plan,standard,2025-01-14
A009832,K0129,I02458,support_tier,pooled,2025-01-14
A009833,K0471,I02459,sku_quoted,P015,2024-06-02
A009834,K0471,I02459,commissioning,self,2024-06-02
A009835,K0471,I02459,service_plan,standard,2024-06-02
A009836,K0471,I02459,support_tier,pooled,2024-06-02
A009837,K0056,I02460,sku_quoted,P002,2024-09-25
A009838,K0056,I02460,commissioning,guided,2024-09-25
A009839,K0056,I02460,service_plan,standard,2024-09-25
A009840,K0056,I02460,support_tier,dedicated,2024-09-25
A009841,K0445,I02461,sku_quoted,P026,2024-05-03
A009842,K0445,I02461,commissioning,on-site,2024-05-03
A009843,K0445,I02461,service_plan,standard,2024-05-03
A009844,K0445,I02461,support_tier,dedicated,2024-05-03
A009845,K0309,I02462,sku_quoted,P022,2025-04-15
A009846,K0309,I02462,commissioning,self,2025-04-15
A009847,K0309,I02462,service_plan,premium,2025-04-15
A009848,K0309,I02462,support_tier,dedicated,2025-04-15
A009849,K0287,I02463,sku_quoted,P034,2024-12-19
A009850,K0287,I02463,commissioning,guided,2024-12-19
A009851,K0287,I02463,service_plan,none,2024-12-19
A009852,K0287,I02463,support_tier,dedicated,2024-12-19
A009853,K0024,I02464,sku_quoted,P013,2025-06-15
A009854,K0024,I02464,commissioning,self,2025-06-15
A009855,K0024,I02464,service_plan,none,2025-06-15
A009856,K0024,I02464,support_tier,dedicated,2025-06-15
A009857,K0501,I02465,sku_quoted,P012,2024-05-01
A009858,K0501,I02465,commissioning,self,2024-05-01
A009859,K0501,I02465,service_plan,none,2024-05-01
A009860,K0501,I02465,support_tier,pooled,2024-05-01
A009861,K0207,I02466,sku_quoted,P037,2024-06-10
A009862,K0207,I02466,commissioning,guided,2024-06-10
A009863,K0207,I02466,service_plan,premium,2024-06-10
A009864,K0207,I02466,support_tier,pooled,2024-06-10
A009865,K0429,I02467,sku_quoted,P018,2025-05-05
A009866,K0429,I02467,commissioning,on-site,2025-05-05
A009867,K0429,I02467,service_plan,none,2025-05-05
A009868,K0429,I02467,support_tier,pooled,2025-05-05
A009869,K0224,I02468,sku_quoted,P021,2025-01-01
A009870,K0224,I02468,commissioning,guided,2025-01-01
A009871,K0224,I02468,service_plan,none,2025-01-01
A009872,K0224,I02468,support_tier,dedicated,2025-01-01
A009873,K0159,I02469,sku_quoted,P031,2024-09-08
A009874,K0159,I02469,commissioning,self,2024-09-08
A009875,K0159,I02469,service_plan,standard,2024-09-08
A009876,K0159,I02469,support_tier,dedicated,2024-09-08
A009877,K0082,I02470,sku_quoted,P004,2024-07-24
A009878,K0082,I02470,commissioning,on-site,2024-07-24
A009879,K0082,I02470,service_plan,standard,2024-07-24
A009880,K0082,I02470,support_tier,dedicated,2024-07-24
A009881,K0481,I02471,sku_quoted,P006,2024-02-21
A009882,K0481,I02471,commissioning,on-site,2024-02-21
A009883,K0481,I02471,service_plan,standard,2024-02-21
A009884,K0481,I02471,support_tier,dedicated,2024-02-21
A009885,K0408,I02472,sku_quoted,P016,2024-05-09
A009886,K0408,I02472,commissioning,on-site,2024-05-09
A009887,K0408,I02472,service_plan,none,2024-05-09
A009888,K0408,I02472,support_tier,pooled,2024-05-09
A009889,K0319,I02473,sku_quoted,P012,2024-05-31
A009890,K0319,I02473,commissioning,self,2024-05-31
A009891,K0319,I02473,service_plan,none,2024-05-31
A009892,K0319,I02473,support_tier,dedicated,2024-05-31
A009893,K0390,I02474,sku_quoted,P016,2025-06-04
A009894,K0390,I02474,commissioning,guided,2025-06-04
A009895,K0390,I02474,service_plan,none,2025-06-04
A009896,K0390,I02474,support_tier,dedicated,2025-06-04
A009897,K0220,I02475,sku_quoted,P022,2025-02-14
A009898,K0220,I02475,commissioning,self,2025-02-14
A009899,K0220,I02475,service_plan,standard,2025-02-14
A009900,K0220,I02475,support_tier,dedicated,2025-02-14
A009901,K0360,I02476,sku_quoted,P035,2024-11-25
A009902,K0360,I02476,commissioning,on-site,2024-11-25
A009903,K0360,I02476,service_plan,standard,2024-11-25
A009904,K0360,I02476,support_tier,dedicated,2024-11-25
A009905,K0426,I02477,sku_quoted,P024,2025-01-03
A009906,K0426,I02477,commissioning,guided,2025-01-03
A009907,K0426,I02477,service_plan,standard,2025-01-03
A009908,K0426,I02477,support_tier,pooled,2025-01-03
A009909,K0060,I02478,sku_quoted,P032,2024-10-24
A009910,K0060,I02478,commissioning,guided,2024-10-24
A009911,K0060,I02478,service_plan,standard,2024-10-24
A009912,K0060,I02478,support_tier,pooled,2024-10-24
A009913,K0476,I02479,sku_quoted,P030,2024-05-12
A009914,K0476,I02479,commissioning,guided,2024-05-12
A009915,K0476,I02479,service_plan,standard,2024-05-12
A009916,K0476,I02479,support_tier,pooled,2024-05-12
A009917,K0246,I02480,sku_quoted,P012,2024-06-15
A009918,K0246,I02480,commissioning,guided,2024-06-15
A009919,K0246,I02480,service_plan,standard,2024-06-15
A009920,K0246,I02480,support_tier,dedicated,2024-06-15
A009921,K0242,I02481,sku_quoted,P033,2024-04-27
A009922,K0242,I02481,commissioning,on-site,2024-04-27
A009923,K0242,I02481,service_plan,standard,2024-04-27
A009924,K0242,I02481,support_tier,pooled,2024-04-27
A009925,K0467,I02482,sku_quoted,P039,2024-12-13
A009926,K0467,I02482,commissioning,self,2024-12-13
A009927,K0467,I02482,service_plan,none,2024-12-13
A009928,K0467,I02482,support_tier,pooled,2024-12-13
A009929,K0342,I02483,sku_quoted,P030,2025-04-19
A009930,K0342,I02483,commissioning,guided,2025-04-19
A009931,K0342,I02483,service_plan,standard,2025-04-19
A009932,K0342,I02483,support_tier,pooled,2025-04-19
A009933,K0442,I02484,sku_quoted,P037,2025-01-25
A009934,K0442,I02484,commissioning,guided,2025-01-25
A009935,K0442,I02484,service_plan,premium,2025-01-25
A009936,K0442,I02484,support_tier,dedicated,2025-01-25
A009937,K0236,I02485,sku_quoted,P009,2025-06-23
A009938,K0236,I02485,commissioning,on-site,2025-06-23
A009939,K0236,I02485,service_plan,standard,2025-06-23
A009940,K0236,I02485,support_tier,pooled,2025-06-23
A009941,K0125,I02486,sku_quoted,P039,2024-06-24
A009942,K0125,I02486,commissioning,guided,2024-06-24
A009943,K0125,I02486,service_plan,standard,2024-06-24
A009944,K0125,I02486,support_tier,pooled,2024-06-24
A009945,K0478,I02487,sku_quoted,P007,2024-04-03
A009946,K0478,I02487,commissioning,on-site,2024-04-03
A009947,K0478,I02487,service_plan,none,2024-04-03
A009948,K0478,I02487,support_tier,dedicated,2024-04-03
A009949,K0431,I02488,sku_quoted,P018,2024-05-20
A009950,K0431,I02488,commissioning,guided,2024-05-20
A009951,K0431,I02488,service_plan,premium,2024-05-20
A009952,K0431,I02488,support_tier,pooled,2024-05-20
A009953,K0097,I02489,sku_quoted,P029,2024-02-22
A009954,K0097,I02489,commissioning,on-site,2024-02-22
A009955,K0097,I02489,service_plan,none,2024-02-22
A009956,K0097,I02489,support_tier,dedicated,2024-02-22
A009957,K0092,I02490,sku_quoted,P017,2024-09-23
A009958,K0092,I02490,commissioning,guided,2024-09-23
A009959,K0092,I02490,service_plan,standard,2024-09-23
A009960,K0092,I02490,support_tier,pooled,2024-09-23
A009961,K0265,I02491,sku_quoted,P037,2024-05-14
A009962,K0265,I02491,commissioning,self,2024-05-14
A009963,K0265,I02491,service_plan,standard,2024-05-14
A009964,K0265,I02491,support_tier,pooled,2024-05-14
A009965,K0382,I02492,sku_quoted,P020,2024-11-27
A009966,K0382,I02492,commissioning,on-site,2024-11-27
A009967,K0382,I02492,service_plan,premium,2024-11-27
A009968,K0382,I02492,support_tier,dedicated,2024-11-27
A009969,K0487,I02493,sku_quoted,P030,2024-09-20
A009970,K0487,I02493,commissioning,self,2024-09-20
A009971,K0487,I02493,service_plan,none,2024-09-20
A009972,K0487,I02493,support_tier,pooled,2024-09-20
A009973,K0368,I02494,sku_quoted,P010,2024-08-24
A009974,K0368,I02494,commissioning,self,2024-08-24
A009975,K0368,I02494,service_plan,standard,2024-08-24
A009976,K0368,I02494,support_tier,pooled,2024-08-24
A009977,K0233,I02495,sku_quoted,P027,2025-05-10
A009978,K0233,I02495,commissioning,guided,2025-05-10
A009979,K0233,I02495,service_plan,standard,2025-05-10
A009980,K0233,I02495,support_tier,dedicated,2025-05-10
A009981,K0121,I02496,sku_quoted,P014,2025-06-06
A009982,K0121,I02496,commissioning,on-site,2025-06-06
A009983,K0121,I02496,service_plan,standard,2025-06-06
A009984,K0121,I02496,support_tier,pooled,2025-06-06
A009985,K0229,I02497,sku_quoted,P023,2025-06-22
A009986,K0229,I02497,commissioning,self,2025-06-22
A009987,K0229,I02497,service_plan,none,2025-06-22
A009988,K0229,I02497,support_tier,pooled,2025-06-22
A009989,K0010,I02498,sku_quoted,P025,2024-05-09
A009990,K0010,I02498,commissioning,on-site,2024-05-09
A009991,K0010,I02498,service_plan,standard,2024-05-09
A009992,K0010,I02498,support_tier,dedicated,2024-05-09
A009993,K0446,I02499,sku_quoted,P003,2025-06-22
A009994,K0446,I02499,commissioning,on-site,2025-06-22
A009995,K0446,I02499,service_plan,premium,2025-06-22
A009996,K0446,I02499,support_tier,pooled,2025-06-22
A009997,K0363,I02500,sku_quoted,P028,2025-08-15
A009998,K0363,I02500,commissioning,on-site,2025-08-15
A009999,K0363,I02500,service_plan,standard,2025-08-15
A010000,K0363,I02500,support_tier,dedicated,2025-08-15
A010001,K0228,I02501,sku_quoted,P017,2024-03-10
A010002,K0228,I02501,commissioning,self,2024-03-10
A010003,K0228,I02501,service_plan,standard,2024-03-10
A010004,K0228,I02501,support_tier,dedicated,2024-03-10
A010005,K0303,I02502,sku_quoted,P030,2024-11-03
A010006,K0303,I02502,commissioning,self,2024-11-03
A010007,K0303,I02502,service_plan,premium,2024-11-03
A010008,K0303,I02502,support_tier,pooled,2024-11-03
A010009,K0385,I02503,sku_quoted,P002,2024-09-21
A010010,K0385,I02503,commissioning,on-site,2024-09-21
A010011,K0385,I02503,service_plan,standard,2024-09-21
A010012,K0385,I02503,support_tier,pooled,2024-09-21
A010013,K0316,I02504,sku_quoted,P008,2024-10-28
A010014,K0316,I02504,commissioning,guided,2024-10-28
A010015,K0316,I02504,service_plan,premium,2024-10-28
A010016,K0316,I02504,support_tier,pooled,2024-10-28
A010017,K0293,I02505,sku_quoted,P006,2024-07-18
A010018,K0293,I02505,commissioning,on-site,2024-07-18
A010019,K0293,I02505,service_plan,none,2024-07-18
A010020,K0293,I02505,support_tier,dedicated,2024-07-18
A010021,K0431,I02506,sku_quoted,P012,2025-04-01
A010022,K0431,I02506,commissioning,on-site,2025-04-01
A010023,K0431,I02506,service_plan,none,2025-04-01
A010024,K0431,I02506,support_tier,dedicated,2025-04-01
A010025,K0114,I02507,sku_quoted,P040,2024-05-17
A010026,K0114,I02507,commissioning,guided,2024-05-17
A010027,K0114,I02507,service_plan,standard,2024-05-17
A010028,K0114,I02507,support_tier,dedicated,2024-05-17
A010029,K0164,I02508,sku_quoted,P034,2024-07-24
A010030,K0164,I02508,commissioning,on-site,2024-07-24
A010031,K0164,I02508,service_plan,none,2024-07-24
A010032,K0164,I02508,support_tier,dedicated,2024-07-24
A010033,K0446,I02509,sku_quoted,P018,2024-10-05
A010034,K0446,I02509,commissioning,guided,2024-10-05
A010035,K0446,I02509,service_plan,none,2024-10-05
A010036,K0446,I02509,support_tier,pooled,2024-10-05
A010037,K0318,I02510,sku_quoted,P014,2025-06-25
A010038,K0318,I02510,commissioning,self,2025-06-25
A010039,K0318,I02510,service_plan,premium,2025-06-25
A010040,K0318,I02510,support_tier,dedicated,2025-06-25
A010041,K0342,I02511,sku_quoted,P016,2025-07-19
A010042,K0342,I02511,commissioning,self,2025-07-19
A010043,K0342,I02511,service_plan,standard,2025-07-19
A010044,K0342,I02511,support_tier,pooled,2025-07-19
A010045,K0169,I02512,sku_quoted,P015,2024-04-08
A010046,K0169,I02512,commissioning,self,2024-04-08
A010047,K0169,I02512,service_plan,none,2024-04-08
A010048,K0169,I02512,support_tier,pooled,2024-04-08
A010049,K0449,I02513,sku_quoted,P005,2024-08-15
A010050,K0449,I02513,commissioning,on-site,2024-08-15
A010051,K0449,I02513,service_plan,none,2024-08-15
A010052,K0449,I02513,support_tier,dedicated,2024-08-15
A010053,K0333,I02514,sku_quoted,P030,2025-06-16
A010054,K0333,I02514,commissioning,self,2025-06-16
A010055,K0333,I02514,service_plan,standard,2025-06-16
A010056,K0333,I02514,support_tier,dedicated,2025-06-16
A010057,K0516,I02515,sku_quoted,P039,2024-10-05
A010058,K0516,I02515,commissioning,guided,2024-10-05
A010059,K0516,I02515,service_plan,standard,2024-10-05
A010060,K0516,I02515,support_tier,dedicated,2024-10-05
A010061,K0452,I02516,sku_quoted,P024,2024-04-26
A010062,K0452,I02516,commissioning,on-site,2024-04-26
A010063,K0452,I02516,service_plan,standard,2024-04-26
A010064,K0452,I02516,support_tier,dedicated,2024-04-26
A010065,K0284,I02517,sku_quoted,P027,2024-09-18
A010066,K0284,I02517,commissioning,on-site,2024-09-18
A010067,K0284,I02517,service_plan,none,2024-09-18
A010068,K0284,I02517,support_tier,dedicated,2024-09-18
A010069,K0134,I02518,sku_quoted,P028,2024-04-17
A010070,K0134,I02518,commissioning,guided,2024-04-17
A010071,K0134,I02518,service_plan,standard,2024-04-17
A010072,K0134,I02518,support_tier,dedicated,2024-04-17
A010073,K0260,I02519,sku_quoted,P042,2024-05-03
A010074,K0260,I02519,commissioning,self,2024-05-03
A010075,K0260,I02519,service_plan,none,2024-05-03
A010076,K0260,I02519,support_tier,dedicated,2024-05-03
A010077,K0329,I02520,sku_quoted,P039,2024-02-26
A010078,K0329,I02520,commissioning,guided,2024-02-26
A010079,K0329,I02520,service_plan,standard,2024-02-26
A010080,K0329,I02520,support_tier,pooled,2024-02-26
A010081,K0135,I02521,sku_quoted,P003,2025-03-04
A010082,K0135,I02521,commissioning,on-site,2025-03-04
A010083,K0135,I02521,service_plan,premium,2025-03-04
A010084,K0135,I02521,support_tier,pooled,2025-03-04
A010085,K0478,I02522,sku_quoted,P031,2024-07-02
A010086,K0478,I02522,commissioning,on-site,2024-07-02
A010087,K0478,I02522,service_plan,standard,2024-07-02
A010088,K0478,I02522,support_tier,pooled,2024-07-02
A010089,K0119,I02523,sku_quoted,P003,2024-12-31
A010090,K0119,I02523,commissioning,on-site,2024-12-31
A010091,K0119,I02523,service_plan,premium,2024-12-31
A010092,K0119,I02523,support_tier,dedicated,2024-12-31
A010093,K0137,I02524,sku_quoted,P014,2024-12-15
A010094,K0137,I02524,commissioning,self,2024-12-15
A010095,K0137,I02524,service_plan,none,2024-12-15
A010096,K0137,I02524,support_tier,pooled,2024-12-15
A010097,K0223,I02525,sku_quoted,P036,2024-11-22
A010098,K0223,I02525,commissioning,self,2024-11-22
A010099,K0223,I02525,service_plan,standard,2024-11-22
A010100,K0223,I02525,support_tier,pooled,2024-11-22
A010101,K0506,I02526,sku_quoted,P038,2025-06-08
A010102,K0506,I02526,commissioning,self,2025-06-08
A010103,K0506,I02526,service_plan,none,2025-06-08
A010104,K0506,I02526,support_tier,dedicated,2025-06-08
A010105,K0388,I02527,sku_quoted,P042,2024-11-30
A010106,K0388,I02527,commissioning,guided,2024-11-30
A010107,K0388,I02527,service_plan,premium,2024-11-30
A010108,K0388,I02527,support_tier,dedicated,2024-11-30
A010109,K0428,I02528,sku_quoted,P008,2024-04-27
A010110,K0428,I02528,commissioning,guided,2024-04-27
A010111,K0428,I02528,service_plan,none,2024-04-27
A010112,K0428,I02528,support_tier,pooled,2024-04-27
A010113,K0181,I02529,sku_quoted,P014,2024-07-06
A010114,K0181,I02529,commissioning,guided,2024-07-06
A010115,K0181,I02529,service_plan,none,2024-07-06
A010116,K0181,I02529,support_tier,dedicated,2024-07-06
A010117,K0330,I02530,sku_quoted,P025,2024-07-14
A010118,K0330,I02530,commissioning,guided,2024-07-14
A010119,K0330,I02530,service_plan,standard,2024-07-14
A010120,K0330,I02530,support_tier,dedicated,2024-07-14
A010121,K0050,I02531,sku_quoted,P029,2024-12-16
A010122,K0050,I02531,commissioning,self,2024-12-16
A010123,K0050,I02531,service_plan,standard,2024-12-16
A010124,K0050,I02531,support_tier,pooled,2024-12-16
A010125,K0270,I02532,sku_quoted,P029,2024-08-22
A010126,K0270,I02532,commissioning,on-site,2024-08-22
A010127,K0270,I02532,service_plan,premium,2024-08-22
A010128,K0270,I02532,support_tier,pooled,2024-08-22
A010129,K0423,I02533,sku_quoted,P037,2024-12-11
A010130,K0423,I02533,commissioning,self,2024-12-11
A010131,K0423,I02533,service_plan,none,2024-12-11
A010132,K0423,I02533,support_tier,pooled,2024-12-11
A010133,K0335,I02534,sku_quoted,P018,2024-08-07
A010134,K0335,I02534,commissioning,on-site,2024-08-07
A010135,K0335,I02534,service_plan,standard,2024-08-07
A010136,K0335,I02534,support_tier,dedicated,2024-08-07
A010137,K0312,I02535,sku_quoted,P014,2025-01-12
A010138,K0312,I02535,commissioning,guided,2025-01-12
A010139,K0312,I02535,service_plan,standard,2025-01-12
A010140,K0312,I02535,support_tier,dedicated,2025-01-12
A010141,K0078,I02536,sku_quoted,P018,2025-04-26
A010142,K0078,I02536,commissioning,self,2025-04-26
A010143,K0078,I02536,service_plan,standard,2025-04-26
A010144,K0078,I02536,support_tier,pooled,2025-04-26
A010145,K0332,I02537,sku_quoted,P041,2025-06-23
A010146,K0332,I02537,commissioning,guided,2025-06-23
A010147,K0332,I02537,service_plan,standard,2025-06-23
A010148,K0332,I02537,support_tier,dedicated,2025-06-23
A010149,K0122,I02538,sku_quoted,P019,2025-03-02
A010150,K0122,I02538,commissioning,on-site,2025-03-02
A010151,K0122,I02538,service_plan,none,2025-03-02
A010152,K0122,I02538,support_tier,pooled,2025-03-02
A010153,K0129,I02539,sku_quoted,P032,2025-01-25
A010154,K0129,I02539,commissioning,on-site,2025-01-25
A010155,K0129,I02539,service_plan,premium,2025-01-25
A010156,K0129,I02539,support_tier,pooled,2025-01-25
A010157,K0124,I02540,sku_quoted,P032,2025-05-08
A010158,K0124,I02540,commissioning,guided,2025-05-08
A010159,K0124,I02540,service_plan,standard,2025-05-08
A010160,K0124,I02540,support_tier,dedicated,2025-05-08
A010161,K0236,I02541,sku_quoted,P012,2025-01-06
A010162,K0236,I02541,commissioning,guided,2025-01-06
A010163,K0236,I02541,service_plan,none,2025-01-06
A010164,K0236,I02541,support_tier,pooled,2025-01-06
A010165,K0001,I02542,sku_quoted,P008,2025-06-18
A010166,K0001,I02542,commissioning,on-site,2025-06-18
A010167,K0001,I02542,service_plan,standard,2025-06-18
A010168,K0001,I02542,support_tier,dedicated,2025-06-18
A010169,K0337,I02543,sku_quoted,P018,2025-06-29
A010170,K0337,I02543,commissioning,on-site,2025-06-29
A010171,K0337,I02543,service_plan,premium,2025-06-29
A010172,K0337,I02543,support_tier,dedicated,2025-06-29
A010173,K0042,I02544,sku_quoted,P040,2025-03-14
A010174,K0042,I02544,commissioning,self,2025-03-14
A010175,K0042,I02544,service_plan,premium,2025-03-14
A010176,K0042,I02544,support_tier,dedicated,2025-03-14
A010177,K0293,I02545,sku_quoted,P010,2025-07-15
A010178,K0293,I02545,commissioning,on-site,2025-07-15
A010179,K0293,I02545,service_plan,standard,2025-07-15
A010180,K0293,I02545,support_tier,dedicated,2025-07-15
A010181,K0190,I02546,sku_quoted,P010,2024-09-04
A010182,K0190,I02546,commissioning,guided,2024-09-04
A010183,K0190,I02546,service_plan,standard,2024-09-04
A010184,K0190,I02546,support_tier,pooled,2024-09-04
A010185,K0096,I02547,sku_quoted,P040,2025-02-16
A010186,K0096,I02547,commissioning,self,2025-02-16
A010187,K0096,I02547,service_plan,none,2025-02-16
A010188,K0096,I02547,support_tier,pooled,2025-02-16
A010189,K0490,I02548,sku_quoted,P004,2024-11-20
A010190,K0490,I02548,commissioning,on-site,2024-11-20
A010191,K0490,I02548,service_plan,none,2024-11-20
A010192,K0490,I02548,support_tier,dedicated,2024-11-20
A010193,K0429,I02549,sku_quoted,P040,2024-08-01
A010194,K0429,I02549,commissioning,self,2024-08-01
A010195,K0429,I02549,service_plan,premium,2024-08-01
A010196,K0429,I02549,support_tier,pooled,2024-08-01
A010197,K0409,I02550,sku_quoted,P010,2024-12-03
A010198,K0409,I02550,commissioning,guided,2024-12-03
A010199,K0409,I02550,service_plan,none,2024-12-03
A010200,K0409,I02550,support_tier,dedicated,2024-12-03
A010201,K0435,I02551,sku_quoted,P006,2024-11-07
A010202,K0435,I02551,commissioning,self,2024-11-07
A010203,K0435,I02551,service_plan,standard,2024-11-07
A010204,K0435,I02551,support_tier,dedicated,2024-11-07
A010205,K0074,I02552,sku_quoted,P030,2025-02-25
A010206,K0074,I02552,commissioning,on-site,2025-02-25
A010207,K0074,I02552,service_plan,premium,2025-02-25
A010208,K0074,I02552,support_tier,pooled,2025-02-25
A010209,K0054,I02553,sku_quoted,P005,2024-06-23
A010210,K0054,I02553,commissioning,on-site,2024-06-23
A010211,K0054,I02553,service_plan,standard,2024-06-23
A010212,K0054,I02553,support_tier,pooled,2024-06-23
A010213,K0128,I02554,sku_quoted,P042,2024-07-07
A010214,K0128,I02554,commissioning,self,2024-07-07
A010215,K0128,I02554,service_plan,premium,2024-07-07
A010216,K0128,I02554,support_tier,dedicated,2024-07-07
A010217,K0119,I02555,sku_quoted,P040,2025-02-24
A010218,K0119,I02555,commissioning,guided,2025-02-24
A010219,K0119,I02555,service_plan,none,2025-02-24
A010220,K0119,I02555,support_tier,dedicated,2025-02-24
A010221,K0270,I02556,sku_quoted,P021,2025-07-08
A010222,K0270,I02556,commissioning,guided,2025-07-08
A010223,K0270,I02556,service_plan,none,2025-07-08
A010224,K0270,I02556,support_tier,dedicated,2025-07-08
A010225,K0103,I02557,sku_quoted,P025,2024-11-04
A010226,K0103,I02557,commissioning,self,2024-11-04
A010227,K0103,I02557,service_plan,standard,2024-11-04
A010228,K0103,I02557,support_tier,pooled,2024-11-04
A010229,K0433,I02558,sku_quoted,P035,2024-05-31
A010230,K0433,I02558,commissioning,on-site,2024-05-31
A010231,K0433,I02558,service_plan,none,2024-05-31
A010232,K0433,I02558,support_tier,pooled,2024-05-31
A010233,K0131,I02559,sku_quoted,P031,2024-05-13
A010234,K0131,I02559,commissioning,guided,2024-05-13
A010235,K0131,I02559,service_plan,standard,2024-05-13
A010236,K0131,I02559,support_tier,dedicated,2024-05-13
A010237,K0105,I02560,sku_quoted,P006,2025-02-09
A010238,K0105,I02560,commissioning,guided,2025-02-09
A010239,K0105,I02560,service_plan,premium,2025-02-09
A010240,K0105,I02560,support_tier,pooled,2025-02-09
A010241,K0227,I02561,sku_quoted,P008,2025-04-08
A010242,K0227,I02561,commissioning,self,2025-04-08
A010243,K0227,I02561,service_plan,premium,2025-04-08
A010244,K0227,I02561,support_tier,pooled,2025-04-08
A010245,K0407,I02562,sku_quoted,P029,2024-05-02
A010246,K0407,I02562,commissioning,on-site,2024-05-02
A010247,K0407,I02562,service_plan,standard,2024-05-02
A010248,K0407,I02562,support_tier,pooled,2024-05-02
A010249,K0054,I02563,sku_quoted,P018,2025-04-10
A010250,K0054,I02563,commissioning,on-site,2025-04-10
A010251,K0054,I02563,service_plan,standard,2025-04-10
A010252,K0054,I02563,support_tier,dedicated,2025-04-10
A010253,K0511,I02564,sku_quoted,P008,2025-06-22
A010254,K0511,I02564,commissioning,guided,2025-06-22
A010255,K0511,I02564,service_plan,standard,2025-06-22
A010256,K0511,I02564,support_tier,dedicated,2025-06-22
A010257,K0309,I02565,sku_quoted,P019,2024-10-20
A010258,K0309,I02565,commissioning,self,2024-10-20
A010259,K0309,I02565,service_plan,none,2024-10-20
A010260,K0309,I02565,support_tier,pooled,2024-10-20
A010261,K0333,I02566,sku_quoted,P009,2025-07-12
A010262,K0333,I02566,commissioning,guided,2025-07-12
A010263,K0333,I02566,service_plan,none,2025-07-12
A010264,K0333,I02566,support_tier,pooled,2025-07-12
A010265,K0086,I02567,sku_quoted,P041,2024-06-05
A010266,K0086,I02567,commissioning,self,2024-06-05
A010267,K0086,I02567,service_plan,standard,2024-06-05
A010268,K0086,I02567,support_tier,pooled,2024-06-05
A010269,K0474,I02568,sku_quoted,P016,2024-10-18
A010270,K0474,I02568,commissioning,self,2024-10-18
A010271,K0474,I02568,service_plan,standard,2024-10-18
A010272,K0474,I02568,support_tier,pooled,2024-10-18
A010273,K0285,I02569,sku_quoted,P034,2024-11-28
A010274,K0285,I02569,commissioning,guided,2024-11-28
A010275,K0285,I02569,service_plan,none,2024-11-28
A010276,K0285,I02569,support_tier,dedicated,2024-11-28
A010277,K0027,I02570,sku_quoted,P005,2024-10-29
A010278,K0027,I02570,commissioning,self,2024-10-29
A010279,K0027,I02570,service_plan,none,2024-10-29
A010280,K0027,I02570,support_tier,dedicated,2024-10-29
A010281,K0394,I02571,sku_quoted,P038,2024-04-12
A010282,K0394,I02571,commissioning,guided,2024-04-12
A010283,K0394,I02571,service_plan,standard,2024-04-12
A010284,K0394,I02571,support_tier,pooled,2024-04-12
A010285,K0517,I02572,sku_quoted,P031,2024-04-28
A010286,K0517,I02572,commissioning,guided,2024-04-28
A010287,K0517,I02572,service_plan,standard,2024-04-28
A010288,K0517,I02572,support_tier,pooled,2024-04-28
A010289,K0228,I02573,sku_quoted,P002,2024-03-07
A010290,K0228,I02573,commissioning,self,2024-03-07
A010291,K0228,I02573,service_plan,standard,2024-03-07
A010292,K0228,I02573,support_tier,pooled,2024-03-07
A010293,K0321,I02574,sku_quoted,P018,2025-01-27
A010294,K0321,I02574,commissioning,self,2025-01-27
A010295,K0321,I02574,service_plan,standard,2025-01-27
A010296,K0321,I02574,support_tier,dedicated,2025-01-27
A010297,K0179,I02575,sku_quoted,P022,2024-03-19
A010298,K0179,I02575,commissioning,self,2024-03-19
A010299,K0179,I02575,service_plan,none,2024-03-19
A010300,K0179,I02575,support_tier,dedicated,2024-03-19
A010301,K0072,I02576,sku_quoted,P021,2025-05-16
A010302,K0072,I02576,commissioning,self,2025-05-16
A010303,K0072,I02576,service_plan,standard,2025-05-16
A010304,K0072,I02576,support_tier,pooled,2025-05-16
A010305,K0390,I02577,sku_quoted,P009,2024-12-27
A010306,K0390,I02577,commissioning,on-site,2024-12-27
A010307,K0390,I02577,service_plan,none,2024-12-27
A010308,K0390,I02577,support_tier,pooled,2024-12-27
A010309,K0305,I02578,sku_quoted,P023,2024-11-27
A010310,K0305,I02578,commissioning,self,2024-11-27
A010311,K0305,I02578,service_plan,none,2024-11-27
A010312,K0305,I02578,support_tier,pooled,2024-11-27
A010313,K0129,I02579,sku_quoted,P026,2024-04-29
A010314,K0129,I02579,commissioning,guided,2024-04-29
A010315,K0129,I02579,service_plan,premium,2024-04-29
A010316,K0129,I02579,support_tier,pooled,2024-04-29
A010317,K0486,I02580,sku_quoted,P026,2024-09-01
A010318,K0486,I02580,commissioning,on-site,2024-09-01
A010319,K0486,I02580,service_plan,standard,2024-09-01
A010320,K0486,I02580,support_tier,pooled,2024-09-01
A010321,K0442,I02581,sku_quoted,P027,2025-06-24
A010322,K0442,I02581,commissioning,on-site,2025-06-24
A010323,K0442,I02581,service_plan,standard,2025-06-24
A010324,K0442,I02581,support_tier,dedicated,2025-06-24
A010325,K0497,I02582,sku_quoted,P002,2024-06-10
A010326,K0497,I02582,commissioning,self,2024-06-10
A010327,K0497,I02582,service_plan,none,2024-06-10
A010328,K0497,I02582,support_tier,pooled,2024-06-10
A010329,K0406,I02583,sku_quoted,P010,2025-01-16
A010330,K0406,I02583,commissioning,self,2025-01-16
A010331,K0406,I02583,service_plan,standard,2025-01-16
A010332,K0406,I02583,support_tier,dedicated,2025-01-16
A010333,K0236,I02584,sku_quoted,P001,2024-10-07
A010334,K0236,I02584,commissioning,on-site,2024-10-07
A010335,K0236,I02584,service_plan,standard,2024-10-07
A010336,K0236,I02584,support_tier,dedicated,2024-10-07
A010337,K0394,I02585,sku_quoted,P033,2025-02-11
A010338,K0394,I02585,commissioning,on-site,2025-02-11
A010339,K0394,I02585,service_plan,standard,2025-02-11
A010340,K0394,I02585,support_tier,dedicated,2025-02-11
A010341,K0207,I02586,sku_quoted,P015,2025-03-26
A010342,K0207,I02586,commissioning,guided,2025-03-26
A010343,K0207,I02586,service_plan,premium,2025-03-26
A010344,K0207,I02586,support_tier,pooled,2025-03-26
A010345,K0333,I02587,sku_quoted,P034,2025-05-05
A010346,K0333,I02587,commissioning,guided,2025-05-05
A010347,K0333,I02587,service_plan,none,2025-05-05
A010348,K0333,I02587,support_tier,dedicated,2025-05-05
A010349,K0386,I02588,sku_quoted,P025,2025-06-01
A010350,K0386,I02588,commissioning,self,2025-06-01
A010351,K0386,I02588,service_plan,premium,2025-06-01
A010352,K0386,I02588,support_tier,dedicated,2025-06-01
A010353,K0182,I02589,sku_quoted,P003,2024-10-17
A010354,K0182,I02589,commissioning,on-site,2024-10-17
A010355,K0182,I02589,service_plan,none,2024-10-17
A010356,K0182,I02589,support_tier,dedicated,2024-10-17
A010357,K0058,I02590,sku_quoted,P033,2024-11-05
A010358,K0058,I02590,commissioning,guided,2024-11-05
A010359,K0058,I02590,service_plan,none,2024-11-05
A010360,K0058,I02590,support_tier,dedicated,2024-11-05
A010361,K0056,I02591,sku_quoted,P023,2025-06-03
A010362,K0056,I02591,commissioning,guided,2025-06-03
A010363,K0056,I02591,service_plan,standard,2025-06-03
A010364,K0056,I02591,support_tier,dedicated,2025-06-03
A010365,K0003,I02592,sku_quoted,P012,2025-04-27
A010366,K0003,I02592,commissioning,self,2025-04-27
A010367,K0003,I02592,service_plan,standard,2025-04-27
A010368,K0003,I02592,support_tier,pooled,2025-04-27
A010369,K0511,I02593,sku_quoted,P025,2024-07-27
A010370,K0511,I02593,commissioning,on-site,2024-07-27
A010371,K0511,I02593,service_plan,standard,2024-07-27
A010372,K0511,I02593,support_tier,dedicated,2024-07-27
A010373,K0313,I02594,sku_quoted,P014,2025-01-16
A010374,K0313,I02594,commissioning,self,2025-01-16
A010375,K0313,I02594,service_plan,standard,2025-01-16
A010376,K0313,I02594,support_tier,dedicated,2025-01-16
A010377,K0486,I02595,sku_quoted,P038,2024-12-04
A010378,K0486,I02595,commissioning,self,2024-12-04
A010379,K0486,I02595,service_plan,premium,2024-12-04
A010380,K0486,I02595,support_tier,dedicated,2024-12-04
A010381,K0159,I02596,sku_quoted,P034,2025-07-24
A010382,K0159,I02596,commissioning,guided,2025-07-24
A010383,K0159,I02596,service_plan,standard,2025-07-24
A010384,K0159,I02596,support_tier,pooled,2025-07-24
A010385,K0485,I02597,sku_quoted,P005,2025-07-19
A010386,K0485,I02597,commissioning,self,2025-07-19
A010387,K0485,I02597,service_plan,standard,2025-07-19
A010388,K0485,I02597,support_tier,pooled,2025-07-19
A010389,K0352,I02598,sku_quoted,P012,2024-08-09
A010390,K0352,I02598,commissioning,self,2024-08-09
A010391,K0352,I02598,service_plan,standard,2024-08-09
A010392,K0352,I02598,support_tier,pooled,2024-08-09
A010393,K0350,I02599,sku_quoted,P004,2024-12-17
A010394,K0350,I02599,commissioning,self,2024-12-17
A010395,K0350,I02599,service_plan,none,2024-12-17
A010396,K0350,I02599,support_tier,pooled,2024-12-17
A010397,K0417,I02600,sku_quoted,P001,2025-03-19
A010398,K0417,I02600,commissioning,on-site,2025-03-19
A010399,K0417,I02600,service_plan,standard,2025-03-19
A010400,K0417,I02600,support_tier,pooled,2025-03-19
A010401,K0406,I02601,sku_quoted,P013,2025-02-26
A010402,K0406,I02601,commissioning,guided,2025-02-26
A010403,K0406,I02601,service_plan,premium,2025-02-26
A010404,K0406,I02601,support_tier,pooled,2025-02-26
A010405,K0254,I02602,sku_quoted,P040,2024-06-13
A010406,K0254,I02602,commissioning,on-site,2024-06-13
A010407,K0254,I02602,service_plan,standard,2024-06-13
A010408,K0254,I02602,support_tier,pooled,2024-06-13
A010409,K0429,I02603,sku_quoted,P024,2025-03-12
A010410,K0429,I02603,commissioning,guided,2025-03-12
A010411,K0429,I02603,service_plan,standard,2025-03-12
A010412,K0429,I02603,support_tier,dedicated,2025-03-12
A010413,K0366,I02604,sku_quoted,P031,2024-05-08
A010414,K0366,I02604,commissioning,self,2024-05-08
A010415,K0366,I02604,service_plan,none,2024-05-08
A010416,K0366,I02604,support_tier,pooled,2024-05-08
A010417,K0117,I02605,sku_quoted,P018,2024-04-11
A010418,K0117,I02605,commissioning,self,2024-04-11
A010419,K0117,I02605,service_plan,none,2024-04-11
A010420,K0117,I02605,support_tier,dedicated,2024-04-11
A010421,K0337,I02606,sku_quoted,P031,2025-04-12
A010422,K0337,I02606,commissioning,guided,2025-04-12
A010423,K0337,I02606,service_plan,standard,2025-04-12
A010424,K0337,I02606,support_tier,pooled,2025-04-12
A010425,K0058,I02607,sku_quoted,P026,2025-03-21
A010426,K0058,I02607,commissioning,on-site,2025-03-21
A010427,K0058,I02607,service_plan,premium,2025-03-21
A010428,K0058,I02607,support_tier,pooled,2025-03-21
A010429,K0180,I02608,sku_quoted,P041,2024-09-17
A010430,K0180,I02608,commissioning,guided,2024-09-17
A010431,K0180,I02608,service_plan,standard,2024-09-17
A010432,K0180,I02608,support_tier,pooled,2024-09-17
A010433,K0218,I02609,sku_quoted,P025,2024-10-29
A010434,K0218,I02609,commissioning,self,2024-10-29
A010435,K0218,I02609,service_plan,standard,2024-10-29
A010436,K0218,I02609,support_tier,pooled,2024-10-29
A010437,K0507,I02610,sku_quoted,P039,2024-08-03
A010438,K0507,I02610,commissioning,self,2024-08-03
A010439,K0507,I02610,service_plan,none,2024-08-03
A010440,K0507,I02610,support_tier,pooled,2024-08-03
A010441,K0067,I02611,sku_quoted,P023,2024-09-28
A010442,K0067,I02611,commissioning,guided,2024-09-28
A010443,K0067,I02611,service_plan,none,2024-09-28
A010444,K0067,I02611,support_tier,dedicated,2024-09-28
A010445,K0310,I02612,sku_quoted,P018,2024-03-24
A010446,K0310,I02612,commissioning,self,2024-03-24
A010447,K0310,I02612,service_plan,premium,2024-03-24
A010448,K0310,I02612,support_tier,dedicated,2024-03-24
A010449,K0337,I02613,sku_quoted,P012,2025-04-17
A010450,K0337,I02613,commissioning,on-site,2025-04-17
A010451,K0337,I02613,service_plan,premium,2025-04-17
A010452,K0337,I02613,support_tier,dedicated,2025-04-17
A010453,K0315,I02614,sku_quoted,P016,2025-06-10
A010454,K0315,I02614,commissioning,on-site,2025-06-10
A010455,K0315,I02614,service_plan,standard,2025-06-10
A010456,K0315,I02614,support_tier,pooled,2025-06-10
A010457,K0113,I02615,sku_quoted,P027,2024-09-02
A010458,K0113,I02615,commissioning,guided,2024-09-02
A010459,K0113,I02615,service_plan,premium,2024-09-02
A010460,K0113,I02615,support_tier,dedicated,2024-09-02
A010461,K0050,I02616,sku_quoted,P006,2025-02-14
A010462,K0050,I02616,commissioning,on-site,2025-02-14
A010463,K0050,I02616,service_plan,standard,2025-02-14
A010464,K0050,I02616,support_tier,dedicated,2025-02-14
A010465,K0145,I02617,sku_quoted,P016,2025-01-19
A010466,K0145,I02617,commissioning,on-site,2025-01-19
A010467,K0145,I02617,service_plan,standard,2025-01-19
A010468,K0145,I02617,support_tier,dedicated,2025-01-19
A010469,K0143,I02618,sku_quoted,P026,2024-10-07
A010470,K0143,I02618,commissioning,guided,2024-10-07
A010471,K0143,I02618,service_plan,none,2024-10-07
A010472,K0143,I02618,support_tier,pooled,2024-10-07
A010473,K0333,I02619,sku_quoted,P042,2024-07-14
A010474,K0333,I02619,commissioning,self,2024-07-14
A010475,K0333,I02619,service_plan,premium,2024-07-14
A010476,K0333,I02619,support_tier,pooled,2024-07-14
A010477,K0246,I02620,sku_quoted,P036,2025-03-19
A010478,K0246,I02620,commissioning,self,2025-03-19
A010479,K0246,I02620,service_plan,standard,2025-03-19
A010480,K0246,I02620,support_tier,pooled,2025-03-19
A010481,K0428,I02621,sku_quoted,P016,2025-01-26
A010482,K0428,I02621,commissioning,on-site,2025-01-26
A010483,K0428,I02621,service_plan,standard,2025-01-26
A010484,K0428,I02621,support_tier,dedicated,2025-01-26
A010485,K0304,I02622,sku_quoted,P038,2024-06-18
A010486,K0304,I02622,commissioning,guided,2024-06-18
A010487,K0304,I02622,service_plan,none,2024-06-18
A010488,K0304,I02622,support_tier,dedicated,2024-06-18
A010489,K0085,I02623,sku_quoted,P016,2025-01-03
A010490,K0085,I02623,commissioning,on-site,2025-01-03
A010491,K0085,I02623,service_plan,standard,2025-01-03
A010492,K0085,I02623,support_tier,dedicated,2025-01-03
A010493,K0180,I02624,sku_quoted,P007,2024-04-10
A010494,K0180,I02624,commissioning,self,2024-04-10
A010495,K0180,I02624,service_plan,none,2024-04-10
A010496,K0180,I02624,support_tier,dedicated,2024-04-10
A010497,K0321,I02625,sku_quoted,P037,2025-01-19
A010498,K0321,I02625,commissioning,guided,2025-01-19
A010499,K0321,I02625,service_plan,premium,2025-01-19
A010500,K0321,I02625,support_tier,pooled,2025-01-19
A010501,K0002,I02626,sku_quoted,P030,2024-09-18
A010502,K0002,I02626,commissioning,self,2024-09-18
A010503,K0002,I02626,service_plan,premium,2024-09-18
A010504,K0002,I02626,support_tier,pooled,2024-09-18
A010505,K0131,I02627,sku_quoted,P009,2024-05-08
A010506,K0131,I02627,commissioning,guided,2024-05-08
A010507,K0131,I02627,service_plan,standard,2024-05-08
A010508,K0131,I02627,support_tier,pooled,2024-05-08
A010509,K0120,I02628,sku_quoted,P029,2024-11-09
A010510,K0120,I02628,commissioning,guided,2024-11-09
A010511,K0120,I02628,service_plan,standard,2024-11-09
A010512,K0120,I02628,support_tier,pooled,2024-11-09
A010513,K0227,I02629,sku_quoted,P017,2025-04-12
A010514,K0227,I02629,commissioning,guided,2025-04-12
A010515,K0227,I02629,service_plan,premium,2025-04-12
A010516,K0227,I02629,support_tier,pooled,2025-04-12
A010517,K0255,I02630,sku_quoted,P036,2024-09-30
A010518,K0255,I02630,commissioning,self,2024-09-30
A010519,K0255,I02630,service_plan,standard,2024-09-30
A010520,K0255,I02630,support_tier,pooled,2024-09-30
A010521,K0251,I02631,sku_quoted,P037,2024-12-17
A010522,K0251,I02631,commissioning,guided,2024-12-17
A010523,K0251,I02631,service_plan,standard,2024-12-17
A010524,K0251,I02631,support_tier,dedicated,2024-12-17
A010525,K0463,I02632,sku_quoted,P004,2025-01-14
A010526,K0463,I02632,commissioning,self,2025-01-14
A010527,K0463,I02632,service_plan,standard,2025-01-14
A010528,K0463,I02632,support_tier,pooled,2025-01-14
A010529,K0061,I02633,sku_quoted,P002,2025-07-02
A010530,K0061,I02633,commissioning,on-site,2025-07-02
A010531,K0061,I02633,service_plan,premium,2025-07-02
A010532,K0061,I02633,support_tier,dedicated,2025-07-02
A010533,K0401,I02634,sku_quoted,P032,2024-11-21
A010534,K0401,I02634,commissioning,guided,2024-11-21
A010535,K0401,I02634,service_plan,standard,2024-11-21
A010536,K0401,I02634,support_tier,dedicated,2024-11-21
A010537,K0112,I02635,sku_quoted,P006,2024-11-17
A010538,K0112,I02635,commissioning,guided,2024-11-17
A010539,K0112,I02635,service_plan,standard,2024-11-17
A010540,K0112,I02635,support_tier,dedicated,2024-11-17
A010541,K0507,I02636,sku_quoted,P040,2024-06-07
A010542,K0507,I02636,commissioning,on-site,2024-06-07
A010543,K0507,I02636,service_plan,premium,2024-06-07
A010544,K0507,I02636,support_tier,dedicated,2024-06-07
A010545,K0013,I02637,sku_quoted,P027,2024-07-08
A010546,K0013,I02637,commissioning,self,2024-07-08
A010547,K0013,I02637,service_plan,none,2024-07-08
A010548,K0013,I02637,support_tier,dedicated,2024-07-08
A010549,K0407,I02638,sku_quoted,P038,2024-04-28
A010550,K0407,I02638,commissioning,on-site,2024-04-28
A010551,K0407,I02638,service_plan,none,2024-04-28
A010552,K0407,I02638,support_tier,pooled,2024-04-28
A010553,K0394,I02639,sku_quoted,P036,2025-03-10
A010554,K0394,I02639,commissioning,self,2025-03-10
A010555,K0394,I02639,service_plan,none,2025-03-10
A010556,K0394,I02639,support_tier,pooled,2025-03-10
A010557,K0406,I02640,sku_quoted,P002,2024-05-21
A010558,K0406,I02640,commissioning,on-site,2024-05-21
A010559,K0406,I02640,service_plan,none,2024-05-21
A010560,K0406,I02640,support_tier,pooled,2024-05-21
A010561,K0279,I02641,sku_quoted,P035,2024-05-03
A010562,K0279,I02641,commissioning,on-site,2024-05-03
A010563,K0279,I02641,service_plan,premium,2024-05-03
A010564,K0279,I02641,support_tier,dedicated,2024-05-03
A010565,K0032,I02642,sku_quoted,P030,2025-04-19
A010566,K0032,I02642,commissioning,on-site,2025-04-19
A010567,K0032,I02642,service_plan,none,2025-04-19
A010568,K0032,I02642,support_tier,pooled,2025-04-19
A010569,K0159,I02643,sku_quoted,P023,2024-05-21
A010570,K0159,I02643,commissioning,guided,2024-05-21
A010571,K0159,I02643,service_plan,premium,2024-05-21
A010572,K0159,I02643,support_tier,pooled,2024-05-21
A010573,K0246,I02644,sku_quoted,P038,2025-01-14
A010574,K0246,I02644,commissioning,on-site,2025-01-14
A010575,K0246,I02644,service_plan,standard,2025-01-14
A010576,K0246,I02644,support_tier,pooled,2025-01-14
A010577,K0434,I02645,sku_quoted,P042,2025-06-19
A010578,K0434,I02645,commissioning,guided,2025-06-19
A010579,K0434,I02645,service_plan,standard,2025-06-19
A010580,K0434,I02645,support_tier,dedicated,2025-06-19
A010581,K0189,I02646,sku_quoted,P027,2025-06-12
A010582,K0189,I02646,commissioning,guided,2025-06-12
A010583,K0189,I02646,service_plan,standard,2025-06-12
A010584,K0189,I02646,support_tier,dedicated,2025-06-12
A010585,K0290,I02647,sku_quoted,P010,2025-03-10
A010586,K0290,I02647,commissioning,on-site,2025-03-10
A010587,K0290,I02647,service_plan,standard,2025-03-10
A010588,K0290,I02647,support_tier,dedicated,2025-03-10
A010589,K0454,I02648,sku_quoted,P036,2025-06-01
A010590,K0454,I02648,commissioning,self,2025-06-01
A010591,K0454,I02648,service_plan,standard,2025-06-01
A010592,K0454,I02648,support_tier,pooled,2025-06-01
A010593,K0161,I02649,sku_quoted,P014,2024-12-10
A010594,K0161,I02649,commissioning,self,2024-12-10
A010595,K0161,I02649,service_plan,standard,2024-12-10
A010596,K0161,I02649,support_tier,dedicated,2024-12-10
A010597,K0227,I02650,sku_quoted,P020,2024-05-07
A010598,K0227,I02650,commissioning,self,2024-05-07
A010599,K0227,I02650,service_plan,premium,2024-05-07
A010600,K0227,I02650,support_tier,dedicated,2024-05-07
A010601,K0089,I02651,sku_quoted,P005,2024-10-06
A010602,K0089,I02651,commissioning,self,2024-10-06
A010603,K0089,I02651,service_plan,none,2024-10-06
A010604,K0089,I02651,support_tier,dedicated,2024-10-06
A010605,K0014,I02652,sku_quoted,P002,2025-07-29
A010606,K0014,I02652,commissioning,self,2025-07-29
A010607,K0014,I02652,service_plan,premium,2025-07-29
A010608,K0014,I02652,support_tier,dedicated,2025-07-29
A010609,K0118,I02653,sku_quoted,P026,2024-10-23
A010610,K0118,I02653,commissioning,self,2024-10-23
A010611,K0118,I02653,service_plan,premium,2024-10-23
A010612,K0118,I02653,support_tier,dedicated,2024-10-23
A010613,K0314,I02654,sku_quoted,P028,2025-02-06
A010614,K0314,I02654,commissioning,on-site,2025-02-06
A010615,K0314,I02654,service_plan,none,2025-02-06
A010616,K0314,I02654,support_tier,pooled,2025-02-06
A010617,K0317,I02655,sku_quoted,P016,2024-05-11
A010618,K0317,I02655,commissioning,on-site,2024-05-11
A010619,K0317,I02655,service_plan,standard,2024-05-11
A010620,K0317,I02655,support_tier,pooled,2024-05-11
A010621,K0220,I02656,sku_quoted,P042,2024-06-30
A010622,K0220,I02656,commissioning,self,2024-06-30
A010623,K0220,I02656,service_plan,none,2024-06-30
A010624,K0220,I02656,support_tier,pooled,2024-06-30
A010625,K0251,I02657,sku_quoted,P034,2025-07-16
A010626,K0251,I02657,commissioning,guided,2025-07-16
A010627,K0251,I02657,service_plan,standard,2025-07-16
A010628,K0251,I02657,support_tier,pooled,2025-07-16
A010629,K0283,I02658,sku_quoted,P038,2025-06-13
A010630,K0283,I02658,commissioning,self,2025-06-13
A010631,K0283,I02658,service_plan,standard,2025-06-13
A010632,K0283,I02658,support_tier,pooled,2025-06-13
A010633,K0259,I02659,sku_quoted,P004,2024-10-14
A010634,K0259,I02659,commissioning,self,2024-10-14
A010635,K0259,I02659,service_plan,none,2024-10-14
A010636,K0259,I02659,support_tier,pooled,2024-10-14
A010637,K0461,I02660,sku_quoted,P013,2025-03-31
A010638,K0461,I02660,commissioning,self,2025-03-31
A010639,K0461,I02660,service_plan,standard,2025-03-31
A010640,K0461,I02660,support_tier,pooled,2025-03-31
A010641,K0048,I02661,sku_quoted,P009,2024-11-18
A010642,K0048,I02661,commissioning,on-site,2024-11-18
A010643,K0048,I02661,service_plan,standard,2024-11-18
A010644,K0048,I02661,support_tier,pooled,2024-11-18
A010645,K0005,I02662,sku_quoted,P021,2025-06-09
A010646,K0005,I02662,commissioning,on-site,2025-06-09
A010647,K0005,I02662,service_plan,standard,2025-06-09
A010648,K0005,I02662,support_tier,dedicated,2025-06-09
A010649,K0018,I02663,sku_quoted,P019,2024-02-03
A010650,K0018,I02663,commissioning,on-site,2024-02-03
A010651,K0018,I02663,service_plan,premium,2024-02-03
A010652,K0018,I02663,support_tier,pooled,2024-02-03
A010653,K0436,I02664,sku_quoted,P014,2024-12-20
A010654,K0436,I02664,commissioning,self,2024-12-20
A010655,K0436,I02664,service_plan,premium,2024-12-20
A010656,K0436,I02664,support_tier,dedicated,2024-12-20
A010657,K0480,I02665,sku_quoted,P023,2024-08-31
A010658,K0480,I02665,commissioning,self,2024-08-31
A010659,K0480,I02665,service_plan,none,2024-08-31
A010660,K0480,I02665,support_tier,pooled,2024-08-31
A010661,K0250,I02666,sku_quoted,P011,2025-02-21
A010662,K0250,I02666,commissioning,on-site,2025-02-21
A010663,K0250,I02666,service_plan,none,2025-02-21
A010664,K0250,I02666,support_tier,dedicated,2025-02-21
A010665,K0111,I02667,sku_quoted,P038,2024-02-06
A010666,K0111,I02667,commissioning,self,2024-02-06
A010667,K0111,I02667,service_plan,standard,2024-02-06
A010668,K0111,I02667,support_tier,dedicated,2024-02-06
A010669,K0478,I02668,sku_quoted,P036,2025-03-11
A010670,K0478,I02668,commissioning,self,2025-03-11
A010671,K0478,I02668,service_plan,standard,2025-03-11
A010672,K0478,I02668,support_tier,pooled,2025-03-11
A010673,K0422,I02669,sku_quoted,P015,2025-02-08
A010674,K0422,I02669,commissioning,on-site,2025-02-08
A010675,K0422,I02669,service_plan,standard,2025-02-08
A010676,K0422,I02669,support_tier,pooled,2025-02-08
A010677,K0040,I02670,sku_quoted,P028,2025-07-18
A010678,K0040,I02670,commissioning,guided,2025-07-18
A010679,K0040,I02670,service_plan,none,2025-07-18
A010680,K0040,I02670,support_tier,pooled,2025-07-18
A010681,K0372,I02671,sku_quoted,P040,2025-06-16
A010682,K0372,I02671,commissioning,on-site,2025-06-16
A010683,K0372,I02671,service_plan,none,2025-06-16
A010684,K0372,I02671,support_tier,dedicated,2025-06-16
A010685,K0044,I02672,sku_quoted,P017,2024-08-28
A010686,K0044,I02672,commissioning,guided,2024-08-28
A010687,K0044,I02672,service_plan,none,2024-08-28
A010688,K0044,I02672,support_tier,pooled,2024-08-28
A010689,K0452,I02673,sku_quoted,P037,2025-02-09
A010690,K0452,I02673,commissioning,on-site,2025-02-09
A010691,K0452,I02673,service_plan,none,2025-02-09
A010692,K0452,I02673,support_tier,dedicated,2025-02-09
A010693,K0451,I02674,sku_quoted,P010,2024-03-11
A010694,K0451,I02674,commissioning,self,2024-03-11
A010695,K0451,I02674,service_plan,none,2024-03-11
A010696,K0451,I02674,support_tier,dedicated,2024-03-11
A010697,K0280,I02675,sku_quoted,P034,2024-06-02
A010698,K0280,I02675,commissioning,guided,2024-06-02
A010699,K0280,I02675,service_plan,premium,2024-06-02
A010700,K0280,I02675,support_tier,dedicated,2024-06-02
A010701,K0483,I02676,sku_quoted,P042,2024-10-24
A010702,K0483,I02676,commissioning,on-site,2024-10-24
A010703,K0483,I02676,service_plan,standard,2024-10-24
A010704,K0483,I02676,support_tier,dedicated,2024-10-24
A010705,K0411,I02677,sku_quoted,P035,2024-04-14
A010706,K0411,I02677,commissioning,on-site,2024-04-14
A010707,K0411,I02677,service_plan,premium,2024-04-14
A010708,K0411,I02677,support_tier,dedicated,2024-04-14
A010709,K0164,I02678,sku_quoted,P010,2024-07-09
A010710,K0164,I02678,commissioning,self,2024-07-09
A010711,K0164,I02678,service_plan,standard,2024-07-09
A010712,K0164,I02678,support_tier,dedicated,2024-07-09
A010713,K0124,I02679,sku_quoted,P011,2025-01-11
A010714,K0124,I02679,commissioning,guided,2025-01-11
A010715,K0124,I02679,service_plan,premium,2025-01-11
A010716,K0124,I02679,support_tier,pooled,2025-01-11
A010717,K0129,I02680,sku_quoted,P012,2025-01-20
A010718,K0129,I02680,commissioning,self,2025-01-20
A010719,K0129,I02680,service_plan,standard,2025-01-20
A010720,K0129,I02680,support_tier,pooled,2025-01-20
A010721,K0242,I02681,sku_quoted,P040,2025-06-25
A010722,K0242,I02681,commissioning,self,2025-06-25
A010723,K0242,I02681,service_plan,standard,2025-06-25
A010724,K0242,I02681,support_tier,pooled,2025-06-25
A010725,K0255,I02682,sku_quoted,P036,2025-01-15
A010726,K0255,I02682,commissioning,guided,2025-01-15
A010727,K0255,I02682,service_plan,standard,2025-01-15
A010728,K0255,I02682,support_tier,pooled,2025-01-15
A010729,K0117,I02683,sku_quoted,P024,2024-12-06
A010730,K0117,I02683,commissioning,guided,2024-12-06
A010731,K0117,I02683,service_plan,premium,2024-12-06
A010732,K0117,I02683,support_tier,pooled,2024-12-06
A010733,K0506,I02684,sku_quoted,P018,2024-05-07
A010734,K0506,I02684,commissioning,on-site,2024-05-07
A010735,K0506,I02684,service_plan,standard,2024-05-07
A010736,K0506,I02684,support_tier,pooled,2024-05-07
A010737,K0244,I02685,sku_quoted,P035,2024-11-15
A010738,K0244,I02685,commissioning,guided,2024-11-15
A010739,K0244,I02685,service_plan,none,2024-11-15
A010740,K0244,I02685,support_tier,dedicated,2024-11-15
A010741,K0206,I02686,sku_quoted,P028,2025-01-30
A010742,K0206,I02686,commissioning,on-site,2025-01-30
A010743,K0206,I02686,service_plan,premium,2025-01-30
A010744,K0206,I02686,support_tier,dedicated,2025-01-30
A010745,K0311,I02687,sku_quoted,P010,2024-11-07
A010746,K0311,I02687,commissioning,on-site,2024-11-07
A010747,K0311,I02687,service_plan,none,2024-11-07
A010748,K0311,I02687,support_tier,dedicated,2024-11-07
A010749,K0192,I02688,sku_quoted,P024,2024-04-02
A010750,K0192,I02688,commissioning,self,2024-04-02
A010751,K0192,I02688,service_plan,premium,2024-04-02
A010752,K0192,I02688,support_tier,pooled,2024-04-02
A010753,K0447,I02689,sku_quoted,P041,2024-11-10
A010754,K0447,I02689,commissioning,on-site,2024-11-10
A010755,K0447,I02689,service_plan,none,2024-11-10
A010756,K0447,I02689,support_tier,dedicated,2024-11-10
A010757,K0389,I02690,sku_quoted,P021,2024-09-10
A010758,K0389,I02690,commissioning,self,2024-09-10
A010759,K0389,I02690,service_plan,none,2024-09-10
A010760,K0389,I02690,support_tier,dedicated,2024-09-10
A010761,K0277,I02691,sku_quoted,P042,2025-07-02
A010762,K0277,I02691,commissioning,self,2025-07-02
A010763,K0277,I02691,service_plan,standard,2025-07-02
A010764,K0277,I02691,support_tier,dedicated,2025-07-02
A010765,K0105,I02692,sku_quoted,P032,2025-04-02
A010766,K0105,I02692,commissioning,guided,2025-04-02
A010767,K0105,I02692,service_plan,standard,2025-04-02
A010768,K0105,I02692,support_tier,dedicated,2025-04-02
A010769,K0229,I02693,sku_quoted,P030,2024-11-05
A010770,K0229,I02693,commissioning,guided,2024-11-05
A010771,K0229,I02693,service_plan,none,2024-11-05
A010772,K0229,I02693,support_tier,pooled,2024-11-05
A010773,K0026,I02694,sku_quoted,P006,2024-10-20
A010774,K0026,I02694,commissioning,on-site,2024-10-20
A010775,K0026,I02694,service_plan,standard,2024-10-20
A010776,K0026,I02694,support_tier,pooled,2024-10-20
A010777,K0462,I02695,sku_quoted,P021,2025-04-22
A010778,K0462,I02695,commissioning,on-site,2025-04-22
A010779,K0462,I02695,service_plan,none,2025-04-22
A010780,K0462,I02695,support_tier,pooled,2025-04-22
A010781,K0242,I02696,sku_quoted,P039,2025-02-25
A010782,K0242,I02696,commissioning,on-site,2025-02-25
A010783,K0242,I02696,service_plan,none,2025-02-25
A010784,K0242,I02696,support_tier,dedicated,2025-02-25
A010785,K0501,I02697,sku_quoted,P011,2024-09-03
A010786,K0501,I02697,commissioning,on-site,2024-09-03
A010787,K0501,I02697,service_plan,standard,2024-09-03
A010788,K0501,I02697,support_tier,dedicated,2024-09-03
A010789,K0089,I02698,sku_quoted,P017,2025-07-05
A010790,K0089,I02698,commissioning,on-site,2025-07-05
A010791,K0089,I02698,service_plan,none,2025-07-05
A010792,K0089,I02698,support_tier,pooled,2025-07-05
A010793,K0403,I02699,sku_quoted,P040,2024-10-14
A010794,K0403,I02699,commissioning,guided,2024-10-14
A010795,K0403,I02699,service_plan,none,2024-10-14
A010796,K0403,I02699,support_tier,pooled,2024-10-14
A010797,K0273,I02700,sku_quoted,P013,2024-07-15
A010798,K0273,I02700,commissioning,on-site,2024-07-15
A010799,K0273,I02700,service_plan,standard,2024-07-15
A010800,K0273,I02700,support_tier,pooled,2024-07-15
A010801,K0105,I02701,sku_quoted,P033,2025-07-07
A010802,K0105,I02701,commissioning,on-site,2025-07-07
A010803,K0105,I02701,service_plan,standard,2025-07-07
A010804,K0105,I02701,support_tier,dedicated,2025-07-07
A010805,K0005,I02702,sku_quoted,P012,2024-11-23
A010806,K0005,I02702,commissioning,self,2024-11-23
A010807,K0005,I02702,service_plan,none,2024-11-23
A010808,K0005,I02702,support_tier,dedicated,2024-11-23
A010809,K0049,I02703,sku_quoted,P019,2024-07-03
A010810,K0049,I02703,commissioning,on-site,2024-07-03
A010811,K0049,I02703,service_plan,none,2024-07-03
A010812,K0049,I02703,support_tier,pooled,2024-07-03
A010813,K0350,I02704,sku_quoted,P041,2025-06-14
A010814,K0350,I02704,commissioning,self,2025-06-14
A010815,K0350,I02704,service_plan,none,2025-06-14
A010816,K0350,I02704,support_tier,dedicated,2025-06-14
A010817,K0362,I02705,sku_quoted,P033,2025-04-20
A010818,K0362,I02705,commissioning,self,2025-04-20
A010819,K0362,I02705,service_plan,none,2025-04-20
A010820,K0362,I02705,support_tier,dedicated,2025-04-20
A010821,K0033,I02706,sku_quoted,P038,2025-03-06
A010822,K0033,I02706,commissioning,on-site,2025-03-06
A010823,K0033,I02706,service_plan,standard,2025-03-06
A010824,K0033,I02706,support_tier,pooled,2025-03-06
A010825,K0161,I02707,sku_quoted,P016,2024-09-17
A010826,K0161,I02707,commissioning,guided,2024-09-17
A010827,K0161,I02707,service_plan,none,2024-09-17
A010828,K0161,I02707,support_tier,pooled,2024-09-17
A010829,K0064,I02708,sku_quoted,P026,2024-08-16
A010830,K0064,I02708,commissioning,guided,2024-08-16
A010831,K0064,I02708,service_plan,standard,2024-08-16
A010832,K0064,I02708,support_tier,dedicated,2024-08-16
A010833,K0005,I02709,sku_quoted,P040,2025-05-02
A010834,K0005,I02709,commissioning,guided,2025-05-02
A010835,K0005,I02709,service_plan,none,2025-05-02
A010836,K0005,I02709,support_tier,dedicated,2025-05-02
A010837,K0005,I02710,sku_quoted,P026,2024-04-02
A010838,K0005,I02710,commissioning,guided,2024-04-02
A010839,K0005,I02710,service_plan,standard,2024-04-02
A010840,K0005,I02710,support_tier,dedicated,2024-04-02
A010841,K0199,I02711,sku_quoted,P014,2025-02-11
A010842,K0199,I02711,commissioning,on-site,2025-02-11
A010843,K0199,I02711,service_plan,standard,2025-02-11
A010844,K0199,I02711,support_tier,dedicated,2025-02-11
A010845,K0181,I02712,sku_quoted,P021,2025-08-19
A010846,K0181,I02712,commissioning,guided,2025-08-19
A010847,K0181,I02712,service_plan,premium,2025-08-19
A010848,K0181,I02712,support_tier,dedicated,2025-08-19
A010849,K0036,I02713,sku_quoted,P033,2024-10-15
A010850,K0036,I02713,commissioning,self,2024-10-15
A010851,K0036,I02713,service_plan,premium,2024-10-15
A010852,K0036,I02713,support_tier,pooled,2024-10-15
A010853,K0113,I02714,sku_quoted,P028,2025-04-13
A010854,K0113,I02714,commissioning,on-site,2025-04-13
A010855,K0113,I02714,service_plan,standard,2025-04-13
A010856,K0113,I02714,support_tier,dedicated,2025-04-13
A010857,K0159,I02715,sku_quoted,P033,2025-04-17
A010858,K0159,I02715,commissioning,guided,2025-04-17
A010859,K0159,I02715,service_plan,standard,2025-04-17
A010860,K0159,I02715,support_tier,dedicated,2025-04-17
A010861,K0025,I02716,sku_quoted,P013,2024-10-23
A010862,K0025,I02716,commissioning,self,2024-10-23
A010863,K0025,I02716,service_plan,premium,2024-10-23
A010864,K0025,I02716,support_tier,dedicated,2024-10-23
A010865,K0520,I02717,sku_quoted,P035,2024-11-21
A010866,K0520,I02717,commissioning,on-site,2024-11-21
A010867,K0520,I02717,service_plan,none,2024-11-21
A010868,K0520,I02717,support_tier,dedicated,2024-11-21
A010869,K0046,I02718,sku_quoted,P003,2025-05-27
A010870,K0046,I02718,commissioning,guided,2025-05-27
A010871,K0046,I02718,service_plan,standard,2025-05-27
A010872,K0046,I02718,support_tier,pooled,2025-05-27
A010873,K0284,I02719,sku_quoted,P020,2024-12-15
A010874,K0284,I02719,commissioning,self,2024-12-15
A010875,K0284,I02719,service_plan,standard,2024-12-15
A010876,K0284,I02719,support_tier,pooled,2024-12-15
A010877,K0207,I02720,sku_quoted,P014,2024-12-30
A010878,K0207,I02720,commissioning,on-site,2024-12-30
A010879,K0207,I02720,service_plan,standard,2024-12-30
A010880,K0207,I02720,support_tier,dedicated,2024-12-30
A010881,K0233,I02721,sku_quoted,P024,2024-05-23
A010882,K0233,I02721,commissioning,self,2024-05-23
A010883,K0233,I02721,service_plan,standard,2024-05-23
A010884,K0233,I02721,support_tier,pooled,2024-05-23
A010885,K0006,I02722,sku_quoted,P039,2024-06-10
A010886,K0006,I02722,commissioning,self,2024-06-10
A010887,K0006,I02722,service_plan,premium,2024-06-10
A010888,K0006,I02722,support_tier,pooled,2024-06-10
A010889,K0129,I02723,sku_quoted,P036,2024-11-05
A010890,K0129,I02723,commissioning,guided,2024-11-05
A010891,K0129,I02723,service_plan,none,2024-11-05
A010892,K0129,I02723,support_tier,dedicated,2024-11-05
A010893,K0120,I02724,sku_quoted,P026,2024-12-13
A010894,K0120,I02724,commissioning,self,2024-12-13
A010895,K0120,I02724,service_plan,none,2024-12-13
A010896,K0120,I02724,support_tier,dedicated,2024-12-13
A010897,K0462,I02725,sku_quoted,P002,2025-03-28
A010898,K0462,I02725,commissioning,on-site,2025-03-28
A010899,K0462,I02725,service_plan,standard,2025-03-28
A010900,K0462,I02725,support_tier,pooled,2025-03-28
A010901,K0162,I02726,sku_quoted,P034,2025-06-18
A010902,K0162,I02726,commissioning,on-site,2025-06-18
A010903,K0162,I02726,service_plan,standard,2025-06-18
A010904,K0162,I02726,support_tier,dedicated,2025-06-18
A010905,K0349,I02727,sku_quoted,P010,2024-10-12
A010906,K0349,I02727,commissioning,self,2024-10-12
A010907,K0349,I02727,service_plan,standard,2024-10-12
A010908,K0349,I02727,support_tier,dedicated,2024-10-12
A010909,K0030,I02728,sku_quoted,P027,2024-07-10
A010910,K0030,I02728,commissioning,self,2024-07-10
A010911,K0030,I02728,service_plan,premium,2024-07-10
A010912,K0030,I02728,support_tier,dedicated,2024-07-10
A010913,K0311,I02729,sku_quoted,P029,2024-04-19
A010914,K0311,I02729,commissioning,on-site,2024-04-19
A010915,K0311,I02729,service_plan,premium,2024-04-19
A010916,K0311,I02729,support_tier,dedicated,2024-04-19
A010917,K0229,I02730,sku_quoted,P006,2024-12-17
A010918,K0229,I02730,commissioning,on-site,2024-12-17
A010919,K0229,I02730,service_plan,none,2024-12-17
A010920,K0229,I02730,support_tier,dedicated,2024-12-17
A010921,K0305,I02731,sku_quoted,P034,2024-04-11
A010922,K0305,I02731,commissioning,guided,2024-04-11
A010923,K0305,I02731,service_plan,premium,2024-04-11
A010924,K0305,I02731,support_tier,pooled,2024-04-11
A010925,K0192,I02732,sku_quoted,P004,2024-12-29
A010926,K0192,I02732,commissioning,self,2024-12-29
A010927,K0192,I02732,service_plan,standard,2024-12-29
A010928,K0192,I02732,support_tier,dedicated,2024-12-29
A010929,K0310,I02733,sku_quoted,P038,2025-02-07
A010930,K0310,I02733,commissioning,guided,2025-02-07
A010931,K0310,I02733,service_plan,standard,2025-02-07
A010932,K0310,I02733,support_tier,pooled,2025-02-07
A010933,K0337,I02734,sku_quoted,P012,2025-05-28
A010934,K0337,I02734,commissioning,self,2025-05-28
A010935,K0337,I02734,service_plan,none,2025-05-28
A010936,K0337,I02734,support_tier,dedicated,2025-05-28
A010937,K0310,I02735,sku_quoted,P027,2025-04-15
A010938,K0310,I02735,commissioning,guided,2025-04-15
A010939,K0310,I02735,service_plan,standard,2025-04-15
A010940,K0310,I02735,support_tier,dedicated,2025-04-15
A010941,K0469,I02736,sku_quoted,P041,2025-06-17
A010942,K0469,I02736,commissioning,guided,2025-06-17
A010943,K0469,I02736,service_plan,none,2025-06-17
A010944,K0469,I02736,support_tier,dedicated,2025-06-17
A010945,K0100,I02737,sku_quoted,P017,2024-05-26
A010946,K0100,I02737,commissioning,on-site,2024-05-26
A010947,K0100,I02737,service_plan,standard,2024-05-26
A010948,K0100,I02737,support_tier,dedicated,2024-05-26
A010949,K0058,I02738,sku_quoted,P006,2025-01-21
A010950,K0058,I02738,commissioning,self,2025-01-21
A010951,K0058,I02738,service_plan,standard,2025-01-21
A010952,K0058,I02738,support_tier,dedicated,2025-01-21
A010953,K0267,I02739,sku_quoted,P019,2024-11-20
A010954,K0267,I02739,commissioning,guided,2024-11-20
A010955,K0267,I02739,service_plan,premium,2024-11-20
A010956,K0267,I02739,support_tier,dedicated,2024-11-20
A010957,K0136,I02740,sku_quoted,P037,2024-08-18
A010958,K0136,I02740,commissioning,on-site,2024-08-18
A010959,K0136,I02740,service_plan,standard,2024-08-18
A010960,K0136,I02740,support_tier,pooled,2024-08-18
A010961,K0423,I02741,sku_quoted,P003,2024-12-15
A010962,K0423,I02741,commissioning,guided,2024-12-15
A010963,K0423,I02741,service_plan,premium,2024-12-15
A010964,K0423,I02741,support_tier,dedicated,2024-12-15
A010965,K0173,I02742,sku_quoted,P031,2024-12-29
A010966,K0173,I02742,commissioning,guided,2024-12-29
A010967,K0173,I02742,service_plan,premium,2024-12-29
A010968,K0173,I02742,support_tier,dedicated,2024-12-29
A010969,K0176,I02743,sku_quoted,P034,2025-06-08
A010970,K0176,I02743,commissioning,self,2025-06-08
A010971,K0176,I02743,service_plan,standard,2025-06-08
A010972,K0176,I02743,support_tier,pooled,2025-06-08
A010973,K0061,I02744,sku_quoted,P003,2025-08-02
A010974,K0061,I02744,commissioning,guided,2025-08-02
A010975,K0061,I02744,service_plan,standard,2025-08-02
A010976,K0061,I02744,support_tier,pooled,2025-08-02
A010977,K0281,I02745,sku_quoted,P014,2025-04-19
A010978,K0281,I02745,commissioning,on-site,2025-04-19
A010979,K0281,I02745,service_plan,premium,2025-04-19
A010980,K0281,I02745,support_tier,dedicated,2025-04-19
A010981,K0023,I02746,sku_quoted,P004,2025-07-23
A010982,K0023,I02746,commissioning,self,2025-07-23
A010983,K0023,I02746,service_plan,none,2025-07-23
A010984,K0023,I02746,support_tier,pooled,2025-07-23
A010985,K0235,I02747,sku_quoted,P019,2025-02-18
A010986,K0235,I02747,commissioning,on-site,2025-02-18
A010987,K0235,I02747,service_plan,standard,2025-02-18
A010988,K0235,I02747,support_tier,pooled,2025-02-18
A010989,K0337,I02748,sku_quoted,P015,2025-06-18
A010990,K0337,I02748,commissioning,guided,2025-06-18
A010991,K0337,I02748,service_plan,premium,2025-06-18
A010992,K0337,I02748,support_tier,pooled,2025-06-18
A010993,K0509,I02749,sku_quoted,P031,2025-07-05
A010994,K0509,I02749,commissioning,self,2025-07-05
A010995,K0509,I02749,service_plan,premium,2025-07-05
A010996,K0509,I02749,support_tier,pooled,2025-07-05
A010997,K0054,I02750,sku_quoted,P019,2024-09-03
A010998,K0054,I02750,commissioning,on-site,2024-09-03
A010999,K0054,I02750,service_plan,none,2024-09-03
A011000,K0054,I02750,support_tier,dedicated,2024-09-03
A011001,K0509,I02751,sku_quoted,P033,2025-02-02
A011002,K0509,I02751,commissioning,self,2025-02-02
A011003,K0509,I02751,service_plan,standard,2025-02-02
A011004,K0509,I02751,support_tier,pooled,2025-02-02
A011005,K0379,I02752,sku_quoted,P001,2024-12-22
A011006,K0379,I02752,commissioning,guided,2024-12-22
A011007,K0379,I02752,service_plan,none,2024-12-22
A011008,K0379,I02752,support_tier,dedicated,2024-12-22
A011009,K0259,I02753,sku_quoted,P030,2024-06-11
A011010,K0259,I02753,commissioning,guided,2024-06-11
A011011,K0259,I02753,service_plan,standard,2024-06-11
A011012,K0259,I02753,support_tier,pooled,2024-06-11
A011013,K0388,I02754,sku_quoted,P025,2025-05-09
A011014,K0388,I02754,commissioning,self,2025-05-09
A011015,K0388,I02754,service_plan,standard,2025-05-09
A011016,K0388,I02754,support_tier,pooled,2025-05-09
A011017,K0313,I02755,sku_quoted,P006,2025-05-17
A011018,K0313,I02755,commissioning,guided,2025-05-17
A011019,K0313,I02755,service_plan,standard,2025-05-17
A011020,K0313,I02755,support_tier,dedicated,2025-05-17
A011021,K0393,I02756,sku_quoted,P014,2024-04-15
A011022,K0393,I02756,commissioning,guided,2024-04-15
A011023,K0393,I02756,service_plan,standard,2024-04-15
A011024,K0393,I02756,support_tier,dedicated,2024-04-15
A011025,K0154,I02757,sku_quoted,P039,2025-04-03
A011026,K0154,I02757,commissioning,self,2025-04-03
A011027,K0154,I02757,service_plan,none,2025-04-03
A011028,K0154,I02757,support_tier,dedicated,2025-04-03
A011029,K0461,I02758,sku_quoted,P010,2025-04-27
A011030,K0461,I02758,commissioning,guided,2025-04-27
A011031,K0461,I02758,service_plan,standard,2025-04-27
A011032,K0461,I02758,support_tier,dedicated,2025-04-27
A011033,K0219,I02759,sku_quoted,P036,2024-03-12
A011034,K0219,I02759,commissioning,self,2024-03-12
A011035,K0219,I02759,service_plan,standard,2024-03-12
A011036,K0219,I02759,support_tier,pooled,2024-03-12
A011037,K0350,I02760,sku_quoted,P003,2024-05-30
A011038,K0350,I02760,commissioning,on-site,2024-05-30
A011039,K0350,I02760,service_plan,none,2024-05-30
A011040,K0350,I02760,support_tier,pooled,2024-05-30
A011041,K0067,I02761,sku_quoted,P028,2024-03-06
A011042,K0067,I02761,commissioning,self,2024-03-06
A011043,K0067,I02761,service_plan,none,2024-03-06
A011044,K0067,I02761,support_tier,dedicated,2024-03-06
A011045,K0408,I02762,sku_quoted,P024,2025-01-16
A011046,K0408,I02762,commissioning,on-site,2025-01-16
A011047,K0408,I02762,service_plan,standard,2025-01-16
A011048,K0408,I02762,support_tier,pooled,2025-01-16
A011049,K0005,I02763,sku_quoted,P014,2024-07-02
A011050,K0005,I02763,commissioning,self,2024-07-02
A011051,K0005,I02763,service_plan,premium,2024-07-02
A011052,K0005,I02763,support_tier,dedicated,2024-07-02
A011053,K0332,I02764,sku_quoted,P042,2025-05-01
A011054,K0332,I02764,commissioning,self,2025-05-01
A011055,K0332,I02764,service_plan,standard,2025-05-01
A011056,K0332,I02764,support_tier,dedicated,2025-05-01
A011057,K0086,I02765,sku_quoted,P033,2024-06-14
A011058,K0086,I02765,commissioning,guided,2024-06-14
A011059,K0086,I02765,service_plan,standard,2024-06-14
A011060,K0086,I02765,support_tier,pooled,2024-06-14
A011061,K0308,I02766,sku_quoted,P007,2024-12-17
A011062,K0308,I02766,commissioning,on-site,2024-12-17
A011063,K0308,I02766,service_plan,premium,2024-12-17
A011064,K0308,I02766,support_tier,dedicated,2024-12-17
A011065,K0123,I02767,sku_quoted,P017,2025-02-22
A011066,K0123,I02767,commissioning,on-site,2025-02-22
A011067,K0123,I02767,service_plan,premium,2025-02-22
A011068,K0123,I02767,support_tier,dedicated,2025-02-22
A011069,K0415,I02768,sku_quoted,P042,2024-08-09
A011070,K0415,I02768,commissioning,guided,2024-08-09
A011071,K0415,I02768,service_plan,none,2024-08-09
A011072,K0415,I02768,support_tier,pooled,2024-08-09
A011073,K0057,I02769,sku_quoted,P018,2024-03-07
A011074,K0057,I02769,commissioning,self,2024-03-07
A011075,K0057,I02769,service_plan,none,2024-03-07
A011076,K0057,I02769,support_tier,pooled,2024-03-07
A011077,K0305,I02770,sku_quoted,P010,2024-03-27
A011078,K0305,I02770,commissioning,self,2024-03-27
A011079,K0305,I02770,service_plan,premium,2024-03-27
A011080,K0305,I02770,support_tier,pooled,2024-03-27
A011081,K0360,I02771,sku_quoted,P041,2024-07-08
A011082,K0360,I02771,commissioning,self,2024-07-08
A011083,K0360,I02771,service_plan,none,2024-07-08
A011084,K0360,I02771,support_tier,dedicated,2024-07-08
A011085,K0486,I02772,sku_quoted,P019,2025-06-14
A011086,K0486,I02772,commissioning,guided,2025-06-14
A011087,K0486,I02772,service_plan,standard,2025-06-14
A011088,K0486,I02772,support_tier,pooled,2025-06-14
A011089,K0135,I02773,sku_quoted,P003,2025-05-29
A011090,K0135,I02773,commissioning,guided,2025-05-29
A011091,K0135,I02773,service_plan,standard,2025-05-29
A011092,K0135,I02773,support_tier,dedicated,2025-05-29
A011093,K0006,I02774,sku_quoted,P032,2025-03-30
A011094,K0006,I02774,commissioning,guided,2025-03-30
A011095,K0006,I02774,service_plan,standard,2025-03-30
A011096,K0006,I02774,support_tier,pooled,2025-03-30
A011097,K0331,I02775,sku_quoted,P032,2024-09-15
A011098,K0331,I02775,commissioning,self,2024-09-15
A011099,K0331,I02775,service_plan,standard,2024-09-15
A011100,K0331,I02775,support_tier,pooled,2024-09-15
A011101,K0341,I02776,sku_quoted,P019,2025-02-20
A011102,K0341,I02776,commissioning,on-site,2025-02-20
A011103,K0341,I02776,service_plan,standard,2025-02-20
A011104,K0341,I02776,support_tier,dedicated,2025-02-20
A011105,K0458,I02777,sku_quoted,P039,2024-09-28
A011106,K0458,I02777,commissioning,guided,2024-09-28
A011107,K0458,I02777,service_plan,premium,2024-09-28
A011108,K0458,I02777,support_tier,pooled,2024-09-28
A011109,K0318,I02778,sku_quoted,P007,2025-04-13
A011110,K0318,I02778,commissioning,guided,2025-04-13
A011111,K0318,I02778,service_plan,premium,2025-04-13
A011112,K0318,I02778,support_tier,dedicated,2025-04-13
A011113,K0273,I02779,sku_quoted,P036,2025-07-23
A011114,K0273,I02779,commissioning,self,2025-07-23
A011115,K0273,I02779,service_plan,premium,2025-07-23
A011116,K0273,I02779,support_tier,pooled,2025-07-23
A011117,K0106,I02780,sku_quoted,P034,2025-02-20
A011118,K0106,I02780,commissioning,self,2025-02-20
A011119,K0106,I02780,service_plan,standard,2025-02-20
A011120,K0106,I02780,support_tier,dedicated,2025-02-20
A011121,K0339,I02781,sku_quoted,P028,2025-04-30
A011122,K0339,I02781,commissioning,self,2025-04-30
A011123,K0339,I02781,service_plan,standard,2025-04-30
A011124,K0339,I02781,support_tier,dedicated,2025-04-30
A011125,K0498,I02782,sku_quoted,P003,2025-05-13
A011126,K0498,I02782,commissioning,guided,2025-05-13
A011127,K0498,I02782,service_plan,standard,2025-05-13
A011128,K0498,I02782,support_tier,pooled,2025-05-13
A011129,K0256,I02783,sku_quoted,P036,2025-05-25
A011130,K0256,I02783,commissioning,on-site,2025-05-25
A011131,K0256,I02783,service_plan,none,2025-05-25
A011132,K0256,I02783,support_tier,pooled,2025-05-25
A011133,K0363,I02784,sku_quoted,P004,2024-05-27
A011134,K0363,I02784,commissioning,guided,2024-05-27
A011135,K0363,I02784,service_plan,none,2024-05-27
A011136,K0363,I02784,support_tier,dedicated,2024-05-27
A011137,K0022,I02785,sku_quoted,P026,2025-07-18
A011138,K0022,I02785,commissioning,guided,2025-07-18
A011139,K0022,I02785,service_plan,premium,2025-07-18
A011140,K0022,I02785,support_tier,pooled,2025-07-18
A011141,K0069,I02786,sku_quoted,P024,2025-08-04
A011142,K0069,I02786,commissioning,on-site,2025-08-04
A011143,K0069,I02786,service_plan,standard,2025-08-04
A011144,K0069,I02786,support_tier,dedicated,2025-08-04
A011145,K0453,I02787,sku_quoted,P037,2024-12-18
A011146,K0453,I02787,commissioning,self,2024-12-18
A011147,K0453,I02787,service_plan,standard,2024-12-18
A011148,K0453,I02787,support_tier,pooled,2024-12-18
A011149,K0380,I02788,sku_quoted,P031,2024-10-13
A011150,K0380,I02788,commissioning,guided,2024-10-13
A011151,K0380,I02788,service_plan,standard,2024-10-13
A011152,K0380,I02788,support_tier,pooled,2024-10-13
A011153,K0510,I02789,sku_quoted,P006,2025-02-25
A011154,K0510,I02789,commissioning,guided,2025-02-25
A011155,K0510,I02789,service_plan,standard,2025-02-25
A011156,K0510,I02789,support_tier,pooled,2025-02-25
A011157,K0218,I02790,sku_quoted,P041,2024-08-18
A011158,K0218,I02790,commissioning,guided,2024-08-18
A011159,K0218,I02790,service_plan,standard,2024-08-18
A011160,K0218,I02790,support_tier,dedicated,2024-08-18
A011161,K0105,I02791,sku_quoted,P027,2025-04-02
A011162,K0105,I02791,commissioning,self,2025-04-02
A011163,K0105,I02791,service_plan,standard,2025-04-02
A011164,K0105,I02791,support_tier,dedicated,2025-04-02
A011165,K0068,I02792,sku_quoted,P024,2025-04-30
A011166,K0068,I02792,commissioning,self,2025-04-30
A011167,K0068,I02792,service_plan,premium,2025-04-30
A011168,K0068,I02792,support_tier,pooled,2025-04-30
A011169,K0311,I02793,sku_quoted,P004,2024-06-08
A011170,K0311,I02793,commissioning,on-site,2024-06-08
A011171,K0311,I02793,service_plan,standard,2024-06-08
A011172,K0311,I02793,support_tier,dedicated,2024-06-08
A011173,K0487,I02794,sku_quoted,P021,2024-03-28
A011174,K0487,I02794,commissioning,on-site,2024-03-28
A011175,K0487,I02794,service_plan,none,2024-03-28
A011176,K0487,I02794,support_tier,dedicated,2024-03-28
A011177,K0226,I02795,sku_quoted,P009,2025-06-29
A011178,K0226,I02795,commissioning,guided,2025-06-29
A011179,K0226,I02795,service_plan,standard,2025-06-29
A011180,K0226,I02795,support_tier,pooled,2025-06-29
A011181,K0181,I02796,sku_quoted,P012,2024-05-10
A011182,K0181,I02796,commissioning,self,2024-05-10
A011183,K0181,I02796,service_plan,standard,2024-05-10
A011184,K0181,I02796,support_tier,pooled,2024-05-10
A011185,K0024,I02797,sku_quoted,P013,2025-06-14
A011186,K0024,I02797,commissioning,self,2025-06-14
A011187,K0024,I02797,service_plan,none,2025-06-14
A011188,K0024,I02797,support_tier,dedicated,2025-06-14
A011189,K0231,I02798,sku_quoted,P005,2025-06-11
A011190,K0231,I02798,commissioning,self,2025-06-11
A011191,K0231,I02798,service_plan,none,2025-06-11
A011192,K0231,I02798,support_tier,dedicated,2025-06-11
A011193,K0277,I02799,sku_quoted,P039,2025-05-06
A011194,K0277,I02799,commissioning,guided,2025-05-06
A011195,K0277,I02799,service_plan,standard,2025-05-06
A011196,K0277,I02799,support_tier,pooled,2025-05-06
A011197,K0282,I02800,sku_quoted,P032,2025-07-16
A011198,K0282,I02800,commissioning,self,2025-07-16
A011199,K0282,I02800,service_plan,standard,2025-07-16
A011200,K0282,I02800,support_tier,dedicated,2025-07-16
A011201,K0400,I02801,sku_quoted,P011,2024-04-02
A011202,K0400,I02801,commissioning,on-site,2024-04-02
A011203,K0400,I02801,service_plan,none,2024-04-02
A011204,K0400,I02801,support_tier,dedicated,2024-04-02
A011205,K0019,I02802,sku_quoted,P015,2025-04-04
A011206,K0019,I02802,commissioning,self,2025-04-04
A011207,K0019,I02802,service_plan,standard,2025-04-04
A011208,K0019,I02802,support_tier,pooled,2025-04-04
A011209,K0495,I02803,sku_quoted,P023,2024-05-18
A011210,K0495,I02803,commissioning,guided,2024-05-18
A011211,K0495,I02803,service_plan,standard,2024-05-18
A011212,K0495,I02803,support_tier,pooled,2024-05-18
A011213,K0083,I02804,sku_quoted,P040,2025-02-12
A011214,K0083,I02804,commissioning,on-site,2025-02-12
A011215,K0083,I02804,service_plan,premium,2025-02-12
A011216,K0083,I02804,support_tier,pooled,2025-02-12
A011217,K0324,I02805,sku_quoted,P010,2024-04-27
A011218,K0324,I02805,commissioning,on-site,2024-04-27
A011219,K0324,I02805,service_plan,standard,2024-04-27
A011220,K0324,I02805,support_tier,pooled,2024-04-27
A011221,K0518,I02806,sku_quoted,P024,2024-02-27
A011222,K0518,I02806,commissioning,on-site,2024-02-27
A011223,K0518,I02806,service_plan,none,2024-02-27
A011224,K0518,I02806,support_tier,pooled,2024-02-27
A011225,K0308,I02807,sku_quoted,P018,2024-09-07
A011226,K0308,I02807,commissioning,self,2024-09-07
A011227,K0308,I02807,service_plan,none,2024-09-07
A011228,K0308,I02807,support_tier,pooled,2024-09-07
A011229,K0109,I02808,sku_quoted,P008,2025-05-11
A011230,K0109,I02808,commissioning,guided,2025-05-11
A011231,K0109,I02808,service_plan,standard,2025-05-11
A011232,K0109,I02808,support_tier,pooled,2025-05-11
A011233,K0396,I02809,sku_quoted,P025,2024-07-02
A011234,K0396,I02809,commissioning,self,2024-07-02
A011235,K0396,I02809,service_plan,premium,2024-07-02
A011236,K0396,I02809,support_tier,dedicated,2024-07-02
A011237,K0092,I02810,sku_quoted,P037,2025-05-28
A011238,K0092,I02810,commissioning,on-site,2025-05-28
A011239,K0092,I02810,service_plan,standard,2025-05-28
A011240,K0092,I02810,support_tier,pooled,2025-05-28
A011241,K0394,I02811,sku_quoted,P037,2025-03-06
A011242,K0394,I02811,commissioning,guided,2025-03-06
A011243,K0394,I02811,service_plan,standard,2025-03-06
A011244,K0394,I02811,support_tier,dedicated,2025-03-06
A011245,K0066,I02812,sku_quoted,P021,2025-03-11
A011246,K0066,I02812,commissioning,self,2025-03-11
A011247,K0066,I02812,service_plan,none,2025-03-11
A011248,K0066,I02812,support_tier,pooled,2025-03-11
A011249,K0112,I02813,sku_quoted,P022,2024-04-17
A011250,K0112,I02813,commissioning,guided,2024-04-17
A011251,K0112,I02813,service_plan,none,2024-04-17
A011252,K0112,I02813,support_tier,pooled,2024-04-17
A011253,K0033,I02814,sku_quoted,P021,2024-12-14
A011254,K0033,I02814,commissioning,guided,2024-12-14
A011255,K0033,I02814,service_plan,none,2024-12-14
A011256,K0033,I02814,support_tier,dedicated,2024-12-14
A011257,K0389,I02815,sku_quoted,P014,2024-08-21
A011258,K0389,I02815,commissioning,guided,2024-08-21
A011259,K0389,I02815,service_plan,standard,2024-08-21
A011260,K0389,I02815,support_tier,pooled,2024-08-21
A011261,K0106,I02816,sku_quoted,P041,2024-09-05
A011262,K0106,I02816,commissioning,on-site,2024-09-05
A011263,K0106,I02816,service_plan,standard,2024-09-05
A011264,K0106,I02816,support_tier,dedicated,2024-09-05
A011265,K0096,I02817,sku_quoted,P009,2024-03-13
A011266,K0096,I02817,commissioning,self,2024-03-13
A011267,K0096,I02817,service_plan,premium,2024-03-13
A011268,K0096,I02817,support_tier,pooled,2024-03-13
A011269,K0212,I02818,sku_quoted,P016,2024-07-25
A011270,K0212,I02818,commissioning,on-site,2024-07-25
A011271,K0212,I02818,service_plan,premium,2024-07-25
A011272,K0212,I02818,support_tier,pooled,2024-07-25
A011273,K0310,I02819,sku_quoted,P013,2024-04-04
A011274,K0310,I02819,commissioning,on-site,2024-04-04
A011275,K0310,I02819,service_plan,none,2024-04-04
A011276,K0310,I02819,support_tier,dedicated,2024-04-04
A011277,K0438,I02820,sku_quoted,P020,2024-04-29
A011278,K0438,I02820,commissioning,guided,2024-04-29
A011279,K0438,I02820,service_plan,none,2024-04-29
A011280,K0438,I02820,support_tier,pooled,2024-04-29
A011281,K0096,I02821,sku_quoted,P030,2025-03-23
A011282,K0096,I02821,commissioning,on-site,2025-03-23
A011283,K0096,I02821,service_plan,none,2025-03-23
A011284,K0096,I02821,support_tier,pooled,2025-03-23
A011285,K0354,I02822,sku_quoted,P019,2025-05-25
A011286,K0354,I02822,commissioning,on-site,2025-05-25
A011287,K0354,I02822,service_plan,premium,2025-05-25
A011288,K0354,I02822,support_tier,dedicated,2025-05-25
A011289,K0082,I02823,sku_quoted,P011,2025-07-04
A011290,K0082,I02823,commissioning,guided,2025-07-04
A011291,K0082,I02823,service_plan,none,2025-07-04
A011292,K0082,I02823,support_tier,dedicated,2025-07-04
A011293,K0474,I02824,sku_quoted,P014,2025-04-16
A011294,K0474,I02824,commissioning,on-site,2025-04-16
A011295,K0474,I02824,service_plan,none,2025-04-16
A011296,K0474,I02824,support_tier,pooled,2025-04-16
A011297,K0136,I02825,sku_quoted,P041,2024-08-07
A011298,K0136,I02825,commissioning,on-site,2024-08-07
A011299,K0136,I02825,service_plan,premium,2024-08-07
A011300,K0136,I02825,support_tier,pooled,2024-08-07
A011301,K0363,I02826,sku_quoted,P022,2025-06-13
A011302,K0363,I02826,commissioning,self,2025-06-13
A011303,K0363,I02826,service_plan,premium,2025-06-13
A011304,K0363,I02826,support_tier,pooled,2025-06-13
A011305,K0020,I02827,sku_quoted,P037,2025-01-04
A011306,K0020,I02827,commissioning,guided,2025-01-04
A011307,K0020,I02827,service_plan,standard,2025-01-04
A011308,K0020,I02827,support_tier,dedicated,2025-01-04
A011309,K0114,I02828,sku_quoted,P034,2024-06-11
A011310,K0114,I02828,commissioning,self,2024-06-11
A011311,K0114,I02828,service_plan,standard,2024-06-11
A011312,K0114,I02828,support_tier,pooled,2024-06-11
A011313,K0490,I02829,sku_quoted,P018,2024-11-18
A011314,K0490,I02829,commissioning,guided,2024-11-18
A011315,K0490,I02829,service_plan,none,2024-11-18
A011316,K0490,I02829,support_tier,pooled,2024-11-18
A011317,K0224,I02830,sku_quoted,P032,2024-08-17
A011318,K0224,I02830,commissioning,guided,2024-08-17
A011319,K0224,I02830,service_plan,standard,2024-08-17
A011320,K0224,I02830,support_tier,pooled,2024-08-17
A011321,K0076,I02831,sku_quoted,P019,2025-05-01
A011322,K0076,I02831,commissioning,self,2025-05-01
A011323,K0076,I02831,service_plan,standard,2025-05-01
A011324,K0076,I02831,support_tier,pooled,2025-05-01
A011325,K0056,I02832,sku_quoted,P020,2024-09-17
A011326,K0056,I02832,commissioning,guided,2024-09-17
A011327,K0056,I02832,service_plan,premium,2024-09-17
A011328,K0056,I02832,support_tier,dedicated,2024-09-17
A011329,K0002,I02833,sku_quoted,P033,2024-11-10
A011330,K0002,I02833,commissioning,guided,2024-11-10
A011331,K0002,I02833,service_plan,premium,2024-11-10
A011332,K0002,I02833,support_tier,dedicated,2024-11-10
A011333,K0261,I02834,sku_quoted,P030,2024-08-13
A011334,K0261,I02834,commissioning,self,2024-08-13
A011335,K0261,I02834,service_plan,none,2024-08-13
A011336,K0261,I02834,support_tier,dedicated,2024-08-13
A011337,K0034,I02835,sku_quoted,P038,2025-04-14
A011338,K0034,I02835,commissioning,on-site,2025-04-14
A011339,K0034,I02835,service_plan,none,2025-04-14
A011340,K0034,I02835,support_tier,pooled,2025-04-14
A011341,K0500,I02836,sku_quoted,P004,2025-03-11
A011342,K0500,I02836,commissioning,on-site,2025-03-11
A011343,K0500,I02836,service_plan,premium,2025-03-11
A011344,K0500,I02836,support_tier,dedicated,2025-03-11
A011345,K0230,I02837,sku_quoted,P001,2024-05-05
A011346,K0230,I02837,commissioning,on-site,2024-05-05
A011347,K0230,I02837,service_plan,standard,2024-05-05
A011348,K0230,I02837,support_tier,dedicated,2024-05-05
A011349,K0442,I02838,sku_quoted,P013,2024-12-28
A011350,K0442,I02838,commissioning,self,2024-12-28
A011351,K0442,I02838,service_plan,premium,2024-12-28
A011352,K0442,I02838,support_tier,dedicated,2024-12-28
A011353,K0149,I02839,sku_quoted,P025,2024-10-06
A011354,K0149,I02839,commissioning,on-site,2024-10-06
A011355,K0149,I02839,service_plan,standard,2024-10-06
A011356,K0149,I02839,support_tier,dedicated,2024-10-06
A011357,K0010,I02840,sku_quoted,P022,2024-09-05
A011358,K0010,I02840,commissioning,self,2024-09-05
A011359,K0010,I02840,service_plan,premium,2024-09-05
A011360,K0010,I02840,support_tier,pooled,2024-09-05
A011361,K0127,I02841,sku_quoted,P002,2024-07-01
A011362,K0127,I02841,commissioning,on-site,2024-07-01
A011363,K0127,I02841,service_plan,standard,2024-07-01
A011364,K0127,I02841,support_tier,pooled,2024-07-01
A011365,K0135,I02842,sku_quoted,P004,2024-10-07
A011366,K0135,I02842,commissioning,on-site,2024-10-07
A011367,K0135,I02842,service_plan,none,2024-10-07
A011368,K0135,I02842,support_tier,dedicated,2024-10-07
A011369,K0352,I02843,sku_quoted,P040,2024-06-25
A011370,K0352,I02843,commissioning,guided,2024-06-25
A011371,K0352,I02843,service_plan,none,2024-06-25
A011372,K0352,I02843,support_tier,dedicated,2024-06-25
A011373,K0341,I02844,sku_quoted,P021,2024-08-26
A011374,K0341,I02844,commissioning,self,2024-08-26
A011375,K0341,I02844,service_plan,standard,2024-08-26
A011376,K0341,I02844,support_tier,dedicated,2024-08-26
A011377,K0264,I02845,sku_quoted,P010,2024-07-07
A011378,K0264,I02845,commissioning,guided,2024-07-07
A011379,K0264,I02845,service_plan,standard,2024-07-07
A011380,K0264,I02845,support_tier,pooled,2024-07-07
A011381,K0498,I02846,sku_quoted,P018,2024-10-19
A011382,K0498,I02846,commissioning,guided,2024-10-19
A011383,K0498,I02846,service_plan,premium,2024-10-19
A011384,K0498,I02846,support_tier,dedicated,2024-10-19
A011385,K0038,I02847,sku_quoted,P009,2025-01-10
A011386,K0038,I02847,commissioning,self,2025-01-10
A011387,K0038,I02847,service_plan,none,2025-01-10
A011388,K0038,I02847,support_tier,pooled,2025-01-10
A011389,K0256,I02848,sku_quoted,P042,2025-05-28
A011390,K0256,I02848,commissioning,guided,2025-05-28
A011391,K0256,I02848,service_plan,none,2025-05-28
A011392,K0256,I02848,support_tier,pooled,2025-05-28
A011393,K0092,I02849,sku_quoted,P022,2024-03-01
A011394,K0092,I02849,commissioning,self,2024-03-01
A011395,K0092,I02849,service_plan,none,2024-03-01
A011396,K0092,I02849,support_tier,pooled,2024-03-01
A011397,K0417,I02850,sku_quoted,P033,2025-07-13
A011398,K0417,I02850,commissioning,on-site,2025-07-13
A011399,K0417,I02850,service_plan,standard,2025-07-13
A011400,K0417,I02850,support_tier,dedicated,2025-07-13
A011401,K0312,I02851,sku_quoted,P005,2025-03-03
A011402,K0312,I02851,commissioning,guided,2025-03-03
A011403,K0312,I02851,service_plan,none,2025-03-03
A011404,K0312,I02851,support_tier,pooled,2025-03-03
A011405,K0005,I02852,sku_quoted,P041,2025-07-22
A011406,K0005,I02852,commissioning,guided,2025-07-22
A011407,K0005,I02852,service_plan,none,2025-07-22
A011408,K0005,I02852,support_tier,dedicated,2025-07-22
A011409,K0206,I02853,sku_quoted,P030,2024-09-04
A011410,K0206,I02853,commissioning,on-site,2024-09-04
A011411,K0206,I02853,service_plan,standard,2024-09-04
A011412,K0206,I02853,support_tier,pooled,2024-09-04
A011413,K0240,I02854,sku_quoted,P006,2025-03-11
A011414,K0240,I02854,commissioning,self,2025-03-11
A011415,K0240,I02854,service_plan,standard,2025-03-11
A011416,K0240,I02854,support_tier,dedicated,2025-03-11
A011417,K0076,I02855,sku_quoted,P039,2025-04-10
A011418,K0076,I02855,commissioning,self,2025-04-10
A011419,K0076,I02855,service_plan,standard,2025-04-10
A011420,K0076,I02855,support_tier,pooled,2025-04-10
A011421,K0054,I02856,sku_quoted,P008,2024-09-26
A011422,K0054,I02856,commissioning,on-site,2024-09-26
A011423,K0054,I02856,service_plan,standard,2024-09-26
A011424,K0054,I02856,support_tier,pooled,2024-09-26
A011425,K0405,I02857,sku_quoted,P025,2025-01-26
A011426,K0405,I02857,commissioning,on-site,2025-01-26
A011427,K0405,I02857,service_plan,none,2025-01-26
A011428,K0405,I02857,support_tier,pooled,2025-01-26
A011429,K0213,I02858,sku_quoted,P026,2025-06-27
A011430,K0213,I02858,commissioning,self,2025-06-27
A011431,K0213,I02858,service_plan,none,2025-06-27
A011432,K0213,I02858,support_tier,pooled,2025-06-27
A011433,K0237,I02859,sku_quoted,P010,2024-10-08
A011434,K0237,I02859,commissioning,on-site,2024-10-08
A011435,K0237,I02859,service_plan,none,2024-10-08
A011436,K0237,I02859,support_tier,pooled,2024-10-08
A011437,K0131,I02860,sku_quoted,P026,2024-10-07
A011438,K0131,I02860,commissioning,guided,2024-10-07
A011439,K0131,I02860,service_plan,premium,2024-10-07
A011440,K0131,I02860,support_tier,pooled,2024-10-07
A011441,K0398,I02861,sku_quoted,P028,2024-11-11
A011442,K0398,I02861,commissioning,self,2024-11-11
A011443,K0398,I02861,service_plan,premium,2024-11-11
A011444,K0398,I02861,support_tier,dedicated,2024-11-11
A011445,K0515,I02862,sku_quoted,P004,2025-05-26
A011446,K0515,I02862,commissioning,self,2025-05-26
A011447,K0515,I02862,service_plan,premium,2025-05-26
A011448,K0515,I02862,support_tier,dedicated,2025-05-26
A011449,K0360,I02863,sku_quoted,P024,2024-11-20
A011450,K0360,I02863,commissioning,guided,2024-11-20
A011451,K0360,I02863,service_plan,standard,2024-11-20
A011452,K0360,I02863,support_tier,pooled,2024-11-20
A011453,K0421,I02864,sku_quoted,P039,2024-11-02
A011454,K0421,I02864,commissioning,self,2024-11-02
A011455,K0421,I02864,service_plan,none,2024-11-02
A011456,K0421,I02864,support_tier,dedicated,2024-11-02
A011457,K0309,I02865,sku_quoted,P027,2024-10-19
A011458,K0309,I02865,commissioning,self,2024-10-19
A011459,K0309,I02865,service_plan,none,2024-10-19
A011460,K0309,I02865,support_tier,dedicated,2024-10-19
A011461,K0108,I02866,sku_quoted,P033,2025-08-05
A011462,K0108,I02866,commissioning,guided,2025-08-05
A011463,K0108,I02866,service_plan,premium,2025-08-05
A011464,K0108,I02866,support_tier,pooled,2025-08-05
A011465,K0234,I02867,sku_quoted,P016,2025-07-17
A011466,K0234,I02867,commissioning,on-site,2025-07-17
A011467,K0234,I02867,service_plan,none,2025-07-17
A011468,K0234,I02867,support_tier,dedicated,2025-07-17
A011469,K0173,I02868,sku_quoted,P006,2025-05-31
A011470,K0173,I02868,commissioning,self,2025-05-31
A011471,K0173,I02868,service_plan,none,2025-05-31
A011472,K0173,I02868,support_tier,dedicated,2025-05-31
A011473,K0427,I02869,sku_quoted,P026,2024-04-05
A011474,K0427,I02869,commissioning,guided,2024-04-05
A011475,K0427,I02869,service_plan,premium,2024-04-05
A011476,K0427,I02869,support_tier,dedicated,2024-04-05
A011477,K0251,I02870,sku_quoted,P039,2024-04-22
A011478,K0251,I02870,commissioning,on-site,2024-04-22
A011479,K0251,I02870,service_plan,standard,2024-04-22
A011480,K0251,I02870,support_tier,pooled,2024-04-22
A011481,K0005,I02871,sku_quoted,P018,2024-06-18
A011482,K0005,I02871,commissioning,self,2024-06-18
A011483,K0005,I02871,service_plan,standard,2024-06-18
A011484,K0005,I02871,support_tier,dedicated,2024-06-18
A011485,K0508,I02872,sku_quoted,P023,2025-06-21
A011486,K0508,I02872,commissioning,guided,2025-06-21
A011487,K0508,I02872,service_plan,none,2025-06-21
A011488,K0508,I02872,support_tier,pooled,2025-06-21
A011489,K0220,I02873,sku_quoted,P026,2024-04-16
A011490,K0220,I02873,commissioning,self,2024-04-16
A011491,K0220,I02873,service_plan,standard,2024-04-16
A011492,K0220,I02873,support_tier,dedicated,2024-04-16
A011493,K0266,I02874,sku_quoted,P008,2025-06-17
A011494,K0266,I02874,commissioning,on-site,2025-06-17
A011495,K0266,I02874,service_plan,premium,2025-06-17
A011496,K0266,I02874,support_tier,pooled,2025-06-17
A011497,K0315,I02875,sku_quoted,P034,2024-12-13
A011498,K0315,I02875,commissioning,on-site,2024-12-13
A011499,K0315,I02875,service_plan,none,2024-12-13
A011500,K0315,I02875,support_tier,dedicated,2024-12-13
A011501,K0088,I02876,sku_quoted,P021,2024-06-28
A011502,K0088,I02876,commissioning,on-site,2024-06-28
A011503,K0088,I02876,service_plan,standard,2024-06-28
A011504,K0088,I02876,support_tier,dedicated,2024-06-28
A011505,K0263,I02877,sku_quoted,P038,2025-03-12
A011506,K0263,I02877,commissioning,guided,2025-03-12
A011507,K0263,I02877,service_plan,standard,2025-03-12
A011508,K0263,I02877,support_tier,pooled,2025-03-12
A011509,K0400,I02878,sku_quoted,P023,2024-07-29
A011510,K0400,I02878,commissioning,guided,2024-07-29
A011511,K0400,I02878,service_plan,premium,2024-07-29
A011512,K0400,I02878,support_tier,pooled,2024-07-29
A011513,K0065,I02879,sku_quoted,P040,2024-08-30
A011514,K0065,I02879,commissioning,guided,2024-08-30
A011515,K0065,I02879,service_plan,none,2024-08-30
A011516,K0065,I02879,support_tier,dedicated,2024-08-30
A011517,K0045,I02880,sku_quoted,P035,2024-05-29
A011518,K0045,I02880,commissioning,on-site,2024-05-29
A011519,K0045,I02880,service_plan,none,2024-05-29
A011520,K0045,I02880,support_tier,dedicated,2024-05-29
A011521,K0161,I02881,sku_quoted,P015,2024-06-26
A011522,K0161,I02881,commissioning,guided,2024-06-26
A011523,K0161,I02881,service_plan,standard,2024-06-26
A011524,K0161,I02881,support_tier,pooled,2024-06-26
A011525,K0020,I02882,sku_quoted,P001,2025-03-24
A011526,K0020,I02882,commissioning,on-site,2025-03-24
A011527,K0020,I02882,service_plan,standard,2025-03-24
A011528,K0020,I02882,support_tier,dedicated,2025-03-24
A011529,K0310,I02883,sku_quoted,P014,2024-03-28
A011530,K0310,I02883,commissioning,on-site,2024-03-28
A011531,K0310,I02883,service_plan,standard,2024-03-28
A011532,K0310,I02883,support_tier,dedicated,2024-03-28
A011533,K0380,I02884,sku_quoted,P009,2025-07-18
A011534,K0380,I02884,commissioning,on-site,2025-07-18
A011535,K0380,I02884,service_plan,none,2025-07-18
A011536,K0380,I02884,support_tier,pooled,2025-07-18
A011537,K0123,I02885,sku_quoted,P034,2024-05-04
A011538,K0123,I02885,commissioning,guided,2024-05-04
A011539,K0123,I02885,service_plan,none,2024-05-04
A011540,K0123,I02885,support_tier,dedicated,2024-05-04
A011541,K0142,I02886,sku_quoted,P033,2024-03-21
A011542,K0142,I02886,commissioning,self,2024-03-21
A011543,K0142,I02886,service_plan,premium,2024-03-21
A011544,K0142,I02886,support_tier,dedicated,2024-03-21
A011545,K0062,I02887,sku_quoted,P012,2024-09-01
A011546,K0062,I02887,commissioning,guided,2024-09-01
A011547,K0062,I02887,service_plan,none,2024-09-01
A011548,K0062,I02887,support_tier,dedicated,2024-09-01
A011549,K0056,I02888,sku_quoted,P011,2025-07-20
A011550,K0056,I02888,commissioning,on-site,2025-07-20
A011551,K0056,I02888,service_plan,standard,2025-07-20
A011552,K0056,I02888,support_tier,pooled,2025-07-20
A011553,K0510,I02889,sku_quoted,P032,2024-12-17
A011554,K0510,I02889,commissioning,on-site,2024-12-17
A011555,K0510,I02889,service_plan,premium,2024-12-17
A011556,K0510,I02889,support_tier,pooled,2024-12-17
A011557,K0443,I02890,sku_quoted,P021,2025-04-04
A011558,K0443,I02890,commissioning,self,2025-04-04
A011559,K0443,I02890,service_plan,standard,2025-04-04
A011560,K0443,I02890,support_tier,dedicated,2025-04-04
A011561,K0461,I02891,sku_quoted,P041,2024-08-28
A011562,K0461,I02891,commissioning,on-site,2024-08-28
A011563,K0461,I02891,service_plan,none,2024-08-28
A011564,K0461,I02891,support_tier,dedicated,2024-08-28
A011565,K0456,I02892,sku_quoted,P036,2024-11-05
A011566,K0456,I02892,commissioning,on-site,2024-11-05
A011567,K0456,I02892,service_plan,premium,2024-11-05
A011568,K0456,I02892,support_tier,dedicated,2024-11-05
A011569,K0020,I02893,sku_quoted,P001,2024-10-15
A011570,K0020,I02893,commissioning,self,2024-10-15
A011571,K0020,I02893,service_plan,none,2024-10-15
A011572,K0020,I02893,support_tier,pooled,2024-10-15
A011573,K0287,I02894,sku_quoted,P030,2024-12-23
A011574,K0287,I02894,commissioning,self,2024-12-23
A011575,K0287,I02894,service_plan,premium,2024-12-23
A011576,K0287,I02894,support_tier,dedicated,2024-12-23
A011577,K0317,I02895,sku_quoted,P020,2025-04-03
A011578,K0317,I02895,commissioning,guided,2025-04-03
A011579,K0317,I02895,service_plan,none,2025-04-03
A011580,K0317,I02895,support_tier,dedicated,2025-04-03
A011581,K0262,I02896,sku_quoted,P019,2024-05-17
A011582,K0262,I02896,commissioning,on-site,2024-05-17
A011583,K0262,I02896,service_plan,premium,2024-05-17
A011584,K0262,I02896,support_tier,pooled,2024-05-17
A011585,K0337,I02897,sku_quoted,P029,2024-10-23
A011586,K0337,I02897,commissioning,guided,2024-10-23
A011587,K0337,I02897,service_plan,none,2024-10-23
A011588,K0337,I02897,support_tier,pooled,2024-10-23
A011589,K0212,I02898,sku_quoted,P004,2025-04-10
A011590,K0212,I02898,commissioning,guided,2025-04-10
A011591,K0212,I02898,service_plan,premium,2025-04-10
A011592,K0212,I02898,support_tier,pooled,2025-04-10
A011593,K0328,I02899,sku_quoted,P021,2024-09-27
A011594,K0328,I02899,commissioning,guided,2024-09-27
A011595,K0328,I02899,service_plan,none,2024-09-27
A011596,K0328,I02899,support_tier,dedicated,2024-09-27
A011597,K0144,I02900,sku_quoted,P001,2024-05-27
A011598,K0144,I02900,commissioning,self,2024-05-27
A011599,K0144,I02900,service_plan,standard,2024-05-27
A011600,K0144,I02900,support_tier,pooled,2024-05-27
A011601,K0043,I02901,sku_quoted,P007,2024-10-08
A011602,K0043,I02901,commissioning,self,2024-10-08
A011603,K0043,I02901,service_plan,premium,2024-10-08
A011604,K0043,I02901,support_tier,pooled,2024-10-08
A011605,K0108,I02902,sku_quoted,P009,2025-06-06
A011606,K0108,I02902,commissioning,guided,2025-06-06
A011607,K0108,I02902,service_plan,premium,2025-06-06
A011608,K0108,I02902,support_tier,pooled,2025-06-06
A011609,K0484,I02903,sku_quoted,P003,2024-07-05
A011610,K0484,I02903,commissioning,guided,2024-07-05
A011611,K0484,I02903,service_plan,standard,2024-07-05
A011612,K0484,I02903,support_tier,dedicated,2024-07-05
A011613,K0076,I02904,sku_quoted,P017,2025-03-23
A011614,K0076,I02904,commissioning,on-site,2025-03-23
A011615,K0076,I02904,service_plan,none,2025-03-23
A011616,K0076,I02904,support_tier,dedicated,2025-03-23
A011617,K0439,I02905,sku_quoted,P003,2024-09-30
A011618,K0439,I02905,commissioning,on-site,2024-09-30
A011619,K0439,I02905,service_plan,standard,2024-09-30
A011620,K0439,I02905,support_tier,pooled,2024-09-30
A011621,K0149,I02906,sku_quoted,P007,2025-02-08
A011622,K0149,I02906,commissioning,on-site,2025-02-08
A011623,K0149,I02906,service_plan,standard,2025-02-08
A011624,K0149,I02906,support_tier,dedicated,2025-02-08
A011625,K0062,I02907,sku_quoted,P021,2024-05-13
A011626,K0062,I02907,commissioning,guided,2024-05-13
A011627,K0062,I02907,service_plan,standard,2024-05-13
A011628,K0062,I02907,support_tier,pooled,2024-05-13
A011629,K0313,I02908,sku_quoted,P021,2025-08-26
A011630,K0313,I02908,commissioning,self,2025-08-26
A011631,K0313,I02908,service_plan,standard,2025-08-26
A011632,K0313,I02908,support_tier,dedicated,2025-08-26
A011633,K0020,I02909,sku_quoted,P004,2024-07-04
A011634,K0020,I02909,commissioning,self,2024-07-04
A011635,K0020,I02909,service_plan,standard,2024-07-04
A011636,K0020,I02909,support_tier,pooled,2024-07-04
A011637,K0371,I02910,sku_quoted,P012,2024-05-08
A011638,K0371,I02910,commissioning,self,2024-05-08
A011639,K0371,I02910,service_plan,standard,2024-05-08
A011640,K0371,I02910,support_tier,dedicated,2024-05-08
A011641,K0124,I02911,sku_quoted,P013,2024-10-19
A011642,K0124,I02911,commissioning,self,2024-10-19
A011643,K0124,I02911,service_plan,standard,2024-10-19
A011644,K0124,I02911,support_tier,dedicated,2024-10-19
A011645,K0155,I02912,sku_quoted,P038,2024-04-23
A011646,K0155,I02912,commissioning,self,2024-04-23
A011647,K0155,I02912,service_plan,none,2024-04-23
A011648,K0155,I02912,support_tier,dedicated,2024-04-23
A011649,K0309,I02913,sku_quoted,P031,2025-01-19
A011650,K0309,I02913,commissioning,on-site,2025-01-19
A011651,K0309,I02913,service_plan,premium,2025-01-19
A011652,K0309,I02913,support_tier,dedicated,2025-01-19
A011653,K0416,I02914,sku_quoted,P016,2025-05-30
A011654,K0416,I02914,commissioning,guided,2025-05-30
A011655,K0416,I02914,service_plan,none,2025-05-30
A011656,K0416,I02914,support_tier,pooled,2025-05-30
A011657,K0256,I02915,sku_quoted,P017,2024-10-13
A011658,K0256,I02915,commissioning,guided,2024-10-13
A011659,K0256,I02915,service_plan,premium,2024-10-13
A011660,K0256,I02915,support_tier,pooled,2024-10-13
A011661,K0054,I02916,sku_quoted,P028,2024-06-18
A011662,K0054,I02916,commissioning,self,2024-06-18
A011663,K0054,I02916,service_plan,standard,2024-06-18
A011664,K0054,I02916,support_tier,dedicated,2024-06-18
A011665,K0352,I02917,sku_quoted,P023,2025-02-23
A011666,K0352,I02917,commissioning,on-site,2025-02-23
A011667,K0352,I02917,service_plan,premium,2025-02-23
A011668,K0352,I02917,support_tier,dedicated,2025-02-23
A011669,K0088,I02918,sku_quoted,P027,2024-06-27
A011670,K0088,I02918,commissioning,on-site,2024-06-27
A011671,K0088,I02918,service_plan,none,2024-06-27
A011672,K0088,I02918,support_tier,dedicated,2024-06-27
A011673,K0176,I02919,sku_quoted,P028,2024-11-09
A011674,K0176,I02919,commissioning,on-site,2024-11-09
A011675,K0176,I02919,service_plan,premium,2024-11-09
A011676,K0176,I02919,support_tier,dedicated,2024-11-09
A011677,K0233,I02920,sku_quoted,P040,2025-03-21
A011678,K0233,I02920,commissioning,guided,2025-03-21
A011679,K0233,I02920,service_plan,standard,2025-03-21
A011680,K0233,I02920,support_tier,dedicated,2025-03-21
A011681,K0097,I02921,sku_quoted,P002,2025-03-28
A011682,K0097,I02921,commissioning,self,2025-03-28
A011683,K0097,I02921,service_plan,standard,2025-03-28
A011684,K0097,I02921,support_tier,dedicated,2025-03-28
A011685,K0261,I02922,sku_quoted,P016,2024-05-08
A011686,K0261,I02922,commissioning,self,2024-05-08
A011687,K0261,I02922,service_plan,standard,2024-05-08
A011688,K0261,I02922,support_tier,dedicated,2024-05-08
A011689,K0473,I02923,sku_quoted,P035,2025-07-16
A011690,K0473,I02923,commissioning,on-site,2025-07-16
A011691,K0473,I02923,service_plan,standard,2025-07-16
A011692,K0473,I02923,support_tier,dedicated,2025-07-16
A011693,K0394,I02924,sku_quoted,P034,2024-12-26
A011694,K0394,I02924,commissioning,guided,2024-12-26
A011695,K0394,I02924,service_plan,standard,2024-12-26
A011696,K0394,I02924,support_tier,dedicated,2024-12-26
A011697,K0104,I02925,sku_quoted,P028,2024-02-07
A011698,K0104,I02925,commissioning,guided,2024-02-07
A011699,K0104,I02925,service_plan,standard,2024-02-07
A011700,K0104,I02925,support_tier,pooled,2024-02-07
A011701,K0204,I02926,sku_quoted,P038,2024-10-25
A011702,K0204,I02926,commissioning,self,2024-10-25
A011703,K0204,I02926,service_plan,standard,2024-10-25
A011704,K0204,I02926,support_tier,dedicated,2024-10-25
A011705,K0287,I02927,sku_quoted,P029,2024-10-18
A011706,K0287,I02927,commissioning,guided,2024-10-18
A011707,K0287,I02927,service_plan,premium,2024-10-18
A011708,K0287,I02927,support_tier,pooled,2024-10-18
A011709,K0198,I02928,sku_quoted,P040,2024-06-24
A011710,K0198,I02928,commissioning,self,2024-06-24
A011711,K0198,I02928,service_plan,premium,2024-06-24
A011712,K0198,I02928,support_tier,pooled,2024-06-24
A011713,K0159,I02929,sku_quoted,P031,2025-04-22
A011714,K0159,I02929,commissioning,self,2025-04-22
A011715,K0159,I02929,service_plan,standard,2025-04-22
A011716,K0159,I02929,support_tier,pooled,2025-04-22
A011717,K0405,I02930,sku_quoted,P013,2025-02-23
A011718,K0405,I02930,commissioning,guided,2025-02-23
A011719,K0405,I02930,service_plan,standard,2025-02-23
A011720,K0405,I02930,support_tier,dedicated,2025-02-23
A011721,K0515,I02931,sku_quoted,P022,2025-02-25
A011722,K0515,I02931,commissioning,on-site,2025-02-25
A011723,K0515,I02931,service_plan,none,2025-02-25
A011724,K0515,I02931,support_tier,pooled,2025-02-25
A011725,K0520,I02932,sku_quoted,P019,2024-10-18
A011726,K0520,I02932,commissioning,self,2024-10-18
A011727,K0520,I02932,service_plan,none,2024-10-18
A011728,K0520,I02932,support_tier,dedicated,2024-10-18
A011729,K0271,I02933,sku_quoted,P026,2025-05-05
A011730,K0271,I02933,commissioning,self,2025-05-05
A011731,K0271,I02933,service_plan,standard,2025-05-05
A011732,K0271,I02933,support_tier,dedicated,2025-05-05
A011733,K0226,I02934,sku_quoted,P041,2024-11-19
A011734,K0226,I02934,commissioning,guided,2024-11-19
A011735,K0226,I02934,service_plan,premium,2024-11-19
A011736,K0226,I02934,support_tier,pooled,2024-11-19
A011737,K0033,I02935,sku_quoted,P015,2024-10-31
A011738,K0033,I02935,commissioning,on-site,2024-10-31
A011739,K0033,I02935,service_plan,premium,2024-10-31
A011740,K0033,I02935,support_tier,pooled,2024-10-31
A011741,K0310,I02936,sku_quoted,P033,2024-05-01
A011742,K0310,I02936,commissioning,self,2024-05-01
A011743,K0310,I02936,service_plan,none,2024-05-01
A011744,K0310,I02936,support_tier,pooled,2024-05-01
A011745,K0066,I02937,sku_quoted,P004,2025-06-09
A011746,K0066,I02937,commissioning,guided,2025-06-09
A011747,K0066,I02937,service_plan,premium,2025-06-09
A011748,K0066,I02937,support_tier,dedicated,2025-06-09
A011749,K0063,I02938,sku_quoted,P027,2025-04-22
A011750,K0063,I02938,commissioning,self,2025-04-22
A011751,K0063,I02938,service_plan,premium,2025-04-22
A011752,K0063,I02938,support_tier,dedicated,2025-04-22
A011753,K0131,I02939,sku_quoted,P007,2025-01-14
A011754,K0131,I02939,commissioning,on-site,2025-01-14
A011755,K0131,I02939,service_plan,premium,2025-01-14
A011756,K0131,I02939,support_tier,dedicated,2025-01-14
A011757,K0501,I02940,sku_quoted,P023,2025-02-18
A011758,K0501,I02940,commissioning,on-site,2025-02-18
A011759,K0501,I02940,service_plan,none,2025-02-18
A011760,K0501,I02940,support_tier,pooled,2025-02-18
A011761,K0346,I02941,sku_quoted,P029,2025-03-31
A011762,K0346,I02941,commissioning,guided,2025-03-31
A011763,K0346,I02941,service_plan,standard,2025-03-31
A011764,K0346,I02941,support_tier,pooled,2025-03-31
A011765,K0243,I02942,sku_quoted,P028,2025-07-15
A011766,K0243,I02942,commissioning,on-site,2025-07-15
A011767,K0243,I02942,service_plan,premium,2025-07-15
A011768,K0243,I02942,support_tier,pooled,2025-07-15
A011769,K0075,I02943,sku_quoted,P003,2024-04-03
A011770,K0075,I02943,commissioning,guided,2024-04-03
A011771,K0075,I02943,service_plan,none,2024-04-03
A011772,K0075,I02943,support_tier,pooled,2024-04-03
A011773,K0068,I02944,sku_quoted,P039,2024-12-21
A011774,K0068,I02944,commissioning,self,2024-12-21
A011775,K0068,I02944,service_plan,standard,2024-12-21
A011776,K0068,I02944,support_tier,dedicated,2024-12-21
A011777,K0331,I02945,sku_quoted,P032,2024-05-05
A011778,K0331,I02945,commissioning,guided,2024-05-05
A011779,K0331,I02945,service_plan,premium,2024-05-05
A011780,K0331,I02945,support_tier,pooled,2024-05-05
A011781,K0043,I02946,sku_quoted,P025,2024-08-14
A011782,K0043,I02946,commissioning,guided,2024-08-14
A011783,K0043,I02946,service_plan,standard,2024-08-14
A011784,K0043,I02946,support_tier,dedicated,2024-08-14
A011785,K0433,I02947,sku_quoted,P023,2024-04-22
A011786,K0433,I02947,commissioning,self,2024-04-22
A011787,K0433,I02947,service_plan,standard,2024-04-22
A011788,K0433,I02947,support_tier,pooled,2024-04-22
A011789,K0490,I02948,sku_quoted,P040,2024-12-19
A011790,K0490,I02948,commissioning,on-site,2024-12-19
A011791,K0490,I02948,service_plan,premium,2024-12-19
A011792,K0490,I02948,support_tier,dedicated,2024-12-19
A011793,K0019,I02949,sku_quoted,P007,2024-04-10
A011794,K0019,I02949,commissioning,self,2024-04-10
A011795,K0019,I02949,service_plan,standard,2024-04-10
A011796,K0019,I02949,support_tier,dedicated,2024-04-10
A011797,K0506,I02950,sku_quoted,P020,2025-07-11
A011798,K0506,I02950,commissioning,on-site,2025-07-11
A011799,K0506,I02950,service_plan,standard,2025-07-11
A011800,K0506,I02950,support_tier,dedicated,2025-07-11
A011801,K0363,I02951,sku_quoted,P003,2024-05-17
A011802,K0363,I02951,commissioning,self,2024-05-17
A011803,K0363,I02951,service_plan,standard,2024-05-17
A011804,K0363,I02951,support_tier,pooled,2024-05-17
A011805,K0299,I02952,sku_quoted,P035,2024-06-20
A011806,K0299,I02952,commissioning,guided,2024-06-20
A011807,K0299,I02952,service_plan,premium,2024-06-20
A011808,K0299,I02952,support_tier,dedicated,2024-06-20
A011809,K0340,I02953,sku_quoted,P009,2025-01-05
A011810,K0340,I02953,commissioning,self,2025-01-05
A011811,K0340,I02953,service_plan,none,2025-01-05
A011812,K0340,I02953,support_tier,dedicated,2025-01-05
A011813,K0317,I02954,sku_quoted,P015,2025-06-03
A011814,K0317,I02954,commissioning,self,2025-06-03
A011815,K0317,I02954,service_plan,standard,2025-06-03
A011816,K0317,I02954,support_tier,dedicated,2025-06-03
A011817,K0205,I02955,sku_quoted,P015,2025-07-28
A011818,K0205,I02955,commissioning,on-site,2025-07-28
A011819,K0205,I02955,service_plan,standard,2025-07-28
A011820,K0205,I02955,support_tier,dedicated,2025-07-28
A011821,K0031,I02956,sku_quoted,P001,2024-12-29
A011822,K0031,I02956,commissioning,guided,2024-12-29
A011823,K0031,I02956,service_plan,standard,2024-12-29
A011824,K0031,I02956,support_tier,dedicated,2024-12-29
A011825,K0114,I02957,sku_quoted,P029,2024-07-06
A011826,K0114,I02957,commissioning,self,2024-07-06
A011827,K0114,I02957,service_plan,standard,2024-07-06
A011828,K0114,I02957,support_tier,pooled,2024-07-06
A011829,K0342,I02958,sku_quoted,P038,2024-11-25
A011830,K0342,I02958,commissioning,self,2024-11-25
A011831,K0342,I02958,service_plan,standard,2024-11-25
A011832,K0342,I02958,support_tier,dedicated,2024-11-25
A011833,K0327,I02959,sku_quoted,P020,2025-06-01
A011834,K0327,I02959,commissioning,guided,2025-06-01
A011835,K0327,I02959,service_plan,premium,2025-06-01
A011836,K0327,I02959,support_tier,pooled,2025-06-01
A011837,K0027,I02960,sku_quoted,P003,2025-06-10
A011838,K0027,I02960,commissioning,guided,2025-06-10
A011839,K0027,I02960,service_plan,standard,2025-06-10
A011840,K0027,I02960,support_tier,pooled,2025-06-10
A011841,K0445,I02961,sku_quoted,P006,2025-06-23
A011842,K0445,I02961,commissioning,guided,2025-06-23
A011843,K0445,I02961,service_plan,standard,2025-06-23
A011844,K0445,I02961,support_tier,dedicated,2025-06-23
A011845,K0355,I02962,sku_quoted,P038,2025-04-14
A011846,K0355,I02962,commissioning,guided,2025-04-14
A011847,K0355,I02962,service_plan,premium,2025-04-14
A011848,K0355,I02962,support_tier,pooled,2025-04-14
A011849,K0474,I02963,sku_quoted,P038,2024-01-30
A011850,K0474,I02963,commissioning,on-site,2024-01-30
A011851,K0474,I02963,service_plan,standard,2024-01-30
A011852,K0474,I02963,support_tier,pooled,2024-01-30
A011853,K0370,I02964,sku_quoted,P025,2024-12-28
A011854,K0370,I02964,commissioning,on-site,2024-12-28
A011855,K0370,I02964,service_plan,none,2024-12-28
A011856,K0370,I02964,support_tier,dedicated,2024-12-28
A011857,K0484,I02965,sku_quoted,P041,2025-06-28
A011858,K0484,I02965,commissioning,on-site,2025-06-28
A011859,K0484,I02965,service_plan,standard,2025-06-28
A011860,K0484,I02965,support_tier,dedicated,2025-06-28
A011861,K0288,I02966,sku_quoted,P017,2025-04-27
A011862,K0288,I02966,commissioning,on-site,2025-04-27
A011863,K0288,I02966,service_plan,premium,2025-04-27
A011864,K0288,I02966,support_tier,dedicated,2025-04-27
A011865,K0126,I02967,sku_quoted,P026,2025-05-11
A011866,K0126,I02967,commissioning,guided,2025-05-11
A011867,K0126,I02967,service_plan,standard,2025-05-11
A011868,K0126,I02967,support_tier,dedicated,2025-05-11
A011869,K0018,I02968,sku_quoted,P041,2025-05-10
A011870,K0018,I02968,commissioning,self,2025-05-10
A011871,K0018,I02968,service_plan,standard,2025-05-10
A011872,K0018,I02968,support_tier,dedicated,2025-05-10
A011873,K0127,I02969,sku_quoted,P013,2024-02-21
A011874,K0127,I02969,commissioning,on-site,2024-02-21
A011875,K0127,I02969,service_plan,none,2024-02-21
A011876,K0127,I02969,support_tier,dedicated,2024-02-21
A011877,K0012,I02970,sku_quoted,P029,2025-09-04
A011878,K0012,I02970,commissioning,on-site,2025-09-04
A011879,K0012,I02970,service_plan,standard,2025-09-04
A011880,K0012,I02970,support_tier,pooled,2025-09-04
A011881,K0430,I02971,sku_quoted,P038,2025-04-10
A011882,K0430,I02971,commissioning,self,2025-04-10
A011883,K0430,I02971,service_plan,standard,2025-04-10
A011884,K0430,I02971,support_tier,dedicated,2025-04-10
A011885,K0366,I02972,sku_quoted,P038,2024-12-31
A011886,K0366,I02972,commissioning,on-site,2024-12-31
A011887,K0366,I02972,service_plan,standard,2024-12-31
A011888,K0366,I02972,support_tier,pooled,2024-12-31
A011889,K0465,I02973,sku_quoted,P029,2025-08-07
A011890,K0465,I02973,commissioning,guided,2025-08-07
A011891,K0465,I02973,service_plan,premium,2025-08-07
A011892,K0465,I02973,support_tier,pooled,2025-08-07
A011893,K0351,I02974,sku_quoted,P011,2024-03-29
A011894,K0351,I02974,commissioning,on-site,2024-03-29
A011895,K0351,I02974,service_plan,standard,2024-03-29
A011896,K0351,I02974,support_tier,pooled,2024-03-29
A011897,K0317,I02975,sku_quoted,P007,2025-02-12
A011898,K0317,I02975,commissioning,on-site,2025-02-12
A011899,K0317,I02975,service_plan,none,2025-02-12
A011900,K0317,I02975,support_tier,pooled,2025-02-12
A011901,K0360,I02976,sku_quoted,P029,2025-07-15
A011902,K0360,I02976,commissioning,self,2025-07-15
A011903,K0360,I02976,service_plan,none,2025-07-15
A011904,K0360,I02976,support_tier,dedicated,2025-07-15
A011905,K0431,I02977,sku_quoted,P017,2025-03-24
A011906,K0431,I02977,commissioning,on-site,2025-03-24
A011907,K0431,I02977,service_plan,standard,2025-03-24
A011908,K0431,I02977,support_tier,pooled,2025-03-24
A011909,K0142,I02978,sku_quoted,P036,2025-02-01
A011910,K0142,I02978,commissioning,on-site,2025-02-01
A011911,K0142,I02978,service_plan,standard,2025-02-01
A011912,K0142,I02978,support_tier,pooled,2025-02-01
A011913,K0512,I02979,sku_quoted,P002,2024-05-29
A011914,K0512,I02979,commissioning,on-site,2024-05-29
A011915,K0512,I02979,service_plan,standard,2024-05-29
A011916,K0512,I02979,support_tier,dedicated,2024-05-29
A011917,K0405,I02980,sku_quoted,P008,2025-01-25
A011918,K0405,I02980,commissioning,on-site,2025-01-25
A011919,K0405,I02980,service_plan,none,2025-01-25
A011920,K0405,I02980,support_tier,pooled,2025-01-25
A011921,K0089,I02981,sku_quoted,P039,2025-01-19
A011922,K0089,I02981,commissioning,guided,2025-01-19
A011923,K0089,I02981,service_plan,standard,2025-01-19
A011924,K0089,I02981,support_tier,pooled,2025-01-19
A011925,K0065,I02982,sku_quoted,P021,2024-07-06
A011926,K0065,I02982,commissioning,on-site,2024-07-06
A011927,K0065,I02982,service_plan,premium,2024-07-06
A011928,K0065,I02982,support_tier,dedicated,2024-07-06
A011929,K0284,I02983,sku_quoted,P030,2025-02-26
A011930,K0284,I02983,commissioning,guided,2025-02-26
A011931,K0284,I02983,service_plan,standard,2025-02-26
A011932,K0284,I02983,support_tier,pooled,2025-02-26
A011933,K0387,I02984,sku_quoted,P001,2025-07-06
A011934,K0387,I02984,commissioning,guided,2025-07-06
A011935,K0387,I02984,service_plan,standard,2025-07-06
A011936,K0387,I02984,support_tier,pooled,2025-07-06
A011937,K0379,I02985,sku_quoted,P024,2024-10-21
A011938,K0379,I02985,commissioning,on-site,2024-10-21
A011939,K0379,I02985,service_plan,premium,2024-10-21
A011940,K0379,I02985,support_tier,pooled,2024-10-21
A011941,K0124,I02986,sku_quoted,P024,2025-03-04
A011942,K0124,I02986,commissioning,on-site,2025-03-04
A011943,K0124,I02986,service_plan,standard,2025-03-04
A011944,K0124,I02986,support_tier,pooled,2025-03-04
A011945,K0509,I02987,sku_quoted,P010,2024-09-24
A011946,K0509,I02987,commissioning,guided,2024-09-24
A011947,K0509,I02987,service_plan,standard,2024-09-24
A011948,K0509,I02987,support_tier,pooled,2024-09-24
A011949,K0330,I02988,sku_quoted,P020,2025-04-15
A011950,K0330,I02988,commissioning,guided,2025-04-15
A011951,K0330,I02988,service_plan,standard,2025-04-15
A011952,K0330,I02988,support_tier,dedicated,2025-04-15
A011953,K0501,I02989,sku_quoted,P040,2024-05-26
A011954,K0501,I02989,commissioning,on-site,2024-05-26
A011955,K0501,I02989,service_plan,premium,2024-05-26
A011956,K0501,I02989,support_tier,dedicated,2024-05-26
A011957,K0363,I02990,sku_quoted,P026,2024-11-13
A011958,K0363,I02990,commissioning,self,2024-11-13
A011959,K0363,I02990,service_plan,standard,2024-11-13
A011960,K0363,I02990,support_tier,dedicated,2024-11-13
A011961,K0452,I02991,sku_quoted,P022,2025-03-16
A011962,K0452,I02991,commissioning,on-site,2025-03-16
A011963,K0452,I02991,service_plan,premium,2025-03-16
A011964,K0452,I02991,support_tier,pooled,2025-03-16
A011965,K0312,I02992,sku_quoted,P014,2025-05-01
A011966,K0312,I02992,commissioning,guided,2025-05-01
A011967,K0312,I02992,service_plan,standard,2025-05-01
A011968,K0312,I02992,support_tier,pooled,2025-05-01
A011969,K0491,I02993,sku_quoted,P008,2025-06-07
A011970,K0491,I02993,commissioning,self,2025-06-07
A011971,K0491,I02993,service_plan,standard,2025-06-07
A011972,K0491,I02993,support_tier,pooled,2025-06-07
A011973,K0050,I02994,sku_quoted,P003,2024-04-04
A011974,K0050,I02994,commissioning,on-site,2024-04-04
A011975,K0050,I02994,service_plan,premium,2024-04-04
A011976,K0050,I02994,support_tier,dedicated,2024-04-04
A011977,K0422,I02995,sku_quoted,P002,2025-01-14
A011978,K0422,I02995,commissioning,guided,2025-01-14
A011979,K0422,I02995,service_plan,none,2025-01-14
A011980,K0422,I02995,support_tier,pooled,2025-01-14
A011981,K0375,I02996,sku_quoted,P003,2024-09-25
A011982,K0375,I02996,commissioning,on-site,2024-09-25
A011983,K0375,I02996,service_plan,none,2024-09-25
A011984,K0375,I02996,support_tier,dedicated,2024-09-25
A011985,K0327,I02997,sku_quoted,P035,2025-07-06
A011986,K0327,I02997,commissioning,self,2025-07-06
A011987,K0327,I02997,service_plan,standard,2025-07-06
A011988,K0327,I02997,support_tier,dedicated,2025-07-06
A011989,K0144,I02998,sku_quoted,P005,2024-12-27
A011990,K0144,I02998,commissioning,on-site,2024-12-27
A011991,K0144,I02998,service_plan,none,2024-12-27
A011992,K0144,I02998,support_tier,pooled,2024-12-27
A011993,K0067,I02999,sku_quoted,P004,2025-04-03
A011994,K0067,I02999,commissioning,self,2025-04-03
A011995,K0067,I02999,service_plan,standard,2025-04-03
A011996,K0067,I02999,support_tier,pooled,2025-04-03
A011997,K0473,I03000,sku_quoted,P020,2024-07-14
A011998,K0473,I03000,commissioning,on-site,2024-07-14
A011999,K0473,I03000,service_plan,standard,2024-07-14
A012000,K0473,I03000,support_tier,dedicated,2024-07-14
