install_id,industry,size_band,country,climate,dust_level,shift_pattern,family,grade,cooling,ip_rating,duty_cycle_pct,channel,region,message_angle,landing_page,device,commissioning,service_plan,support_tier,had_thermal_fault,slow_first_response,ticket_count,feedback_score,order_value,installed_on,churned,reordered
I00001,food,small,PL,temperate,medium,3-shift,Hoist,industrial,active,IP66,90,paid-social,benelux,durability,/case-studies,desktop,on-site,none,dedicated,false,false,0,,79200,2025-03-27,false,true
I00002,mining,large,SA,hot,low,2-shift,Hoist,industrial,liquid,IP66,90,trade-fair,middle-east,uptime,/case-studies,mobile,on-site,standard,pooled,false,false,0,5,53100,2025-06-27,false,true
I00003,logistics,small,ES,hot,medium,1-shift,Loader,pro,liquid,IP54,65,trade-fair,middle-east,uptime,/spec-sheets,desktop,guided,standard,dedicated,false,false,1,,35550,2024-03-31,false,true
I00004,construction,small,SE,arctic,low,1-shift,Lifter,industrial,active,IP66,90,paid-social,middle-east,durability,/case-studies,mobile,on-site,none,pooled,false,true,1,5,26600,2024-08-11,false,true
I00005,construction,large,MA,temperate,medium,2-shift,Loader,pro,liquid,IP54,65,paid-social,benelux,durability,/contact,desktop,self,none,dedicated,false,false,1,5,11850,2025-01-01,false,true
I00006,mining,large,SA,hot,low,2-shift,Compactor,consumer,active,IP54,35,distributor-ME,middle-east,uptime,/products,desktop,self,standard,dedicated,false,false,0,,13500,2024-08-05,true,false
I00007,logistics,small,AE,hot,medium,1-shift,Loader,consumer,passive,IP66,35,distributor-ME,middle-east,uptime,/contact,desktop,on-site,standard,pooled,true,false,1,,21250,2025-06-02,false,true
I00008,logistics,small,DE,temperate,medium,1-shift,Loader,consumer,active,IP66,35,search,iberia,service,/pricing,mobile,on-site,standard,pooled,false,false,0,4,4100,2025-05-30,true,false
I00009,food,small,FI,temperate,medium,3-shift,Loader,pro,passive,IP65,65,trade-fair,nordics,service,/contact,desktop,self,none,pooled,true,false,1,,33600,2024-04-16,false,true
I00010,food,small,PL,temperate,low,3-shift,Compactor,industrial,liquid,IP66,90,trade-fair,iberia,durability,/products,desktop,self,none,pooled,false,false,0,5,26550,2025-02-06,false,true
I00011,food,small,AE,hot,high,2-shift,Compactor,consumer,passive,IP66,35,search,iberia,service,/spec-sheets,desktop,self,standard,pooled,true,true,3,,21500,2025-02-21,true,false
I00012,food,small,MA,hot,low,3-shift,Loader,industrial,active,IP66,90,distributor-ME,middle-east,uptime,/spec-sheets,desktop,guided,none,dedicated,false,false,2,2,27050,2025-04-30,false,true
I00013,logistics,large,PL,hot,medium,1-shift,Hoist,industrial,liquid,IP66,90,search,middle-east,uptime,/products,desktop,self,standard,pooled,true,false,1,,26550,2025-02-06,false,true
I00014,food,mid,MA,hot,medium,3-shift,Compactor,industrial,active,IP66,90,distributor-ME,middle-east,uptime,/products,desktop,self,standard,dedicated,false,false,1,,26600,2024-10-02,false,true
I00015,construction,small,SA,hot,medium,1-shift,Hoist,pro,liquid,IP65,65,distributor-ME,middle-east,uptime,/pricing,desktop,on-site,standard,dedicated,false,false,0,,22500,2024-05-14,false,true
I00016,food,large,FI,hot,medium,3-shift,Loader,pro,active,IP66,65,trade-fair,iberia,durability,/case-studies,desktop,self,standard,dedicated,false,false,0,5,11300,2024-10-28,false,true
I00017,food,small,PL,temperate,low,3-shift,Sorter,pro,passive,IP54,65,search,nordics,durability,/spec-sheets,desktop,self,none,pooled,false,true,1,3,11850,2025-01-11,false,true
I00018,construction,small,AE,temperate,high,2-shift,Lifter,consumer,passive,IP54,35,referral,dach,uptime,/case-studies,mobile,on-site,premium,pooled,false,false,0,,4100,2024-03-15,false,true
I00019,food,mid,AE,hot,low,2-shift,Conveyor,consumer,passive,IP54,35,search,nordics,durability,/contact,tablet,self,none,pooled,true,true,1,3,3950,2024-05-18,false,true
I00020,construction,large,AE,temperate,low,1-shift,Loader,industrial,liquid,IP65,90,search,iberia,service,/pricing,desktop,self,premium,dedicated,false,false,0,5,26850,2025-07-20,false,true
I00021,logistics,mid,DE,temperate,low,1-shift,Compactor,pro,passive,IP54,65,referral,iberia,price,/pricing,desktop,guided,standard,dedicated,true,false,1,,11300,2025-02-22,false,true
I00022,logistics,mid,PL,temperate,low,2-shift,Loader,industrial,active,IP66,90,paid-social,iberia,service,/pricing,mobile,on-site,none,dedicated,false,false,1,,27050,2024-08-15,false,true
I00023,construction,small,PL,temperate,medium,2-shift,Hoist,industrial,active,IP66,90,paid-social,nordics,service,/case-studies,desktop,guided,premium,dedicated,false,false,2,,26400,2024-05-22,false,true
I00024,logistics,small,DE,temperate,high,2-shift,Loader,consumer,passive,IP66,35,search,middle-east,uptime,/pricing,desktop,self,standard,dedicated,false,false,1,,8500,2024-10-31,false,true
I00025,logistics,large,MA,hot,medium,1-shift,Loader,industrial,active,IP66,90,trade-fair,middle-east,uptime,/products,desktop,self,standard,dedicated,false,false,0,5,81150,2024-07-29,false,true
I00026,mining,small,AE,hot,low,2-shift,Sorter,pro,liquid,IP66,65,search,nordics,durability,/pricing,mobile,guided,premium,pooled,false,true,2,,11600,2024-08-09,false,true
I00027,mining,small,MA,hot,medium,1-shift,Conveyor,industrial,active,IP65,90,distributor-ME,middle-east,uptime,/spec-sheets,mobile,on-site,standard,pooled,true,true,1,4,54200,2024-12-11,false,true
I00028,food,small,PL,temperate,low,1-shift,Lifter,consumer,passive,IP54,35,trade-fair,benelux,price,/case-studies,mobile,self,none,dedicated,false,false,0,,4100,2025-04-17,false,true
I00029,construction,mid,NO,temperate,low,1-shift,Lifter,consumer,active,IP65,35,search,nordics,durability,/contact,desktop,on-site,premium,pooled,false,true,1,3,4500,2024-03-06,false,true
I00030,logistics,small,AE,hot,high,3-shift,Lifter,pro,passive,IP65,65,paid-social,iberia,service,/contact,mobile,on-site,standard,dedicated,false,false,0,5,35250,2024-04-17,false,true
I00031,logistics,large,MA,hot,medium,1-shift,Lifter,industrial,liquid,IP66,90,trade-fair,nordics,service,/contact,mobile,guided,standard,dedicated,false,false,0,5,27000,2025-07-18,false,true
I00032,food,mid,DE,temperate,low,3-shift,Loader,pro,liquid,IP54,65,referral,iberia,price,/products,mobile,on-site,standard,pooled,true,true,1,,11850,2024-09-09,false,true
I00033,mining,small,SE,arctic,high,3-shift,Compactor,pro,active,IP65,65,referral,nordics,uptime,/spec-sheets,desktop,on-site,standard,dedicated,false,false,0,5,23200,2024-08-01,false,true
I00034,construction,small,AE,hot,low,1-shift,Sorter,pro,passive,IP54,65,distributor-ME,middle-east,uptime,/contact,desktop,self,standard,dedicated,true,false,3,2,11850,2024-10-23,true,false
I00035,logistics,mid,PL,hot,high,3-shift,Conveyor,pro,liquid,IP65,65,paid-social,dach,service,/contact,desktop,guided,standard,dedicated,true,false,2,,23400,2024-06-17,false,true
I00036,food,small,MA,temperate,low,2-shift,Loader,pro,passive,IP65,65,search,middle-east,uptime,/contact,mobile,on-site,standard,pooled,false,false,0,5,11200,2025-03-14,false,true
I00037,food,small,PL,temperate,medium,1-shift,Conveyor,pro,passive,IP66,65,referral,dach,uptime,/pricing,mobile,guided,standard,dedicated,false,false,0,,34800,2025-04-19,false,true
I00038,mining,large,DE,temperate,high,2-shift,Lifter,consumer,active,IP65,35,trade-fair,middle-east,uptime,/contact,tablet,on-site,standard,pooled,false,false,0,,9000,2024-02-07,false,true
I00039,mining,small,AE,hot,medium,1-shift,Hoist,industrial,active,IP66,90,paid-social,dach,service,/pricing,desktop,guided,standard,dedicated,true,false,1,1,26400,2024-07-30,false,true
I00040,food,small,ES,hot,low,3-shift,Conveyor,pro,passive,IP66,65,trade-fair,dach,uptime,/contact,desktop,guided,none,pooled,true,true,3,2,11600,2024-03-28,false,true
I00041,logistics,mid,ES,hot,high,2-shift,Loader,consumer,active,IP66,35,search,iberia,service,/spec-sheets,tablet,guided,premium,pooled,false,false,0,4,4100,2024-07-11,false,true
I00042,mining,large,NO,arctic,medium,2-shift,Hoist,pro,active,IP65,65,paid-social,nordics,service,/pricing,desktop,self,none,dedicated,false,false,0,,23600,2024-05-02,true,false
I00043,construction,mid,MA,hot,medium,1-shift,Compactor,industrial,liquid,IP66,90,distributor-ME,middle-east,uptime,/pricing,desktop,self,premium,pooled,false,false,0,,79650,2025-02-25,false,true
I00044,logistics,large,SE,temperate,high,1-shift,Hoist,pro,liquid,IP65,65,paid-social,nordics,service,/case-studies,desktop,self,premium,pooled,true,true,1,2,11250,2024-08-22,false,true
I00045,mining,small,FI,hot,medium,3-shift,Sorter,pro,liquid,IP66,65,distributor-ME,middle-east,uptime,/case-studies,desktop,on-site,none,pooled,false,false,0,,11600,2024-05-30,false,true
I00046,mining,mid,SE,temperate,low,3-shift,Conveyor,industrial,active,IP65,90,trade-fair,benelux,price,/pricing,mobile,guided,standard,pooled,false,false,0,,27100,2024-03-14,false,true
I00047,construction,mid,MA,hot,high,2-shift,Lifter,industrial,liquid,IP66,90,search,benelux,durability,/products,mobile,guided,none,dedicated,false,false,1,,27000,2024-10-11,false,true
I00048,logistics,small,NO,temperate,high,1-shift,Compactor,pro,passive,IP54,65,search,middle-east,uptime,/case-studies,mobile,on-site,standard,dedicated,false,false,0,,56500,2024-04-03,false,true
I00049,mining,small,ES,hot,high,3-shift,Lifter,pro,active,IP65,65,trade-fair,dach,uptime,/spec-sheets,desktop,on-site,none,dedicated,false,false,0,,23200,2024-05-26,false,true
I00050,construction,small,ES,temperate,low,1-shift,Lifter,consumer,active,IP65,35,search,benelux,durability,/contact,desktop,guided,standard,pooled,false,false,1,,9000,2024-07-03,true,false
I00051,logistics,small,NO,arctic,medium,1-shift,Lifter,pro,liquid,IP54,65,search,nordics,durability,/case-studies,desktop,on-site,none,pooled,false,false,0,5,11750,2024-04-20,false,true
I00052,construction,mid,DE,hot,medium,2-shift,Hoist,consumer,active,IP66,35,search,middle-east,uptime,/contact,desktop,on-site,standard,dedicated,true,false,2,5,7700,2024-05-12,false,true
I00053,construction,small,DE,temperate,high,1-shift,Conveyor,consumer,active,IP54,35,referral,iberia,price,/pricing,desktop,on-site,none,pooled,false,true,1,2,4100,2024-12-11,true,false
I00054,food,mid,ES,hot,low,2-shift,Conveyor,pro,passive,IP66,65,distributor-ME,middle-east,uptime,/pricing,desktop,on-site,none,pooled,true,true,1,4,11600,2025-06-19,true,false
I00055,logistics,mid,SE,arctic,medium,1-shift,Lifter,pro,liquid,IP54,65,search,nordics,durability,/spec-sheets,desktop,on-site,standard,dedicated,true,false,1,,35250,2024-05-01,false,true
I00056,logistics,small,MA,hot,low,2-shift,Compactor,consumer,active,IP54,35,distributor-ME,middle-east,uptime,/pricing,mobile,guided,standard,pooled,false,false,0,,4500,2024-07-15,false,true
I00057,mining,small,MA,hot,medium,3-shift,Loader,consumer,passive,IP66,35,distributor-ME,middle-east,uptime,/spec-sheets,desktop,guided,none,pooled,false,false,1,2,4250,2025-07-19,false,true
I00058,logistics,small,ES,hot,medium,1-shift,Sorter,consumer,active,IP54,35,distributor-ME,middle-east,uptime,/spec-sheets,desktop,on-site,standard,pooled,false,true,1,4,7700,2024-05-21,false,true
I00059,construction,large,ES,hot,medium,1-shift,Compactor,consumer,active,IP54,35,trade-fair,dach,uptime,/contact,tablet,on-site,standard,pooled,true,true,2,,9000,2025-07-07,false,true
I00060,mining,small,FI,temperate,medium,3-shift,Conveyor,pro,active,IP65,65,referral,nordics,uptime,/pricing,desktop,on-site,standard,pooled,false,false,0,5,11700,2025-03-06,false,true
I00061,construction,large,MA,temperate,medium,1-shift,Hoist,consumer,passive,IP54,35,trade-fair,middle-east,uptime,/contact,tablet,self,standard,pooled,false,false,0,,4500,2025-08-02,false,true
I00062,food,small,SE,hot,high,2-shift,Lifter,pro,active,IP65,65,trade-fair,dach,uptime,/contact,desktop,guided,none,pooled,false,false,0,,11600,2024-04-08,false,true
I00063,food,large,ES,temperate,medium,3-shift,Lifter,industrial,liquid,IP66,90,referral,nordics,uptime,/spec-sheets,desktop,guided,standard,pooled,false,false,0,4,54000,2025-02-17,false,true
I00064,logistics,small,PL,hot,high,3-shift,Lifter,industrial,active,IP66,90,paid-social,middle-east,durability,/contact,mobile,guided,none,pooled,false,false,0,,26600,2025-02-05,false,true
I00065,food,mid,AE,hot,low,2-shift,Conveyor,industrial,liquid,IP54,90,paid-social,dach,service,/pricing,desktop,on-site,premium,dedicated,true,false,2,4,27150,2024-11-29,false,true
I00066,logistics,large,MA,hot,medium,1-shift,Conveyor,consumer,active,IP54,35,search,dach,service,/pricing,tablet,on-site,none,pooled,false,false,0,,8200,2024-09-11,false,true
I00067,food,small,SA,temperate,medium,2-shift,Compactor,industrial,liquid,IP66,90,trade-fair,benelux,price,/contact,tablet,self,standard,dedicated,true,false,2,2,53100,2024-07-22,false,true
I00068,food,mid,MA,hot,medium,3-shift,Loader,pro,liquid,IP54,65,trade-fair,benelux,price,/pricing,tablet,self,none,dedicated,false,false,0,5,11850,2024-10-13,false,true
I00069,construction,small,AE,hot,high,1-shift,Lifter,pro,active,IP65,65,trade-fair,iberia,durability,/products,mobile,on-site,standard,pooled,false,false,0,,58000,2025-01-24,false,true
I00070,food,large,PL,temperate,high,1-shift,Loader,consumer,active,IP66,35,search,dach,service,/case-studies,desktop,self,none,pooled,true,false,2,,4100,2024-03-29,false,true
I00071,food,small,FI,temperate,medium,2-shift,Sorter,pro,passive,IP54,65,paid-social,middle-east,durability,/case-studies,desktop,on-site,standard,pooled,false,false,0,,11850,2024-07-26,false,true
I00072,construction,small,PL,temperate,high,2-shift,Sorter,industrial,liquid,IP54,90,paid-social,nordics,service,/spec-sheets,desktop,guided,none,pooled,false,true,1,,54300,2024-04-16,false,true
I00073,food,small,PL,hot,medium,3-shift,Hoist,consumer,passive,IP54,35,referral,nordics,uptime,/pricing,mobile,on-site,standard,pooled,true,true,4,3,13500,2025-01-05,true,false
I00074,logistics,mid,ES,arctic,high,1-shift,Hoist,consumer,active,IP66,35,referral,iberia,price,/spec-sheets,tablet,self,none,pooled,false,true,1,,3850,2024-08-28,false,true
I00075,mining,mid,NO,arctic,high,3-shift,Compactor,pro,liquid,IP54,65,trade-fair,dach,uptime,/contact,desktop,self,standard,pooled,false,true,1,,34800,2025-06-24,false,true
I00076,logistics,small,ES,hot,low,2-shift,Hoist,pro,passive,IP66,65,search,nordics,durability,/contact,desktop,self,none,dedicated,true,false,1,2,35250,2024-05-17,false,true
I00077,mining,large,MA,hot,high,1-shift,Hoist,consumer,active,IP66,35,search,iberia,service,/case-studies,desktop,on-site,standard,pooled,false,false,0,5,7700,2024-04-19,true,false
I00078,logistics,large,DE,arctic,medium,3-shift,Hoist,consumer,passive,IP54,35,referral,nordics,uptime,/pricing,desktop,on-site,standard,pooled,false,true,2,,9000,2024-12-28,false,true
I00079,logistics,large,MA,hot,medium,1-shift,Hoist,industrial,active,IP66,90,paid-social,nordics,service,/spec-sheets,tablet,self,standard,dedicated,false,false,0,4,26400,2024-08-01,false,true
I00080,logistics,small,AE,hot,high,2-shift,Compactor,industrial,liquid,IP66,90,search,iberia,service,/spec-sheets,desktop,on-site,standard,dedicated,false,false,1,,53100,2025-07-01,true,false
I00081,mining,small,DE,temperate,high,3-shift,Loader,consumer,active,IP66,35,paid-social,middle-east,durability,/case-studies,mobile,on-site,standard,dedicated,false,false,1,,4100,2024-11-17,false,true
I00082,logistics,large,MA,hot,low,1-shift,Conveyor,consumer,active,IP54,35,distributor-ME,middle-east,uptime,/case-studies,desktop,on-site,none,dedicated,false,false,0,,8200,2024-08-20,false,true
I00083,food,small,ES,hot,low,2-shift,Hoist,pro,passive,IP66,65,search,iberia,service,/case-studies,desktop,on-site,standard,dedicated,true,false,1,,35250,2025-01-01,false,true
I00084,food,mid,AE,hot,high,2-shift,Hoist,consumer,active,IP66,35,paid-social,dach,service,/products,tablet,guided,standard,pooled,false,false,1,4,3850,2025-08-12,false,true
I00085,logistics,small,AE,hot,high,2-shift,Lifter,pro,liquid,IP54,65,distributor-ME,middle-east,uptime,/products,desktop,guided,none,pooled,false,true,1,,11750,2024-08-28,true,false
I00086,logistics,small,MA,hot,high,1-shift,Sorter,industrial,active,IP54,90,distributor-ME,middle-east,uptime,/spec-sheets,desktop,self,premium,pooled,false,true,1,,54200,2024-08-30,false,true
I00087,mining,mid,SA,temperate,medium,2-shift,Conveyor,consumer,passive,IP54,35,paid-social,middle-east,durability,/products,desktop,self,standard,pooled,true,true,1,,11850,2024-10-08,true,false
I00088,food,mid,FI,temperate,high,3-shift,Hoist,consumer,passive,IP54,35,paid-social,nordics,service,/pricing,mobile,self,none,pooled,false,true,1,,9000,2024-07-29,true,false
I00089,mining,large,AE,hot,medium,2-shift,Loader,pro,liquid,IP54,65,paid-social,nordics,service,/products,desktop,guided,none,dedicated,false,false,0,,23700,2025-05-19,false,true
I00090,construction,large,SE,temperate,low,3-shift,Compactor,pro,liquid,IP54,65,referral,middle-east,service,/spec-sheets,desktop,on-site,standard,pooled,true,false,1,,58000,2024-06-04,false,true
I00091,logistics,mid,AE,hot,medium,1-shift,Hoist,pro,liquid,IP65,65,trade-fair,middle-east,uptime,/contact,mobile,on-site,premium,dedicated,false,false,0,,33750,2025-04-16,false,true
I00092,construction,small,AE,temperate,low,1-shift,Conveyor,pro,active,IP65,65,search,dach,service,/case-studies,mobile,on-site,standard,pooled,true,true,1,,11700,2025-02-23,true,false
I00093,logistics,mid,MA,hot,medium,3-shift,Loader,consumer,passive,IP66,35,referral,dach,uptime,/contact,desktop,guided,none,pooled,true,true,4,5,12750,2025-07-28,true,false
I00094,logistics,mid,SA,hot,low,2-shift,Hoist,pro,passive,IP66,65,search,iberia,service,/case-studies,mobile,self,standard,pooled,true,true,3,5,11750,2024-07-04,true,false
I00095,mining,small,SE,arctic,medium,3-shift,Compactor,industrial,active,IP66,90,search,benelux,durability,/spec-sheets,desktop,on-site,standard,dedicated,true,false,3,3,26600,2024-09-22,false,true
I00096,mining,large,PL,temperate,medium,1-shift,Conveyor,pro,passive,IP66,65,referral,middle-east,service,/contact,mobile,on-site,standard,pooled,false,false,0,,11600,2025-07-09,false,true
I00097,mining,small,ES,hot,medium,2-shift,Loader,consumer,passive,IP66,35,search,nordics,durability,/pricing,desktop,self,standard,pooled,true,true,2,4,4250,2024-06-29,false,true
I00098,food,large,SA,hot,medium,3-shift,Conveyor,pro,passive,IP66,65,distributor-ME,middle-east,uptime,/contact,desktop,self,none,pooled,true,true,3,4,11600,2024-03-08,true,false
I00099,logistics,small,DE,hot,medium,1-shift,Lifter,pro,active,IP65,65,distributor-ME,middle-east,uptime,/spec-sheets,mobile,on-site,premium,dedicated,false,true,2,,11600,2024-11-10,true,false
I00100,logistics,mid,MA,hot,low,2-shift,Conveyor,pro,active,IP65,65,trade-fair,nordics,service,/contact,desktop,self,standard,dedicated,false,false,0,4,23400,2025-01-30,false,true
I00101,construction,mid,NO,temperate,low,1-shift,Lifter,industrial,liquid,IP66,90,search,dach,service,/spec-sheets,desktop,on-site,premium,pooled,false,false,0,,54000,2024-07-01,false,true
I00102,mining,mid,NO,temperate,high,2-shift,Hoist,pro,passive,IP66,65,paid-social,dach,service,/case-studies,mobile,on-site,none,dedicated,false,false,1,,35250,2024-10-13,false,true
I00103,construction,small,AE,hot,high,1-shift,Conveyor,industrial,active,IP65,90,search,middle-east,uptime,/pricing,desktop,guided,none,dedicated,false,false,1,4,27100,2025-04-01,false,true
I00104,logistics,mid,MA,hot,medium,3-shift,Compactor,pro,active,IP65,65,paid-social,middle-east,durability,/pricing,desktop,self,none,dedicated,false,false,1,5,58000,2025-02-25,false,true
I00105,food,small,AE,hot,low,1-shift,Lifter,consumer,active,IP65,35,trade-fair,iberia,durability,/case-studies,mobile,self,premium,pooled,false,false,0,,9000,2024-12-11,false,true
I00106,logistics,mid,SA,hot,low,2-shift,Loader,industrial,active,IP66,90,trade-fair,nordics,service,/case-studies,desktop,self,standard,dedicated,true,true,1,,81150,2024-04-24,false,true
I00107,construction,mid,FI,temperate,low,1-shift,Lifter,industrial,active,IP66,90,trade-fair,benelux,price,/case-studies,desktop,self,none,dedicated,false,false,0,,26600,2025-04-11,false,true
I00108,logistics,small,DE,temperate,low,1-shift,Hoist,industrial,active,IP66,90,trade-fair,iberia,durability,/products,desktop,on-site,premium,dedicated,false,false,2,,132000,2024-06-03,false,true
I00109,logistics,small,SA,hot,high,2-shift,Sorter,consumer,active,IP54,35,distributor-ME,middle-east,uptime,/spec-sheets,mobile,on-site,standard,pooled,false,true,1,2,7700,2024-05-01,false,true
I00110,food,small,MA,hot,medium,3-shift,Lifter,pro,liquid,IP54,65,distributor-ME,middle-east,uptime,/pricing,desktop,on-site,standard,pooled,false,false,0,5,23500,2024-08-21,false,true
I00111,construction,small,PL,arctic,high,2-shift,Loader,pro,active,IP66,65,trade-fair,benelux,price,/spec-sheets,mobile,self,none,pooled,false,false,0,,11300,2025-04-10,true,false
I00112,construction,mid,MA,hot,medium,1-shift,Hoist,industrial,liquid,IP66,90,distributor-ME,middle-east,uptime,/products,desktop,on-site,none,pooled,false,false,0,5,132750,2025-07-25,false,true
I00113,construction,small,AE,hot,medium,3-shift,Compactor,industrial,liquid,IP66,90,trade-fair,middle-east,uptime,/contact,mobile,on-site,standard,pooled,true,false,1,5,79650,2024-04-28,false,true
I00114,mining,small,NO,temperate,low,3-shift,Loader,pro,liquid,IP54,65,paid-social,benelux,durability,/contact,desktop,guided,standard,dedicated,false,false,0,5,35550,2025-08-01,false,true
I00115,logistics,small,FI,arctic,medium,3-shift,Hoist,pro,liquid,IP65,65,search,benelux,durability,/products,mobile,self,premium,pooled,false,true,1,4,22500,2024-04-24,false,true
I00116,food,small,AE,hot,medium,3-shift,Loader,industrial,active,IP66,90,distributor-ME,middle-east,uptime,/pricing,desktop,on-site,premium,dedicated,false,true,2,,27050,2025-05-24,true,false
I00117,construction,mid,DE,hot,low,2-shift,Conveyor,industrial,active,IP65,90,distributor-ME,middle-east,uptime,/pricing,mobile,guided,standard,dedicated,true,false,2,4,27100,2024-09-29,false,true
I00118,logistics,small,AE,hot,low,2-shift,Sorter,pro,liquid,IP66,65,distributor-ME,middle-east,uptime,/case-studies,mobile,guided,standard,pooled,false,false,0,,11600,2024-10-08,false,true
I00119,logistics,large,PL,temperate,medium,3-shift,Loader,pro,liquid,IP54,65,referral,iberia,price,/case-studies,desktop,guided,standard,pooled,true,false,2,,59250,2024-03-21,false,true
I00120,logistics,small,ES,hot,low,2-shift,Lifter,pro,active,IP65,65,distributor-ME,middle-east,uptime,/spec-sheets,desktop,self,none,dedicated,false,false,1,2,58000,2025-01-10,false,true
I00121,construction,small,MA,hot,medium,2-shift,Loader,pro,active,IP66,65,referral,dach,uptime,/products,desktop,on-site,standard,dedicated,false,false,1,1,22600,2025-04-07,false,true
I00122,food,small,AE,hot,medium,3-shift,Conveyor,consumer,passive,IP54,35,distributor-ME,middle-east,uptime,/contact,desktop,on-site,none,pooled,true,true,4,,3950,2025-01-27,true,false
I00123,logistics,small,DE,temperate,high,1-shift,Sorter,industrial,active,IP54,90,paid-social,nordics,service,/contact,desktop,on-site,standard,dedicated,false,false,0,5,27100,2024-09-20,false,true
I00124,mining,mid,SE,temperate,low,3-shift,Compactor,pro,active,IP65,65,paid-social,iberia,service,/products,desktop,self,standard,pooled,true,true,1,,11600,2024-07-18,true,false
I00125,construction,small,AE,hot,low,2-shift,Lifter,pro,passive,IP65,65,paid-social,iberia,service,/contact,desktop,guided,standard,pooled,true,true,4,,11750,2025-01-17,true,false
I00126,construction,large,AE,hot,medium,1-shift,Loader,pro,liquid,IP54,65,distributor-ME,middle-east,uptime,/pricing,desktop,guided,standard,pooled,false,true,1,3,23700,2024-08-09,false,true
I00127,food,small,SE,temperate,medium,3-shift,Loader,industrial,liquid,IP65,90,trade-fair,iberia,durability,/products,desktop,on-site,none,dedicated,false,false,1,2,26850,2024-12-29,false,true
I00128,food,small,FI,temperate,medium,3-shift,Sorter,pro,passive,IP54,65,trade-fair,dach,uptime,/spec-sheets,desktop,self,standard,pooled,false,true,1,,23700,2024-09-06,false,true
I00129,logistics,small,NO,temperate,medium,3-shift,Hoist,industrial,liquid,IP66,90,referral,middle-east,service,/pricing,desktop,guided,none,dedicated,false,false,0,4,53100,2025-04-29,false,true
I00130,mining,small,MA,hot,medium,1-shift,Compactor,pro,passive,IP54,65,search,iberia,service,/pricing,mobile,guided,standard,dedicated,false,false,0,,56500,2025-02-23,true,false
I00131,food,mid,PL,temperate,medium,2-shift,Hoist,consumer,passive,IP54,35,search,dach,service,/contact,mobile,guided,standard,pooled,false,true,1,,4500,2025-06-29,false,true
I00132,construction,mid,MA,hot,medium,1-shift,Sorter,industrial,active,IP54,90,distributor-ME,middle-east,uptime,/products,desktop,self,standard,dedicated,true,false,1,,27100,2025-02-26,false,true
I00133,food,small,MA,temperate,medium,2-shift,Hoist,industrial,liquid,IP66,90,paid-social,middle-east,durability,/pricing,desktop,guided,standard,dedicated,false,false,0,,53100,2024-08-16,false,true
I00134,food,small,FI,temperate,medium,3-shift,Sorter,pro,liquid,IP66,65,distributor-ME,middle-east,uptime,/contact,tablet,self,standard,dedicated,false,false,0,4,34800,2024-08-16,false,true
I00135,logistics,small,FI,temperate,low,2-shift,Conveyor,consumer,passive,IP54,35,referral,benelux,price,/spec-sheets,desktop,on-site,premium,pooled,true,true,1,3,3950,2025-04-22,false,true
I00136,construction,large,DE,temperate,medium,1-shift,Hoist,pro,liquid,IP65,65,trade-fair,benelux,price,/contact,mobile,guided,standard,dedicated,false,false,1,,11250,2024-03-23,false,true
I00137,construction,mid,NO,temperate,low,2-shift,Lifter,consumer,passive,IP54,35,search,benelux,durability,/pricing,tablet,guided,standard,pooled,true,true,2,,4100,2025-08-06,false,true
I00138,food,large,FI,hot,medium,3-shift,Conveyor,pro,active,IP65,65,distributor-ME,middle-east,uptime,/spec-sheets,mobile,on-site,none,dedicated,false,false,0,,35100,2024-04-22,false,true
I00139,food,small,SE,hot,high,2-shift,Hoist,industrial,liquid,IP66,90,referral,middle-east,service,/spec-sheets,mobile,guided,standard,dedicated,true,false,1,,79650,2024-05-20,true,false
I00140,food,small,MA,hot,medium,3-shift,Compactor,pro,liquid,IP54,65,search,benelux,durability,/products,mobile,self,premium,dedicated,false,false,0,5,58000,2025-04-09,false,true
I00141,food,small,NO,temperate,medium,3-shift,Loader,pro,liquid,IP54,65,referral,middle-east,service,/case-studies,desktop,guided,standard,dedicated,false,false,0,,11850,2024-07-12,true,false
I00142,logistics,mid,SA,hot,high,1-shift,Sorter,industrial,active,IP54,90,trade-fair,middle-east,uptime,/products,desktop,self,none,pooled,false,false,0,4,135500,2024-12-04,false,true
I00143,mining,small,FI,temperate,low,3-shift,Sorter,pro,liquid,IP66,65,search,iberia,service,/case-studies,desktop,on-site,none,pooled,false,false,0,,11600,2024-06-03,false,true
I00144,logistics,small,FI,temperate,medium,2-shift,Loader,industrial,active,IP66,90,referral,middle-east,service,/spec-sheets,desktop,on-site,premium,dedicated,false,false,1,,27050,2025-05-19,false,true
I00145,construction,small,DE,temperate,low,1-shift,Compactor,industrial,active,IP66,90,trade-fair,dach,uptime,/products,desktop,self,standard,dedicated,false,false,0,5,53200,2024-10-01,false,true
I00146,mining,large,MA,hot,low,2-shift,Loader,pro,passive,IP65,65,referral,nordics,uptime,/products,desktop,self,premium,pooled,true,true,1,2,11200,2025-04-14,true,false
I00147,construction,small,ES,temperate,low,1-shift,Sorter,pro,active,IP65,65,trade-fair,benelux,price,/contact,tablet,self,standard,dedicated,false,false,0,,57500,2024-04-29,false,true
I00148,food,small,MA,hot,low,1-shift,Sorter,pro,active,IP65,65,paid-social,iberia,service,/products,desktop,guided,premium,pooled,false,true,1,,34500,2024-03-06,false,true
I00149,construction,small,MA,hot,medium,2-shift,Sorter,consumer,active,IP54,35,paid-social,dach,service,/case-studies,desktop,guided,standard,pooled,true,true,1,4,3850,2024-08-31,true,false
I00150,logistics,mid,FI,temperate,low,2-shift,Conveyor,industrial,active,IP65,90,search,nordics,durability,/pricing,desktop,self,none,dedicated,false,false,0,,81300,2025-03-10,false,true
I00151,construction,small,PL,hot,high,2-shift,Hoist,pro,passive,IP66,65,distributor-ME,middle-east,uptime,/case-studies,mobile,on-site,standard,dedicated,true,true,4,,23500,2024-10-24,false,true
I00152,construction,small,MA,hot,medium,1-shift,Lifter,industrial,liquid,IP66,90,distributor-ME,middle-east,uptime,/pricing,desktop,on-site,none,dedicated,false,false,0,,81000,2025-08-03,true,false
I00153,logistics,small,DE,hot,medium,3-shift,Hoist,consumer,active,IP66,35,distributor-ME,middle-east,uptime,/products,desktop,on-site,none,pooled,false,true,2,,3850,2025-01-08,true,false
I00154,construction,small,MA,hot,high,2-shift,Sorter,pro,passive,IP54,65,search,benelux,durability,/pricing,desktop,guided,standard,pooled,true,true,3,1,11850,2024-05-21,false,true
I00155,food,small,SE,temperate,medium,2-shift,Hoist,consumer,active,IP66,35,trade-fair,nordics,service,/products,mobile,on-site,standard,pooled,true,false,1,1,3850,2024-05-07,false,true
I00156,logistics,small,DE,temperate,medium,3-shift,Lifter,pro,liquid,IP54,65,referral,iberia,price,/pricing,desktop,guided,standard,pooled,false,true,1,,11750,2024-05-27,false,true
I00157,mining,mid,DE,temperate,medium,1-shift,Compactor,industrial,active,IP66,90,trade-fair,dach,uptime,/pricing,desktop,guided,standard,dedicated,false,false,1,,79800,2024-04-05,false,true
I00158,logistics,small,FI,arctic,high,3-shift,Compactor,consumer,passive,IP66,35,referral,middle-east,service,/case-studies,mobile,self,none,pooled,false,false,0,,8600,2024-04-16,false,true
I00159,food,mid,ES,hot,low,3-shift,Conveyor,pro,passive,IP66,65,search,dach,service,/products,mobile,guided,standard,dedicated,true,false,3,,11600,2025-02-16,false,true
I00160,logistics,small,MA,hot,high,1-shift,Loader,industrial,active,IP66,90,distributor-ME,middle-east,uptime,/case-studies,mobile,self,none,dedicated,false,false,1,,27050,2024-09-25,false,true
I00161,logistics,large,MA,hot,medium,2-shift,Lifter,consumer,passive,IP54,35,trade-fair,iberia,durability,/case-studies,mobile,self,none,dedicated,true,false,2,,8200,2025-05-10,true,false
I00162,food,small,PL,temperate,high,2-shift,Loader,industrial,liquid,IP65,90,paid-social,benelux,durability,/case-studies,mobile,guided,none,dedicated,false,true,1,4,80550,2025-03-26,false,true
I00163,logistics,small,MA,temperate,medium,1-shift,Loader,consumer,passive,IP66,35,search,benelux,durability,/pricing,desktop,self,standard,pooled,true,false,2,5,4250,2024-09-05,false,true
I00164,construction,large,PL,temperate,medium,1-shift,Hoist,pro,passive,IP66,65,referral,nordics,uptime,/pricing,desktop,guided,premium,dedicated,false,false,0,4,23500,2024-07-30,false,true
I00165,construction,large,DE,hot,low,2-shift,Lifter,pro,active,IP65,65,distributor-ME,middle-east,uptime,/products,desktop,self,standard,dedicated,true,false,1,,11600,2025-02-06,false,true
I00166,logistics,small,AE,hot,high,2-shift,Sorter,consumer,passive,IP66,35,trade-fair,dach,uptime,/products,desktop,on-site,premium,pooled,true,false,1,,11400,2025-05-22,false,true
I00167,food,small,AE,hot,high,3-shift,Loader,consumer,active,IP66,35,referral,middle-east,service,/products,desktop,on-site,premium,dedicated,false,false,2,,20500,2024-12-12,false,true
I00168,food,small,AE,hot,medium,2-shift,Lifter,pro,passive,IP65,65,referral,nordics,uptime,/products,desktop,on-site,premium,dedicated,true,false,2,5,23500,2025-03-31,false,true
I00169,food,small,DE,hot,medium,3-shift,Hoist,consumer,active,IP66,35,search,iberia,service,/spec-sheets,desktop,guided,premium,pooled,false,false,0,,7700,2024-05-07,false,true
I00170,construction,mid,DE,hot,medium,1-shift,Lifter,consumer,passive,IP54,35,distributor-ME,middle-east,uptime,/spec-sheets,desktop,self,standard,pooled,true,true,2,2,12300,2024-06-08,true,false
I00171,food,large,MA,hot,low,3-shift,Hoist,pro,active,IP65,65,search,nordics,durability,/spec-sheets,desktop,on-site,premium,pooled,false,false,0,,35400,2024-07-01,false,true
I00172,food,small,ES,temperate,high,3-shift,Sorter,consumer,active,IP54,35,search,benelux,durability,/contact,desktop,self,premium,dedicated,false,true,2,,3850,2024-05-31,true,false
I00173,food,small,SE,hot,high,2-shift,Lifter,industrial,liquid,IP66,90,referral,dach,uptime,/case-studies,desktop,guided,standard,dedicated,false,false,0,,81000,2024-09-27,false,true
I00174,logistics,small,DE,temperate,high,3-shift,Loader,industrial,active,IP66,90,search,benelux,durability,/spec-sheets,mobile,on-site,standard,dedicated,false,false,0,4,135250,2025-01-22,true,false
I00175,food,large,MA,hot,high,3-shift,Lifter,consumer,active,IP65,35,referral,nordics,uptime,/products,mobile,on-site,premium,pooled,false,true,2,,4500,2025-01-23,false,true
I00176,logistics,small,NO,arctic,low,2-shift,Conveyor,pro,active,IP65,65,trade-fair,nordics,service,/contact,desktop,on-site,standard,pooled,false,false,1,2,23400,2024-08-05,false,true
I00177,construction,small,PL,hot,low,2-shift,Hoist,pro,passive,IP66,65,paid-social,middle-east,durability,/pricing,desktop,on-site,standard,dedicated,true,true,4,,11750,2024-04-16,true,false
I00178,mining,large,FI,temperate,medium,3-shift,Compactor,pro,liquid,IP54,65,referral,nordics,uptime,/pricing,desktop,guided,none,dedicated,false,false,0,5,23200,2024-12-21,false,true
I00179,food,large,PL,temperate,high,2-shift,Hoist,consumer,passive,IP54,35,search,middle-east,uptime,/spec-sheets,desktop,self,standard,pooled,true,true,2,,4500,2025-02-10,true,false
I00180,food,mid,FI,temperate,high,3-shift,Compactor,industrial,liquid,IP66,90,search,benelux,durability,/pricing,mobile,self,standard,pooled,false,false,0,,79650,2025-04-18,false,true
I00181,food,small,DE,hot,medium,3-shift,Sorter,consumer,active,IP54,35,trade-fair,nordics,service,/pricing,tablet,guided,none,pooled,true,true,2,,3850,2024-07-01,true,false
I00182,construction,mid,DE,temperate,high,3-shift,Lifter,pro,passive,IP65,65,referral,iberia,price,/contact,desktop,guided,premium,pooled,false,false,1,,23500,2025-04-21,true,false
I00183,food,small,SA,temperate,medium,2-shift,Conveyor,consumer,passive,IP54,35,search,middle-east,uptime,/pricing,desktop,guided,standard,pooled,false,false,0,,3950,2024-03-20,false,true
I00184,food,small,FI,arctic,low,3-shift,Loader,pro,passive,IP65,65,search,iberia,service,/products,mobile,on-site,none,dedicated,false,false,0,,33600,2024-03-26,false,true
I00185,mining,small,MA,hot,medium,3-shift,Compactor,consumer,active,IP54,35,distributor-ME,middle-east,uptime,/spec-sheets,desktop,on-site,none,dedicated,false,true,2,,4500,2024-08-28,false,true
I00186,construction,small,NO,temperate,low,1-shift,Lifter,consumer,passive,IP54,35,trade-fair,middle-east,uptime,/products,desktop,self,premium,pooled,true,true,2,,4100,2025-01-08,false,true
I00187,construction,mid,PL,temperate,medium,2-shift,Sorter,industrial,active,IP54,90,paid-social,benelux,durability,/pricing,tablet,self,premium,dedicated,true,false,1,,27100,2024-12-20,false,true
I00188,food,small,NO,temperate,high,3-shift,Conveyor,pro,liquid,IP65,65,referral,nordics,uptime,/spec-sheets,desktop,guided,standard,dedicated,true,false,1,,23400,2025-03-02,false,true
I00189,construction,small,DE,hot,low,1-shift,Lifter,industrial,liquid,IP66,90,trade-fair,iberia,durability,/spec-sheets,desktop,guided,standard,dedicated,false,false,0,5,81000,2025-07-16,true,false
I00190,logistics,large,SE,temperate,high,1-shift,Hoist,pro,active,IP65,65,paid-social,middle-east,durability,/products,mobile,guided,standard,dedicated,false,false,0,4,11800,2025-06-20,false,true
I00191,logistics,mid,FI,temperate,high,1-shift,Compactor,industrial,active,IP66,90,referral,dach,uptime,/pricing,mobile,on-site,none,dedicated,false,false,0,5,26600,2025-06-25,false,true
I00192,mining,large,SA,hot,high,3-shift,Loader,industrial,active,IP66,90,trade-fair,dach,uptime,/products,mobile,self,none,pooled,false,false,0,,27050,2024-07-01,false,true
I00193,mining,small,FI,temperate,high,3-shift,Compactor,pro,liquid,IP54,65,search,iberia,service,/products,desktop,self,standard,dedicated,false,false,0,,34800,2024-10-24,false,true
I00194,logistics,small,MA,hot,low,1-shift,Hoist,industrial,active,IP66,90,referral,dach,uptime,/spec-sheets,mobile,on-site,none,dedicated,false,false,0,5,26400,2024-04-06,false,true
I00195,mining,small,MA,hot,medium,3-shift,Lifter,industrial,active,IP66,90,distributor-ME,middle-east,uptime,/products,desktop,self,standard,pooled,false,false,0,,26600,2025-02-25,false,true
I00196,food,small,AE,hot,high,2-shift,Loader,pro,liquid,IP54,65,referral,middle-east,service,/products,desktop,on-site,standard,pooled,false,false,0,,35550,2024-09-02,false,true
I00197,logistics,small,NO,temperate,medium,1-shift,Compactor,consumer,active,IP54,35,search,dach,service,/spec-sheets,mobile,self,standard,pooled,false,false,0,,9000,2024-11-01,false,true
I00198,food,mid,DE,temperate,high,2-shift,Hoist,industrial,active,IP66,90,referral,nordics,uptime,/spec-sheets,desktop,self,standard,dedicated,false,false,0,4,79200,2024-11-14,false,true
I00199,mining,mid,MA,hot,high,3-shift,Lifter,industrial,liquid,IP66,90,distributor-ME,middle-east,uptime,/contact,desktop,on-site,none,pooled,false,false,0,4,27000,2024-09-16,false,true
I00200,logistics,large,PL,hot,medium,1-shift,Lifter,industrial,liquid,IP66,90,distributor-ME,middle-east,uptime,/case-studies,desktop,self,premium,pooled,false,false,0,5,135000,2024-12-28,false,true
I00201,logistics,mid,AE,hot,medium,1-shift,Hoist,consumer,active,IP66,35,distributor-ME,middle-east,uptime,/products,desktop,guided,standard,dedicated,true,false,3,,19250,2025-01-15,false,true
I00202,logistics,small,AE,hot,high,2-shift,Compactor,consumer,active,IP54,35,trade-fair,benelux,price,/case-studies,tablet,guided,standard,pooled,false,false,0,4,13500,2024-09-18,false,true
I00203,logistics,small,SA,hot,high,2-shift,Hoist,pro,passive,IP66,65,distributor-ME,middle-east,uptime,/spec-sheets,mobile,self,standard,dedicated,true,true,2,3,11750,2024-11-18,false,true
I00204,logistics,small,PL,temperate,low,1-shift,Conveyor,industrial,active,IP65,90,referral,dach,uptime,/case-studies,desktop,on-site,premium,dedicated,false,false,0,,54200,2024-08-28,false,true
I00205,construction,large,FI,temperate,medium,1-shift,Hoist,industrial,active,IP66,90,trade-fair,iberia,durability,/case-studies,desktop,self,standard,dedicated,false,false,0,4,26400,2024-08-12,true,false
I00206,mining,large,DE,temperate,medium,2-shift,Conveyor,consumer,active,IP54,35,paid-social,iberia,service,/products,desktop,self,standard,dedicated,false,false,0,5,20500,2025-06-14,false,true
I00207,mining,large,ES,hot,medium,2-shift,Loader,industrial,active,IP66,90,search,middle-east,uptime,/case-studies,mobile,on-site,standard,dedicated,true,false,1,1,54100,2024-08-31,false,true
I00208,food,large,ES,temperate,medium,3-shift,Hoist,consumer,active,IP66,35,search,middle-east,uptime,/contact,desktop,on-site,standard,pooled,false,false,1,,7700,2025-05-02,true,false
I00209,logistics,small,MA,hot,low,1-shift,Loader,pro,liquid,IP54,65,distributor-ME,middle-east,uptime,/spec-sheets,desktop,on-site,none,dedicated,false,false,0,4,23700,2024-03-10,true,false
I00210,mining,large,DE,hot,medium,2-shift,Hoist,pro,liquid,IP65,65,distributor-ME,middle-east,uptime,/case-studies,mobile,on-site,standard,dedicated,false,false,1,,22500,2025-06-17,false,true
I00211,logistics,small,MA,hot,high,3-shift,Conveyor,industrial,active,IP65,90,distributor-ME,middle-east,uptime,/products,tablet,self,premium,dedicated,true,false,1,,81300,2025-05-03,false,true
I00212,construction,small,PL,temperate,medium,3-shift,Compactor,industrial,active,IP66,90,distributor-ME,middle-east,uptime,/contact,desktop,self,standard,pooled,false,false,0,,133000,2024-05-12,false,true
I00213,construction,small,SA,hot,medium,1-shift,Lifter,industrial,active,IP66,90,distributor-ME,middle-east,uptime,/products,mobile,on-site,none,pooled,false,true,1,2,26600,2024-05-07,false,true
I00214,food,mid,AE,temperate,low,3-shift,Compactor,consumer,active,IP54,35,referral,middle-east,service,/pricing,desktop,guided,none,dedicated,false,false,3,,22500,2025-03-26,false,true
I00215,construction,mid,PL,temperate,medium,2-shift,Lifter,industrial,liquid,IP66,90,search,dach,service,/contact,desktop,on-site,none,dedicated,false,false,0,,81000,2024-09-20,false,true
I00216,construction,mid,MA,hot,high,1-shift,Lifter,pro,liquid,IP54,65,distributor-ME,middle-east,uptime,/products,desktop,on-site,none,dedicated,false,false,0,,11750,2024-09-30,false,true
I00217,logistics,small,PL,temperate,high,3-shift,Sorter,pro,active,IP65,65,referral,middle-east,service,/contact,mobile,on-site,none,pooled,false,false,0,,11500,2025-05-07,false,true
I00218,construction,small,DE,hot,low,1-shift,Hoist,consumer,active,IP66,35,paid-social,middle-east,durability,/spec-sheets,tablet,guided,premium,pooled,false,false,0,5,11550,2025-03-10,false,true
I00219,logistics,mid,MA,hot,low,1-shift,Conveyor,pro,liquid,IP65,65,search,nordics,durability,/contact,mobile,self,standard,pooled,false,false,1,,11700,2025-07-18,false,true
I00220,logistics,mid,AE,hot,low,1-shift,Sorter,pro,passive,IP54,65,distributor-ME,middle-east,uptime,/case-studies,mobile,guided,standard,pooled,true,true,2,2,35550,2025-04-11,false,true
I00221,construction,large,SA,hot,high,1-shift,Compactor,industrial,liquid,IP66,90,distributor-ME,middle-east,uptime,/products,mobile,self,standard,dedicated,false,false,0,4,53100,2024-11-15,true,false
I00222,mining,small,SE,hot,low,1-shift,Lifter,pro,liquid,IP54,65,distributor-ME,middle-east,uptime,/pricing,desktop,on-site,premium,pooled,true,true,3,,11750,2025-05-26,false,true
I00223,logistics,small,NO,temperate,high,2-shift,Conveyor,consumer,passive,IP54,35,paid-social,nordics,service,/spec-sheets,desktop,self,standard,pooled,false,true,1,,3950,2024-07-19,true,false
I00224,construction,small,ES,temperate,medium,1-shift,Conveyor,industrial,active,IP65,90,search,iberia,service,/products,desktop,guided,standard,pooled,false,false,0,4,54200,2025-07-15,false,true
I00225,food,mid,NO,arctic,high,2-shift,Sorter,consumer,active,IP54,35,trade-fair,iberia,durability,/spec-sheets,mobile,self,standard,pooled,false,false,0,4,3850,2025-05-25,true,false
I00226,food,mid,AE,hot,low,3-shift,Loader,industrial,active,IP66,90,distributor-ME,middle-east,uptime,/products,mobile,guided,standard,dedicated,false,false,0,5,27050,2024-09-24,true,false
I00227,mining,small,DE,temperate,high,3-shift,Sorter,consumer,passive,IP66,35,referral,benelux,price,/contact,tablet,on-site,none,pooled,false,false,2,,7600,2024-09-14,true,false
I00228,mining,mid,NO,hot,high,1-shift,Conveyor,consumer,active,IP54,35,search,dach,service,/pricing,desktop,guided,standard,pooled,false,false,0,,12300,2024-06-26,false,true
I00229,logistics,small,AE,hot,high,3-shift,Compactor,pro,passive,IP54,65,referral,iberia,price,/case-studies,mobile,on-site,premium,pooled,true,true,2,,33900,2024-09-25,false,true
I00230,logistics,mid,PL,temperate,high,1-shift,Compactor,pro,liquid,IP54,65,trade-fair,dach,uptime,/spec-sheets,mobile,on-site,none,pooled,false,false,0,4,11600,2025-02-15,false,true
I00231,food,small,PL,hot,medium,3-shift,Conveyor,pro,liquid,IP65,65,trade-fair,dach,uptime,/pricing,mobile,on-site,none,pooled,false,false,0,,11700,2024-08-23,false,true
I00232,logistics,mid,ES,arctic,medium,2-shift,Conveyor,consumer,passive,IP54,35,referral,dach,uptime,/spec-sheets,mobile,on-site,premium,pooled,false,false,0,,7900,2024-08-15,false,true
I00233,food,large,SA,hot,high,1-shift,Loader,consumer,active,IP66,35,distributor-ME,middle-east,uptime,/case-studies,mobile,self,premium,pooled,false,false,0,,12300,2025-06-02,false,true
I00234,construction,small,FI,temperate,medium,1-shift,Sorter,pro,passive,IP54,65,trade-fair,nordics,service,/spec-sheets,desktop,guided,standard,pooled,false,false,0,,59250,2025-04-20,false,true
I00235,mining,large,NO,temperate,high,3-shift,Hoist,pro,passive,IP66,65,paid-social,dach,service,/contact,tablet,self,standard,pooled,false,true,1,,11750,2024-05-21,true,false
I00236,mining,small,ES,hot,medium,1-shift,Conveyor,pro,passive,IP66,65,distributor-ME,middle-east,uptime,/spec-sheets,desktop,on-site,standard,pooled,true,true,3,,34800,2025-01-29,false,true
I00237,mining,large,MA,hot,high,3-shift,Compactor,pro,liquid,IP54,65,trade-fair,middle-east,uptime,/products,tablet,on-site,premium,pooled,true,false,1,4,23200,2024-09-03,false,true
I00238,food,mid,PL,arctic,medium,1-shift,Compactor,industrial,active,IP66,90,search,iberia,service,/contact,mobile,self,none,pooled,false,true,2,5,26600,2024-08-26,true,false
I00239,logistics,large,AE,hot,low,2-shift,Conveyor,pro,liquid,IP65,65,distributor-ME,middle-east,uptime,/products,desktop,guided,standard,pooled,false,false,0,,23400,2024-05-19,false,true
I00240,logistics,mid,MA,hot,medium,3-shift,Sorter,industrial,active,IP54,90,referral,middle-east,service,/pricing,tablet,self,none,pooled,false,false,0,,27100,2024-03-25,true,false
I00241,mining,mid,MA,temperate,high,3-shift,Lifter,consumer,active,IP65,35,referral,middle-east,service,/case-studies,desktop,self,premium,dedicated,true,false,3,1,4500,2025-03-26,false,true
I00242,logistics,small,DE,temperate,low,1-shift,Lifter,pro,liquid,IP54,65,referral,middle-east,service,/products,desktop,self,standard,dedicated,false,false,2,,23500,2025-08-15,false,true
I00243,food,small,FI,arctic,medium,3-shift,Hoist,industrial,active,IP66,90,search,iberia,service,/spec-sheets,tablet,self,none,dedicated,false,false,0,5,52800,2024-09-08,false,true
I00244,food,mid,SA,hot,medium,2-shift,Hoist,pro,passive,IP66,65,referral,iberia,price,/pricing,mobile,on-site,none,pooled,true,false,2,2,11750,2025-02-02,false,true
I00245,food,mid,MA,hot,low,3-shift,Compactor,consumer,active,IP54,35,distributor-ME,middle-east,uptime,/products,mobile,guided,standard,pooled,true,true,2,,4500,2024-09-30,false,true
I00246,construction,large,AE,hot,high,1-shift,Compactor,consumer,active,IP54,35,paid-social,dach,service,/case-studies,desktop,self,none,pooled,false,false,0,5,4500,2024-03-10,false,true
I00247,logistics,mid,FI,temperate,low,2-shift,Conveyor,industrial,liquid,IP54,90,referral,benelux,price,/pricing,mobile,self,premium,dedicated,false,false,0,5,27150,2025-08-16,false,true
I00248,logistics,large,MA,hot,medium,1-shift,Sorter,consumer,active,IP54,35,distributor-ME,middle-east,uptime,/spec-sheets,desktop,self,standard,pooled,false,false,2,,3850,2024-12-01,false,true
I00249,logistics,small,MA,hot,high,1-shift,Sorter,pro,passive,IP54,65,paid-social,dach,service,/spec-sheets,tablet,self,none,dedicated,true,false,2,,23700,2024-04-20,false,true
I00250,construction,small,ES,temperate,medium,1-shift,Lifter,pro,passive,IP65,65,distributor-ME,middle-east,uptime,/spec-sheets,mobile,on-site,standard,pooled,false,true,1,,11750,2024-06-08,true,false
I00251,logistics,mid,ES,arctic,high,1-shift,Hoist,consumer,passive,IP54,35,referral,dach,uptime,/products,desktop,guided,standard,pooled,false,false,1,,4500,2025-06-28,false,true
I00252,construction,mid,PL,hot,high,1-shift,Loader,pro,active,IP66,65,search,dach,service,/products,mobile,self,premium,pooled,false,false,0,5,22600,2025-03-11,false,true
I00253,logistics,mid,SA,hot,low,1-shift,Conveyor,pro,active,IP65,65,distributor-ME,middle-east,uptime,/pricing,desktop,on-site,standard,pooled,true,true,2,,11700,2024-05-24,true,false
I00254,food,small,PL,temperate,medium,3-shift,Lifter,pro,liquid,IP54,65,trade-fair,nordics,service,/case-studies,desktop,on-site,none,pooled,true,true,1,,58750,2024-11-03,false,true
I00255,mining,large,DE,temperate,high,1-shift,Compactor,industrial,liquid,IP66,90,search,nordics,durability,/products,desktop,guided,standard,pooled,false,false,0,,79650,2024-10-25,false,true
I00256,food,small,MA,hot,low,3-shift,Conveyor,industrial,liquid,IP54,90,referral,benelux,price,/products,desktop,on-site,none,pooled,false,false,0,,135750,2025-01-09,false,true
I00257,mining,mid,SE,arctic,high,1-shift,Hoist,industrial,active,IP66,90,search,middle-east,uptime,/case-studies,mobile,self,premium,dedicated,false,false,1,5,79200,2024-10-27,false,true
I00258,logistics,mid,SA,hot,medium,1-shift,Hoist,consumer,passive,IP54,35,paid-social,iberia,service,/spec-sheets,mobile,on-site,none,dedicated,true,false,2,3,22500,2024-06-27,false,true
I00259,logistics,small,NO,arctic,low,2-shift,Lifter,consumer,passive,IP54,35,paid-social,benelux,durability,/spec-sheets,desktop,guided,premium,pooled,false,false,1,5,8200,2025-05-11,false,true
I00260,logistics,large,MA,hot,medium,1-shift,Conveyor,consumer,passive,IP54,35,distributor-ME,middle-east,uptime,/case-studies,tablet,guided,none,pooled,false,false,0,,7900,2025-04-03,false,true
I00261,construction,mid,NO,temperate,medium,1-shift,Lifter,industrial,liquid,IP66,90,referral,dach,uptime,/products,desktop,guided,standard,dedicated,false,false,0,,27000,2024-02-29,false,true
I00262,food,small,FI,arctic,high,3-shift,Hoist,pro,passive,IP66,65,trade-fair,middle-east,uptime,/pricing,desktop,self,standard,pooled,false,false,0,5,23500,2024-12-08,false,true
I00263,mining,large,PL,temperate,medium,3-shift,Hoist,pro,liquid,IP65,65,paid-social,iberia,service,/products,desktop,self,standard,dedicated,false,false,0,4,33750,2024-10-10,false,true
I00264,food,small,DE,hot,high,3-shift,Sorter,pro,liquid,IP66,65,distributor-ME,middle-east,uptime,/products,mobile,self,none,pooled,false,true,1,,11600,2024-08-25,false,true
I00265,mining,large,ES,hot,high,3-shift,Sorter,industrial,liquid,IP54,90,trade-fair,dach,uptime,/pricing,desktop,guided,premium,pooled,false,false,0,5,27150,2025-09-14,false,true
I00266,logistics,small,PL,hot,medium,3-shift,Hoist,pro,active,IP65,65,trade-fair,dach,uptime,/case-studies,desktop,on-site,premium,pooled,false,false,0,,11800,2025-01-15,false,true
I00267,logistics,large,PL,temperate,medium,3-shift,Loader,pro,liquid,IP54,65,trade-fair,benelux,price,/spec-sheets,desktop,self,standard,pooled,false,true,1,,11850,2025-03-24,false,true
I00268,construction,small,PL,temperate,medium,1-shift,Sorter,industrial,active,IP54,90,trade-fair,benelux,price,/pricing,mobile,self,none,dedicated,false,false,0,4,27100,2024-06-10,false,true
I00269,mining,small,MA,hot,medium,3-shift,Compactor,industrial,liquid,IP66,90,distributor-ME,middle-east,uptime,/spec-sheets,desktop,guided,none,dedicated,false,false,0,,26550,2024-05-14,false,true
I00270,logistics,small,DE,temperate,high,3-shift,Conveyor,pro,passive,IP66,65,referral,benelux,price,/spec-sheets,desktop,guided,premium,dedicated,true,false,3,,23200,2024-03-09,false,true
I00271,logistics,small,PL,temperate,medium,1-shift,Lifter,consumer,active,IP65,35,referral,iberia,price,/spec-sheets,desktop,on-site,standard,pooled,false,true,2,,9000,2025-03-18,false,true
I00272,food,small,PL,temperate,medium,3-shift,Sorter,pro,passive,IP54,65,referral,benelux,price,/spec-sheets,mobile,on-site,premium,pooled,true,false,1,2,11850,2024-10-27,false,true
I00273,logistics,small,MA,hot,high,1-shift,Lifter,industrial,liquid,IP66,90,trade-fair,dach,uptime,/pricing,mobile,self,premium,dedicated,true,false,2,2,81000,2024-04-27,false,true
I00274,food,mid,AE,hot,medium,3-shift,Lifter,pro,passive,IP65,65,distributor-ME,middle-east,uptime,/pricing,desktop,on-site,none,pooled,false,false,0,5,11750,2024-08-26,false,true
I00275,mining,small,NO,arctic,high,2-shift,Conveyor,consumer,passive,IP54,35,trade-fair,benelux,price,/spec-sheets,mobile,on-site,standard,dedicated,false,false,1,,7900,2024-11-24,false,true
I00276,logistics,mid,SE,arctic,medium,2-shift,Conveyor,pro,liquid,IP65,65,paid-social,dach,service,/case-studies,desktop,guided,standard,dedicated,false,false,1,2,35100,2024-04-27,false,true
I00277,mining,large,DE,temperate,medium,2-shift,Lifter,pro,active,IP65,65,trade-fair,iberia,durability,/spec-sheets,desktop,self,none,dedicated,false,false,0,,34800,2024-05-05,false,true
I00278,mining,small,AE,temperate,medium,3-shift,Conveyor,pro,passive,IP66,65,distributor-ME,middle-east,uptime,/products,mobile,self,standard,dedicated,true,false,2,,34800,2025-04-15,false,true
I00279,food,small,ES,hot,high,3-shift,Lifter,industrial,active,IP66,90,search,dach,service,/pricing,desktop,guided,premium,pooled,true,false,1,,26600,2024-06-14,false,true
I00280,logistics,mid,ES,hot,high,2-shift,Compactor,consumer,active,IP54,35,paid-social,middle-east,durability,/products,desktop,guided,standard,pooled,false,true,1,,4500,2024-10-10,true,false
I00281,logistics,small,MA,hot,high,1-shift,Sorter,pro,active,IP65,65,referral,middle-east,service,/spec-sheets,desktop,on-site,premium,pooled,false,false,1,5,34500,2024-08-23,false,true
I00282,mining,small,MA,hot,medium,3-shift,Loader,pro,passive,IP65,65,trade-fair,nordics,service,/pricing,tablet,guided,standard,pooled,true,true,3,,11200,2025-02-24,true,false
I00283,food,small,FI,arctic,medium,3-shift,Lifter,pro,liquid,IP54,65,distributor-ME,middle-east,uptime,/case-studies,mobile,guided,standard,pooled,false,false,0,,11750,2025-07-10,false,true
I00284,logistics,mid,SA,hot,medium,1-shift,Sorter,pro,active,IP65,65,distributor-ME,middle-east,uptime,/products,tablet,guided,premium,pooled,false,false,0,,11500,2024-08-24,false,true
I00285,food,large,SA,hot,medium,3-shift,Lifter,pro,active,IP65,65,distributor-ME,middle-east,uptime,/contact,desktop,on-site,none,pooled,true,true,2,3,11600,2024-05-22,false,true
I00286,logistics,small,AE,hot,high,1-shift,Conveyor,consumer,active,IP54,35,distributor-ME,middle-east,uptime,/spec-sheets,desktop,on-site,none,dedicated,false,false,1,2,8200,2024-09-21,false,true
I00287,logistics,large,SE,temperate,medium,1-shift,Hoist,consumer,passive,IP54,35,trade-fair,dach,uptime,/case-studies,mobile,on-site,none,pooled,false,false,0,,9000,2025-05-04,false,true
I00288,food,small,PL,temperate,low,3-shift,Hoist,industrial,active,IP66,90,referral,middle-east,service,/products,desktop,guided,standard,dedicated,true,false,2,,26400,2024-12-10,false,true
I00289,logistics,small,FI,arctic,low,3-shift,Loader,pro,liquid,IP54,65,trade-fair,nordics,service,/pricing,tablet,on-site,premium,dedicated,false,false,0,,35550,2025-05-15,false,true
I00290,logistics,mid,SA,hot,low,1-shift,Conveyor,pro,liquid,IP65,65,paid-social,benelux,durability,/case-studies,mobile,guided,none,dedicated,false,false,2,,23400,2024-12-02,false,true
I00291,logistics,small,DE,temperate,high,2-shift,Lifter,pro,active,IP65,65,paid-social,dach,service,/case-studies,mobile,guided,none,pooled,false,false,0,,11600,2024-08-20,false,true
I00292,mining,mid,PL,temperate,low,1-shift,Lifter,pro,active,IP65,65,referral,dach,uptime,/case-studies,mobile,on-site,standard,dedicated,false,false,1,,58000,2025-02-09,false,true
I00293,construction,small,DE,temperate,medium,1-shift,Compactor,industrial,active,IP66,90,search,nordics,durability,/case-studies,desktop,on-site,none,dedicated,false,false,0,,53200,2024-12-06,true,false
I00294,logistics,small,MA,temperate,medium,1-shift,Lifter,consumer,passive,IP54,35,referral,middle-east,service,/products,desktop,on-site,premium,pooled,false,false,0,4,4100,2025-07-15,false,true
I00295,construction,mid,DE,temperate,high,1-shift,Hoist,consumer,passive,IP54,35,paid-social,benelux,durability,/products,desktop,guided,standard,dedicated,false,false,0,5,9000,2024-12-29,true,false
I00296,mining,large,PL,temperate,low,3-shift,Conveyor,industrial,liquid,IP54,90,trade-fair,nordics,service,/products,mobile,self,premium,pooled,false,false,1,,27150,2025-05-03,false,true
I00297,mining,small,FI,temperate,low,2-shift,Hoist,industrial,active,IP66,90,search,benelux,durability,/pricing,tablet,guided,none,dedicated,false,false,0,5,79200,2025-05-05,false,true
I00298,logistics,small,PL,temperate,low,1-shift,Sorter,consumer,passive,IP66,35,trade-fair,dach,uptime,/pricing,tablet,self,none,pooled,false,true,1,5,3800,2024-08-29,false,true
I00299,food,large,ES,temperate,medium,3-shift,Lifter,industrial,liquid,IP66,90,search,middle-east,uptime,/spec-sheets,desktop,on-site,standard,dedicated,true,false,1,,81000,2024-06-21,false,true
I00300,food,mid,AE,hot,low,1-shift,Lifter,pro,passive,IP65,65,paid-social,iberia,service,/pricing,mobile,on-site,standard,dedicated,true,true,3,1,23500,2024-11-10,false,true
I00301,food,small,ES,hot,medium,2-shift,Compactor,industrial,liquid,IP66,90,distributor-ME,middle-east,uptime,/products,mobile,guided,standard,pooled,true,true,2,,26550,2024-08-31,true,false
I00302,logistics,small,AE,hot,low,1-shift,Lifter,pro,passive,IP65,65,referral,nordics,uptime,/pricing,mobile,self,standard,dedicated,true,false,2,,23500,2024-11-15,false,true
I00303,logistics,small,FI,temperate,high,2-shift,Conveyor,consumer,active,IP54,35,paid-social,iberia,service,/case-studies,desktop,guided,none,dedicated,false,false,0,4,20500,2024-12-04,false,true
I00304,food,large,PL,temperate,high,3-shift,Hoist,pro,liquid,IP65,65,referral,nordics,uptime,/pricing,mobile,on-site,standard,dedicated,false,false,0,,33750,2024-04-17,false,true
I00305,food,small,AE,hot,medium,3-shift,Compactor,pro,passive,IP54,65,trade-fair,middle-east,uptime,/case-studies,desktop,on-site,standard,dedicated,true,false,2,,33900,2024-06-15,false,true
I00306,mining,mid,SA,temperate,medium,2-shift,Conveyor,pro,active,IP65,65,referral,benelux,price,/contact,desktop,on-site,standard,pooled,false,false,0,4,35100,2025-08-11,false,true
I00307,construction,mid,SE,temperate,medium,1-shift,Hoist,industrial,liquid,IP66,90,trade-fair,dach,uptime,/pricing,mobile,on-site,premium,dedicated,true,false,3,,26550,2024-07-08,false,true
I00308,logistics,small,NO,temperate,high,1-shift,Hoist,industrial,liquid,IP66,90,referral,dach,uptime,/case-studies,desktop,guided,none,dedicated,false,false,1,,26550,2024-03-13,false,true
I00309,construction,mid,DE,temperate,high,1-shift,Lifter,consumer,passive,IP54,35,referral,iberia,price,/spec-sheets,desktop,on-site,none,pooled,false,false,0,,4100,2024-09-20,false,true
I00310,mining,large,SA,hot,medium,3-shift,Sorter,consumer,active,IP54,35,distributor-ME,middle-east,uptime,/pricing,desktop,self,standard,pooled,false,false,0,,7700,2024-07-27,false,true
I00311,mining,large,ES,temperate,medium,1-shift,Hoist,consumer,passive,IP54,35,referral,middle-east,service,/products,desktop,self,none,dedicated,false,false,0,,9000,2024-03-24,false,true
I00312,construction,mid,PL,temperate,high,1-shift,Sorter,pro,liquid,IP66,65,trade-fair,middle-east,uptime,/products,mobile,on-site,standard,pooled,false,false,0,4,11600,2024-12-27,true,false
I00313,construction,small,ES,hot,medium,1-shift,Loader,consumer,active,IP66,35,trade-fair,nordics,service,/case-studies,desktop,guided,none,pooled,true,true,2,,8200,2025-07-26,false,true
I00314,construction,small,MA,temperate,high,2-shift,Hoist,pro,active,IP65,65,paid-social,nordics,service,/spec-sheets,desktop,self,premium,pooled,false,false,1,,11800,2024-04-12,false,true
I00315,mining,small,NO,arctic,high,2-shift,Compactor,pro,liquid,IP54,65,referral,nordics,uptime,/products,desktop,self,standard,pooled,false,false,0,,11600,2025-01-08,false,true
I00316,mining,large,ES,hot,high,1-shift,Lifter,pro,passive,IP65,65,referral,iberia,price,/products,desktop,guided,standard,dedicated,true,false,1,4,23500,2024-09-25,false,true
I00317,mining,large,ES,hot,high,1-shift,Loader,pro,active,IP66,65,search,middle-east,uptime,/spec-sheets,mobile,on-site,none,pooled,true,true,2,3,11300,2024-09-18,true,false
I00318,food,mid,SA,hot,medium,2-shift,Compactor,industrial,liquid,IP66,90,distributor-ME,middle-east,uptime,/case-studies,tablet,self,standard,dedicated,true,false,1,2,26550,2025-03-06,false,true
I00319,logistics,mid,AE,hot,low,1-shift,Lifter,pro,liquid,IP54,65,search,iberia,service,/pricing,desktop,self,premium,pooled,false,false,1,4,11750,2025-07-01,false,true
I00320,mining,small,NO,arctic,medium,2-shift,Loader,pro,active,IP66,65,referral,middle-east,service,/spec-sheets,desktop,self,premium,dedicated,false,false,0,5,33900,2025-07-29,false,true
I00321,mining,mid,DE,temperate,low,3-shift,Hoist,consumer,active,IP66,35,referral,nordics,uptime,/spec-sheets,desktop,guided,premium,pooled,false,true,3,,11550,2025-01-08,true,false
I00322,food,small,FI,temperate,medium,1-shift,Sorter,industrial,liquid,IP54,90,paid-social,benelux,durability,/contact,mobile,guided,none,dedicated,false,false,1,,135750,2025-04-19,true,false
I00323,logistics,small,ES,hot,medium,1-shift,Conveyor,industrial,active,IP65,90,trade-fair,nordics,service,/products,mobile,guided,premium,dedicated,false,false,0,5,27100,2024-08-08,true,false
I00324,food,mid,AE,hot,medium,2-shift,Conveyor,pro,active,IP65,65,search,benelux,durability,/contact,desktop,on-site,standard,pooled,false,true,2,,11700,2024-08-15,false,true
I00325,food,mid,ES,hot,medium,2-shift,Sorter,consumer,active,IP54,35,distributor-ME,middle-east,uptime,/products,desktop,guided,standard,pooled,false,false,0,5,7700,2024-05-25,false,true
I00326,mining,small,NO,arctic,high,2-shift,Sorter,consumer,active,IP54,35,referral,dach,uptime,/case-studies,desktop,on-site,standard,pooled,false,false,0,5,7700,2024-08-28,false,true
I00327,construction,mid,AE,temperate,medium,2-shift,Loader,pro,passive,IP65,65,search,dach,service,/case-studies,desktop,self,none,dedicated,false,false,0,5,22400,2024-04-26,false,true
I00328,mining,small,MA,hot,medium,3-shift,Loader,industrial,liquid,IP65,90,referral,nordics,uptime,/products,mobile,self,none,dedicated,false,false,1,,26850,2024-09-28,false,true
I00329,logistics,large,DE,temperate,high,1-shift,Compactor,pro,passive,IP54,65,search,middle-east,uptime,/products,desktop,on-site,premium,pooled,false,false,0,5,33900,2024-12-04,false,true
I00330,logistics,small,NO,temperate,high,1-shift,Sorter,pro,passive,IP54,65,search,benelux,durability,/contact,desktop,self,none,dedicated,true,false,1,4,59250,2025-03-29,false,true
I00331,mining,mid,MA,hot,high,3-shift,Hoist,pro,passive,IP66,65,search,benelux,durability,/pricing,tablet,on-site,standard,pooled,true,true,2,,11750,2025-02-12,true,false
I00332,food,small,MA,hot,medium,2-shift,Conveyor,pro,passive,IP66,65,paid-social,benelux,durability,/pricing,desktop,self,premium,dedicated,true,false,3,,34800,2024-09-01,false,true
I00333,mining,small,DE,temperate,high,3-shift,Compactor,pro,passive,IP54,65,paid-social,nordics,service,/pricing,desktop,self,none,dedicated,true,false,1,2,11300,2025-02-09,false,true
I00334,mining,large,MA,hot,high,1-shift,Sorter,pro,passive,IP54,65,distributor-ME,middle-east,uptime,/pricing,desktop,on-site,none,pooled,true,true,3,,35550,2025-03-18,true,false
I00335,food,mid,DE,temperate,medium,3-shift,Loader,consumer,passive,IP66,35,search,benelux,durability,/case-studies,desktop,guided,none,pooled,true,false,1,5,12750,2024-05-26,true,false
I00336,logistics,large,FI,temperate,high,1-shift,Conveyor,industrial,active,IP65,90,paid-social,benelux,durability,/spec-sheets,mobile,on-site,premium,dedicated,false,true,1,,27100,2025-05-27,false,true
I00337,logistics,small,AE,hot,low,1-shift,Conveyor,pro,liquid,IP65,65,paid-social,benelux,durability,/pricing,desktop,guided,premium,pooled,false,true,1,4,11700,2024-05-10,false,true
I00338,construction,mid,DE,hot,medium,2-shift,Compactor,pro,passive,IP54,65,trade-fair,dach,uptime,/contact,tablet,on-site,standard,pooled,true,false,1,2,11300,2024-10-28,true,false
I00339,food,mid,AE,hot,medium,3-shift,Lifter,pro,liquid,IP54,65,trade-fair,benelux,price,/spec-sheets,desktop,guided,standard,dedicated,false,false,0,,58750,2025-02-12,true,false
I00340,logistics,small,DE,temperate,high,2-shift,Loader,consumer,passive,IP66,35,trade-fair,benelux,price,/spec-sheets,desktop,guided,none,dedicated,false,false,1,,8500,2025-06-15,false,true
I00341,construction,small,NO,temperate,low,1-shift,Sorter,pro,passive,IP54,65,search,iberia,service,/products,desktop,on-site,standard,dedicated,false,false,0,,59250,2024-04-11,false,true
I00342,logistics,small,DE,hot,medium,1-shift,Lifter,industrial,liquid,IP66,90,distributor-ME,middle-east,uptime,/contact,mobile,self,none,dedicated,false,false,1,4,54000,2025-07-02,false,true
I00343,mining,small,DE,temperate,medium,3-shift,Hoist,industrial,liquid,IP66,90,referral,dach,uptime,/products,desktop,guided,none,pooled,false,true,1,5,26550,2024-04-23,true,false
I00344,food,small,SE,hot,high,2-shift,Sorter,consumer,passive,IP66,35,paid-social,middle-east,durability,/contact,desktop,self,premium,pooled,true,true,4,,7600,2024-07-24,false,true
I00345,logistics,small,FI,temperate,medium,2-shift,Hoist,consumer,passive,IP54,35,paid-social,dach,service,/contact,mobile,guided,standard,dedicated,false,false,0,,9000,2024-07-11,true,false
I00346,food,small,AE,hot,medium,2-shift,Sorter,pro,liquid,IP66,65,search,benelux,durability,/pricing,desktop,self,none,pooled,false,false,0,,23200,2025-06-14,false,true
I00347,construction,small,PL,temperate,high,2-shift,Loader,pro,active,IP66,65,search,dach,service,/products,desktop,self,none,pooled,false,false,0,,11300,2025-06-21,false,true
I00348,construction,small,AE,hot,medium,1-shift,Loader,pro,liquid,IP54,65,distributor-ME,middle-east,uptime,/pricing,desktop,self,standard,pooled,true,true,2,,11850,2025-03-14,true,false
I00349,food,small,NO,temperate,low,3-shift,Sorter,pro,active,IP65,65,trade-fair,nordics,service,/products,desktop,on-site,premium,dedicated,false,false,0,,11500,2024-08-31,false,true
I00350,mining,mid,SE,arctic,medium,3-shift,Loader,pro,liquid,IP54,65,trade-fair,dach,uptime,/pricing,tablet,self,standard,dedicated,false,false,0,,35550,2025-03-10,true,false
I00351,construction,small,ES,temperate,medium,1-shift,Sorter,pro,passive,IP54,65,trade-fair,dach,uptime,/spec-sheets,mobile,self,none,dedicated,true,false,2,5,35550,2024-08-22,false,true
I00352,food,large,MA,hot,high,3-shift,Hoist,pro,active,IP65,65,trade-fair,nordics,service,/pricing,mobile,self,premium,pooled,false,true,1,,35400,2024-03-24,false,true
I00353,logistics,large,DE,temperate,medium,1-shift,Loader,pro,passive,IP65,65,trade-fair,dach,uptime,/contact,desktop,on-site,standard,pooled,false,false,0,5,11200,2024-08-20,false,true
I00354,construction,mid,DE,hot,medium,2-shift,Lifter,industrial,active,IP66,90,search,iberia,service,/pricing,desktop,on-site,none,dedicated,false,true,1,,26600,2024-07-03,false,true
I00355,construction,small,MA,hot,medium,2-shift,Lifter,consumer,passive,IP54,35,distributor-ME,middle-east,uptime,/contact,desktop,on-site,standard,dedicated,true,false,1,,4100,2025-05-22,false,true
I00356,mining,small,SA,hot,high,1-shift,Hoist,industrial,liquid,IP66,90,distributor-ME,middle-east,uptime,/case-studies,tablet,guided,premium,dedicated,false,false,0,,26550,2024-04-10,false,true
I00357,construction,large,SE,arctic,low,3-shift,Conveyor,pro,passive,IP66,65,referral,nordics,uptime,/contact,desktop,self,none,dedicated,false,false,1,,23200,2025-03-02,false,true
I00358,food,small,PL,temperate,medium,1-shift,Compactor,industrial,active,IP66,90,search,benelux,durability,/case-studies,tablet,on-site,standard,dedicated,true,false,3,,79800,2024-11-28,true,false
I00359,construction,small,NO,temperate,medium,3-shift,Sorter,consumer,active,IP54,35,search,nordics,durability,/spec-sheets,desktop,self,standard,pooled,false,false,0,,3850,2025-05-16,false,true
I00360,construction,mid,DE,temperate,low,1-shift,Conveyor,consumer,active,IP54,35,trade-fair,benelux,price,/spec-sheets,desktop,guided,none,pooled,false,false,1,,20500,2024-02-26,false,true
I00361,logistics,large,AE,hot,low,1-shift,Loader,industrial,liquid,IP65,90,paid-social,nordics,service,/products,desktop,guided,standard,dedicated,false,false,0,,53700,2024-10-21,true,false
I00362,mining,large,SE,temperate,high,2-shift,Loader,industrial,liquid,IP65,90,referral,benelux,price,/case-studies,tablet,on-site,standard,dedicated,false,false,2,,53700,2025-03-19,false,true
I00363,logistics,small,SA,temperate,low,2-shift,Compactor,industrial,active,IP66,90,trade-fair,middle-east,uptime,/spec-sheets,tablet,on-site,premium,dedicated,false,false,1,,79800,2024-10-11,false,true
I00364,mining,large,MA,hot,high,3-shift,Compactor,pro,liquid,IP54,65,referral,benelux,price,/spec-sheets,mobile,self,none,dedicated,false,false,1,4,23200,2025-05-11,false,true
I00365,logistics,mid,FI,arctic,high,3-shift,Hoist,pro,active,IP65,65,trade-fair,benelux,price,/products,mobile,self,none,dedicated,true,false,2,1,11800,2024-12-18,false,true
I00366,construction,small,DE,temperate,medium,1-shift,Sorter,industrial,active,IP54,90,paid-social,benelux,durability,/pricing,mobile,self,standard,pooled,true,true,2,,27100,2024-09-27,false,true
I00367,food,small,MA,hot,medium,3-shift,Hoist,pro,liquid,IP65,65,referral,iberia,price,/case-studies,desktop,on-site,standard,pooled,true,true,3,1,22500,2024-08-10,false,true
I00368,logistics,small,AE,hot,medium,1-shift,Hoist,consumer,active,IP66,35,search,iberia,service,/case-studies,mobile,self,none,pooled,false,false,0,,3850,2025-03-06,false,true
I00369,food,small,FI,temperate,medium,3-shift,Hoist,pro,active,IP65,65,trade-fair,benelux,price,/products,desktop,self,none,pooled,false,false,0,,59000,2025-05-08,true,false
I00370,construction,large,PL,temperate,high,1-shift,Lifter,industrial,active,IP66,90,search,nordics,durability,/pricing,mobile,guided,premium,dedicated,false,false,0,,53200,2025-05-02,false,true
I00371,construction,large,SA,temperate,low,1-shift,Hoist,pro,active,IP65,65,search,iberia,service,/products,desktop,guided,none,pooled,true,false,1,2,11800,2024-10-20,false,true
I00372,mining,large,NO,temperate,high,3-shift,Compactor,pro,active,IP65,65,paid-social,nordics,service,/case-studies,desktop,guided,none,pooled,false,false,1,4,11600,2024-06-28,false,true
I00373,food,large,FI,hot,medium,3-shift,Sorter,consumer,passive,IP66,35,referral,nordics,uptime,/products,desktop,self,standard,dedicated,true,true,4,,19000,2024-09-19,true,false
I00374,construction,large,AE,hot,high,3-shift,Compactor,pro,active,IP65,65,trade-fair,middle-east,uptime,/spec-sheets,desktop,guided,none,pooled,false,false,0,,23200,2024-12-03,false,true
I00375,construction,small,SE,arctic,low,1-shift,Conveyor,industrial,liquid,IP54,90,search,middle-east,uptime,/pricing,desktop,self,premium,dedicated,false,false,0,4,27150,2024-10-15,false,true
I00376,mining,large,MA,hot,low,2-shift,Sorter,industrial,liquid,IP54,90,search,benelux,durability,/contact,desktop,self,standard,dedicated,false,false,0,5,54300,2024-06-16,false,true
I00377,mining,small,SE,arctic,medium,3-shift,Lifter,industrial,liquid,IP66,90,referral,middle-east,service,/products,desktop,on-site,none,dedicated,false,false,0,,54000,2024-05-20,false,true
I00378,logistics,large,MA,hot,medium,1-shift,Hoist,consumer,active,IP66,35,search,iberia,service,/pricing,tablet,on-site,premium,pooled,false,true,1,,11550,2025-03-10,false,true
I00379,construction,small,AE,hot,low,1-shift,Loader,industrial,liquid,IP65,90,paid-social,iberia,service,/case-studies,desktop,self,premium,dedicated,false,false,0,,80550,2024-09-11,false,true
I00380,construction,small,AE,temperate,medium,2-shift,Conveyor,consumer,passive,IP54,35,paid-social,benelux,durability,/case-studies,desktop,self,standard,pooled,false,false,0,4,7900,2025-03-23,true,false
I00381,mining,large,FI,temperate,medium,3-shift,Sorter,industrial,liquid,IP54,90,referral,benelux,price,/case-studies,desktop,on-site,none,pooled,false,false,0,,27150,2024-12-27,false,true
I00382,logistics,small,MA,hot,high,1-shift,Sorter,pro,active,IP65,65,distributor-ME,middle-east,uptime,/case-studies,desktop,self,premium,dedicated,false,false,0,,23000,2024-11-22,false,true
I00383,food,mid,PL,arctic,low,2-shift,Lifter,industrial,liquid,IP66,90,search,nordics,durability,/products,desktop,self,standard,dedicated,false,false,0,5,27000,2025-02-01,true,false
I00384,construction,small,AE,temperate,low,1-shift,Hoist,pro,active,IP65,65,trade-fair,middle-east,uptime,/pricing,desktop,self,standard,pooled,false,false,0,,23600,2024-11-26,false,true
I00385,food,mid,ES,temperate,medium,1-shift,Hoist,pro,active,IP65,65,referral,benelux,price,/pricing,mobile,guided,standard,pooled,false,true,1,,11800,2024-09-07,false,true
I00386,mining,small,MA,hot,medium,3-shift,Lifter,industrial,liquid,IP66,90,paid-social,iberia,service,/products,desktop,self,premium,dedicated,false,false,1,5,27000,2025-05-20,false,true
I00387,logistics,mid,FI,arctic,high,3-shift,Sorter,industrial,active,IP54,90,paid-social,iberia,service,/pricing,desktop,on-site,premium,dedicated,false,false,0,,54200,2024-03-16,false,true
I00388,mining,large,NO,arctic,medium,2-shift,Compactor,pro,active,IP65,65,paid-social,nordics,service,/products,desktop,on-site,premium,dedicated,true,false,1,,23200,2024-10-04,false,true
I00389,mining,small,SE,hot,low,1-shift,Loader,pro,passive,IP65,65,search,dach,service,/case-studies,mobile,on-site,premium,pooled,true,true,2,,22400,2025-03-25,false,true
I00390,construction,mid,PL,temperate,medium,1-shift,Hoist,consumer,active,IP66,35,trade-fair,benelux,price,/case-studies,tablet,on-site,standard,pooled,false,false,0,,3850,2024-07-21,false,true
I00391,logistics,small,DE,temperate,high,1-shift,Conveyor,industrial,liquid,IP54,90,trade-fair,dach,uptime,/contact,mobile,self,premium,dedicated,false,false,1,,81450,2025-01-25,false,true
I00392,construction,mid,ES,temperate,low,1-shift,Conveyor,pro,liquid,IP65,65,trade-fair,middle-east,uptime,/case-studies,desktop,on-site,premium,pooled,false,true,1,,11700,2024-04-10,false,true
I00393,logistics,large,MA,hot,medium,1-shift,Loader,pro,passive,IP65,65,trade-fair,nordics,service,/case-studies,mobile,on-site,standard,dedicated,true,false,2,,22400,2024-04-26,false,true
I00394,construction,mid,DE,hot,medium,1-shift,Hoist,pro,liquid,IP65,65,referral,nordics,uptime,/case-studies,desktop,guided,none,dedicated,true,false,2,,22500,2024-09-02,false,true
I00395,construction,large,MA,hot,high,3-shift,Lifter,consumer,passive,IP54,35,trade-fair,dach,uptime,/spec-sheets,mobile,on-site,premium,pooled,true,true,5,,8200,2025-06-06,false,true
I00396,logistics,small,PL,temperate,low,1-shift,Hoist,pro,liquid,IP65,65,trade-fair,benelux,price,/contact,mobile,self,standard,pooled,false,false,0,,22500,2025-07-16,false,true
I00397,food,mid,FI,temperate,medium,3-shift,Loader,consumer,active,IP66,35,referral,dach,uptime,/contact,desktop,self,standard,dedicated,false,false,1,1,4100,2024-08-16,true,false
I00398,construction,small,MA,hot,high,2-shift,Sorter,industrial,liquid,IP54,90,distributor-ME,middle-east,uptime,/spec-sheets,desktop,self,standard,pooled,false,false,0,,27150,2024-05-19,false,true
I00399,mining,large,DE,hot,medium,2-shift,Lifter,consumer,active,IP65,35,distributor-ME,middle-east,uptime,/spec-sheets,desktop,self,standard,pooled,false,true,1,5,9000,2024-06-21,false,true
I00400,food,small,DE,temperate,low,3-shift,Compactor,pro,passive,IP54,65,referral,benelux,price,/products,tablet,on-site,none,pooled,false,true,2,,11300,2025-03-26,false,true
I00401,mining,small,MA,hot,medium,1-shift,Conveyor,pro,liquid,IP65,65,referral,iberia,price,/products,mobile,on-site,none,pooled,true,true,2,2,11700,2024-11-29,false,true
I00402,food,mid,ES,hot,low,2-shift,Lifter,pro,active,IP65,65,trade-fair,middle-east,uptime,/case-studies,desktop,self,premium,dedicated,false,false,0,,23200,2024-12-09,false,true
I00403,food,small,NO,temperate,high,3-shift,Loader,consumer,passive,IP66,35,paid-social,dach,service,/pricing,mobile,on-site,standard,pooled,false,false,0,,4250,2024-07-07,false,true
I00404,logistics,small,PL,temperate,medium,3-shift,Sorter,consumer,active,IP54,35,search,middle-east,uptime,/contact,mobile,on-site,none,pooled,false,false,0,5,3850,2025-08-07,false,true
I00405,construction,small,MA,hot,high,2-shift,Compactor,industrial,liquid,IP66,90,paid-social,dach,service,/spec-sheets,desktop,self,none,dedicated,false,false,0,,53100,2024-08-01,false,true
I00406,construction,large,PL,temperate,medium,1-shift,Hoist,industrial,active,IP66,90,referral,dach,uptime,/products,mobile,self,none,pooled,false,false,0,4,26400,2025-08-09,false,true
I00407,logistics,small,SE,arctic,low,1-shift,Conveyor,industrial,active,IP65,90,trade-fair,nordics,service,/spec-sheets,desktop,guided,none,pooled,false,false,0,4,27100,2025-01-04,true,false
I00408,logistics,large,DE,temperate,medium,1-shift,Compactor,pro,active,IP65,65,search,benelux,durability,/contact,desktop,guided,none,pooled,false,false,0,5,11600,2024-05-15,false,true
I00409,construction,large,FI,temperate,medium,2-shift,Sorter,industrial,active,IP54,90,paid-social,benelux,durability,/contact,desktop,on-site,standard,dedicated,false,false,0,5,54200,2024-02-21,false,true
I00410,food,small,AE,hot,low,1-shift,Loader,consumer,passive,IP66,35,referral,dach,uptime,/contact,desktop,on-site,standard,pooled,true,true,3,,4250,2024-07-09,true,false
I00411,food,mid,MA,hot,low,3-shift,Loader,pro,passive,IP65,65,distributor-ME,middle-east,uptime,/products,tablet,guided,premium,pooled,true,true,2,2,33600,2025-02-12,true,false
I00412,mining,large,MA,temperate,high,1-shift,Loader,consumer,active,IP66,35,referral,middle-east,service,/products,desktop,self,standard,dedicated,false,false,1,4,4100,2024-07-27,false,true
I00413,construction,small,AE,hot,medium,1-shift,Sorter,consumer,passive,IP66,35,distributor-ME,middle-east,uptime,/contact,desktop,guided,premium,pooled,false,true,1,,3800,2025-08-04,false,true
I00414,logistics,small,FI,arctic,high,3-shift,Sorter,consumer,active,IP54,35,trade-fair,dach,uptime,/contact,desktop,guided,standard,pooled,false,true,3,2,3850,2024-07-08,false,true
I00415,mining,small,SE,hot,high,3-shift,Compactor,pro,passive,IP54,65,distributor-ME,middle-east,uptime,/spec-sheets,mobile,self,premium,pooled,true,true,2,,33900,2025-03-14,false,true
I00416,mining,large,DE,temperate,high,2-shift,Sorter,industrial,liquid,IP54,90,paid-social,nordics,service,/case-studies,desktop,on-site,premium,dedicated,false,false,0,,81450,2024-11-25,false,true
I00417,mining,mid,PL,temperate,high,3-shift,Lifter,industrial,liquid,IP66,90,paid-social,iberia,service,/spec-sheets,tablet,self,premium,dedicated,false,false,0,,27000,2024-11-20,false,true
I00418,mining,large,DE,temperate,high,2-shift,Hoist,pro,active,IP65,65,search,iberia,service,/contact,desktop,self,premium,pooled,false,false,0,,35400,2024-08-09,false,true
I00419,mining,mid,PL,temperate,low,1-shift,Compactor,consumer,passive,IP66,35,trade-fair,benelux,price,/case-studies,tablet,on-site,standard,pooled,false,true,1,5,8600,2024-05-07,false,true
I00420,food,small,FI,temperate,low,3-shift,Conveyor,consumer,passive,IP54,35,paid-social,middle-east,durability,/pricing,mobile,self,standard,pooled,false,true,2,,3950,2025-06-17,true,false
I00421,food,mid,FI,temperate,medium,3-shift,Lifter,pro,liquid,IP54,65,search,benelux,durability,/products,mobile,self,premium,pooled,false,false,0,,11750,2024-04-22,false,true
I00422,food,small,FI,temperate,low,3-shift,Conveyor,industrial,active,IP65,90,trade-fair,dach,uptime,/products,mobile,self,standard,pooled,false,false,1,5,27100,2025-06-26,false,true
I00423,mining,small,DE,hot,low,2-shift,Compactor,pro,active,IP65,65,paid-social,benelux,durability,/pricing,desktop,guided,none,pooled,false,false,0,,34800,2024-05-29,false,true
I00424,mining,small,FI,temperate,medium,3-shift,Hoist,pro,active,IP65,65,search,iberia,service,/case-studies,desktop,guided,standard,dedicated,true,false,3,,35400,2024-10-05,true,false
I00425,food,small,ES,hot,low,1-shift,Compactor,industrial,active,IP66,90,distributor-ME,middle-east,uptime,/spec-sheets,mobile,self,standard,dedicated,false,false,0,5,26600,2024-03-05,true,false
I00426,food,mid,SA,hot,medium,2-shift,Hoist,industrial,active,IP66,90,paid-social,dach,service,/case-studies,mobile,guided,premium,dedicated,false,false,1,,79200,2025-05-02,false,true
I00427,food,mid,AE,temperate,low,1-shift,Hoist,consumer,active,IP66,35,search,benelux,durability,/spec-sheets,desktop,guided,none,dedicated,false,false,0,,7700,2024-08-18,false,true
I00428,food,mid,NO,arctic,high,3-shift,Hoist,pro,liquid,IP65,65,paid-social,benelux,durability,/contact,mobile,on-site,none,dedicated,false,false,0,5,11250,2024-06-13,false,true
I00429,food,small,AE,hot,medium,3-shift,Sorter,pro,passive,IP54,65,distributor-ME,middle-east,uptime,/spec-sheets,mobile,self,premium,pooled,false,false,0,4,23700,2024-08-04,false,true
I00430,mining,small,ES,hot,medium,3-shift,Lifter,pro,passive,IP65,65,distributor-ME,middle-east,uptime,/spec-sheets,desktop,self,none,pooled,true,true,1,3,11750,2025-05-09,true,false
I00431,logistics,small,AE,hot,high,3-shift,Conveyor,pro,passive,IP66,65,distributor-ME,middle-east,uptime,/products,desktop,guided,premium,pooled,true,true,1,,11600,2024-08-16,false,true
I00432,construction,small,FI,temperate,medium,1-shift,Hoist,industrial,liquid,IP66,90,search,iberia,service,/contact,desktop,guided,standard,pooled,false,false,1,4,26550,2024-08-24,false,true
I00433,logistics,mid,ES,arctic,medium,2-shift,Conveyor,industrial,liquid,IP54,90,paid-social,iberia,service,/products,mobile,guided,premium,pooled,false,false,0,5,54300,2025-05-16,false,true
I00434,construction,large,DE,temperate,medium,1-shift,Compactor,industrial,liquid,IP66,90,trade-fair,benelux,price,/spec-sheets,desktop,guided,standard,dedicated,false,false,0,,53100,2025-01-26,false,true
I00435,logistics,large,PL,temperate,medium,3-shift,Conveyor,industrial,active,IP65,90,trade-fair,iberia,durability,/pricing,tablet,self,premium,pooled,false,false,0,,27100,2025-08-04,false,true
I00436,food,mid,PL,temperate,medium,2-shift,Loader,industrial,liquid,IP65,90,search,dach,service,/spec-sheets,desktop,on-site,standard,pooled,false,false,2,,26850,2025-02-04,false,true
I00437,mining,small,DE,temperate,medium,3-shift,Hoist,pro,passive,IP66,65,distributor-ME,middle-east,uptime,/spec-sheets,mobile,on-site,none,dedicated,false,false,0,,11750,2024-04-03,false,true
I00438,logistics,mid,SA,hot,high,1-shift,Compactor,consumer,active,IP54,35,referral,middle-east,service,/contact,desktop,guided,standard,pooled,true,false,1,,4500,2024-07-24,false,true
I00439,mining,large,MA,hot,high,3-shift,Lifter,pro,liquid,IP54,65,trade-fair,middle-east,uptime,/contact,mobile,on-site,standard,pooled,false,false,0,,11750,2024-08-18,false,true
I00440,logistics,small,DE,hot,medium,3-shift,Hoist,pro,passive,IP66,65,referral,middle-east,service,/contact,desktop,guided,premium,pooled,true,true,5,,23500,2024-06-17,false,true
I00441,construction,small,DE,arctic,low,3-shift,Sorter,pro,passive,IP54,65,referral,iberia,price,/pricing,desktop,guided,premium,pooled,true,true,1,,23700,2025-01-12,false,true
I00442,mining,large,FI,temperate,medium,3-shift,Compactor,consumer,passive,IP66,35,search,iberia,service,/case-studies,mobile,guided,premium,pooled,false,true,3,3,4300,2024-07-14,true,false
I00443,food,mid,AE,temperate,low,3-shift,Loader,pro,active,IP66,65,referral,middle-east,service,/spec-sheets,mobile,guided,standard,dedicated,false,false,0,,33900,2025-03-20,false,true
I00444,construction,large,AE,temperate,low,1-shift,Sorter,pro,active,IP65,65,trade-fair,dach,uptime,/products,desktop,guided,none,pooled,false,false,0,,11500,2024-10-29,false,true
I00445,food,large,FI,hot,medium,3-shift,Compactor,consumer,passive,IP66,35,distributor-ME,middle-east,uptime,/contact,desktop,self,premium,dedicated,true,false,3,,12900,2024-07-07,false,true
I00446,construction,small,DE,hot,medium,1-shift,Compactor,industrial,active,IP66,90,search,benelux,durability,/contact,desktop,on-site,standard,dedicated,true,false,2,,79800,2025-01-28,false,true
I00447,construction,small,PL,hot,high,2-shift,Lifter,consumer,passive,IP54,35,distributor-ME,middle-east,uptime,/products,mobile,guided,standard,dedicated,false,false,0,,8200,2025-01-04,false,true
I00448,mining,small,SE,temperate,medium,2-shift,Compactor,pro,passive,IP54,65,search,benelux,durability,/pricing,mobile,on-site,premium,dedicated,false,false,0,,56500,2024-05-16,false,true
I00449,food,mid,ES,temperate,low,3-shift,Conveyor,consumer,active,IP54,35,search,iberia,service,/spec-sheets,desktop,on-site,premium,pooled,false,false,0,5,4100,2025-01-14,false,true
I00450,food,small,ES,hot,low,1-shift,Lifter,industrial,liquid,IP66,90,distributor-ME,middle-east,uptime,/spec-sheets,desktop,self,standard,dedicated,false,false,0,4,54000,2025-03-20,false,true
I00451,construction,small,AE,hot,medium,3-shift,Hoist,consumer,active,IP66,35,paid-social,dach,service,/spec-sheets,tablet,self,standard,pooled,false,true,3,,3850,2024-07-02,false,true
I00452,logistics,mid,PL,temperate,high,1-shift,Conveyor,pro,active,IP65,65,referral,benelux,price,/contact,desktop,guided,none,dedicated,false,false,1,,58500,2024-10-11,false,true
I00453,construction,small,MA,temperate,high,2-shift,Hoist,industrial,liquid,IP66,90,trade-fair,iberia,durability,/contact,mobile,on-site,none,dedicated,false,false,0,,26550,2024-07-09,false,true
I00454,construction,small,ES,hot,low,1-shift,Loader,industrial,active,IP66,90,referral,iberia,price,/pricing,tablet,self,standard,pooled,false,false,0,4,54100,2025-01-01,false,true
I00455,logistics,small,MA,hot,high,2-shift,Hoist,pro,liquid,IP65,65,referral,iberia,price,/case-studies,mobile,guided,standard,pooled,true,true,2,,11250,2024-07-08,false,true
I00456,food,mid,ES,temperate,low,3-shift,Compactor,pro,passive,IP54,65,referral,iberia,price,/pricing,desktop,self,none,pooled,false,false,0,4,11300,2025-06-17,false,true
I00457,food,large,MA,temperate,low,3-shift,Sorter,industrial,active,IP54,90,trade-fair,benelux,price,/products,desktop,on-site,standard,dedicated,false,false,1,,54200,2024-04-07,true,false
I00458,food,large,MA,hot,high,3-shift,Hoist,industrial,liquid,IP66,90,distributor-ME,middle-east,uptime,/pricing,desktop,on-site,none,pooled,false,true,1,,26550,2024-03-25,false,true
I00459,construction,small,AE,temperate,medium,2-shift,Loader,pro,liquid,IP54,65,search,iberia,service,/spec-sheets,tablet,on-site,none,pooled,false,false,0,,11850,2024-04-15,false,true
I00460,food,mid,SA,temperate,high,3-shift,Lifter,pro,passive,IP65,65,paid-social,dach,service,/pricing,mobile,on-site,none,dedicated,false,false,0,5,35250,2025-02-19,true,false
I00461,construction,small,AE,temperate,medium,2-shift,Compactor,industrial,active,IP66,90,search,dach,service,/products,desktop,guided,standard,dedicated,false,false,0,,79800,2025-01-17,false,true
I00462,mining,small,FI,temperate,high,3-shift,Conveyor,pro,active,IP65,65,search,benelux,durability,/case-studies,desktop,guided,none,dedicated,true,true,1,,35100,2024-03-05,false,true
I00463,food,mid,DE,hot,high,3-shift,Loader,pro,active,IP66,65,distributor-ME,middle-east,uptime,/case-studies,desktop,on-site,standard,pooled,false,false,0,,11300,2025-04-11,false,true
I00464,mining,small,SE,hot,high,3-shift,Lifter,consumer,passive,IP54,35,referral,iberia,price,/contact,desktop,self,none,pooled,true,true,2,2,4100,2025-04-21,false,true
I00465,logistics,mid,ES,arctic,medium,2-shift,Hoist,industrial,active,IP66,90,referral,dach,uptime,/contact,mobile,on-site,standard,dedicated,false,false,1,,79200,2025-06-24,false,true
I00466,construction,small,DE,hot,low,1-shift,Loader,industrial,active,IP66,90,distributor-ME,middle-east,uptime,/spec-sheets,mobile,guided,premium,dedicated,false,false,0,,135250,2024-07-31,false,true
I00467,food,mid,SA,hot,medium,2-shift,Sorter,pro,active,IP65,65,distributor-ME,middle-east,uptime,/spec-sheets,desktop,self,standard,pooled,false,false,0,,11500,2025-01-05,false,true
I00468,construction,large,SA,temperate,low,1-shift,Lifter,consumer,active,IP65,35,referral,iberia,price,/contact,desktop,on-site,standard,pooled,false,true,2,,4500,2025-04-19,false,true
I00469,logistics,small,AE,hot,high,2-shift,Conveyor,pro,liquid,IP65,65,paid-social,middle-east,durability,/pricing,mobile,on-site,standard,pooled,false,false,0,,11700,2025-05-07,false,true
I00470,food,small,NO,temperate,low,3-shift,Hoist,industrial,active,IP66,90,referral,benelux,price,/products,desktop,guided,standard,dedicated,false,false,0,,26400,2024-10-03,false,true
I00471,construction,small,DE,hot,low,1-shift,Hoist,consumer,passive,IP54,35,paid-social,middle-east,durability,/contact,mobile,on-site,premium,pooled,true,true,2,,9000,2025-01-21,true,false
I00472,mining,mid,ES,hot,medium,3-shift,Lifter,pro,passive,IP65,65,paid-social,iberia,service,/case-studies,desktop,guided,premium,pooled,true,true,2,,35250,2025-05-24,true,false
I00473,logistics,large,MA,hot,low,1-shift,Compactor,pro,active,IP65,65,distributor-ME,middle-east,uptime,/products,mobile,self,standard,pooled,true,false,1,3,34800,2025-02-14,false,true
I00474,logistics,small,NO,arctic,high,1-shift,Loader,pro,liquid,IP54,65,paid-social,iberia,service,/spec-sheets,desktop,on-site,standard,pooled,false,false,0,5,11850,2025-07-16,false,true
I00475,food,large,SE,temperate,low,3-shift,Compactor,pro,passive,IP54,65,trade-fair,middle-east,uptime,/pricing,tablet,on-site,standard,dedicated,false,false,0,,33900,2024-09-10,false,true
I00476,construction,small,DE,temperate,high,3-shift,Sorter,consumer,passive,IP66,35,search,middle-east,uptime,/spec-sheets,mobile,guided,none,dedicated,false,false,1,,19000,2024-05-07,false,true
I00477,construction,small,MA,hot,low,1-shift,Lifter,pro,liquid,IP54,65,distributor-ME,middle-east,uptime,/spec-sheets,desktop,guided,standard,dedicated,false,false,0,,23500,2025-08-09,false,true
I00478,logistics,small,NO,temperate,low,1-shift,Lifter,pro,active,IP65,65,trade-fair,middle-east,uptime,/spec-sheets,desktop,self,none,pooled,false,true,1,,11600,2024-06-19,true,false
I00479,construction,small,MA,hot,high,1-shift,Compactor,consumer,passive,IP66,35,referral,dach,uptime,/case-studies,desktop,self,none,dedicated,true,false,2,,8600,2024-08-04,false,true
I00480,food,large,SA,hot,medium,3-shift,Hoist,pro,active,IP65,65,distributor-ME,middle-east,uptime,/case-studies,tablet,self,premium,pooled,true,true,1,2,11800,2024-04-01,false,true
I00481,logistics,mid,PL,temperate,low,1-shift,Sorter,industrial,liquid,IP54,90,trade-fair,dach,uptime,/spec-sheets,desktop,on-site,standard,dedicated,true,false,1,2,54300,2024-12-13,true,false
I00482,logistics,mid,ES,arctic,medium,2-shift,Sorter,consumer,active,IP54,35,trade-fair,nordics,service,/case-studies,desktop,on-site,standard,dedicated,false,false,0,,7700,2025-04-11,false,true
I00483,logistics,large,PL,temperate,medium,1-shift,Conveyor,consumer,active,IP54,35,trade-fair,iberia,durability,/spec-sheets,desktop,guided,standard,pooled,false,true,1,4,12300,2024-04-15,false,true
I00484,construction,large,FI,temperate,medium,2-shift,Conveyor,pro,passive,IP66,65,search,nordics,durability,/spec-sheets,desktop,self,standard,pooled,false,false,0,,23200,2024-09-15,false,true
I00485,logistics,large,ES,hot,medium,1-shift,Compactor,pro,passive,IP54,65,paid-social,nordics,service,/pricing,desktop,self,premium,dedicated,true,false,3,,11300,2024-07-16,false,true
I00486,mining,large,ES,hot,high,1-shift,Loader,consumer,active,IP66,35,distributor-ME,middle-east,uptime,/contact,desktop,on-site,standard,dedicated,false,false,0,5,8200,2025-05-18,true,false
I00487,food,small,FI,arctic,low,1-shift,Sorter,consumer,passive,IP66,35,search,benelux,durability,/spec-sheets,desktop,on-site,none,pooled,false,false,0,4,3800,2024-05-24,false,true
I00488,construction,large,AE,hot,high,3-shift,Conveyor,pro,liquid,IP65,65,referral,middle-east,service,/case-studies,mobile,self,standard,dedicated,false,true,1,,11700,2024-11-08,false,true
I00489,construction,large,SA,hot,low,2-shift,Compactor,consumer,active,IP54,35,paid-social,iberia,service,/products,mobile,guided,none,pooled,true,true,1,,4500,2025-06-02,true,false
I00490,construction,small,AE,hot,medium,1-shift,Loader,pro,active,IP66,65,distributor-ME,middle-east,uptime,/case-studies,desktop,guided,none,dedicated,false,false,0,5,56500,2024-06-10,false,true
I00491,food,small,MA,hot,high,2-shift,Lifter,consumer,passive,IP54,35,search,dach,service,/case-studies,desktop,guided,none,pooled,true,true,2,,4100,2025-01-31,false,true
I00492,food,small,FI,temperate,high,2-shift,Lifter,pro,passive,IP65,65,search,benelux,durability,/pricing,mobile,on-site,standard,dedicated,true,false,1,3,35250,2025-06-25,false,true
I00493,logistics,mid,SA,hot,high,1-shift,Loader,consumer,active,IP66,35,paid-social,nordics,service,/case-studies,desktop,on-site,none,dedicated,false,false,0,,12300,2024-12-30,false,true
I00494,construction,small,DE,temperate,high,1-shift,Hoist,industrial,liquid,IP66,90,trade-fair,middle-east,uptime,/contact,desktop,self,none,dedicated,false,false,0,,79650,2025-01-08,false,true
I00495,mining,mid,SA,temperate,medium,2-shift,Compactor,consumer,passive,IP66,35,paid-social,benelux,durability,/case-studies,desktop,self,standard,pooled,true,false,1,,4300,2025-03-01,true,false
I00496,mining,mid,MA,hot,high,3-shift,Sorter,consumer,passive,IP66,35,trade-fair,benelux,price,/pricing,desktop,guided,standard,dedicated,true,false,4,,3800,2025-02-11,false,true
I00497,food,mid,ES,hot,low,3-shift,Lifter,consumer,passive,IP54,35,distributor-ME,middle-east,uptime,/case-studies,desktop,self,none,dedicated,true,false,5,,20500,2025-01-09,true,false
I00498,logistics,mid,MA,hot,medium,1-shift,Conveyor,pro,liquid,IP65,65,search,nordics,durability,/contact,mobile,guided,standard,pooled,true,true,1,,11700,2024-09-24,true,false
I00499,construction,small,MA,temperate,high,2-shift,Sorter,consumer,active,IP54,35,referral,middle-east,service,/contact,tablet,on-site,none,dedicated,false,false,0,4,3850,2024-03-22,false,true
I00500,construction,small,DE,arctic,low,3-shift,Lifter,pro,passive,IP65,65,trade-fair,middle-east,uptime,/contact,desktop,guided,standard,dedicated,false,false,1,,23500,2024-03-15,false,true
I00501,logistics,large,FI,arctic,high,2-shift,Loader,industrial,active,IP66,90,trade-fair,middle-east,uptime,/contact,desktop,self,none,dedicated,false,false,1,,27050,2024-06-20,false,true
I00502,food,mid,AE,hot,low,2-shift,Hoist,industrial,active,IP66,90,distributor-ME,middle-east,uptime,/case-studies,desktop,self,none,dedicated,true,false,2,3,52800,2025-02-19,false,true
I00503,logistics,mid,ES,arctic,medium,2-shift,Lifter,industrial,active,IP66,90,paid-social,iberia,service,/pricing,desktop,guided,premium,dedicated,true,false,2,1,53200,2025-05-25,false,true
I00504,logistics,large,MA,hot,medium,1-shift,Hoist,consumer,passive,IP54,35,trade-fair,nordics,service,/pricing,mobile,on-site,standard,pooled,true,true,3,1,9000,2025-02-20,true,false
I00505,food,small,PL,temperate,medium,2-shift,Sorter,consumer,passive,IP66,35,referral,dach,uptime,/spec-sheets,mobile,on-site,premium,dedicated,false,false,1,,3800,2025-06-01,false,true
I00506,construction,small,AE,temperate,high,1-shift,Loader,pro,liquid,IP54,65,paid-social,benelux,durability,/case-studies,mobile,self,standard,dedicated,false,false,0,5,11850,2024-06-06,false,true
I00507,food,small,PL,temperate,low,3-shift,Conveyor,industrial,liquid,IP54,90,search,middle-east,uptime,/products,desktop,on-site,none,dedicated,false,false,0,,135750,2024-12-20,false,true
I00508,mining,small,DE,temperate,high,3-shift,Conveyor,pro,active,IP65,65,referral,nordics,uptime,/contact,mobile,self,standard,dedicated,false,false,1,,11700,2024-10-18,false,true
I00509,food,large,SA,hot,medium,3-shift,Conveyor,pro,passive,IP66,65,distributor-ME,middle-east,uptime,/products,desktop,on-site,standard,dedicated,true,false,2,,34800,2024-12-10,true,false
I00510,construction,large,SE,arctic,low,3-shift,Compactor,pro,active,IP65,65,search,dach,service,/products,desktop,self,standard,dedicated,false,false,0,4,23200,2025-02-12,false,true
I00511,construction,mid,MA,hot,high,1-shift,Loader,pro,passive,IP65,65,search,nordics,durability,/case-studies,desktop,guided,standard,pooled,true,true,4,4,11200,2025-05-23,true,false
I00512,construction,small,MA,temperate,medium,3-shift,Compactor,consumer,passive,IP66,35,paid-social,middle-east,durability,/spec-sheets,desktop,self,standard,pooled,true,true,4,3,12900,2024-07-05,true,false
I00513,food,small,ES,temperate,high,1-shift,Compactor,industrial,active,IP66,90,trade-fair,iberia,durability,/case-studies,mobile,on-site,premium,dedicated,false,false,0,,79800,2024-12-06,false,true
I00514,food,mid,DE,temperate,medium,3-shift,Lifter,consumer,active,IP65,35,paid-social,dach,service,/contact,tablet,guided,standard,dedicated,false,false,2,,22500,2024-05-31,false,true
I00515,logistics,large,MA,hot,medium,2-shift,Loader,consumer,active,IP66,35,trade-fair,nordics,service,/contact,desktop,self,standard,pooled,false,false,1,,4100,2024-08-10,true,false
I00516,logistics,large,FI,arctic,high,2-shift,Loader,consumer,passive,IP66,35,trade-fair,dach,uptime,/products,mobile,guided,standard,pooled,false,true,1,,4250,2024-07-26,true,false
I00517,logistics,small,AE,hot,medium,1-shift,Compactor,industrial,liquid,IP66,90,search,benelux,durability,/pricing,desktop,self,standard,dedicated,true,false,2,,79650,2024-12-10,false,true
I00518,logistics,mid,FI,temperate,low,2-shift,Compactor,industrial,active,IP66,90,referral,benelux,price,/pricing,mobile,guided,standard,dedicated,false,false,0,,26600,2024-04-16,false,true
I00519,food,small,MA,temperate,medium,2-shift,Sorter,pro,liquid,IP66,65,referral,nordics,uptime,/pricing,mobile,on-site,standard,pooled,true,true,2,,11600,2024-09-13,true,false
I00520,food,mid,PL,arctic,low,2-shift,Sorter,consumer,passive,IP66,35,search,iberia,service,/spec-sheets,mobile,guided,premium,pooled,false,false,1,,11400,2025-08-17,false,true
I00521,food,mid,AE,temperate,high,3-shift,Loader,consumer,active,IP66,35,paid-social,benelux,durability,/spec-sheets,desktop,guided,none,pooled,false,true,1,4,4100,2025-03-28,true,false
I00522,logistics,large,MA,hot,medium,1-shift,Lifter,pro,liquid,IP54,65,search,nordics,durability,/pricing,desktop,guided,standard,dedicated,false,false,0,4,23500,2025-04-01,true,false
I00523,food,small,FI,arctic,medium,3-shift,Sorter,pro,liquid,IP66,65,search,middle-east,uptime,/spec-sheets,desktop,guided,standard,dedicated,true,false,1,4,11600,2024-09-13,false,true
I00524,mining,large,SE,temperate,medium,1-shift,Conveyor,consumer,active,IP54,35,search,iberia,service,/contact,mobile,guided,none,pooled,false,false,0,5,8200,2025-07-20,true,false
I00525,logistics,small,DE,hot,medium,3-shift,Lifter,consumer,active,IP65,35,referral,nordics,uptime,/pricing,desktop,guided,standard,dedicated,false,false,1,1,9000,2024-10-01,false,true
I00526,food,mid,AE,temperate,low,3-shift,Sorter,consumer,passive,IP66,35,search,nordics,durability,/contact,desktop,self,standard,pooled,false,true,1,,3800,2025-01-10,false,true
I00527,logistics,small,AE,hot,high,2-shift,Hoist,pro,active,IP65,65,paid-social,dach,service,/pricing,desktop,guided,none,dedicated,false,true,2,,23600,2025-02-16,false,true
I00528,mining,mid,DE,temperate,medium,2-shift,Hoist,industrial,liquid,IP66,90,paid-social,nordics,service,/products,mobile,guided,none,dedicated,true,false,1,,53100,2024-07-10,true,false
I00529,logistics,small,FI,temperate,medium,2-shift,Hoist,consumer,passive,IP54,35,search,benelux,durability,/contact,desktop,guided,standard,pooled,true,true,3,,22500,2024-07-09,false,true
I00530,food,small,AE,hot,medium,3-shift,Conveyor,industrial,liquid,IP54,90,trade-fair,middle-east,uptime,/case-studies,desktop,self,standard,pooled,true,true,2,1,81450,2025-05-30,false,true
I00531,food,mid,SE,temperate,high,3-shift,Compactor,consumer,passive,IP66,35,referral,iberia,price,/case-studies,desktop,guided,standard,dedicated,false,false,1,1,8600,2025-07-03,false,true
I00532,construction,small,MA,hot,low,1-shift,Compactor,consumer,passive,IP66,35,distributor-ME,middle-east,uptime,/case-studies,tablet,guided,none,pooled,true,true,3,1,4300,2025-07-31,true,false
I00533,logistics,small,DE,hot,high,1-shift,Conveyor,consumer,active,IP54,35,distributor-ME,middle-east,uptime,/case-studies,tablet,self,standard,pooled,false,false,0,4,8200,2024-04-05,false,true
I00534,mining,small,MA,hot,medium,1-shift,Conveyor,pro,passive,IP66,65,search,benelux,durability,/spec-sheets,desktop,on-site,premium,pooled,false,false,0,,23200,2025-04-03,false,true
I00535,food,small,NO,temperate,high,3-shift,Lifter,industrial,liquid,IP66,90,paid-social,benelux,durability,/spec-sheets,desktop,on-site,premium,dedicated,false,false,0,5,27000,2025-01-06,false,true
I00536,food,mid,SE,temperate,low,3-shift,Hoist,consumer,passive,IP54,35,trade-fair,benelux,price,/contact,mobile,self,standard,pooled,false,false,0,,4500,2024-03-09,false,true
I00537,construction,small,FI,temperate,high,1-shift,Sorter,pro,active,IP65,65,referral,middle-east,service,/pricing,desktop,on-site,premium,dedicated,false,false,1,,11500,2025-05-18,false,true
I00538,construction,small,AE,hot,low,2-shift,Lifter,pro,liquid,IP54,65,trade-fair,middle-east,uptime,/contact,desktop,guided,none,pooled,false,false,1,,11750,2024-07-14,false,true
I00539,logistics,mid,SE,arctic,medium,2-shift,Lifter,pro,active,IP65,65,trade-fair,dach,uptime,/case-studies,desktop,on-site,standard,dedicated,false,false,0,4,34800,2025-02-15,false,true
I00540,mining,mid,SE,temperate,low,3-shift,Conveyor,pro,active,IP65,65,referral,benelux,price,/spec-sheets,mobile,on-site,none,pooled,false,false,0,,11700,2024-07-31,false,true
I00541,construction,mid,SE,temperate,high,2-shift,Lifter,pro,passive,IP65,65,trade-fair,middle-east,uptime,/products,desktop,on-site,standard,dedicated,true,false,2,,35250,2025-06-20,false,true
I00542,construction,mid,SE,hot,high,1-shift,Compactor,consumer,active,IP54,35,search,dach,service,/case-studies,desktop,guided,standard,pooled,false,false,0,5,9000,2025-02-11,false,true
I00543,mining,large,SA,hot,medium,3-shift,Lifter,industrial,active,IP66,90,referral,middle-east,service,/case-studies,desktop,on-site,standard,pooled,false,false,0,,53200,2024-11-11,false,true
I00544,food,small,ES,hot,low,2-shift,Sorter,industrial,liquid,IP54,90,referral,dach,uptime,/contact,desktop,on-site,standard,dedicated,false,false,0,,27150,2024-09-14,false,true
I00545,food,large,ES,temperate,medium,3-shift,Hoist,industrial,liquid,IP66,90,search,iberia,service,/spec-sheets,desktop,guided,premium,pooled,true,true,2,4,26550,2024-04-18,false,true
I00546,food,mid,NO,arctic,high,3-shift,Sorter,consumer,active,IP54,35,search,iberia,service,/case-studies,desktop,guided,premium,pooled,false,false,1,5,3850,2025-01-20,false,true
I00547,construction,mid,DE,hot,medium,2-shift,Loader,industrial,liquid,IP65,90,distributor-ME,middle-east,uptime,/spec-sheets,desktop,guided,none,pooled,false,false,1,,53700,2025-03-16,false,true
I00548,construction,small,FI,temperate,medium,2-shift,Compactor,pro,liquid,IP54,65,paid-social,dach,service,/products,desktop,guided,standard,pooled,false,true,1,,11600,2025-06-13,false,true
I00549,mining,large,AE,hot,low,3-shift,Hoist,consumer,passive,IP54,35,search,iberia,service,/contact,desktop,on-site,standard,pooled,true,true,2,,4500,2025-03-26,false,true
I00550,mining,mid,AE,hot,medium,1-shift,Compactor,consumer,active,IP54,35,referral,benelux,price,/contact,mobile,on-site,none,dedicated,true,true,2,1,9000,2025-01-03,false,true
I00551,construction,small,MA,hot,high,2-shift,Conveyor,pro,liquid,IP65,65,referral,dach,uptime,/pricing,mobile,guided,standard,dedicated,false,true,1,,11700,2025-02-02,false,true
I00552,construction,mid,SA,hot,medium,1-shift,Lifter,pro,passive,IP65,65,referral,dach,uptime,/contact,tablet,guided,standard,dedicated,false,false,0,,23500,2025-02-05,true,false
I00553,food,small,SA,hot,medium,1-shift,Hoist,consumer,passive,IP54,35,search,benelux,durability,/contact,mobile,on-site,premium,pooled,true,true,2,3,4500,2025-04-18,false,true
I00554,food,small,MA,hot,low,3-shift,Loader,pro,passive,IP65,65,referral,iberia,price,/products,desktop,on-site,standard,pooled,true,true,1,1,11200,2025-01-11,true,false
I00555,construction,mid,MA,hot,low,2-shift,Compactor,consumer,passive,IP66,35,distributor-ME,middle-east,uptime,/case-studies,desktop,on-site,standard,pooled,true,true,1,2,4300,2024-10-26,false,true
I00556,food,small,AE,hot,low,3-shift,Sorter,pro,active,IP65,65,distributor-ME,middle-east,uptime,/contact,tablet,guided,standard,dedicated,true,false,3,4,11500,2024-04-13,false,true
I00557,logistics,mid,ES,temperate,medium,2-shift,Loader,pro,active,IP66,65,referral,iberia,price,/case-studies,desktop,guided,standard,pooled,false,true,1,,11300,2024-07-01,false,true
I00558,mining,small,DE,temperate,high,3-shift,Compactor,consumer,passive,IP66,35,trade-fair,nordics,service,/case-studies,desktop,guided,none,pooled,false,true,2,,12900,2025-04-23,true,false
I00559,mining,small,SE,arctic,high,2-shift,Compactor,pro,active,IP65,65,search,nordics,durability,/case-studies,desktop,self,standard,pooled,false,false,0,,11600,2025-04-13,false,true
I00560,construction,mid,PL,hot,high,1-shift,Conveyor,consumer,passive,IP54,35,search,middle-east,uptime,/case-studies,desktop,on-site,none,dedicated,true,false,2,3,7900,2025-05-22,false,true
I00561,food,small,PL,hot,medium,3-shift,Compactor,pro,active,IP65,65,distributor-ME,middle-east,uptime,/products,desktop,self,premium,dedicated,false,false,1,2,58000,2024-06-19,false,true
I00562,food,small,NO,temperate,high,1-shift,Sorter,pro,liquid,IP66,65,paid-social,dach,service,/case-studies,mobile,self,premium,dedicated,false,false,0,,11600,2024-06-05,false,true
I00563,food,small,FI,temperate,medium,1-shift,Loader,consumer,active,IP66,35,paid-social,dach,service,/contact,desktop,self,standard,dedicated,false,false,0,4,20500,2024-03-24,false,true
I00564,logistics,small,DE,temperate,medium,1-shift,Loader,pro,active,IP66,65,trade-fair,benelux,price,/products,mobile,self,none,pooled,false,true,1,4,56500,2024-11-25,false,true
I00565,mining,small,MA,hot,medium,3-shift,Loader,consumer,active,IP66,35,search,middle-east,uptime,/pricing,desktop,self,standard,pooled,false,true,3,1,4100,2025-01-31,false,true
I00566,mining,small,MA,hot,medium,3-shift,Loader,industrial,active,IP66,90,paid-social,middle-east,durability,/pricing,desktop,self,standard,dedicated,true,false,1,1,54100,2025-04-30,false,true
I00567,mining,small,MA,hot,medium,3-shift,Loader,pro,passive,IP65,65,paid-social,middle-east,durability,/spec-sheets,desktop,self,none,pooled,true,false,1,2,11200,2024-03-25,true,false
I00568,construction,large,SA,hot,medium,1-shift,Conveyor,consumer,active,IP54,35,trade-fair,benelux,price,/contact,desktop,guided,premium,pooled,true,false,1,,4100,2024-04-21,false,true
I00569,logistics,small,NO,temperate,high,1-shift,Sorter,consumer,active,IP54,35,trade-fair,iberia,durability,/products,mobile,guided,premium,dedicated,false,false,0,4,11550,2025-05-22,false,true
I00570,logistics,small,DE,hot,medium,1-shift,Hoist,pro,liquid,IP65,65,referral,dach,uptime,/contact,desktop,on-site,standard,pooled,false,true,1,,11250,2024-09-10,false,true
I00571,food,small,AE,hot,medium,3-shift,Hoist,pro,active,IP65,65,distributor-ME,middle-east,uptime,/spec-sheets,mobile,guided,premium,pooled,false,false,0,,11800,2024-03-09,false,true
I00572,food,small,DE,temperate,low,1-shift,Loader,consumer,passive,IP66,35,referral,benelux,price,/products,desktop,self,premium,dedicated,false,false,0,4,12750,2024-12-07,true,false
I00573,logistics,mid,ES,temperate,medium,2-shift,Hoist,consumer,active,IP66,35,paid-social,dach,service,/pricing,desktop,guided,standard,pooled,true,false,1,,3850,2025-06-21,true,false
I00574,mining,large,PL,temperate,medium,2-shift,Compactor,pro,liquid,IP54,65,referral,iberia,price,/contact,mobile,on-site,premium,pooled,false,false,0,5,11600,2024-05-31,false,true
I00575,logistics,small,MA,hot,low,2-shift,Sorter,industrial,liquid,IP54,90,distributor-ME,middle-east,uptime,/contact,desktop,on-site,premium,dedicated,false,false,0,,27150,2024-10-26,false,true
I00576,food,mid,SE,temperate,medium,3-shift,Hoist,industrial,active,IP66,90,trade-fair,benelux,price,/spec-sheets,mobile,guided,none,dedicated,true,false,1,,26400,2024-08-22,false,true
I00577,mining,small,PL,temperate,medium,3-shift,Compactor,industrial,liquid,IP66,90,trade-fair,benelux,price,/contact,desktop,guided,none,dedicated,false,true,1,,132750,2024-12-20,true,false
I00578,food,small,AE,hot,medium,3-shift,Hoist,industrial,active,IP66,90,search,dach,service,/pricing,desktop,on-site,premium,dedicated,false,false,0,,52800,2024-04-15,false,true
I00579,food,small,FI,arctic,medium,3-shift,Sorter,industrial,liquid,IP54,90,trade-fair,nordics,service,/case-studies,desktop,self,none,pooled,false,false,0,,27150,2024-10-08,false,true
I00580,food,large,PL,temperate,high,2-shift,Conveyor,consumer,passive,IP54,35,search,iberia,service,/pricing,desktop,guided,standard,pooled,false,false,0,5,3950,2024-05-03,false,true
I00581,logistics,mid,MA,hot,low,1-shift,Conveyor,consumer,active,IP54,35,distributor-ME,middle-east,uptime,/spec-sheets,desktop,on-site,standard,pooled,true,true,1,,4100,2025-08-18,false,true
I00582,food,large,FI,hot,medium,3-shift,Sorter,consumer,active,IP54,35,trade-fair,middle-east,uptime,/spec-sheets,desktop,self,none,dedicated,false,false,1,1,3850,2025-07-04,true,false
I00583,logistics,mid,PL,temperate,medium,1-shift,Loader,consumer,passive,IP66,35,search,middle-east,uptime,/products,mobile,self,none,pooled,true,true,2,5,4250,2025-05-04,false,true
I00584,food,small,PL,temperate,low,3-shift,Lifter,pro,active,IP65,65,search,benelux,durability,/spec-sheets,desktop,guided,standard,pooled,true,true,2,,11600,2025-02-27,false,true
I00585,construction,large,SA,hot,low,2-shift,Lifter,pro,active,IP65,65,search,dach,service,/pricing,desktop,on-site,standard,dedicated,true,false,1,,23200,2024-02-24,false,true
I00586,logistics,small,AE,hot,medium,3-shift,Lifter,consumer,active,IP65,35,trade-fair,iberia,durability,/contact,desktop,guided,standard,dedicated,false,false,2,5,13500,2024-06-06,false,true
I00587,construction,small,FI,arctic,medium,1-shift,Lifter,industrial,liquid,IP66,90,search,dach,service,/case-studies,mobile,self,standard,pooled,true,true,1,,81000,2024-09-03,true,false
I00588,construction,mid,PL,temperate,high,1-shift,Lifter,industrial,active,IP66,90,search,iberia,service,/contact,desktop,on-site,premium,dedicated,true,false,1,4,26600,2025-05-20,true,false
I00589,mining,small,FI,temperate,medium,3-shift,Loader,industrial,liquid,IP65,90,paid-social,benelux,durability,/spec-sheets,mobile,on-site,standard,dedicated,false,false,0,5,80550,2024-11-07,false,true
I00590,logistics,mid,FI,arctic,high,3-shift,Conveyor,pro,active,IP65,65,trade-fair,middle-east,uptime,/case-studies,desktop,self,premium,pooled,false,true,1,5,35100,2024-12-24,false,true
I00591,food,small,AE,temperate,medium,3-shift,Loader,pro,passive,IP65,65,search,nordics,durability,/spec-sheets,desktop,self,none,pooled,true,true,1,2,11200,2024-04-19,false,true
I00592,construction,small,SE,arctic,high,1-shift,Lifter,consumer,passive,IP54,35,trade-fair,dach,uptime,/spec-sheets,mobile,guided,none,pooled,false,true,1,5,4100,2024-06-13,false,true
I00593,food,small,ES,hot,low,1-shift,Sorter,industrial,liquid,IP54,90,referral,benelux,price,/pricing,mobile,guided,standard,pooled,false,false,0,4,27150,2025-06-01,false,true
I00594,mining,mid,DE,temperate,medium,1-shift,Hoist,consumer,active,IP66,35,search,middle-east,uptime,/spec-sheets,mobile,on-site,standard,dedicated,false,false,0,4,3850,2025-06-30,false,true
I00595,food,large,MA,hot,low,1-shift,Conveyor,industrial,active,IP65,90,search,middle-east,uptime,/contact,desktop,on-site,standard,dedicated,true,false,2,,27100,2024-05-31,false,true
I00596,logistics,small,MA,temperate,high,1-shift,Compactor,pro,active,IP65,65,referral,dach,uptime,/case-studies,desktop,guided,premium,dedicated,true,false,1,,23200,2025-03-23,false,true
I00597,food,small,PL,temperate,high,2-shift,Hoist,pro,active,IP65,65,referral,dach,uptime,/contact,mobile,guided,none,pooled,false,true,1,,11800,2024-03-04,false,true
I00598,mining,small,NO,arctic,high,2-shift,Lifter,industrial,liquid,IP66,90,trade-fair,middle-east,uptime,/products,desktop,self,premium,dedicated,false,false,1,5,27000,2025-01-25,false,true
I00599,construction,small,AE,hot,medium,3-shift,Loader,consumer,active,IP66,35,distributor-ME,middle-east,uptime,/pricing,desktop,self,standard,dedicated,false,false,3,2,8200,2024-03-11,false,true
I00600,food,mid,DE,temperate,medium,2-shift,Loader,consumer,active,IP66,35,referral,benelux,price,/contact,tablet,guided,standard,dedicated,false,false,0,5,4100,2024-07-20,true,false
I00601,construction,large,SA,hot,medium,1-shift,Loader,consumer,passive,IP66,35,trade-fair,middle-east,uptime,/spec-sheets,desktop,guided,standard,pooled,true,true,1,3,4250,2025-06-23,true,false
I00602,construction,small,DE,hot,low,1-shift,Sorter,industrial,liquid,IP54,90,paid-social,middle-east,durability,/case-studies,desktop,self,premium,dedicated,false,false,0,5,54300,2024-05-05,true,false
I00603,mining,small,PL,temperate,medium,3-shift,Sorter,pro,liquid,IP66,65,trade-fair,nordics,service,/contact,mobile,guided,none,pooled,false,true,1,3,11600,2024-10-09,false,true
I00604,food,mid,PL,hot,high,1-shift,Sorter,industrial,liquid,IP54,90,distributor-ME,middle-east,uptime,/case-studies,tablet,on-site,standard,dedicated,true,false,1,3,54300,2025-07-22,false,true
I00605,construction,small,AE,temperate,high,1-shift,Loader,pro,passive,IP65,65,trade-fair,dach,uptime,/contact,desktop,self,premium,pooled,false,true,1,,11200,2025-06-15,false,true
I00606,food,mid,ES,hot,medium,2-shift,Loader,industrial,liquid,IP65,90,distributor-ME,middle-east,uptime,/case-studies,desktop,self,standard,pooled,false,false,1,,134250,2025-05-21,false,true
I00607,construction,mid,NO,temperate,medium,1-shift,Hoist,pro,liquid,IP65,65,paid-social,nordics,service,/contact,desktop,self,premium,dedicated,true,false,2,3,33750,2025-07-01,false,true
I00608,food,mid,MA,hot,low,2-shift,Hoist,industrial,active,IP66,90,trade-fair,nordics,service,/contact,desktop,guided,none,pooled,false,false,0,,52800,2025-04-30,true,false
I00609,logistics,small,DE,temperate,medium,3-shift,Compactor,industrial,liquid,IP66,90,referral,middle-east,service,/products,desktop,self,standard,pooled,false,false,0,,53100,2024-10-05,false,true
I00610,construction,mid,DE,temperate,low,3-shift,Lifter,industrial,liquid,IP66,90,paid-social,dach,service,/case-studies,tablet,self,premium,dedicated,false,false,0,5,27000,2025-04-15,false,true
I00611,logistics,large,MA,hot,medium,1-shift,Loader,industrial,active,IP66,90,search,benelux,durability,/contact,desktop,guided,standard,pooled,false,false,0,,27050,2025-02-07,false,true
I00612,logistics,small,AE,temperate,high,2-shift,Compactor,pro,passive,IP54,65,referral,middle-east,service,/spec-sheets,desktop,self,standard,dedicated,false,false,0,,56500,2024-05-17,true,false
I00613,logistics,mid,SA,hot,medium,1-shift,Loader,industrial,liquid,IP65,90,distributor-ME,middle-east,uptime,/contact,mobile,guided,standard,dedicated,true,false,2,2,26850,2024-05-15,false,true
I00614,mining,mid,ES,hot,high,3-shift,Sorter,industrial,liquid,IP54,90,search,dach,service,/pricing,desktop,on-site,none,dedicated,false,false,0,,81450,2024-09-17,false,true
I00615,construction,small,SE,arctic,low,1-shift,Compactor,pro,liquid,IP54,65,trade-fair,dach,uptime,/products,desktop,self,standard,pooled,false,false,0,,23200,2024-09-14,false,true
I00616,food,small,SE,hot,high,2-shift,Lifter,pro,liquid,IP54,65,search,nordics,durability,/contact,desktop,self,premium,pooled,true,true,1,,11750,2025-01-07,false,true
I00617,logistics,small,PL,temperate,low,1-shift,Hoist,industrial,active,IP66,90,search,benelux,durability,/spec-sheets,desktop,self,none,pooled,true,false,1,2,26400,2024-05-05,false,true
I00618,construction,small,MA,hot,high,1-shift,Conveyor,industrial,liquid,IP54,90,trade-fair,nordics,service,/products,desktop,on-site,standard,dedicated,false,false,0,5,81450,2024-10-24,false,true
I00619,mining,large,NO,temperate,high,3-shift,Sorter,industrial,liquid,IP54,90,referral,nordics,uptime,/case-studies,desktop,self,standard,dedicated,false,false,1,1,27150,2024-10-12,false,true
I00620,logistics,small,AE,hot,low,2-shift,Conveyor,pro,liquid,IP65,65,distributor-ME,middle-east,uptime,/case-studies,mobile,on-site,standard,pooled,false,false,0,5,11700,2024-03-20,false,true
I00621,logistics,mid,FI,temperate,low,2-shift,Lifter,industrial,liquid,IP66,90,search,middle-east,uptime,/pricing,desktop,on-site,standard,pooled,true,true,2,,81000,2024-12-05,true,false
I00622,mining,mid,PL,temperate,low,1-shift,Hoist,pro,liquid,IP65,65,trade-fair,nordics,service,/spec-sheets,desktop,guided,none,pooled,false,false,0,,11250,2024-03-12,false,true
I00623,construction,small,SE,temperate,high,1-shift,Compactor,pro,active,IP65,65,trade-fair,benelux,price,/pricing,desktop,self,standard,dedicated,false,false,0,,58000,2024-07-23,true,false
I00624,food,mid,MA,hot,medium,3-shift,Lifter,pro,liquid,IP54,65,distributor-ME,middle-east,uptime,/case-studies,tablet,on-site,standard,pooled,false,false,0,4,11750,2024-04-09,false,true
I00625,food,small,AE,hot,low,1-shift,Compactor,consumer,passive,IP66,35,referral,middle-east,service,/pricing,desktop,on-site,none,pooled,true,true,4,,4300,2024-05-05,true,false
I00626,logistics,small,AE,hot,high,3-shift,Lifter,pro,passive,IP65,65,trade-fair,middle-east,uptime,/pricing,desktop,self,premium,pooled,true,true,2,,11750,2024-11-20,true,false
I00627,construction,large,DE,temperate,medium,1-shift,Sorter,industrial,active,IP54,90,trade-fair,iberia,durability,/pricing,desktop,self,standard,dedicated,true,false,1,,27100,2024-03-05,false,true
I00628,construction,small,PL,temperate,high,1-shift,Hoist,pro,active,IP65,65,trade-fair,dach,uptime,/products,desktop,on-site,none,dedicated,false,false,1,,23600,2025-04-15,false,true
I00629,construction,small,PL,hot,low,2-shift,Hoist,pro,passive,IP66,65,search,nordics,durability,/case-studies,mobile,guided,standard,dedicated,true,false,2,,23500,2024-11-15,false,true
I00630,construction,small,SA,hot,medium,1-shift,Loader,consumer,passive,IP66,35,paid-social,middle-east,durability,/spec-sheets,desktop,self,standard,pooled,true,false,3,4,4250,2024-08-26,false,true
I00631,mining,large,DE,temperate,low,1-shift,Hoist,industrial,liquid,IP66,90,paid-social,iberia,service,/contact,tablet,self,standard,dedicated,false,false,1,,26550,2024-04-20,false,true
I00632,food,small,FI,temperate,high,1-shift,Sorter,pro,liquid,IP66,65,referral,benelux,price,/products,desktop,self,premium,pooled,false,false,0,,11600,2025-06-25,false,true
I00633,construction,mid,AE,temperate,medium,2-shift,Conveyor,pro,active,IP65,65,paid-social,nordics,service,/spec-sheets,desktop,on-site,premium,dedicated,false,false,0,,23400,2025-05-10,false,true
I00634,food,small,SA,temperate,high,3-shift,Compactor,consumer,passive,IP66,35,referral,iberia,price,/case-studies,desktop,self,none,pooled,false,true,2,3,8600,2024-11-30,false,true
I00635,mining,small,AE,hot,medium,1-shift,Conveyor,consumer,active,IP54,35,distributor-ME,middle-east,uptime,/case-studies,mobile,guided,none,dedicated,false,false,0,,4100,2025-03-27,false,true
I00636,logistics,small,FI,arctic,high,3-shift,Hoist,consumer,passive,IP54,35,paid-social,benelux,durability,/products,desktop,self,premium,dedicated,false,false,2,5,22500,2024-11-03,false,true
I00637,logistics,small,AE,hot,medium,1-shift,Loader,consumer,passive,IP66,35,distributor-ME,middle-east,uptime,/case-studies,tablet,guided,standard,pooled,true,true,3,3,8500,2025-02-22,false,true
I00638,construction,small,DE,temperate,low,1-shift,Lifter,pro,active,IP65,65,paid-social,middle-east,durability,/contact,mobile,self,none,dedicated,true,false,1,,34800,2024-11-24,false,true
I00639,mining,small,SE,arctic,medium,3-shift,Compactor,industrial,liquid,IP66,90,referral,dach,uptime,/contact,desktop,on-site,none,dedicated,false,false,1,4,53100,2024-12-08,false,true
I00640,mining,mid,ES,hot,medium,3-shift,Loader,consumer,active,IP66,35,distributor-ME,middle-east,uptime,/pricing,tablet,on-site,none,dedicated,true,false,1,1,8200,2025-02-24,false,true
I00641,food,large,AE,hot,medium,2-shift,Sorter,pro,active,IP65,65,referral,nordics,uptime,/spec-sheets,mobile,on-site,standard,pooled,false,false,0,,11500,2024-03-30,false,true
I00642,mining,small,SA,hot,medium,3-shift,Lifter,industrial,liquid,IP66,90,distributor-ME,middle-east,uptime,/products,desktop,on-site,none,pooled,false,false,0,,27000,2024-11-02,false,true
I00643,food,small,PL,temperate,low,3-shift,Conveyor,pro,liquid,IP65,65,trade-fair,middle-east,uptime,/pricing,mobile,guided,standard,pooled,false,false,0,5,11700,2024-07-11,false,true
I00644,logistics,small,NO,arctic,medium,1-shift,Compactor,consumer,active,IP54,35,trade-fair,nordics,service,/contact,desktop,guided,none,dedicated,true,true,1,5,9000,2024-11-16,false,true
I00645,construction,mid,SE,temperate,medium,1-shift,Lifter,industrial,liquid,IP66,90,trade-fair,iberia,durability,/contact,mobile,self,standard,dedicated,false,false,1,4,135000,2025-04-19,false,true
I00646,mining,large,SA,hot,medium,3-shift,Lifter,pro,passive,IP65,65,search,dach,service,/products,mobile,guided,standard,pooled,true,true,3,,11750,2025-01-08,true,false
I00647,logistics,mid,PL,hot,high,3-shift,Lifter,pro,passive,IP65,65,distributor-ME,middle-east,uptime,/products,mobile,on-site,premium,pooled,true,true,2,4,11750,2024-07-25,false,true
I00648,mining,small,SE,temperate,low,3-shift,Hoist,pro,active,IP65,65,search,benelux,durability,/spec-sheets,desktop,on-site,none,dedicated,false,false,0,,11800,2025-05-02,false,true
I00649,food,mid,DE,temperate,high,2-shift,Sorter,pro,liquid,IP66,65,search,iberia,service,/products,desktop,self,none,dedicated,false,false,0,5,34800,2025-05-01,false,true
I00650,construction,small,FI,arctic,medium,1-shift,Compactor,industrial,liquid,IP66,90,paid-social,benelux,durability,/contact,desktop,guided,premium,dedicated,false,false,0,5,53100,2024-09-15,false,true
I00651,logistics,small,DE,hot,medium,2-shift,Compactor,consumer,passive,IP66,35,distributor-ME,middle-east,uptime,/contact,desktop,on-site,none,pooled,true,true,3,2,4300,2024-12-18,true,false
I00652,logistics,mid,MA,hot,medium,1-shift,Hoist,pro,active,IP65,65,search,middle-east,uptime,/case-studies,mobile,self,standard,dedicated,false,false,1,4,11800,2025-01-06,false,true
I00653,food,small,AE,temperate,medium,3-shift,Compactor,industrial,liquid,IP66,90,paid-social,benelux,durability,/pricing,desktop,guided,premium,dedicated,false,false,0,,53100,2024-03-13,false,true
I00654,food,small,FI,temperate,medium,3-shift,Hoist,industrial,active,IP66,90,paid-social,middle-east,durability,/spec-sheets,desktop,self,standard,dedicated,false,false,0,4,79200,2024-09-11,false,true
I00655,logistics,small,DE,temperate,medium,2-shift,Sorter,pro,liquid,IP66,65,paid-social,middle-east,durability,/contact,desktop,self,standard,pooled,false,true,1,,11600,2025-03-18,false,true
I00656,logistics,mid,DE,temperate,low,1-shift,Lifter,pro,active,IP65,65,distributor-ME,middle-east,uptime,/contact,mobile,on-site,none,dedicated,false,false,0,5,34800,2024-12-03,false,true
I00657,food,mid,SE,temperate,low,3-shift,Sorter,consumer,active,IP54,35,trade-fair,benelux,price,/pricing,desktop,on-site,standard,pooled,false,false,0,4,3850,2024-07-08,false,true
I00658,logistics,large,MA,hot,medium,1-shift,Lifter,consumer,passive,IP54,35,search,iberia,service,/products,desktop,self,standard,pooled,true,true,3,,12300,2024-06-16,true,false
I00659,mining,small,PL,temperate,medium,3-shift,Loader,consumer,passive,IP66,35,referral,iberia,price,/spec-sheets,desktop,guided,standard,dedicated,true,false,2,,4250,2025-04-21,false,true
I00660,logistics,mid,MA,hot,medium,3-shift,Hoist,consumer,active,IP66,35,referral,dach,uptime,/case-studies,desktop,self,standard,pooled,true,false,2,,3850,2025-02-06,false,true
I00661,logistics,small,DE,hot,medium,1-shift,Hoist,pro,passive,IP66,65,trade-fair,middle-east,uptime,/spec-sheets,desktop,guided,premium,pooled,true,false,1,5,23500,2024-10-11,true,false
I00662,food,small,SA,temperate,medium,2-shift,Loader,pro,liquid,IP54,65,trade-fair,iberia,durability,/pricing,desktop,self,standard,dedicated,false,false,1,4,23700,2024-07-14,false,true
I00663,logistics,mid,ES,hot,high,1-shift,Loader,industrial,liquid,IP65,90,trade-fair,benelux,price,/spec-sheets,desktop,self,premium,dedicated,true,false,2,1,26850,2024-05-06,false,true
I00664,logistics,mid,ES,hot,high,1-shift,Sorter,consumer,passive,IP66,35,trade-fair,iberia,durability,/spec-sheets,desktop,self,premium,dedicated,true,true,2,,3800,2024-07-30,false,true
I00665,food,small,FI,temperate,high,3-shift,Sorter,industrial,active,IP54,90,trade-fair,dach,uptime,/contact,desktop,on-site,none,pooled,false,false,0,4,27100,2025-03-23,false,true
I00666,logistics,mid,SA,hot,high,2-shift,Conveyor,consumer,active,IP54,35,distributor-ME,middle-east,uptime,/case-studies,tablet,self,premium,dedicated,false,false,0,,4100,2025-08-19,false,true
I00667,food,small,MA,hot,medium,3-shift,Loader,industrial,liquid,IP65,90,distributor-ME,middle-east,uptime,/case-studies,desktop,on-site,standard,pooled,true,true,1,2,53700,2025-01-01,false,true
I00668,mining,mid,SE,hot,low,3-shift,Loader,consumer,passive,IP66,35,paid-social,nordics,service,/pricing,mobile,self,standard,pooled,false,true,1,,4250,2025-03-05,true,false
I00669,food,small,PL,temperate,low,1-shift,Lifter,consumer,active,IP65,35,search,iberia,service,/spec-sheets,desktop,on-site,standard,pooled,false,false,0,,9000,2024-06-08,false,true
I00670,mining,mid,MA,hot,high,3-shift,Conveyor,consumer,passive,IP54,35,paid-social,dach,service,/products,desktop,self,premium,pooled,true,true,4,3,3950,2024-03-31,true,false
I00671,logistics,large,MA,hot,medium,1-shift,Conveyor,pro,passive,IP66,65,trade-fair,benelux,price,/pricing,desktop,self,standard,pooled,true,false,2,,11600,2025-02-04,false,true
I00672,construction,small,MA,hot,medium,1-shift,Lifter,consumer,passive,IP54,35,distributor-ME,middle-east,uptime,/pricing,tablet,guided,standard,pooled,true,true,3,,8200,2025-07-04,true,false
I00673,construction,small,AE,temperate,high,2-shift,Loader,consumer,passive,IP66,35,trade-fair,nordics,service,/pricing,mobile,self,none,pooled,false,false,0,,12750,2024-06-19,false,true
I00674,logistics,small,DE,hot,high,1-shift,Conveyor,pro,liquid,IP65,65,search,middle-east,uptime,/pricing,desktop,self,standard,pooled,false,false,0,4,11700,2024-05-21,false,true
I00675,mining,large,DE,temperate,high,2-shift,Compactor,pro,liquid,IP54,65,referral,iberia,price,/contact,desktop,on-site,premium,pooled,false,false,0,,11600,2024-10-04,false,true
I00676,logistics,small,AE,hot,low,2-shift,Compactor,pro,active,IP65,65,trade-fair,benelux,price,/spec-sheets,desktop,guided,standard,pooled,false,false,0,,58000,2024-09-07,false,true
I00677,logistics,large,MA,hot,low,1-shift,Compactor,industrial,liquid,IP66,90,search,benelux,durability,/pricing,desktop,guided,standard,dedicated,false,false,0,,79650,2025-07-20,false,true
I00678,food,small,PL,hot,medium,3-shift,Lifter,industrial,liquid,IP66,90,referral,iberia,price,/contact,desktop,guided,standard,dedicated,false,false,0,4,27000,2025-02-01,true,false
I00679,construction,small,NO,arctic,medium,1-shift,Conveyor,industrial,active,IP65,90,referral,benelux,price,/pricing,desktop,self,standard,dedicated,false,false,0,5,27100,2024-09-01,false,true
I00680,logistics,large,MA,hot,medium,1-shift,Sorter,consumer,active,IP54,35,trade-fair,iberia,durability,/products,desktop,self,standard,pooled,false,false,0,,3850,2024-07-17,false,true
I00681,construction,small,FI,arctic,high,2-shift,Lifter,pro,passive,IP65,65,trade-fair,nordics,service,/pricing,mobile,guided,standard,dedicated,false,false,0,4,58750,2024-06-13,false,true
I00682,food,small,PL,temperate,high,2-shift,Sorter,pro,active,IP65,65,search,iberia,service,/spec-sheets,desktop,guided,none,pooled,true,false,1,,11500,2025-01-24,true,false
I00683,logistics,large,DE,temperate,medium,3-shift,Conveyor,pro,liquid,IP65,65,referral,benelux,price,/contact,mobile,guided,none,dedicated,false,false,1,2,23400,2025-01-17,true,false
I00684,logistics,mid,SE,temperate,high,2-shift,Lifter,consumer,passive,IP54,35,search,nordics,durability,/contact,desktop,on-site,standard,pooled,false,false,1,5,8200,2024-08-20,false,true
I00685,construction,large,PL,temperate,medium,1-shift,Conveyor,industrial,active,IP65,90,referral,middle-east,service,/products,mobile,on-site,premium,dedicated,false,false,0,5,81300,2024-11-14,false,true
I00686,construction,small,SE,arctic,high,1-shift,Lifter,pro,active,IP65,65,referral,benelux,price,/contact,desktop,guided,premium,pooled,false,true,1,5,11600,2025-01-25,false,true
I00687,logistics,large,MA,hot,medium,2-shift,Loader,industrial,active,IP66,90,distributor-ME,middle-east,uptime,/spec-sheets,desktop,self,none,pooled,false,true,2,1,27050,2024-10-31,true,false
I00688,logistics,mid,ES,hot,high,1-shift,Lifter,industrial,active,IP66,90,search,benelux,durability,/contact,desktop,self,none,pooled,false,false,0,5,53200,2024-07-28,false,true
I00689,construction,small,DE,temperate,medium,2-shift,Lifter,consumer,passive,IP54,35,search,nordics,durability,/contact,desktop,guided,standard,dedicated,false,false,1,,8200,2025-06-01,false,true
I00690,construction,large,DE,hot,low,2-shift,Loader,pro,active,IP66,65,distributor-ME,middle-east,uptime,/products,desktop,on-site,none,dedicated,true,false,1,2,22600,2025-02-20,false,true
I00691,logistics,small,DE,hot,high,3-shift,Lifter,pro,liquid,IP54,65,distributor-ME,middle-east,uptime,/products,desktop,on-site,none,pooled,false,false,0,,11750,2024-09-10,false,true
I00692,logistics,small,AE,hot,high,3-shift,Conveyor,pro,passive,IP66,65,paid-social,iberia,service,/pricing,desktop,on-site,standard,pooled,true,true,3,,11600,2024-12-20,false,true
I00693,food,mid,DE,temperate,medium,2-shift,Sorter,pro,passive,IP54,65,search,dach,service,/products,desktop,self,standard,dedicated,false,false,0,5,35550,2025-07-08,false,true
I00694,logistics,small,FI,temperate,medium,2-shift,Loader,consumer,active,IP66,35,referral,iberia,price,/pricing,desktop,self,none,pooled,false,false,0,,4100,2024-11-03,false,true
I00695,construction,mid,DE,hot,medium,1-shift,Hoist,industrial,liquid,IP66,90,search,benelux,durability,/spec-sheets,desktop,self,standard,dedicated,false,false,0,5,26550,2024-05-31,false,true
I00696,mining,large,PL,temperate,medium,3-shift,Hoist,pro,liquid,IP65,65,paid-social,iberia,service,/contact,desktop,self,premium,pooled,false,true,2,,11250,2025-03-12,false,true
I00697,logistics,large,SE,temperate,high,2-shift,Conveyor,consumer,active,IP54,35,paid-social,iberia,service,/case-studies,desktop,self,standard,pooled,false,false,0,,4100,2024-04-09,false,true
I00698,logistics,mid,SA,hot,high,1-shift,Lifter,industrial,active,IP66,90,distributor-ME,middle-east,uptime,/contact,desktop,on-site,none,pooled,false,true,1,5,26600,2025-04-20,true,false
I00699,logistics,small,NO,arctic,medium,1-shift,Lifter,pro,passive,IP65,65,trade-fair,dach,uptime,/products,mobile,guided,none,dedicated,false,false,0,4,58750,2025-05-08,true,false
I00700,mining,large,FI,temperate,medium,3-shift,Lifter,consumer,passive,IP54,35,referral,dach,uptime,/pricing,desktop,on-site,premium,pooled,true,true,4,,4100,2025-08-16,false,true
I00701,food,small,SE,hot,high,2-shift,Loader,pro,liquid,IP54,65,search,middle-east,uptime,/products,mobile,on-site,premium,pooled,false,false,0,,11850,2025-05-04,false,true
I00702,logistics,large,FI,arctic,high,2-shift,Sorter,consumer,active,IP54,35,paid-social,dach,service,/products,desktop,on-site,standard,dedicated,false,false,0,4,3850,2024-11-18,true,false
I00703,construction,mid,DE,hot,low,1-shift,Hoist,pro,active,IP65,65,search,middle-east,uptime,/contact,desktop,on-site,premium,pooled,false,false,1,2,11800,2024-09-06,false,true
I00704,food,small,PL,hot,medium,3-shift,Compactor,pro,active,IP65,65,search,middle-east,uptime,/case-studies,mobile,self,none,pooled,false,false,1,,11600,2025-01-26,false,true
I00705,logistics,large,MA,hot,medium,1-shift,Sorter,consumer,passive,IP66,35,distributor-ME,middle-east,uptime,/case-studies,desktop,on-site,standard,pooled,true,false,2,5,7600,2024-11-28,true,false
I00706,logistics,small,AE,hot,high,1-shift,Hoist,pro,passive,IP66,65,referral,iberia,price,/products,desktop,guided,premium,pooled,true,true,3,3,11750,2025-09-08,false,true
I00707,logistics,mid,MA,temperate,low,1-shift,Loader,pro,liquid,IP54,65,search,nordics,durability,/products,mobile,self,none,dedicated,false,false,1,,59250,2025-07-07,false,true
I00708,construction,mid,PL,hot,high,3-shift,Hoist,industrial,active,IP66,90,trade-fair,middle-east,uptime,/pricing,desktop,self,standard,dedicated,false,false,0,5,52800,2025-05-10,false,true
I00709,food,small,FI,arctic,medium,3-shift,Lifter,pro,active,IP65,65,referral,nordics,uptime,/contact,desktop,on-site,none,pooled,false,false,0,,11600,2025-04-11,false,true
I00710,food,small,SE,arctic,low,3-shift,Sorter,industrial,liquid,IP54,90,referral,iberia,price,/contact,desktop,self,standard,dedicated,false,false,0,4,27150,2024-03-16,false,true
I00711,construction,small,ES,hot,medium,1-shift,Conveyor,industrial,active,IP65,90,paid-social,middle-east,durability,/spec-sheets,desktop,guided,premium,dedicated,false,false,0,,54200,2024-09-26,false,true
I00712,logistics,small,NO,arctic,medium,2-shift,Sorter,consumer,active,IP54,35,trade-fair,nordics,service,/contact,desktop,on-site,standard,pooled,true,true,1,1,3850,2024-09-29,true,false
I00713,logistics,small,PL,hot,medium,1-shift,Loader,pro,passive,IP65,65,referral,iberia,price,/pricing,desktop,on-site,standard,pooled,true,true,4,3,11200,2024-10-21,false,true
I00714,food,small,MA,hot,low,3-shift,Loader,pro,active,IP66,65,search,nordics,durability,/pricing,desktop,on-site,premium,dedicated,false,false,1,,22600,2025-01-04,false,true
I00715,construction,large,SA,hot,medium,1-shift,Hoist,consumer,passive,IP54,35,distributor-ME,middle-east,uptime,/products,desktop,guided,standard,pooled,true,true,1,,4500,2025-03-23,false,true
I00716,mining,small,SE,temperate,medium,3-shift,Lifter,pro,active,IP65,65,paid-social,iberia,service,/contact,mobile,self,standard,dedicated,false,false,0,,58000,2025-03-10,false,true
I00717,logistics,small,FI,temperate,high,1-shift,Lifter,pro,passive,IP65,65,paid-social,iberia,service,/products,desktop,self,premium,pooled,false,false,0,5,58750,2024-03-15,false,true
I00718,mining,small,FI,temperate,low,2-shift,Conveyor,consumer,active,IP54,35,trade-fair,iberia,durability,/products,tablet,on-site,standard,pooled,false,false,0,5,8200,2025-08-19,false,true
I00719,food,mid,AE,hot,low,3-shift,Sorter,pro,active,IP65,65,search,nordics,durability,/products,mobile,on-site,premium,dedicated,true,true,3,,57500,2025-05-11,false,true
I00720,logistics,small,PL,hot,medium,3-shift,Loader,industrial,active,IP66,90,referral,benelux,price,/contact,desktop,on-site,premium,dedicated,true,false,1,,27050,2024-08-16,false,true
I00721,construction,large,PL,temperate,high,1-shift,Sorter,industrial,liquid,IP54,90,search,dach,service,/contact,desktop,guided,premium,dedicated,false,false,1,4,27150,2024-09-25,false,true
I00722,mining,large,MA,hot,medium,1-shift,Conveyor,consumer,passive,IP54,35,distributor-ME,middle-east,uptime,/pricing,desktop,self,standard,pooled,true,true,2,2,3950,2024-06-05,false,true
I00723,construction,large,MA,temperate,medium,1-shift,Hoist,consumer,passive,IP54,35,paid-social,iberia,service,/case-studies,mobile,self,standard,dedicated,true,false,1,,4500,2024-03-09,false,true
I00724,food,small,DE,temperate,medium,2-shift,Compactor,consumer,active,IP54,35,trade-fair,iberia,durability,/spec-sheets,desktop,on-site,none,dedicated,false,false,2,,4500,2024-12-11,false,true
I00725,food,small,SE,arctic,high,3-shift,Hoist,consumer,passive,IP54,35,trade-fair,dach,uptime,/case-studies,tablet,self,standard,pooled,false,true,3,2,4500,2025-05-05,false,true
I00726,mining,large,DE,hot,low,3-shift,Sorter,pro,active,IP65,65,trade-fair,iberia,durability,/case-studies,tablet,on-site,none,pooled,true,true,1,,11500,2024-03-18,true,false
I00727,logistics,mid,SA,hot,high,1-shift,Sorter,pro,liquid,IP66,65,trade-fair,benelux,price,/spec-sheets,tablet,on-site,premium,dedicated,false,false,0,5,11600,2024-12-18,false,true
I00728,mining,large,DE,temperate,medium,2-shift,Lifter,pro,passive,IP65,65,search,dach,service,/products,desktop,on-site,none,pooled,false,false,0,4,11750,2025-01-29,true,false
I00729,mining,small,SA,hot,high,1-shift,Lifter,industrial,liquid,IP66,90,search,nordics,durability,/case-studies,mobile,guided,none,dedicated,false,false,0,,81000,2024-10-30,false,true
I00730,logistics,mid,MA,hot,low,1-shift,Compactor,industrial,liquid,IP66,90,distributor-ME,middle-east,uptime,/contact,desktop,self,standard,dedicated,true,false,2,,26550,2024-12-17,false,true
I00731,logistics,small,PL,temperate,high,3-shift,Compactor,consumer,passive,IP66,35,paid-social,nordics,service,/spec-sheets,mobile,guided,premium,pooled,false,true,2,1,12900,2024-05-30,true,false
I00732,food,small,MA,hot,medium,3-shift,Conveyor,consumer,active,IP54,35,trade-fair,nordics,service,/case-studies,mobile,guided,none,pooled,false,true,1,4,8200,2024-12-03,true,false
I00733,logistics,large,MA,hot,medium,2-shift,Lifter,industrial,active,IP66,90,referral,middle-east,service,/case-studies,desktop,on-site,standard,pooled,true,true,1,5,53200,2024-06-12,false,true
I00734,mining,small,SE,arctic,high,2-shift,Compactor,industrial,liquid,IP66,90,search,benelux,durability,/spec-sheets,desktop,guided,none,dedicated,false,false,0,,26550,2025-07-09,true,false
I00735,food,mid,AE,hot,high,2-shift,Conveyor,industrial,liquid,IP54,90,distributor-ME,middle-east,uptime,/spec-sheets,mobile,on-site,none,dedicated,false,false,0,,54300,2024-06-14,false,true
I00736,construction,small,AE,hot,low,1-shift,Compactor,consumer,active,IP54,35,referral,iberia,price,/pricing,mobile,self,premium,dedicated,true,false,1,,4500,2025-01-18,false,true
I00737,mining,large,SA,temperate,high,2-shift,Hoist,pro,liquid,IP65,65,search,dach,service,/products,mobile,self,standard,pooled,false,false,0,5,11250,2025-02-25,false,true
I00738,construction,large,SE,temperate,high,3-shift,Lifter,industrial,liquid,IP66,90,paid-social,benelux,durability,/case-studies,desktop,guided,premium,pooled,false,false,0,,27000,2024-04-18,false,true
I00739,mining,mid,PL,temperate,medium,1-shift,Loader,pro,active,IP66,65,trade-fair,dach,uptime,/products,desktop,self,standard,dedicated,false,false,0,4,11300,2025-01-07,false,true
I00740,logistics,small,PL,hot,high,2-shift,Conveyor,pro,liquid,IP65,65,search,benelux,durability,/contact,tablet,self,standard,pooled,false,false,0,5,11700,2025-08-14,false,true
I00741,food,mid,AE,hot,high,2-shift,Hoist,pro,active,IP65,65,referral,iberia,price,/spec-sheets,desktop,on-site,standard,pooled,true,true,1,,11800,2025-06-23,false,true
I00742,food,mid,SE,arctic,high,2-shift,Compactor,pro,passive,IP54,65,trade-fair,nordics,service,/spec-sheets,desktop,on-site,premium,dedicated,false,false,2,5,56500,2024-12-22,false,true
I00743,construction,large,MA,temperate,medium,1-shift,Conveyor,consumer,active,IP54,35,distributor-ME,middle-east,uptime,/spec-sheets,desktop,guided,standard,dedicated,true,false,2,,8200,2024-08-11,false,true
I00744,logistics,large,MA,hot,low,1-shift,Conveyor,consumer,passive,IP54,35,paid-social,nordics,service,/case-studies,tablet,guided,standard,pooled,true,true,2,1,3950,2024-12-25,false,true
I00745,construction,large,DE,temperate,medium,1-shift,Compactor,consumer,active,IP54,35,search,iberia,service,/products,desktop,self,standard,pooled,false,false,0,4,4500,2024-10-05,false,true
I00746,mining,small,AE,hot,medium,3-shift,Lifter,consumer,passive,IP54,35,distributor-ME,middle-east,uptime,/contact,desktop,self,none,dedicated,true,false,2,,8200,2024-04-05,true,false
I00747,logistics,mid,ES,arctic,medium,2-shift,Sorter,consumer,passive,IP66,35,referral,nordics,uptime,/pricing,desktop,self,none,pooled,false,false,1,,7600,2024-05-07,true,false
I00748,food,small,PL,temperate,high,2-shift,Hoist,pro,active,IP65,65,trade-fair,nordics,service,/case-studies,tablet,guided,none,dedicated,true,false,1,,11800,2025-03-18,false,true
I00749,food,small,AE,hot,high,3-shift,Hoist,pro,passive,IP66,65,trade-fair,nordics,service,/case-studies,desktop,guided,premium,pooled,true,false,2,,23500,2024-05-05,false,true
I00750,mining,small,DE,temperate,low,3-shift,Sorter,consumer,passive,IP66,35,trade-fair,dach,uptime,/contact,mobile,on-site,premium,pooled,false,true,2,,3800,2025-07-31,false,true
I00751,mining,mid,DE,temperate,low,3-shift,Compactor,pro,active,IP65,65,search,middle-east,uptime,/spec-sheets,desktop,self,standard,pooled,false,false,0,5,11600,2024-07-24,false,true
I00752,food,mid,ES,hot,medium,3-shift,Conveyor,pro,passive,IP66,65,distributor-ME,middle-east,uptime,/spec-sheets,mobile,on-site,standard,dedicated,true,false,2,2,23200,2025-06-17,false,true
I00753,construction,large,SA,hot,high,1-shift,Compactor,industrial,active,IP66,90,distributor-ME,middle-east,uptime,/case-studies,desktop,self,standard,dedicated,true,false,1,,53200,2025-03-14,false,true
I00754,food,mid,AE,hot,low,1-shift,Hoist,pro,liquid,IP65,65,paid-social,middle-east,durability,/spec-sheets,desktop,self,standard,pooled,true,true,1,,22500,2025-01-23,false,true
I00755,logistics,small,MA,hot,high,1-shift,Hoist,consumer,active,IP66,35,search,nordics,durability,/contact,mobile,self,none,dedicated,false,false,0,,3850,2024-02-26,false,true
I00756,mining,small,NO,temperate,medium,3-shift,Conveyor,industrial,liquid,IP54,90,paid-social,dach,service,/pricing,mobile,on-site,standard,dedicated,false,false,0,4,54300,2024-08-04,false,true
I00757,food,large,FI,arctic,medium,2-shift,Compactor,consumer,passive,IP66,35,referral,dach,uptime,/contact,mobile,guided,premium,dedicated,false,false,1,5,21500,2024-11-21,false,true
I00758,logistics,mid,MA,hot,high,2-shift,Lifter,pro,passive,IP65,65,search,middle-east,uptime,/products,desktop,self,standard,pooled,true,false,2,2,11750,2025-08-16,false,true
I00759,mining,mid,DE,hot,low,1-shift,Loader,pro,passive,IP65,65,distributor-ME,middle-east,uptime,/products,mobile,guided,standard,dedicated,true,true,4,4,22400,2024-09-13,true,false
I00760,food,mid,ES,hot,medium,2-shift,Loader,industrial,liquid,IP65,90,search,dach,service,/contact,desktop,guided,standard,pooled,true,false,3,1,53700,2025-07-28,false,true
I00761,mining,small,SE,temperate,low,3-shift,Loader,pro,liquid,IP54,65,paid-social,nordics,service,/pricing,mobile,self,standard,dedicated,false,false,0,,59250,2025-06-11,false,true
I00762,construction,small,AE,hot,medium,1-shift,Conveyor,industrial,liquid,IP54,90,distributor-ME,middle-east,uptime,/products,mobile,guided,premium,dedicated,false,false,0,4,54300,2025-04-16,false,true
I00763,mining,mid,DE,hot,medium,2-shift,Conveyor,pro,active,IP65,65,trade-fair,dach,uptime,/pricing,tablet,guided,premium,pooled,false,true,1,,35100,2024-11-25,true,false
I00764,construction,mid,NO,temperate,low,2-shift,Lifter,pro,active,IP65,65,search,benelux,durability,/contact,desktop,on-site,premium,dedicated,false,false,0,,11600,2024-04-02,true,false
I00765,food,mid,ES,hot,low,3-shift,Lifter,industrial,active,IP66,90,referral,nordics,uptime,/spec-sheets,mobile,on-site,none,pooled,false,false,0,4,53200,2025-02-13,false,true
I00766,food,small,FI,temperate,medium,1-shift,Compactor,pro,liquid,IP54,65,paid-social,benelux,durability,/pricing,tablet,guided,standard,pooled,true,true,2,,11600,2024-02-28,false,true
I00767,construction,small,AE,hot,low,1-shift,Compactor,consumer,passive,IP66,35,paid-social,middle-east,durability,/products,desktop,on-site,none,pooled,true,true,2,,8600,2024-10-16,true,false
I00768,mining,small,FI,temperate,high,3-shift,Hoist,pro,liquid,IP65,65,paid-social,nordics,service,/spec-sheets,mobile,on-site,standard,pooled,false,true,1,2,22500,2024-06-10,false,true
I00769,logistics,small,NO,arctic,low,2-shift,Lifter,industrial,active,IP66,90,referral,iberia,price,/case-studies,desktop,self,none,dedicated,false,false,1,,53200,2025-01-05,false,true
I00770,mining,small,SE,temperate,medium,2-shift,Conveyor,consumer,active,IP54,35,trade-fair,nordics,service,/pricing,desktop,self,none,dedicated,false,false,0,,4100,2024-03-18,false,true
I00771,mining,small,ES,hot,medium,2-shift,Lifter,pro,passive,IP65,65,referral,benelux,price,/case-studies,desktop,on-site,none,dedicated,true,false,1,3,11750,2024-08-29,true,false
I00772,logistics,large,SE,temperate,high,1-shift,Hoist,pro,active,IP65,65,search,benelux,durability,/case-studies,desktop,on-site,premium,pooled,false,true,1,,11800,2025-06-11,false,true
I00773,construction,large,AE,temperate,low,1-shift,Sorter,pro,passive,IP54,65,search,nordics,durability,/contact,desktop,guided,standard,pooled,true,false,1,,11850,2024-07-27,false,true
I00774,logistics,mid,AE,hot,low,1-shift,Lifter,industrial,active,IP66,90,trade-fair,benelux,price,/contact,desktop,on-site,standard,pooled,true,false,1,,79800,2024-07-17,false,true
I00775,food,small,ES,hot,medium,1-shift,Hoist,industrial,active,IP66,90,distributor-ME,middle-east,uptime,/products,desktop,guided,none,dedicated,false,false,1,5,52800,2025-03-07,false,true
I00776,logistics,large,DE,temperate,medium,1-shift,Sorter,industrial,active,IP54,90,trade-fair,nordics,service,/pricing,desktop,on-site,none,dedicated,false,false,0,4,81300,2025-01-20,false,true
I00777,food,small,FI,arctic,medium,3-shift,Compactor,industrial,liquid,IP66,90,referral,nordics,uptime,/spec-sheets,mobile,on-site,premium,pooled,false,false,1,,26550,2025-05-24,false,true
I00778,logistics,mid,SA,hot,low,2-shift,Loader,industrial,active,IP66,90,referral,nordics,uptime,/case-studies,desktop,on-site,standard,pooled,true,true,2,,27050,2024-11-17,false,true
I00779,food,small,AE,hot,high,2-shift,Loader,consumer,active,IP66,35,distributor-ME,middle-east,uptime,/contact,desktop,self,none,pooled,true,false,1,2,8200,2024-09-10,false,true
I00780,construction,small,MA,hot,high,1-shift,Hoist,pro,passive,IP66,65,referral,iberia,price,/spec-sheets,mobile,guided,premium,dedicated,true,false,1,,35250,2024-08-29,true,false
I00781,food,small,ES,hot,low,3-shift,Compactor,consumer,passive,IP66,35,search,benelux,durability,/products,desktop,self,standard,pooled,true,true,2,,4300,2025-03-04,true,false
I00782,construction,mid,PL,temperate,high,1-shift,Loader,pro,passive,IP65,65,trade-fair,iberia,durability,/case-studies,mobile,self,premium,dedicated,false,false,1,,11200,2024-03-23,false,true
I00783,mining,small,DE,temperate,medium,3-shift,Lifter,pro,passive,IP65,65,trade-fair,benelux,price,/spec-sheets,tablet,guided,standard,dedicated,false,false,0,5,35250,2024-10-25,false,true
I00784,logistics,small,DE,temperate,high,1-shift,Conveyor,industrial,active,IP65,90,trade-fair,iberia,durability,/pricing,desktop,on-site,none,dedicated,false,false,0,4,27100,2024-10-19,false,true
I00785,food,small,AE,temperate,medium,3-shift,Sorter,pro,passive,IP54,65,search,dach,service,/pricing,desktop,guided,none,pooled,false,false,0,,11850,2024-09-26,false,true
I00786,mining,large,ES,hot,high,1-shift,Loader,industrial,active,IP66,90,search,middle-east,uptime,/products,desktop,guided,standard,dedicated,true,false,2,1,27050,2024-06-07,false,true
I00787,construction,mid,FI,temperate,medium,2-shift,Sorter,industrial,liquid,IP54,90,search,dach,service,/pricing,desktop,guided,standard,dedicated,false,false,0,4,27150,2024-12-21,false,true
I00788,mining,large,SA,hot,low,2-shift,Conveyor,consumer,active,IP54,35,paid-social,nordics,service,/spec-sheets,mobile,guided,premium,dedicated,true,false,1,4,4100,2024-08-27,false,true
I00789,food,mid,FI,temperate,high,3-shift,Hoist,pro,liquid,IP65,65,referral,nordics,uptime,/contact,desktop,on-site,standard,pooled,false,false,0,,11250,2025-08-01,false,true
I00790,mining,small,DE,temperate,low,3-shift,Lifter,industrial,active,IP66,90,paid-social,benelux,durability,/case-studies,mobile,on-site,none,pooled,true,true,2,,133000,2025-04-10,true,false
I00791,mining,small,SE,hot,high,3-shift,Conveyor,pro,active,IP65,65,distributor-ME,middle-east,uptime,/products,desktop,on-site,premium,dedicated,true,false,1,2,11700,2025-04-25,false,true
I00792,mining,small,MA,hot,medium,3-shift,Hoist,consumer,passive,IP54,35,distributor-ME,middle-east,uptime,/spec-sheets,desktop,on-site,premium,pooled,true,true,5,,22500,2025-04-28,true,false
I00793,food,mid,NO,arctic,medium,3-shift,Conveyor,industrial,active,IP65,90,paid-social,benelux,durability,/contact,desktop,on-site,none,dedicated,true,false,2,2,54200,2024-11-09,false,true
I00794,logistics,small,NO,temperate,high,1-shift,Compactor,pro,active,IP65,65,search,dach,service,/contact,mobile,on-site,standard,pooled,false,false,0,,11600,2024-04-20,false,true
I00795,construction,large,SA,temperate,high,2-shift,Conveyor,consumer,passive,IP54,35,search,middle-east,uptime,/case-studies,desktop,on-site,premium,pooled,false,false,0,,19750,2024-08-16,false,true
I00796,mining,small,SE,temperate,high,2-shift,Lifter,pro,liquid,IP54,65,referral,benelux,price,/products,desktop,on-site,standard,dedicated,false,false,0,4,58750,2025-03-01,false,true
I00797,logistics,large,MA,hot,medium,1-shift,Compactor,pro,liquid,IP54,65,trade-fair,iberia,durability,/products,desktop,self,standard,dedicated,false,false,0,,58000,2024-10-08,true,false
I00798,logistics,small,AE,hot,high,3-shift,Hoist,consumer,passive,IP54,35,distributor-ME,middle-east,uptime,/products,desktop,guided,standard,pooled,true,true,3,2,9000,2025-08-25,true,false
I00799,construction,mid,MA,hot,medium,1-shift,Hoist,pro,passive,IP66,65,referral,iberia,price,/case-studies,desktop,guided,standard,pooled,true,true,3,,23500,2024-08-08,false,true
I00800,logistics,mid,AE,hot,low,1-shift,Conveyor,consumer,passive,IP54,35,paid-social,middle-east,durability,/products,tablet,guided,standard,pooled,true,false,1,,19750,2025-08-13,true,false
I00801,construction,mid,PL,temperate,medium,1-shift,Lifter,industrial,liquid,IP66,90,trade-fair,iberia,durability,/spec-sheets,desktop,self,premium,dedicated,false,false,0,,27000,2024-04-22,false,true
I00802,logistics,small,NO,temperate,low,1-shift,Compactor,pro,passive,IP54,65,paid-social,benelux,durability,/spec-sheets,desktop,self,standard,pooled,false,false,0,,11300,2025-04-16,false,true
I00803,food,small,PL,temperate,medium,3-shift,Lifter,pro,passive,IP65,65,search,iberia,service,/contact,mobile,on-site,standard,pooled,false,true,1,4,35250,2024-12-14,false,true
I00804,construction,large,AE,hot,medium,1-shift,Loader,consumer,passive,IP66,35,paid-social,dach,service,/case-studies,tablet,on-site,standard,dedicated,true,false,3,2,21250,2024-08-22,false,true
I00805,construction,mid,MA,hot,low,2-shift,Lifter,industrial,liquid,IP66,90,referral,nordics,uptime,/products,mobile,on-site,standard,dedicated,true,false,1,1,81000,2025-03-27,false,true
I00806,construction,small,DE,temperate,medium,2-shift,Loader,pro,passive,IP65,65,search,dach,service,/contact,desktop,on-site,none,pooled,false,false,0,4,33600,2024-05-12,false,true
I00807,construction,large,MA,temperate,medium,1-shift,Sorter,pro,liquid,IP66,65,referral,dach,uptime,/contact,desktop,on-site,premium,pooled,false,false,0,,11600,2024-06-17,false,true
I00808,mining,large,AE,hot,low,3-shift,Loader,consumer,passive,IP66,35,search,iberia,service,/contact,desktop,on-site,standard,dedicated,true,false,1,,4250,2024-03-11,true,false
I00809,mining,small,MA,temperate,high,1-shift,Hoist,consumer,active,IP66,35,search,middle-east,uptime,/spec-sheets,mobile,self,none,pooled,false,false,0,5,3850,2024-05-26,false,true
I00810,food,small,PL,hot,medium,3-shift,Hoist,consumer,passive,IP54,35,paid-social,iberia,service,/case-studies,tablet,guided,standard,pooled,true,true,2,,13500,2024-08-04,false,true
I00811,construction,mid,MA,hot,low,2-shift,Hoist,pro,liquid,IP65,65,distributor-ME,middle-east,uptime,/contact,mobile,guided,standard,dedicated,false,false,0,4,11250,2025-01-04,false,true
I00812,logistics,small,DE,hot,medium,3-shift,Sorter,consumer,passive,IP66,35,trade-fair,nordics,service,/case-studies,desktop,on-site,standard,pooled,true,true,3,,19000,2024-12-17,true,false
I00813,mining,large,MA,temperate,high,3-shift,Sorter,industrial,active,IP54,90,referral,middle-east,service,/case-studies,desktop,guided,none,dedicated,false,false,0,,27100,2025-05-29,false,true
I00814,food,mid,AE,hot,low,3-shift,Sorter,consumer,active,IP54,35,distributor-ME,middle-east,uptime,/pricing,desktop,on-site,premium,dedicated,false,false,1,,19250,2025-01-12,false,true
I00815,mining,mid,SE,temperate,medium,2-shift,Lifter,industrial,active,IP66,90,search,benelux,durability,/spec-sheets,mobile,on-site,standard,dedicated,false,false,1,,53200,2024-10-05,false,true
I00816,mining,small,ES,temperate,medium,3-shift,Compactor,consumer,passive,IP66,35,paid-social,middle-east,durability,/products,desktop,self,standard,pooled,false,false,1,,12900,2024-06-07,false,true
I00817,mining,large,DE,temperate,high,2-shift,Hoist,industrial,active,IP66,90,search,benelux,durability,/pricing,desktop,guided,premium,dedicated,false,false,0,,26400,2025-02-08,false,true
I00818,logistics,mid,FI,temperate,high,2-shift,Hoist,industrial,active,IP66,90,referral,dach,uptime,/contact,desktop,self,standard,pooled,false,true,1,,79200,2025-05-04,false,true
I00819,mining,small,MA,hot,medium,3-shift,Hoist,consumer,passive,IP54,35,referral,dach,uptime,/case-studies,mobile,on-site,premium,pooled,true,true,5,3,4500,2024-05-18,true,false
I00820,construction,small,MA,hot,medium,1-shift,Loader,pro,active,IP66,65,distributor-ME,middle-east,uptime,/spec-sheets,desktop,guided,standard,dedicated,false,false,0,,22600,2024-03-04,false,true
I00821,logistics,small,PL,hot,medium,1-shift,Compactor,industrial,liquid,IP66,90,paid-social,middle-east,durability,/pricing,mobile,self,standard,dedicated,true,false,1,,79650,2025-01-18,false,true
I00822,mining,small,SE,temperate,medium,3-shift,Lifter,consumer,passive,IP54,35,search,dach,service,/spec-sheets,mobile,guided,standard,dedicated,true,false,4,2,20500,2025-08-15,false,true
I00823,food,mid,SA,temperate,high,3-shift,Sorter,pro,active,IP65,65,referral,benelux,price,/pricing,mobile,self,none,pooled,false,false,0,,11500,2025-01-13,false,true
I00824,mining,small,FI,temperate,medium,3-shift,Loader,consumer,active,IP66,35,trade-fair,dach,uptime,/pricing,desktop,on-site,premium,pooled,false,false,0,5,4100,2024-07-18,false,true
I00825,logistics,small,MA,hot,high,1-shift,Hoist,pro,liquid,IP65,65,trade-fair,iberia,durability,/case-studies,desktop,guided,premium,dedicated,true,false,1,1,56250,2024-03-28,false,true
I00826,logistics,mid,ES,temperate,medium,2-shift,Conveyor,industrial,active,IP65,90,referral,dach,uptime,/pricing,desktop,self,none,dedicated,true,false,2,2,81300,2025-04-20,false,true
I00827,food,small,SA,hot,medium,1-shift,Lifter,industrial,active,IP66,90,referral,dach,uptime,/products,desktop,guided,standard,dedicated,false,false,1,4,26600,2025-04-28,false,true
I00828,food,small,DE,hot,medium,3-shift,Sorter,consumer,active,IP54,35,search,dach,service,/spec-sheets,mobile,guided,standard,pooled,false,false,0,,3850,2025-08-05,false,true
I00829,construction,mid,PL,hot,high,1-shift,Compactor,consumer,active,IP54,35,paid-social,nordics,service,/pricing,mobile,self,none,dedicated,true,false,2,,13500,2025-04-28,false,true
I00830,mining,small,SE,arctic,high,1-shift,Lifter,pro,active,IP65,65,referral,iberia,price,/case-studies,desktop,on-site,none,dedicated,false,false,1,,11600,2024-11-27,false,true
I00831,food,small,FI,temperate,high,2-shift,Compactor,pro,passive,IP54,65,trade-fair,iberia,durability,/products,desktop,guided,standard,dedicated,false,false,1,3,11300,2024-07-02,false,true
I00832,food,small,ES,hot,medium,1-shift,Compactor,consumer,passive,IP66,35,search,dach,service,/pricing,mobile,self,premium,pooled,true,true,3,,8600,2025-04-02,false,true
I00833,food,small,NO,temperate,low,3-shift,Conveyor,pro,passive,IP66,65,paid-social,benelux,durability,/spec-sheets,mobile,guided,standard,pooled,true,true,1,,11600,2024-02-20,false,true
I00834,mining,small,SE,hot,low,1-shift,Loader,pro,passive,IP65,65,paid-social,nordics,service,/spec-sheets,mobile,self,standard,pooled,true,true,2,,22400,2025-04-25,false,true
I00835,food,small,PL,arctic,low,2-shift,Conveyor,industrial,liquid,IP54,90,trade-fair,dach,uptime,/spec-sheets,mobile,self,premium,dedicated,false,false,0,4,27150,2025-07-06,false,true
I00836,logistics,small,MA,hot,high,1-shift,Loader,consumer,active,IP66,35,distributor-ME,middle-east,uptime,/products,tablet,on-site,standard,pooled,false,false,0,,8200,2024-04-25,false,true
I00837,food,small,DE,hot,medium,3-shift,Hoist,consumer,active,IP66,35,distributor-ME,middle-east,uptime,/products,desktop,self,standard,dedicated,false,false,2,,11550,2024-06-12,true,false
I00838,construction,small,AE,hot,medium,1-shift,Hoist,pro,liquid,IP65,65,referral,benelux,price,/contact,tablet,on-site,standard,pooled,false,false,1,,33750,2024-04-05,false,true
I00839,mining,large,DE,hot,medium,2-shift,Lifter,industrial,active,IP66,90,distributor-ME,middle-east,uptime,/spec-sheets,mobile,guided,premium,dedicated,false,false,0,,79800,2024-06-24,true,false
I00840,construction,small,SE,temperate,high,1-shift,Sorter,pro,passive,IP54,65,trade-fair,iberia,durability,/contact,desktop,self,none,dedicated,false,false,0,5,23700,2025-05-01,false,true
I00841,mining,small,SE,arctic,high,3-shift,Lifter,pro,active,IP65,65,trade-fair,nordics,service,/case-studies,mobile,self,standard,dedicated,false,false,2,,23200,2024-12-25,false,true
I00842,construction,small,AE,hot,low,1-shift,Conveyor,pro,passive,IP66,65,trade-fair,dach,uptime,/case-studies,desktop,self,standard,dedicated,true,false,2,2,34800,2024-11-13,false,true
I00843,logistics,small,MA,hot,medium,3-shift,Sorter,industrial,liquid,IP54,90,paid-social,middle-east,durability,/spec-sheets,mobile,guided,standard,dedicated,false,false,0,,27150,2024-06-29,true,false
I00844,mining,mid,AE,hot,high,3-shift,Loader,industrial,liquid,IP65,90,distributor-ME,middle-east,uptime,/products,desktop,on-site,standard,dedicated,true,false,2,3,53700,2024-10-07,false,true
I00845,logistics,small,MA,hot,high,1-shift,Compactor,consumer,active,IP54,35,search,nordics,durability,/products,desktop,guided,standard,dedicated,false,false,0,,4500,2024-10-23,false,true
I00846,logistics,small,MA,temperate,high,1-shift,Lifter,consumer,passive,IP54,35,search,iberia,service,/products,desktop,self,standard,pooled,false,false,0,,8200,2024-12-26,false,true
I00847,logistics,mid,AE,hot,medium,1-shift,Conveyor,industrial,liquid,IP54,90,trade-fair,middle-east,uptime,/contact,tablet,guided,standard,dedicated,false,false,0,,27150,2025-02-03,false,true
I00848,logistics,large,NO,arctic,low,2-shift,Conveyor,industrial,liquid,IP54,90,paid-social,middle-east,durability,/case-studies,desktop,self,none,dedicated,false,false,1,,54300,2025-06-15,false,true
I00849,logistics,small,PL,hot,medium,3-shift,Sorter,consumer,active,IP54,35,paid-social,nordics,service,/spec-sheets,desktop,on-site,standard,pooled,true,true,3,,3850,2024-09-05,false,true
I00850,logistics,mid,MA,hot,high,2-shift,Hoist,consumer,passive,IP54,35,referral,dach,uptime,/case-studies,desktop,self,standard,dedicated,true,false,2,,4500,2024-04-08,false,true
I00851,logistics,large,MA,hot,medium,1-shift,Lifter,consumer,active,IP65,35,distributor-ME,middle-east,uptime,/spec-sheets,desktop,guided,standard,pooled,false,false,0,,4500,2025-01-04,false,true
I00852,mining,small,FI,temperate,low,2-shift,Loader,consumer,active,IP66,35,referral,iberia,price,/contact,mobile,on-site,premium,pooled,false,false,1,,4100,2024-10-13,false,true
I00853,mining,small,NO,arctic,high,2-shift,Conveyor,consumer,active,IP54,35,referral,benelux,price,/products,desktop,guided,standard,dedicated,true,false,1,,4100,2025-06-29,false,true
I00854,construction,small,MA,hot,medium,2-shift,Sorter,consumer,active,IP54,35,trade-fair,nordics,service,/case-studies,tablet,guided,premium,dedicated,false,true,2,4,3850,2025-07-12,false,true
I00855,food,mid,PL,temperate,low,2-shift,Sorter,consumer,active,IP54,35,referral,benelux,price,/products,mobile,guided,none,pooled,false,false,0,5,3850,2025-03-16,false,true
I00856,mining,small,MA,hot,medium,1-shift,Sorter,pro,liquid,IP66,65,distributor-ME,middle-east,uptime,/products,mobile,guided,standard,pooled,false,false,0,5,11600,2024-05-20,true,false
I00857,mining,mid,DE,hot,medium,2-shift,Sorter,industrial,liquid,IP54,90,referral,middle-east,service,/spec-sheets,mobile,guided,standard,pooled,false,false,0,5,27150,2025-05-06,false,true
I00858,food,small,SA,hot,medium,1-shift,Hoist,pro,active,IP65,65,trade-fair,iberia,durability,/contact,tablet,on-site,standard,pooled,true,true,2,5,11800,2024-04-09,false,true
I00859,food,large,SA,hot,high,2-shift,Conveyor,industrial,liquid,IP54,90,paid-social,benelux,durability,/contact,desktop,guided,none,pooled,true,false,2,3,54300,2025-02-23,false,true
I00860,food,mid,NO,temperate,medium,3-shift,Lifter,industrial,active,IP66,90,referral,dach,uptime,/case-studies,desktop,guided,premium,pooled,false,false,0,,26600,2024-03-23,false,true
I00861,food,large,SA,hot,low,3-shift,Compactor,pro,passive,IP54,65,search,middle-east,uptime,/case-studies,desktop,self,premium,dedicated,true,true,2,1,56500,2025-04-23,true,false
I00862,mining,mid,DE,hot,low,1-shift,Lifter,consumer,passive,IP54,35,referral,iberia,price,/case-studies,desktop,guided,premium,pooled,true,true,3,5,4100,2024-11-11,true,false
I00863,logistics,small,PL,temperate,high,1-shift,Loader,industrial,liquid,IP65,90,search,iberia,service,/case-studies,desktop,on-site,standard,pooled,true,true,1,,134250,2024-12-14,false,true
I00864,food,small,AE,hot,medium,3-shift,Hoist,consumer,passive,IP54,35,trade-fair,benelux,price,/pricing,mobile,guided,standard,pooled,true,true,4,,22500,2024-08-04,false,true
I00865,logistics,mid,FI,temperate,low,2-shift,Sorter,pro,passive,IP54,65,paid-social,iberia,service,/spec-sheets,mobile,on-site,none,dedicated,false,false,2,,11850,2024-09-14,false,true
I00866,food,small,FI,temperate,high,3-shift,Compactor,pro,active,IP65,65,paid-social,dach,service,/contact,mobile,guided,standard,pooled,false,true,1,,23200,2025-07-28,false,true
I00867,food,small,NO,temperate,low,3-shift,Sorter,industrial,active,IP54,90,search,middle-east,uptime,/spec-sheets,mobile,self,premium,dedicated,false,false,0,,27100,2024-11-04,false,true
I00868,construction,large,SA,temperate,high,2-shift,Lifter,consumer,passive,IP54,35,paid-social,benelux,durability,/products,desktop,guided,standard,pooled,false,true,2,,12300,2024-08-09,false,true
I00869,construction,small,AE,hot,low,2-shift,Hoist,pro,liquid,IP65,65,referral,middle-east,service,/contact,desktop,guided,premium,pooled,false,false,0,,11250,2024-12-31,false,true
I00870,food,mid,DE,temperate,medium,3-shift,Loader,consumer,passive,IP66,35,paid-social,middle-east,durability,/contact,desktop,guided,standard,pooled,false,true,1,,12750,2024-05-04,true,false
I00871,mining,small,SE,temperate,medium,2-shift,Hoist,industrial,active,IP66,90,paid-social,nordics,service,/pricing,mobile,self,none,dedicated,false,false,0,,26400,2025-02-01,false,true
I00872,mining,large,DE,temperate,high,1-shift,Compactor,pro,liquid,IP54,65,search,dach,service,/spec-sheets,desktop,on-site,standard,dedicated,true,false,2,,11600,2025-02-17,false,true
I00873,mining,large,FI,temperate,low,3-shift,Lifter,consumer,active,IP65,35,paid-social,dach,service,/contact,mobile,guided,standard,pooled,false,true,3,,4500,2024-11-09,false,true
I00874,mining,small,SE,arctic,high,3-shift,Lifter,consumer,passive,IP54,35,trade-fair,middle-east,uptime,/spec-sheets,desktop,on-site,premium,dedicated,false,false,1,1,12300,2025-08-16,false,true
I00875,mining,mid,SE,arctic,medium,3-shift,Sorter,pro,passive,IP54,65,search,benelux,durability,/pricing,mobile,on-site,standard,pooled,false,true,1,,11850,2024-03-03,true,false
I00876,mining,small,FI,temperate,low,3-shift,Hoist,pro,active,IP65,65,search,middle-east,uptime,/products,mobile,on-site,premium,pooled,false,false,0,,23600,2024-09-28,false,true
I00877,food,mid,PL,temperate,medium,2-shift,Sorter,consumer,active,IP54,35,paid-social,benelux,durability,/products,tablet,self,standard,pooled,false,false,0,4,19250,2025-01-20,true,false
I00878,mining,large,SE,temperate,high,3-shift,Hoist,consumer,passive,IP54,35,search,nordics,durability,/products,desktop,self,premium,pooled,false,false,1,,9000,2024-08-22,false,true
I00879,mining,large,FI,temperate,medium,3-shift,Loader,industrial,active,IP66,90,paid-social,middle-east,durability,/contact,tablet,on-site,premium,dedicated,false,false,0,4,135250,2025-03-16,false,true
I00880,food,mid,NO,arctic,medium,3-shift,Lifter,industrial,active,IP66,90,trade-fair,dach,uptime,/spec-sheets,mobile,self,standard,dedicated,true,false,2,,26600,2025-07-17,false,true
I00881,logistics,large,SE,hot,medium,1-shift,Loader,pro,liquid,IP54,65,trade-fair,middle-east,uptime,/contact,desktop,on-site,none,dedicated,false,false,0,4,35550,2024-03-04,false,true
I00882,logistics,small,MA,temperate,medium,2-shift,Loader,consumer,passive,IP66,35,search,middle-east,uptime,/products,desktop,on-site,standard,pooled,false,false,0,,4250,2024-05-22,false,true
I00883,construction,mid,DE,temperate,high,1-shift,Lifter,pro,liquid,IP54,65,search,nordics,durability,/contact,desktop,self,none,dedicated,false,false,0,,11750,2024-04-12,false,true
I00884,food,large,SA,hot,medium,3-shift,Sorter,pro,passive,IP54,65,paid-social,dach,service,/pricing,tablet,guided,standard,pooled,true,false,2,,11850,2024-07-07,false,true
I00885,logistics,mid,FI,temperate,high,2-shift,Sorter,industrial,liquid,IP54,90,trade-fair,dach,uptime,/spec-sheets,desktop,on-site,standard,dedicated,false,false,1,3,54300,2024-10-26,false,true
I00886,construction,small,PL,hot,high,2-shift,Compactor,consumer,active,IP54,35,distributor-ME,middle-east,uptime,/pricing,desktop,guided,standard,dedicated,false,false,0,,9000,2024-06-05,false,true
I00887,food,mid,DE,temperate,medium,2-shift,Sorter,consumer,passive,IP66,35,referral,benelux,price,/case-studies,tablet,guided,standard,pooled,false,true,1,,7600,2024-08-23,false,true
I00888,food,mid,DE,temperate,medium,3-shift,Lifter,industrial,liquid,IP66,90,referral,nordics,uptime,/pricing,desktop,guided,premium,dedicated,false,false,1,,27000,2025-03-26,false,true
I00889,logistics,small,PL,hot,high,2-shift,Compactor,pro,liquid,IP54,65,paid-social,benelux,durability,/spec-sheets,mobile,guided,premium,dedicated,true,false,2,2,58000,2024-05-28,false,true
I00890,mining,large,DE,temperate,high,1-shift,Conveyor,industrial,active,IP65,90,search,benelux,durability,/case-studies,desktop,guided,standard,pooled,false,false,0,,135500,2025-02-28,false,true
I00891,logistics,mid,SA,temperate,low,3-shift,Compactor,industrial,active,IP66,90,referral,benelux,price,/products,tablet,on-site,standard,dedicated,true,false,2,4,53200,2024-09-10,false,true
I00892,mining,small,DE,temperate,high,3-shift,Sorter,pro,liquid,IP66,65,paid-social,nordics,service,/products,tablet,on-site,standard,dedicated,true,false,1,,11600,2025-05-26,false,true
I00893,construction,small,SE,hot,medium,1-shift,Lifter,industrial,liquid,IP66,90,referral,iberia,price,/spec-sheets,desktop,self,none,pooled,false,false,0,5,27000,2024-03-15,false,true
I00894,construction,mid,PL,temperate,medium,2-shift,Sorter,consumer,passive,IP66,35,search,benelux,durability,/case-studies,desktop,on-site,none,pooled,false,false,0,,19000,2024-12-08,false,true
I00895,logistics,large,ES,hot,medium,1-shift,Sorter,pro,passive,IP54,65,trade-fair,middle-east,uptime,/contact,desktop,self,none,dedicated,true,false,2,,59250,2025-03-02,true,false
I00896,mining,small,SA,hot,medium,3-shift,Compactor,pro,active,IP65,65,distributor-ME,middle-east,uptime,/case-studies,desktop,on-site,none,dedicated,false,false,0,,58000,2025-07-16,false,true
I00897,mining,small,SE,temperate,medium,3-shift,Hoist,industrial,liquid,IP66,90,search,middle-east,uptime,/spec-sheets,desktop,self,none,pooled,false,true,1,,26550,2024-07-17,false,true
I00898,construction,small,ES,temperate,medium,1-shift,Compactor,pro,passive,IP54,65,referral,iberia,price,/spec-sheets,mobile,self,standard,pooled,false,false,0,,11300,2025-05-15,false,true
I00899,construction,large,SA,hot,low,1-shift,Hoist,consumer,passive,IP54,35,distributor-ME,middle-east,uptime,/spec-sheets,tablet,on-site,none,pooled,true,true,3,1,22500,2024-08-10,true,false
I00900,logistics,small,AE,hot,low,2-shift,Conveyor,industrial,liquid,IP54,90,referral,benelux,price,/spec-sheets,mobile,on-site,standard,dedicated,false,false,1,,81450,2024-12-14,true,false
I00901,logistics,large,FI,arctic,high,2-shift,Compactor,industrial,liquid,IP66,90,trade-fair,iberia,durability,/pricing,desktop,self,standard,pooled,false,false,0,4,26550,2025-02-07,true,false
I00902,logistics,small,PL,arctic,low,2-shift,Sorter,industrial,active,IP54,90,trade-fair,dach,uptime,/case-studies,desktop,on-site,none,pooled,false,false,0,5,27100,2024-06-06,false,true
I00903,food,small,PL,temperate,low,1-shift,Sorter,consumer,active,IP54,35,referral,benelux,price,/contact,desktop,on-site,premium,dedicated,false,false,1,4,3850,2025-01-22,false,true
I00904,mining,small,AE,hot,medium,3-shift,Compactor,industrial,active,IP66,90,search,iberia,service,/pricing,mobile,self,premium,dedicated,false,false,0,5,26600,2025-07-26,false,true
I00905,food,small,SE,arctic,low,3-shift,Lifter,pro,liquid,IP54,65,referral,iberia,price,/products,tablet,self,premium,pooled,true,true,2,,35250,2024-11-23,false,true
I00906,food,mid,AE,hot,high,2-shift,Sorter,industrial,active,IP54,90,trade-fair,nordics,service,/contact,desktop,guided,standard,dedicated,false,false,0,,135500,2024-05-27,false,true
I00907,mining,large,PL,temperate,medium,3-shift,Loader,industrial,liquid,IP65,90,referral,nordics,uptime,/case-studies,mobile,self,none,dedicated,false,false,1,4,53700,2025-05-30,false,true
I00908,construction,small,AE,hot,low,2-shift,Sorter,pro,passive,IP54,65,trade-fair,benelux,price,/pricing,mobile,guided,standard,pooled,true,true,2,,11850,2025-06-27,true,false
I00909,construction,mid,DE,hot,low,1-shift,Compactor,industrial,active,IP66,90,trade-fair,nordics,service,/products,desktop,guided,standard,dedicated,false,false,0,4,79800,2024-10-03,false,true
I00910,mining,mid,MA,hot,high,3-shift,Hoist,pro,passive,IP66,65,trade-fair,benelux,price,/products,tablet,on-site,standard,pooled,true,true,2,2,11750,2025-07-17,false,true
I00911,construction,small,SE,temperate,high,1-shift,Loader,consumer,active,IP66,35,paid-social,nordics,service,/spec-sheets,desktop,guided,standard,dedicated,false,false,0,,4100,2025-07-08,true,false
I00912,food,small,AE,hot,medium,3-shift,Loader,pro,liquid,IP54,65,distributor-ME,middle-east,uptime,/pricing,desktop,guided,none,pooled,true,true,3,,11850,2025-02-27,true,false
I00913,food,small,DE,hot,high,3-shift,Loader,pro,active,IP66,65,referral,nordics,uptime,/products,tablet,self,none,dedicated,true,false,1,2,11300,2025-03-02,false,true
I00914,construction,large,MA,hot,high,3-shift,Hoist,consumer,active,IP66,35,referral,benelux,price,/products,desktop,on-site,none,pooled,false,false,1,,3850,2024-12-30,false,true
I00915,logistics,mid,MA,hot,medium,3-shift,Sorter,industrial,active,IP54,90,referral,dach,uptime,/pricing,desktop,on-site,standard,dedicated,true,false,2,,27100,2024-05-11,true,false
I00916,mining,small,FI,temperate,high,3-shift,Sorter,industrial,active,IP54,90,paid-social,iberia,service,/products,desktop,self,none,dedicated,false,false,0,,27100,2025-01-14,true,false
I00917,logistics,large,DE,temperate,medium,3-shift,Conveyor,industrial,active,IP65,90,search,dach,service,/products,mobile,guided,none,dedicated,false,false,0,4,27100,2025-02-23,false,true
I00918,mining,small,NO,temperate,high,3-shift,Lifter,pro,passive,IP65,65,trade-fair,middle-east,uptime,/pricing,mobile,on-site,none,dedicated,false,false,0,,11750,2025-05-31,false,true
I00919,mining,large,SE,temperate,high,2-shift,Lifter,industrial,liquid,IP66,90,paid-social,dach,service,/contact,desktop,self,standard,dedicated,true,false,2,,27000,2024-08-01,false,true
I00920,food,small,AE,temperate,medium,3-shift,Sorter,consumer,passive,IP66,35,search,nordics,durability,/case-studies,desktop,guided,standard,pooled,false,true,1,,11400,2024-10-31,false,true
I00921,mining,large,FI,temperate,medium,3-shift,Lifter,industrial,active,IP66,90,paid-social,benelux,durability,/case-studies,tablet,on-site,none,dedicated,true,false,2,3,26600,2024-11-05,false,true
I00922,logistics,mid,PL,temperate,high,3-shift,Lifter,pro,liquid,IP54,65,paid-social,nordics,service,/pricing,desktop,self,none,pooled,false,false,1,4,11750,2025-06-25,false,true
I00923,construction,small,MA,hot,medium,1-shift,Loader,industrial,liquid,IP65,90,distributor-ME,middle-east,uptime,/spec-sheets,desktop,self,none,dedicated,false,false,1,,26850,2024-12-02,false,true
I00924,construction,small,ES,temperate,low,1-shift,Sorter,industrial,liquid,IP54,90,paid-social,dach,service,/case-studies,mobile,on-site,premium,pooled,true,false,1,3,27150,2024-07-15,false,true
I00925,logistics,small,FI,temperate,high,1-shift,Lifter,consumer,passive,IP54,35,search,nordics,durability,/pricing,desktop,on-site,standard,pooled,false,false,0,,20500,2025-01-21,false,true
I00926,logistics,small,FI,arctic,high,3-shift,Loader,pro,passive,IP65,65,paid-social,nordics,service,/pricing,desktop,guided,standard,dedicated,false,false,0,5,22400,2024-08-08,false,true
I00927,mining,small,NO,hot,high,2-shift,Loader,industrial,active,IP66,90,referral,iberia,price,/pricing,mobile,guided,none,dedicated,true,false,1,,81150,2025-06-25,false,true
I00928,logistics,small,NO,arctic,medium,1-shift,Hoist,industrial,liquid,IP66,90,search,iberia,service,/case-studies,mobile,guided,none,pooled,true,true,1,,79650,2025-04-07,true,false
I00929,construction,mid,DE,hot,medium,2-shift,Conveyor,pro,liquid,IP65,65,referral,dach,uptime,/spec-sheets,desktop,self,standard,dedicated,false,false,1,,23400,2024-02-10,false,true
I00930,food,small,NO,temperate,high,3-shift,Loader,pro,passive,IP65,65,search,middle-east,uptime,/case-studies,mobile,guided,standard,pooled,false,false,0,5,11200,2025-06-14,false,true
I00931,food,small,SE,temperate,high,3-shift,Loader,pro,active,IP66,65,search,dach,service,/products,mobile,self,premium,dedicated,false,false,0,,11300,2025-06-21,false,true
I00932,construction,small,DE,temperate,high,1-shift,Hoist,pro,active,IP65,65,referral,benelux,price,/contact,desktop,guided,none,pooled,false,false,0,,11800,2024-03-28,false,true
I00933,mining,large,DE,temperate,high,2-shift,Lifter,industrial,active,IP66,90,trade-fair,middle-east,uptime,/pricing,mobile,guided,standard,dedicated,false,false,0,,26600,2025-01-01,false,true
I00934,food,mid,MA,hot,low,3-shift,Conveyor,industrial,liquid,IP54,90,distributor-ME,middle-east,uptime,/contact,mobile,guided,standard,pooled,false,false,0,5,27150,2025-03-28,false,true
I00935,logistics,small,PL,hot,high,3-shift,Loader,industrial,liquid,IP65,90,referral,middle-east,service,/case-studies,tablet,on-site,standard,pooled,true,true,1,,53700,2024-11-14,false,true
I00936,logistics,mid,ES,hot,high,2-shift,Lifter,consumer,passive,IP54,35,referral,dach,uptime,/pricing,desktop,guided,none,dedicated,false,false,0,,8200,2024-09-16,true,false
I00937,construction,small,ES,hot,high,1-shift,Loader,industrial,liquid,IP65,90,paid-social,nordics,service,/contact,desktop,on-site,premium,dedicated,true,false,1,,26850,2025-06-28,false,true
I00938,logistics,small,AE,hot,low,2-shift,Sorter,pro,passive,IP54,65,referral,iberia,price,/pricing,desktop,self,standard,pooled,true,true,4,,11850,2024-05-18,false,true
I00939,food,mid,DE,temperate,low,3-shift,Conveyor,consumer,active,IP54,35,trade-fair,dach,uptime,/contact,tablet,guided,none,dedicated,true,false,3,2,12300,2024-03-01,false,true
I00940,construction,large,SA,hot,medium,1-shift,Compactor,pro,passive,IP54,65,search,middle-east,uptime,/spec-sheets,mobile,on-site,premium,pooled,true,true,1,3,11300,2025-05-06,false,true
I00941,mining,small,SA,hot,high,1-shift,Lifter,pro,liquid,IP54,65,distributor-ME,middle-east,uptime,/pricing,desktop,self,standard,dedicated,false,false,0,,35250,2024-09-16,false,true
I00942,logistics,large,DE,temperate,medium,1-shift,Hoist,pro,liquid,IP65,65,search,benelux,durability,/products,desktop,on-site,standard,pooled,false,false,0,4,11250,2025-06-12,false,true
I00943,construction,large,MA,hot,high,3-shift,Conveyor,industrial,liquid,IP54,90,referral,iberia,price,/case-studies,mobile,self,standard,dedicated,false,false,0,5,81450,2024-06-23,false,true
I00944,construction,large,FI,temperate,medium,2-shift,Hoist,consumer,passive,IP54,35,paid-social,iberia,service,/spec-sheets,desktop,on-site,standard,pooled,false,false,0,,4500,2024-09-22,false,true
I00945,logistics,large,AE,temperate,medium,2-shift,Sorter,pro,liquid,IP66,65,paid-social,middle-east,durability,/spec-sheets,desktop,guided,standard,pooled,false,false,0,5,11600,2025-07-02,false,true
I00946,logistics,large,MA,temperate,medium,1-shift,Lifter,industrial,liquid,IP66,90,search,dach,service,/products,desktop,guided,standard,pooled,false,false,1,4,54000,2024-12-20,true,false
I00947,logistics,small,SA,hot,medium,1-shift,Hoist,pro,active,IP65,65,distributor-ME,middle-east,uptime,/products,mobile,self,standard,pooled,false,true,2,,11800,2025-01-07,false,true
I00948,logistics,mid,MA,temperate,low,1-shift,Conveyor,pro,passive,IP66,65,paid-social,nordics,service,/case-studies,tablet,guided,premium,pooled,false,false,0,,23200,2025-06-02,false,true
I00949,construction,large,SA,hot,medium,1-shift,Lifter,pro,active,IP65,65,distributor-ME,middle-east,uptime,/contact,tablet,self,none,dedicated,true,false,2,2,11600,2025-07-20,true,false
I00950,mining,large,MA,hot,medium,1-shift,Loader,consumer,passive,IP66,35,distributor-ME,middle-east,uptime,/products,mobile,self,premium,pooled,true,true,1,,4250,2024-12-09,false,true
I00951,logistics,small,NO,temperate,medium,1-shift,Loader,industrial,active,IP66,90,trade-fair,dach,uptime,/contact,desktop,on-site,none,pooled,false,false,0,,27050,2024-05-13,false,true
I00952,construction,mid,MA,temperate,medium,2-shift,Lifter,consumer,passive,IP54,35,referral,benelux,price,/products,mobile,on-site,none,dedicated,false,false,2,5,8200,2025-02-22,false,true
I00953,mining,mid,SE,hot,low,3-shift,Compactor,industrial,active,IP66,90,search,benelux,durability,/case-studies,desktop,guided,standard,dedicated,false,false,0,,26600,2024-02-22,false,true
I00954,mining,small,AE,temperate,medium,3-shift,Conveyor,industrial,liquid,IP54,90,referral,dach,uptime,/products,tablet,self,standard,dedicated,false,false,0,,54300,2024-11-02,false,true
I00955,food,small,PL,temperate,low,1-shift,Conveyor,pro,active,IP65,65,search,benelux,durability,/pricing,desktop,guided,standard,dedicated,false,false,1,,23400,2025-03-22,false,true
I00956,food,large,PL,temperate,high,2-shift,Sorter,consumer,passive,IP66,35,paid-social,iberia,service,/contact,mobile,self,standard,pooled,false,true,1,1,3800,2024-07-10,false,true
I00957,logistics,small,MA,hot,high,2-shift,Hoist,pro,liquid,IP65,65,trade-fair,middle-east,uptime,/contact,desktop,on-site,none,pooled,false,true,1,,33750,2025-02-20,true,false
I00958,food,small,SA,hot,high,3-shift,Sorter,industrial,active,IP54,90,trade-fair,iberia,durability,/products,desktop,guided,none,dedicated,false,false,0,5,27100,2024-04-06,false,true
I00959,construction,large,SA,hot,high,1-shift,Sorter,industrial,active,IP54,90,distributor-ME,middle-east,uptime,/spec-sheets,desktop,self,standard,dedicated,true,false,3,,27100,2025-04-18,false,true
I00960,food,small,PL,temperate,medium,3-shift,Conveyor,pro,active,IP65,65,referral,iberia,price,/spec-sheets,desktop,guided,standard,pooled,false,false,0,4,35100,2025-07-06,false,true
I00961,food,small,PL,hot,medium,3-shift,Loader,industrial,active,IP66,90,search,dach,service,/products,mobile,guided,none,pooled,false,false,0,5,27050,2024-06-28,true,false
I00962,food,small,MA,hot,medium,3-shift,Compactor,pro,passive,IP54,65,trade-fair,iberia,durability,/products,mobile,guided,premium,pooled,false,false,0,,11300,2025-01-09,false,true
I00963,construction,large,SA,temperate,low,1-shift,Sorter,pro,liquid,IP66,65,search,dach,service,/spec-sheets,desktop,guided,standard,pooled,false,false,0,,34800,2025-05-11,false,true
I00964,logistics,small,MA,hot,high,1-shift,Loader,pro,passive,IP65,65,paid-social,iberia,service,/products,mobile,self,standard,pooled,true,true,2,5,11200,2024-08-23,true,false
I00965,construction,mid,MA,hot,high,2-shift,Loader,consumer,passive,IP66,35,distributor-ME,middle-east,uptime,/contact,desktop,self,standard,pooled,true,true,2,,4250,2025-03-20,true,false
I00966,food,large,SA,hot,high,2-shift,Conveyor,industrial,active,IP65,90,search,iberia,service,/spec-sheets,desktop,on-site,none,dedicated,false,false,1,5,81300,2025-03-18,false,true
I00967,mining,small,AE,hot,low,2-shift,Lifter,pro,active,IP65,65,distributor-ME,middle-east,uptime,/spec-sheets,mobile,on-site,standard,pooled,true,true,3,5,11600,2024-10-28,true,false
I00968,logistics,small,MA,temperate,medium,2-shift,Hoist,consumer,active,IP66,35,search,benelux,durability,/products,desktop,on-site,standard,pooled,false,true,1,,3850,2024-11-15,false,true
I00969,logistics,mid,SA,hot,low,1-shift,Sorter,pro,liquid,IP66,65,referral,nordics,uptime,/spec-sheets,desktop,self,premium,dedicated,false,false,0,,23200,2024-08-24,true,false
I00970,construction,mid,SA,temperate,low,1-shift,Compactor,industrial,liquid,IP66,90,search,dach,service,/spec-sheets,desktop,on-site,none,pooled,false,false,0,5,53100,2025-06-01,true,false
I00971,logistics,small,NO,temperate,medium,1-shift,Conveyor,industrial,active,IP65,90,paid-social,middle-east,durability,/case-studies,mobile,guided,standard,dedicated,true,false,1,,81300,2024-07-06,false,true
I00972,logistics,mid,ES,arctic,medium,2-shift,Conveyor,consumer,passive,IP54,35,search,benelux,durability,/spec-sheets,mobile,guided,standard,pooled,false,true,1,4,3950,2025-01-10,false,true
I00973,construction,large,MA,temperate,medium,2-shift,Compactor,consumer,active,IP54,35,referral,iberia,price,/contact,desktop,self,standard,pooled,true,true,2,2,4500,2025-03-21,true,false
I00974,construction,small,AE,hot,high,2-shift,Loader,industrial,active,IP66,90,paid-social,middle-east,durability,/products,mobile,guided,premium,dedicated,true,false,1,2,81150,2024-04-14,false,true
I00975,mining,small,DE,temperate,high,3-shift,Loader,consumer,active,IP66,35,search,iberia,service,/case-studies,desktop,guided,none,pooled,false,true,1,2,4100,2025-06-12,true,false
I00976,construction,mid,MA,hot,medium,1-shift,Conveyor,pro,active,IP65,65,distributor-ME,middle-east,uptime,/spec-sheets,mobile,guided,none,dedicated,false,false,1,5,35100,2024-10-07,false,true
I00977,food,small,FI,arctic,medium,2-shift,Loader,pro,active,IP66,65,referral,benelux,price,/contact,desktop,on-site,premium,dedicated,false,false,0,,11300,2024-07-06,false,true
I00978,food,small,MA,temperate,low,2-shift,Conveyor,consumer,passive,IP54,35,trade-fair,nordics,service,/products,desktop,on-site,standard,pooled,false,false,0,5,11850,2024-10-23,false,true
I00979,food,mid,PL,arctic,medium,1-shift,Loader,pro,passive,IP65,65,paid-social,nordics,service,/spec-sheets,tablet,guided,standard,pooled,false,true,1,,33600,2025-06-10,false,true
I00980,food,small,FI,temperate,high,2-shift,Compactor,industrial,active,IP66,90,paid-social,nordics,service,/pricing,desktop,on-site,standard,dedicated,false,false,0,5,26600,2024-11-27,false,true
I00981,food,small,DE,hot,high,3-shift,Sorter,pro,liquid,IP66,65,paid-social,iberia,service,/products,mobile,self,premium,dedicated,false,false,0,5,58000,2024-12-06,false,true
I00982,logistics,small,MA,hot,high,2-shift,Conveyor,industrial,active,IP65,90,distributor-ME,middle-east,uptime,/products,mobile,on-site,premium,dedicated,false,false,1,5,27100,2024-03-15,false,true
I00983,food,small,SE,arctic,low,3-shift,Hoist,consumer,active,IP66,35,trade-fair,dach,uptime,/products,desktop,self,none,pooled,false,true,3,,3850,2025-04-21,true,false
I00984,construction,large,SA,hot,medium,1-shift,Sorter,pro,passive,IP54,65,search,nordics,durability,/pricing,desktop,on-site,standard,dedicated,true,true,3,,35550,2024-11-27,true,false
I00985,food,mid,MA,hot,medium,3-shift,Loader,pro,active,IP66,65,distributor-ME,middle-east,uptime,/products,mobile,guided,standard,pooled,false,false,0,,11300,2024-08-03,false,true
I00986,logistics,small,NO,temperate,high,1-shift,Lifter,industrial,liquid,IP66,90,paid-social,dach,service,/pricing,mobile,on-site,none,dedicated,false,false,0,,81000,2024-08-11,false,true
I00987,construction,small,ES,hot,low,1-shift,Compactor,consumer,passive,IP66,35,paid-social,middle-east,durability,/case-studies,desktop,guided,standard,dedicated,true,false,2,,8600,2025-08-08,false,true
I00988,food,small,FI,arctic,medium,2-shift,Conveyor,industrial,liquid,IP54,90,distributor-ME,middle-east,uptime,/spec-sheets,desktop,guided,standard,dedicated,false,false,1,4,27150,2025-03-09,false,true
I00989,food,large,MA,hot,low,1-shift,Loader,pro,liquid,IP54,65,paid-social,benelux,durability,/pricing,mobile,self,standard,pooled,false,true,1,,23700,2024-05-21,true,false
I00990,mining,small,PL,temperate,high,3-shift,Sorter,industrial,liquid,IP54,90,paid-social,dach,service,/contact,mobile,guided,standard,dedicated,false,false,1,,135750,2025-01-29,false,true
I00991,logistics,small,MA,hot,high,1-shift,Loader,industrial,active,IP66,90,distributor-ME,middle-east,uptime,/pricing,mobile,on-site,standard,pooled,false,false,0,,54100,2025-01-01,false,true
I00992,mining,large,FI,temperate,low,3-shift,Lifter,consumer,passive,IP54,35,search,dach,service,/case-studies,desktop,self,standard,dedicated,false,false,1,,4100,2025-04-05,false,true
I00993,construction,small,MA,hot,medium,1-shift,Loader,industrial,active,IP66,90,distributor-ME,middle-east,uptime,/pricing,desktop,on-site,none,dedicated,false,false,0,,135250,2025-03-29,false,true
I00994,logistics,mid,MA,temperate,low,1-shift,Loader,pro,liquid,IP54,65,search,iberia,service,/products,mobile,self,standard,pooled,false,false,0,,35550,2024-10-31,false,true
I00995,mining,mid,SA,hot,low,2-shift,Lifter,pro,passive,IP65,65,paid-social,benelux,durability,/case-studies,desktop,on-site,none,dedicated,true,false,3,5,35250,2025-07-14,true,false
I00996,mining,small,DE,temperate,high,3-shift,Conveyor,consumer,active,IP54,35,trade-fair,benelux,price,/products,desktop,guided,premium,dedicated,false,false,0,,4100,2024-07-10,false,true
I00997,food,small,FI,temperate,high,3-shift,Conveyor,consumer,active,IP54,35,referral,dach,uptime,/case-studies,desktop,self,none,pooled,false,true,1,2,12300,2024-04-11,true,false
I00998,mining,mid,SA,hot,high,2-shift,Loader,consumer,active,IP66,35,search,dach,service,/contact,mobile,on-site,premium,pooled,true,false,1,1,4100,2024-08-03,false,true
I00999,food,small,DE,hot,high,3-shift,Sorter,consumer,active,IP54,35,distributor-ME,middle-east,uptime,/pricing,desktop,on-site,standard,pooled,true,true,3,2,3850,2025-05-02,true,false
I01000,food,small,MA,hot,low,3-shift,Loader,consumer,active,IP66,35,distributor-ME,middle-east,uptime,/contact,desktop,guided,none,dedicated,false,false,1,1,20500,2025-02-26,false,true
I01001,construction,mid,NO,temperate,low,2-shift,Loader,consumer,passive,IP66,35,referral,middle-east,service,/products,desktop,on-site,premium,dedicated,false,false,0,4,4250,2024-06-26,false,true
I01002,construction,small,FI,arctic,medium,1-shift,Sorter,pro,passive,IP54,65,paid-social,nordics,service,/products,desktop,self,premium,pooled,false,false,0,,23700,2024-04-23,false,true
I01003,construction,mid,DE,hot,low,1-shift,Loader,pro,passive,IP65,65,distributor-ME,middle-east,uptime,/products,desktop,guided,standard,pooled,true,true,2,,11200,2025-05-22,true,false
I01004,logistics,small,MA,hot,high,1-shift,Loader,pro,liquid,IP54,65,distributor-ME,middle-east,uptime,/pricing,mobile,on-site,premium,dedicated,true,false,1,,59250,2024-09-04,false,true
I01005,mining,small,DE,temperate,high,3-shift,Compactor,consumer,active,IP54,35,paid-social,nordics,service,/contact,desktop,self,premium,pooled,false,false,0,5,9000,2025-04-28,false,true
I01006,construction,small,DE,hot,low,1-shift,Sorter,pro,active,IP65,65,distributor-ME,middle-east,uptime,/contact,desktop,self,standard,pooled,true,false,1,2,11500,2025-04-04,false,true
I01007,logistics,small,MA,hot,low,1-shift,Loader,industrial,active,IP66,90,trade-fair,middle-east,uptime,/products,desktop,self,premium,dedicated,true,false,2,5,81150,2025-01-04,false,true
I01008,logistics,large,MA,hot,high,1-shift,Lifter,pro,active,IP65,65,search,middle-east,uptime,/case-studies,desktop,guided,none,pooled,false,false,0,,23200,2024-07-03,false,true
I01009,food,mid,MA,hot,medium,3-shift,Hoist,consumer,passive,IP54,35,distributor-ME,middle-east,uptime,/pricing,desktop,on-site,none,pooled,true,true,4,1,13500,2024-12-09,false,true
I01010,construction,small,FI,arctic,low,3-shift,Conveyor,industrial,liquid,IP54,90,search,iberia,service,/contact,mobile,self,none,pooled,false,true,1,4,27150,2024-02-28,false,true
I01011,food,small,FI,arctic,medium,2-shift,Hoist,consumer,active,IP66,35,search,dach,service,/contact,desktop,guided,none,pooled,false,false,0,,3850,2024-07-02,false,true
I01012,construction,small,NO,temperate,medium,3-shift,Lifter,pro,passive,IP65,65,paid-social,dach,service,/products,desktop,on-site,standard,pooled,false,false,0,5,11750,2025-05-26,true,false
I01013,mining,small,DE,temperate,high,3-shift,Hoist,industrial,liquid,IP66,90,search,middle-east,uptime,/contact,desktop,self,premium,pooled,false,true,1,,53100,2025-06-09,false,true
I01014,logistics,small,DE,hot,medium,2-shift,Conveyor,pro,liquid,IP65,65,referral,middle-east,service,/case-studies,tablet,self,none,dedicated,false,false,0,5,23400,2025-05-08,true,false
I01015,construction,small,PL,hot,medium,1-shift,Hoist,pro,liquid,IP65,65,paid-social,iberia,service,/pricing,desktop,guided,premium,dedicated,false,false,1,,22500,2025-03-05,false,true
I01016,logistics,small,SA,hot,medium,1-shift,Loader,industrial,liquid,IP65,90,trade-fair,middle-east,uptime,/pricing,mobile,on-site,premium,pooled,false,false,0,5,80550,2025-03-01,false,true
I01017,food,mid,NO,arctic,medium,3-shift,Conveyor,consumer,passive,IP54,35,referral,dach,uptime,/pricing,desktop,self,standard,dedicated,false,true,1,,11850,2025-04-21,true,false
I01018,food,small,MA,hot,low,3-shift,Hoist,industrial,active,IP66,90,trade-fair,iberia,durability,/products,desktop,on-site,standard,pooled,true,true,1,,132000,2024-10-01,false,true
I01019,construction,small,AE,hot,medium,1-shift,Loader,pro,active,IP66,65,paid-social,dach,service,/pricing,tablet,self,premium,dedicated,true,false,2,,22600,2024-07-09,false,true
I01020,mining,small,SE,arctic,high,1-shift,Loader,industrial,liquid,IP65,90,paid-social,dach,service,/contact,desktop,on-site,premium,dedicated,false,false,1,,26850,2025-04-16,false,true
I01021,mining,small,SE,temperate,low,2-shift,Hoist,industrial,active,IP66,90,referral,middle-east,service,/case-studies,desktop,self,premium,pooled,true,true,2,2,52800,2024-12-29,false,true
I01022,construction,small,SE,temperate,low,1-shift,Hoist,pro,active,IP65,65,referral,middle-east,service,/contact,desktop,guided,standard,pooled,false,true,1,,11800,2024-11-19,false,true
I01023,food,mid,MA,hot,low,3-shift,Lifter,pro,active,IP65,65,distributor-ME,middle-east,uptime,/pricing,desktop,guided,standard,pooled,false,false,1,,11600,2025-07-20,false,true
I01024,mining,mid,NO,hot,high,1-shift,Lifter,consumer,passive,IP54,35,distributor-ME,middle-east,uptime,/case-studies,desktop,on-site,premium,pooled,true,true,3,,8200,2024-11-22,false,true
I01025,construction,large,SA,hot,low,2-shift,Hoist,pro,passive,IP66,65,trade-fair,nordics,service,/contact,desktop,guided,standard,pooled,true,true,3,,11750,2024-12-09,true,false
I01026,logistics,small,NO,temperate,medium,1-shift,Lifter,consumer,active,IP65,35,trade-fair,dach,uptime,/products,tablet,guided,standard,dedicated,false,false,1,3,4500,2025-02-24,false,true
I01027,logistics,large,ES,hot,medium,1-shift,Compactor,consumer,active,IP54,35,referral,nordics,uptime,/products,desktop,self,standard,dedicated,false,false,1,,22500,2025-06-29,true,false
I01028,construction,small,PL,temperate,high,1-shift,Conveyor,industrial,active,IP65,90,search,benelux,durability,/pricing,mobile,self,standard,pooled,true,true,2,,27100,2025-01-31,true,false
I01029,mining,mid,MA,hot,high,3-shift,Lifter,pro,liquid,IP54,65,distributor-ME,middle-east,uptime,/case-studies,desktop,self,standard,pooled,false,false,0,,11750,2024-02-20,true,false
I01030,construction,large,SA,temperate,high,1-shift,Loader,industrial,liquid,IP65,90,referral,iberia,price,/spec-sheets,tablet,self,premium,dedicated,false,false,2,,26850,2025-06-27,false,true
I01031,mining,small,FI,temperate,medium,3-shift,Lifter,pro,passive,IP65,65,referral,nordics,uptime,/spec-sheets,desktop,guided,premium,dedicated,false,false,0,,58750,2024-07-29,false,true
I01032,construction,small,DE,temperate,high,1-shift,Loader,pro,active,IP66,65,trade-fair,dach,uptime,/spec-sheets,desktop,guided,none,dedicated,false,false,0,,22600,2025-01-10,false,true
I01033,logistics,small,DE,hot,high,3-shift,Loader,pro,passive,IP65,65,distributor-ME,middle-east,uptime,/spec-sheets,desktop,guided,standard,dedicated,true,true,3,2,22400,2024-05-27,false,true
I01034,food,mid,SE,arctic,high,2-shift,Loader,consumer,passive,IP66,35,referral,benelux,price,/case-studies,tablet,self,none,dedicated,false,true,1,4,8500,2025-07-14,false,true
I01035,food,mid,ES,temperate,low,3-shift,Sorter,consumer,active,IP54,35,referral,middle-east,service,/pricing,tablet,on-site,standard,dedicated,false,false,2,3,3850,2025-08-06,false,true
I01036,mining,small,SE,temperate,low,3-shift,Hoist,pro,passive,IP66,65,paid-social,nordics,service,/pricing,desktop,guided,none,pooled,false,false,0,5,23500,2024-11-27,false,true
I01037,food,small,AE,hot,high,3-shift,Hoist,pro,active,IP65,65,distributor-ME,middle-east,uptime,/pricing,desktop,self,standard,pooled,false,true,1,5,59000,2025-02-16,true,false
I01038,logistics,small,PL,temperate,high,3-shift,Hoist,pro,active,IP65,65,paid-social,nordics,service,/case-studies,tablet,on-site,standard,dedicated,false,false,0,,35400,2024-03-25,false,true
I01039,food,small,NO,temperate,low,1-shift,Sorter,industrial,active,IP54,90,paid-social,benelux,durability,/contact,mobile,on-site,standard,pooled,true,true,2,,27100,2025-01-31,false,true
I01040,mining,small,PL,temperate,medium,3-shift,Hoist,consumer,active,IP66,35,trade-fair,nordics,service,/case-studies,desktop,on-site,none,pooled,false,true,3,2,3850,2024-11-07,true,false
I01041,logistics,large,SE,hot,medium,1-shift,Conveyor,pro,liquid,IP65,65,distributor-ME,middle-east,uptime,/products,mobile,on-site,premium,dedicated,false,false,0,,11700,2024-03-08,false,true
I01042,logistics,mid,ES,temperate,medium,2-shift,Sorter,consumer,passive,IP66,35,search,nordics,durability,/spec-sheets,desktop,self,premium,pooled,false,false,1,,3800,2024-05-20,true,false
I01043,logistics,mid,SA,hot,medium,3-shift,Compactor,pro,liquid,IP54,65,referral,iberia,price,/case-studies,mobile,on-site,none,pooled,false,false,0,5,34800,2025-08-05,false,true
I01044,logistics,mid,PL,temperate,medium,3-shift,Hoist,pro,liquid,IP65,65,paid-social,nordics,service,/pricing,mobile,on-site,none,dedicated,false,false,0,,11250,2025-03-14,false,true
I01045,logistics,small,FI,temperate,medium,2-shift,Compactor,pro,liquid,IP54,65,search,dach,service,/products,mobile,guided,none,dedicated,false,false,0,5,58000,2025-01-11,false,true
I01046,logistics,mid,PL,temperate,medium,3-shift,Hoist,consumer,passive,IP54,35,search,iberia,service,/pricing,desktop,guided,none,dedicated,false,false,2,,9000,2025-02-25,false,true
I01047,logistics,small,MA,hot,low,2-shift,Conveyor,pro,active,IP65,65,paid-social,iberia,service,/products,mobile,on-site,premium,pooled,false,false,0,5,35100,2025-07-08,false,true
I01048,mining,mid,SA,hot,high,2-shift,Sorter,pro,passive,IP54,65,search,middle-east,uptime,/contact,desktop,self,standard,pooled,true,true,4,,11850,2025-02-12,false,true
I01049,construction,mid,SE,hot,high,1-shift,Compactor,pro,passive,IP54,65,referral,dach,uptime,/contact,desktop,self,premium,pooled,true,true,2,,11300,2025-07-31,false,true
I01050,logistics,small,PL,hot,high,3-shift,Compactor,consumer,passive,IP66,35,referral,nordics,uptime,/contact,mobile,on-site,premium,pooled,false,true,2,5,12900,2025-06-28,true,false
I01051,logistics,mid,PL,hot,high,1-shift,Compactor,consumer,active,IP54,35,trade-fair,benelux,price,/spec-sheets,mobile,guided,premium,pooled,false,true,1,5,9000,2025-08-14,false,true
I01052,food,mid,DE,hot,high,3-shift,Conveyor,pro,active,IP65,65,distributor-ME,middle-east,uptime,/pricing,mobile,self,premium,pooled,false,false,1,,11700,2024-03-22,true,false
I01053,logistics,small,MA,hot,high,1-shift,Compactor,consumer,passive,IP66,35,referral,benelux,price,/pricing,desktop,on-site,none,dedicated,true,false,1,,4300,2025-02-12,false,true
I01054,logistics,mid,MA,hot,medium,1-shift,Hoist,pro,liquid,IP65,65,distributor-ME,middle-east,uptime,/pricing,mobile,on-site,standard,pooled,false,true,1,5,11250,2025-06-19,false,true
I01055,construction,small,AE,temperate,low,1-shift,Hoist,industrial,liquid,IP66,90,referral,nordics,uptime,/spec-sheets,desktop,guided,premium,dedicated,true,false,3,,26550,2025-07-14,false,true
I01056,food,mid,AE,temperate,low,3-shift,Hoist,consumer,passive,IP54,35,trade-fair,iberia,durability,/case-studies,mobile,on-site,standard,pooled,false,false,0,,13500,2024-09-25,true,false
I01057,construction,mid,MA,temperate,high,1-shift,Conveyor,pro,passive,IP66,65,trade-fair,iberia,durability,/pricing,desktop,self,standard,dedicated,false,false,0,,58000,2025-04-05,false,true
I01058,food,mid,SA,hot,medium,2-shift,Lifter,consumer,passive,IP54,35,paid-social,iberia,service,/case-studies,desktop,on-site,standard,pooled,true,true,2,,4100,2024-05-15,true,false
I01059,mining,mid,DE,temperate,medium,1-shift,Conveyor,consumer,passive,IP54,35,paid-social,dach,service,/case-studies,mobile,self,premium,dedicated,false,false,1,1,3950,2024-07-13,true,false
I01060,logistics,small,NO,arctic,high,1-shift,Sorter,pro,liquid,IP66,65,search,nordics,durability,/case-studies,tablet,self,standard,pooled,false,false,0,,11600,2025-02-13,true,false
I01061,food,small,SA,hot,low,3-shift,Loader,industrial,active,IP66,90,distributor-ME,middle-east,uptime,/pricing,mobile,self,none,dedicated,true,false,1,,27050,2025-03-10,false,true
I01062,logistics,small,AE,hot,medium,1-shift,Hoist,consumer,active,IP66,35,search,nordics,durability,/spec-sheets,desktop,guided,premium,pooled,false,false,0,5,11550,2024-10-07,false,true
I01063,food,large,MA,hot,low,3-shift,Conveyor,pro,active,IP65,65,distributor-ME,middle-east,uptime,/products,mobile,guided,standard,dedicated,false,false,1,2,11700,2024-10-19,false,true
I01064,food,large,FI,hot,medium,3-shift,Sorter,pro,passive,IP54,65,distributor-ME,middle-east,uptime,/products,desktop,on-site,none,dedicated,true,false,1,,59250,2024-10-23,true,false
I01065,construction,large,SE,temperate,high,3-shift,Conveyor,consumer,active,IP54,35,referral,iberia,price,/spec-sheets,mobile,self,none,pooled,false,true,2,,4100,2025-04-09,false,true
I01066,food,small,MA,hot,high,2-shift,Hoist,industrial,liquid,IP66,90,search,benelux,durability,/contact,tablet,self,none,dedicated,false,false,0,,53100,2024-02-23,false,true
I01067,food,small,FI,temperate,medium,1-shift,Lifter,consumer,active,IP65,35,search,benelux,durability,/case-studies,desktop,self,none,pooled,false,false,1,,4500,2024-09-24,false,true
I01068,mining,small,MA,hot,medium,3-shift,Conveyor,consumer,passive,IP54,35,paid-social,nordics,service,/spec-sheets,desktop,self,none,dedicated,true,false,2,4,7900,2025-06-30,true,false
I01069,food,small,SE,hot,high,2-shift,Sorter,industrial,active,IP54,90,search,benelux,durability,/case-studies,mobile,self,none,pooled,true,true,1,,27100,2024-07-02,true,false
I01070,logistics,small,MA,hot,medium,2-shift,Lifter,consumer,active,IP65,35,trade-fair,iberia,durability,/contact,mobile,guided,standard,pooled,true,false,1,4,9000,2024-04-13,false,true
I01071,food,mid,PL,temperate,medium,3-shift,Hoist,pro,active,IP65,65,paid-social,nordics,service,/products,desktop,self,standard,pooled,false,false,0,,11800,2024-07-10,false,true
I01072,logistics,small,SA,hot,medium,2-shift,Sorter,pro,active,IP65,65,referral,iberia,price,/contact,mobile,guided,standard,dedicated,true,false,1,,34500,2025-03-31,false,true
I01073,mining,mid,AE,hot,high,3-shift,Loader,consumer,active,IP66,35,referral,dach,uptime,/case-studies,tablet,on-site,standard,pooled,false,false,1,1,4100,2025-01-17,true,false
I01074,construction,small,DE,hot,low,1-shift,Conveyor,pro,liquid,IP65,65,paid-social,benelux,durability,/contact,mobile,on-site,none,dedicated,false,false,0,,35100,2024-12-24,false,true
I01075,mining,large,MA,hot,high,3-shift,Hoist,pro,active,IP65,65,paid-social,benelux,durability,/products,tablet,guided,standard,pooled,true,true,1,,23600,2024-05-25,false,true
I01076,food,large,SA,hot,low,2-shift,Lifter,consumer,passive,IP54,35,search,nordics,durability,/contact,desktop,self,standard,pooled,true,true,3,,8200,2025-04-14,true,false
I01077,mining,small,MA,hot,medium,3-shift,Conveyor,consumer,passive,IP54,35,paid-social,benelux,durability,/spec-sheets,desktop,guided,premium,pooled,true,true,2,,7900,2024-03-25,true,false
I01078,logistics,small,SE,arctic,low,1-shift,Hoist,pro,active,IP65,65,referral,middle-east,service,/contact,desktop,guided,standard,dedicated,true,false,1,3,23600,2025-02-28,false,true
I01079,mining,mid,ES,hot,medium,3-shift,Hoist,industrial,active,IP66,90,distributor-ME,middle-east,uptime,/spec-sheets,desktop,guided,none,dedicated,false,false,0,,26400,2025-07-22,false,true
I01080,construction,small,AE,hot,medium,1-shift,Sorter,pro,active,IP65,65,paid-social,benelux,durability,/case-studies,desktop,guided,standard,dedicated,false,false,1,,34500,2025-04-15,false,true
I01081,mining,small,FI,hot,medium,3-shift,Loader,pro,liquid,IP54,65,distributor-ME,middle-east,uptime,/spec-sheets,desktop,on-site,none,dedicated,false,false,1,,59250,2024-11-17,true,false
I01082,logistics,small,NO,arctic,low,2-shift,Sorter,industrial,active,IP54,90,referral,dach,uptime,/pricing,desktop,on-site,none,pooled,false,false,0,5,54200,2024-04-11,false,true
I01083,mining,small,SA,hot,medium,3-shift,Sorter,industrial,active,IP54,90,distributor-ME,middle-east,uptime,/contact,desktop,on-site,none,dedicated,true,true,2,2,27100,2025-04-03,true,false
I01084,food,mid,SE,temperate,medium,3-shift,Hoist,pro,active,IP65,65,trade-fair,middle-east,uptime,/contact,mobile,guided,standard,dedicated,false,false,0,,23600,2024-04-26,false,true
I01085,mining,mid,NO,temperate,high,2-shift,Sorter,pro,active,IP65,65,paid-social,nordics,service,/case-studies,desktop,self,standard,dedicated,true,false,2,,34500,2024-05-07,false,true
I01086,food,small,AE,hot,medium,2-shift,Conveyor,industrial,active,IP65,90,referral,dach,uptime,/pricing,mobile,guided,none,dedicated,false,false,0,,27100,2024-06-30,false,true
I01087,construction,large,ES,hot,medium,1-shift,Lifter,consumer,active,IP65,35,paid-social,nordics,service,/products,mobile,self,standard,pooled,false,false,0,4,4500,2024-12-01,false,true
I01088,logistics,small,MA,hot,high,1-shift,Hoist,industrial,liquid,IP66,90,paid-social,dach,service,/pricing,desktop,on-site,standard,dedicated,true,false,1,,79650,2024-11-01,false,true
I01089,food,mid,PL,hot,high,1-shift,Hoist,pro,active,IP65,65,distributor-ME,middle-east,uptime,/contact,mobile,self,premium,pooled,false,false,0,,23600,2024-08-04,false,true
I01090,construction,small,DE,arctic,low,3-shift,Sorter,consumer,active,IP54,35,search,middle-east,uptime,/case-studies,tablet,on-site,standard,pooled,false,false,0,,7700,2024-05-06,true,false
I01091,logistics,large,SE,temperate,low,3-shift,Hoist,pro,active,IP65,65,trade-fair,dach,uptime,/case-studies,desktop,self,premium,pooled,false,false,0,,11800,2025-02-06,false,true
I01092,food,mid,SE,temperate,high,3-shift,Conveyor,pro,active,IP65,65,trade-fair,iberia,durability,/pricing,desktop,guided,premium,pooled,false,false,1,4,11700,2024-08-15,false,true
I01093,mining,small,SE,hot,low,1-shift,Lifter,pro,passive,IP65,65,distributor-ME,middle-east,uptime,/contact,desktop,self,standard,dedicated,true,true,3,,11750,2025-05-06,true,false
I01094,construction,mid,FI,temperate,low,1-shift,Hoist,pro,active,IP65,65,referral,benelux,price,/case-studies,desktop,guided,premium,dedicated,true,false,1,2,59000,2024-08-16,false,true
I01095,logistics,small,NO,temperate,medium,1-shift,Sorter,consumer,passive,IP66,35,search,middle-east,uptime,/products,desktop,on-site,standard,pooled,false,false,0,,7600,2025-04-14,false,true
I01096,mining,large,MA,temperate,high,3-shift,Conveyor,pro,active,IP65,65,paid-social,iberia,service,/contact,desktop,guided,premium,pooled,false,false,0,,11700,2024-10-06,false,true
I01097,logistics,large,DE,arctic,medium,3-shift,Compactor,consumer,active,IP54,35,paid-social,nordics,service,/spec-sheets,mobile,on-site,premium,pooled,false,true,2,1,4500,2024-11-24,false,true
I01098,mining,large,PL,temperate,medium,1-shift,Loader,pro,passive,IP65,65,referral,middle-east,service,/pricing,desktop,guided,standard,dedicated,false,false,0,,22400,2024-12-20,true,false
I01099,construction,large,MA,temperate,medium,1-shift,Sorter,consumer,passive,IP66,35,referral,benelux,price,/case-studies,desktop,guided,standard,pooled,false,false,0,,3800,2024-06-06,false,true
I01100,logistics,mid,SA,hot,high,1-shift,Loader,pro,passive,IP65,65,trade-fair,dach,uptime,/case-studies,desktop,on-site,standard,dedicated,true,false,3,,22400,2024-10-22,true,false
I01101,construction,small,MA,hot,high,1-shift,Sorter,pro,passive,IP54,65,referral,nordics,uptime,/products,desktop,guided,standard,dedicated,true,false,1,,23700,2025-06-28,false,true
I01102,food,mid,SA,hot,medium,2-shift,Compactor,consumer,active,IP54,35,referral,dach,uptime,/spec-sheets,desktop,self,none,pooled,false,false,0,,4500,2024-03-31,false,true
I01103,logistics,small,MA,temperate,medium,2-shift,Conveyor,pro,active,IP65,65,paid-social,benelux,durability,/pricing,desktop,self,premium,pooled,true,true,2,1,11700,2024-07-12,false,true
I01104,mining,small,FI,temperate,low,3-shift,Hoist,pro,active,IP65,65,referral,nordics,uptime,/contact,tablet,on-site,none,dedicated,false,false,0,,23600,2024-10-22,true,false
I01105,mining,small,AE,hot,medium,3-shift,Compactor,pro,active,IP65,65,referral,iberia,price,/case-studies,desktop,guided,none,dedicated,false,false,0,,23200,2025-04-28,false,true
I01106,construction,mid,MA,hot,low,2-shift,Compactor,consumer,passive,IP66,35,distributor-ME,middle-east,uptime,/contact,desktop,self,none,pooled,true,true,3,3,4300,2024-05-11,true,false
I01107,food,mid,AE,hot,low,1-shift,Lifter,consumer,passive,IP54,35,distributor-ME,middle-east,uptime,/pricing,desktop,self,none,pooled,true,true,3,,20500,2025-04-22,true,false
I01108,construction,small,AE,hot,medium,3-shift,Hoist,consumer,active,IP66,35,referral,iberia,price,/case-studies,tablet,self,standard,pooled,false,false,0,5,7700,2025-02-28,false,true
I01109,logistics,mid,FI,arctic,high,3-shift,Conveyor,industrial,active,IP65,90,trade-fair,dach,uptime,/contact,mobile,on-site,standard,pooled,false,true,2,,27100,2024-10-18,false,true
I01110,mining,large,NO,temperate,medium,2-shift,Loader,industrial,active,IP66,90,search,middle-east,uptime,/contact,mobile,on-site,none,pooled,true,true,2,,54100,2025-01-11,false,true
I01111,food,small,FI,temperate,medium,1-shift,Loader,pro,liquid,IP54,65,paid-social,iberia,service,/contact,tablet,on-site,none,pooled,true,true,1,,11850,2024-08-07,false,true
I01112,mining,mid,SA,hot,low,2-shift,Compactor,consumer,active,IP54,35,distributor-ME,middle-east,uptime,/case-studies,desktop,self,standard,pooled,false,false,0,,9000,2024-08-30,false,true
I01113,food,mid,DE,temperate,medium,3-shift,Compactor,pro,liquid,IP54,65,trade-fair,dach,uptime,/products,desktop,guided,premium,dedicated,false,false,0,,23200,2025-04-06,false,true
I01114,mining,small,DE,hot,low,2-shift,Lifter,industrial,active,IP66,90,paid-social,middle-east,durability,/case-studies,desktop,guided,standard,dedicated,false,false,0,,26600,2025-04-21,false,true
I01115,construction,mid,DE,hot,medium,1-shift,Compactor,industrial,liquid,IP66,90,distributor-ME,middle-east,uptime,/contact,mobile,self,standard,dedicated,false,false,0,,53100,2024-05-16,false,true
I01116,construction,small,AE,hot,low,1-shift,Hoist,consumer,passive,IP54,35,distributor-ME,middle-east,uptime,/contact,mobile,on-site,none,dedicated,true,false,3,,4500,2025-03-27,false,true
I01117,food,small,SA,hot,medium,1-shift,Compactor,consumer,active,IP54,35,paid-social,middle-east,durability,/products,mobile,guided,none,pooled,true,false,1,,13500,2025-03-17,true,false
I01118,mining,mid,ES,hot,medium,3-shift,Lifter,industrial,liquid,IP66,90,search,iberia,service,/products,desktop,guided,premium,dedicated,true,false,2,,27000,2024-09-12,false,true
I01119,logistics,mid,SE,temperate,high,2-shift,Sorter,consumer,passive,IP66,35,trade-fair,middle-east,uptime,/spec-sheets,mobile,self,none,dedicated,false,false,1,,11400,2024-04-02,false,true
I01120,mining,mid,SA,hot,low,2-shift,Sorter,consumer,active,IP54,35,distributor-ME,middle-east,uptime,/contact,desktop,guided,premium,pooled,false,true,1,,11550,2024-10-11,false,true
I01121,construction,mid,DE,temperate,high,1-shift,Hoist,consumer,active,IP66,35,trade-fair,iberia,durability,/spec-sheets,desktop,guided,none,dedicated,true,false,2,2,11550,2024-02-27,false,true
I01122,logistics,small,AE,hot,high,2-shift,Conveyor,industrial,active,IP65,90,paid-social,nordics,service,/spec-sheets,desktop,guided,standard,dedicated,true,false,1,,81300,2024-11-20,false,true
I01123,construction,mid,DE,temperate,high,1-shift,Loader,pro,passive,IP65,65,search,dach,service,/pricing,mobile,on-site,premium,dedicated,false,false,0,,33600,2024-08-09,false,true
I01124,construction,large,MA,temperate,medium,1-shift,Loader,industrial,liquid,IP65,90,search,nordics,durability,/products,desktop,guided,standard,pooled,true,true,3,1,26850,2024-10-25,true,false
I01125,logistics,mid,SA,hot,low,2-shift,Loader,consumer,passive,IP66,35,paid-social,middle-east,durability,/case-studies,desktop,on-site,standard,pooled,true,false,2,2,4250,2024-05-30,false,true
I01126,logistics,small,PL,hot,medium,3-shift,Loader,industrial,active,IP66,90,distributor-ME,middle-east,uptime,/pricing,mobile,on-site,standard,dedicated,false,false,0,4,27050,2025-04-10,false,true
I01127,food,large,MA,temperate,low,3-shift,Loader,pro,passive,IP65,65,search,dach,service,/spec-sheets,tablet,self,premium,dedicated,false,false,0,,11200,2025-06-01,false,true
I01128,construction,small,AE,hot,medium,3-shift,Sorter,consumer,active,IP54,35,referral,middle-east,service,/case-studies,desktop,guided,standard,pooled,false,true,2,,3850,2024-04-03,false,true
I01129,logistics,small,SA,hot,medium,2-shift,Compactor,consumer,active,IP54,35,trade-fair,dach,uptime,/case-studies,mobile,guided,standard,pooled,true,true,2,,13500,2025-08-25,true,false
I01130,mining,small,SE,temperate,low,3-shift,Lifter,industrial,active,IP66,90,referral,nordics,uptime,/products,mobile,guided,premium,dedicated,false,false,0,,26600,2024-07-25,false,true
I01131,logistics,large,DE,temperate,medium,1-shift,Loader,pro,active,IP66,65,search,nordics,durability,/case-studies,desktop,guided,standard,dedicated,false,false,1,,33900,2024-04-02,false,true
I01132,mining,small,SE,hot,low,1-shift,Compactor,pro,liquid,IP54,65,distributor-ME,middle-east,uptime,/spec-sheets,desktop,guided,standard,dedicated,false,false,1,3,23200,2024-08-03,false,true
I01133,food,small,SE,temperate,low,1-shift,Hoist,consumer,passive,IP54,35,paid-social,iberia,service,/products,desktop,self,none,pooled,false,false,0,,4500,2025-05-12,false,true
I01134,mining,small,SE,temperate,medium,3-shift,Loader,pro,liquid,IP54,65,trade-fair,nordics,service,/pricing,mobile,guided,standard,pooled,false,false,0,,23700,2024-04-13,false,true
I01135,logistics,small,PL,temperate,medium,1-shift,Compactor,pro,active,IP65,65,search,iberia,service,/products,desktop,guided,standard,dedicated,true,false,1,3,11600,2024-06-14,false,true
I01136,mining,mid,PL,temperate,low,1-shift,Loader,pro,active,IP66,65,referral,middle-east,service,/products,desktop,on-site,standard,dedicated,false,false,0,,33900,2025-07-18,false,true
I01137,food,mid,SA,hot,medium,2-shift,Lifter,pro,liquid,IP54,65,distributor-ME,middle-east,uptime,/spec-sheets,mobile,guided,standard,dedicated,false,false,0,,35250,2025-01-05,false,true
I01138,food,small,DE,hot,high,2-shift,Sorter,consumer,passive,IP66,35,distributor-ME,middle-east,uptime,/spec-sheets,tablet,self,none,pooled,true,true,2,1,3800,2025-03-17,true,false
I01139,food,large,PL,temperate,high,1-shift,Loader,consumer,passive,IP66,35,paid-social,iberia,service,/products,desktop,guided,standard,pooled,false,true,1,,4250,2025-03-03,false,true
I01140,logistics,small,NO,temperate,high,1-shift,Hoist,consumer,passive,IP54,35,search,middle-east,uptime,/pricing,desktop,guided,standard,pooled,false,false,1,,9000,2024-12-22,false,true
I01141,construction,mid,NO,temperate,high,3-shift,Loader,consumer,passive,IP66,35,referral,iberia,price,/products,mobile,self,standard,pooled,true,true,3,4,4250,2024-12-25,true,false
I01142,food,small,FI,temperate,low,1-shift,Lifter,industrial,liquid,IP66,90,paid-social,iberia,service,/products,desktop,on-site,standard,dedicated,false,false,0,4,27000,2025-03-23,true,false
I01143,logistics,small,MA,temperate,high,1-shift,Loader,consumer,passive,IP66,35,search,middle-east,uptime,/case-studies,desktop,on-site,standard,pooled,false,false,1,,4250,2024-11-23,true,false
I01144,mining,mid,AE,temperate,high,2-shift,Conveyor,consumer,passive,IP54,35,trade-fair,dach,uptime,/case-studies,desktop,on-site,standard,pooled,false,true,1,4,3950,2024-04-22,false,true
I01145,mining,small,ES,hot,high,3-shift,Hoist,industrial,active,IP66,90,paid-social,benelux,durability,/spec-sheets,mobile,self,premium,pooled,false,false,0,5,26400,2024-10-14,false,true
I01146,construction,large,PL,temperate,high,1-shift,Loader,industrial,liquid,IP65,90,referral,benelux,price,/pricing,desktop,on-site,standard,pooled,false,false,0,,26850,2024-07-02,false,true
I01147,food,mid,SE,temperate,medium,3-shift,Lifter,consumer,active,IP65,35,search,benelux,durability,/products,desktop,on-site,standard,dedicated,false,false,3,2,9000,2024-06-13,true,false
I01148,logistics,small,DE,hot,medium,3-shift,Sorter,pro,liquid,IP66,65,distributor-ME,middle-east,uptime,/contact,desktop,guided,standard,dedicated,false,false,1,,34800,2024-05-18,false,true
I01149,food,small,MA,hot,high,2-shift,Conveyor,industrial,active,IP65,90,paid-social,dach,service,/products,desktop,self,none,pooled,true,true,3,,54200,2024-08-14,false,true
I01150,mining,small,DE,temperate,medium,3-shift,Hoist,industrial,liquid,IP66,90,paid-social,iberia,service,/spec-sheets,desktop,self,premium,pooled,false,false,0,,26550,2025-01-19,true,false
I01151,logistics,small,FI,arctic,medium,3-shift,Lifter,pro,liquid,IP54,65,trade-fair,iberia,durability,/spec-sheets,mobile,self,standard,dedicated,false,false,2,,58750,2024-10-14,false,true
I01152,mining,small,SE,temperate,high,2-shift,Loader,industrial,active,IP66,90,search,dach,service,/contact,tablet,on-site,none,dedicated,false,false,0,5,27050,2024-09-02,false,true
I01153,logistics,mid,AE,hot,low,1-shift,Sorter,consumer,passive,IP66,35,referral,benelux,price,/case-studies,desktop,self,standard,pooled,true,true,1,,3800,2024-04-02,false,true
I01154,construction,small,DE,arctic,high,3-shift,Loader,pro,active,IP66,65,referral,iberia,price,/contact,mobile,guided,standard,pooled,true,true,3,,11300,2025-06-07,false,true
I01155,food,small,FI,arctic,high,3-shift,Compactor,industrial,liquid,IP66,90,paid-social,benelux,durability,/products,mobile,self,standard,pooled,false,false,0,5,26550,2024-09-25,false,true
I01156,construction,small,ES,temperate,low,1-shift,Loader,consumer,active,IP66,35,trade-fair,dach,uptime,/pricing,desktop,on-site,none,pooled,false,false,0,5,4100,2024-07-22,false,true
I01157,food,small,PL,temperate,medium,2-shift,Loader,consumer,passive,IP66,35,paid-social,middle-east,durability,/spec-sheets,desktop,on-site,standard,pooled,false,false,0,,12750,2024-09-09,false,true
I01158,logistics,small,FI,arctic,high,3-shift,Conveyor,pro,liquid,IP65,65,search,middle-east,uptime,/pricing,desktop,self,standard,dedicated,true,false,1,,11700,2024-11-18,false,true
I01159,mining,small,NO,arctic,high,2-shift,Sorter,industrial,active,IP54,90,paid-social,dach,service,/products,desktop,on-site,standard,dedicated,false,false,0,,27100,2024-07-07,false,true
I01160,logistics,mid,SA,hot,medium,1-shift,Sorter,consumer,passive,IP66,35,distributor-ME,middle-east,uptime,/pricing,mobile,on-site,standard,pooled,true,true,2,1,7600,2025-07-03,false,true
I01161,logistics,mid,MA,hot,high,2-shift,Loader,consumer,active,IP66,35,trade-fair,iberia,durability,/spec-sheets,desktop,on-site,standard,pooled,false,true,1,,12300,2024-10-10,true,false
I01162,construction,small,MA,hot,high,1-shift,Lifter,consumer,active,IP65,35,distributor-ME,middle-east,uptime,/pricing,tablet,on-site,standard,pooled,true,false,1,3,4500,2024-09-14,false,true
I01163,logistics,small,AE,hot,medium,3-shift,Compactor,pro,passive,IP54,65,paid-social,benelux,durability,/case-studies,desktop,on-site,premium,dedicated,true,false,4,1,22600,2024-06-07,false,true
I01164,mining,large,MA,temperate,high,1-shift,Hoist,pro,active,IP65,65,paid-social,middle-east,durability,/contact,desktop,guided,none,pooled,false,false,0,,11800,2024-04-16,false,true
I01165,construction,mid,PL,hot,high,3-shift,Hoist,consumer,active,IP66,35,paid-social,benelux,durability,/contact,tablet,self,standard,dedicated,true,false,3,,7700,2025-04-21,false,true
I01166,logistics,small,MA,temperate,high,1-shift,Loader,pro,passive,IP65,65,paid-social,dach,service,/contact,tablet,on-site,none,dedicated,false,false,2,,56000,2024-05-25,false,true
I01167,food,small,DE,temperate,low,3-shift,Compactor,pro,liquid,IP54,65,trade-fair,dach,uptime,/pricing,desktop,guided,standard,pooled,false,false,0,4,11600,2024-05-18,false,true
I01168,logistics,small,ES,arctic,medium,1-shift,Loader,pro,passive,IP65,65,referral,nordics,uptime,/case-studies,desktop,self,standard,pooled,false,true,1,4,11200,2025-06-30,false,true
I01169,food,small,FI,temperate,medium,3-shift,Conveyor,pro,liquid,IP65,65,search,middle-east,uptime,/case-studies,desktop,self,none,dedicated,false,false,0,5,23400,2024-05-05,false,true
I01170,construction,large,PL,temperate,high,1-shift,Hoist,industrial,liquid,IP66,90,trade-fair,iberia,durability,/pricing,desktop,guided,standard,dedicated,true,true,1,,53100,2025-04-14,false,true
I01171,logistics,mid,PL,temperate,low,1-shift,Sorter,industrial,liquid,IP54,90,trade-fair,iberia,durability,/pricing,desktop,on-site,premium,dedicated,false,false,0,,81450,2024-10-05,false,true
I01172,construction,small,AE,temperate,medium,2-shift,Loader,pro,passive,IP65,65,search,iberia,service,/products,desktop,self,none,pooled,false,true,2,,11200,2024-11-09,true,false
I01173,mining,mid,AE,hot,high,3-shift,Lifter,consumer,active,IP65,35,paid-social,benelux,durability,/case-studies,desktop,self,standard,dedicated,false,false,2,1,4500,2024-04-04,false,true
I01174,logistics,mid,SA,hot,high,1-shift,Lifter,industrial,active,IP66,90,distributor-ME,middle-east,uptime,/case-studies,desktop,on-site,premium,dedicated,false,false,0,,53200,2025-08-12,false,true
I01175,logistics,small,ES,temperate,low,2-shift,Hoist,pro,passive,IP66,65,trade-fair,middle-east,uptime,/products,tablet,on-site,standard,dedicated,false,false,0,5,35250,2024-08-01,false,true
I01176,food,small,SA,hot,medium,3-shift,Hoist,pro,passive,IP66,65,trade-fair,middle-east,uptime,/pricing,desktop,guided,standard,pooled,true,true,3,,35250,2024-11-03,false,true
I01177,logistics,small,FI,temperate,medium,2-shift,Loader,pro,active,IP66,65,trade-fair,iberia,durability,/contact,mobile,guided,premium,pooled,false,false,0,,11300,2025-01-26,false,true
I01178,construction,mid,PL,temperate,medium,2-shift,Compactor,pro,active,IP65,65,trade-fair,benelux,price,/products,desktop,self,none,dedicated,false,false,1,,11600,2025-03-15,false,true
I01179,mining,small,SA,hot,medium,2-shift,Compactor,pro,passive,IP54,65,distributor-ME,middle-east,uptime,/case-studies,desktop,guided,standard,pooled,true,true,3,4,11300,2024-10-08,true,false
I01180,logistics,mid,DE,temperate,medium,3-shift,Conveyor,pro,liquid,IP65,65,paid-social,middle-east,durability,/contact,mobile,self,standard,pooled,false,false,0,4,11700,2025-02-16,false,true
I01181,construction,mid,SE,hot,high,1-shift,Lifter,industrial,liquid,IP66,90,referral,dach,uptime,/case-studies,mobile,guided,none,dedicated,true,true,1,,27000,2024-12-28,false,true
I01182,construction,mid,MA,hot,low,2-shift,Hoist,pro,passive,IP66,65,distributor-ME,middle-east,uptime,/products,desktop,on-site,standard,pooled,true,true,2,5,11750,2025-03-17,true,false
I01183,food,small,ES,hot,low,3-shift,Loader,industrial,active,IP66,90,distributor-ME,middle-east,uptime,/products,mobile,guided,standard,dedicated,false,false,0,4,54100,2024-03-19,true,false
I01184,logistics,large,SE,temperate,high,1-shift,Lifter,pro,liquid,IP54,65,paid-social,dach,service,/pricing,desktop,on-site,premium,dedicated,false,false,1,,35250,2025-01-14,false,true
I01185,logistics,mid,ES,arctic,medium,2-shift,Loader,consumer,passive,IP66,35,search,iberia,service,/case-studies,tablet,guided,none,pooled,true,true,1,,21250,2025-05-20,false,true
I01186,logistics,small,MA,temperate,high,2-shift,Conveyor,industrial,liquid,IP54,90,paid-social,dach,service,/case-studies,desktop,on-site,none,dedicated,false,false,0,4,54300,2025-05-04,false,true
I01187,food,small,AE,hot,medium,2-shift,Loader,industrial,liquid,IP65,90,distributor-ME,middle-east,uptime,/products,mobile,guided,none,pooled,false,false,0,4,26850,2025-06-09,false,true
I01188,mining,large,NO,arctic,medium,2-shift,Sorter,pro,liquid,IP66,65,paid-social,middle-east,durability,/spec-sheets,desktop,self,standard,dedicated,false,false,0,,23200,2024-11-27,false,true
I01189,mining,large,ES,hot,medium,2-shift,Lifter,pro,passive,IP65,65,distributor-ME,middle-east,uptime,/spec-sheets,mobile,self,premium,pooled,true,true,4,1,11750,2024-11-19,false,true
I01190,construction,small,FI,arctic,high,2-shift,Lifter,pro,liquid,IP54,65,trade-fair,dach,uptime,/pricing,desktop,self,none,dedicated,true,false,1,1,58750,2025-01-26,false,true
I01191,construction,large,SA,hot,medium,1-shift,Sorter,consumer,passive,IP66,35,trade-fair,benelux,price,/contact,desktop,guided,none,dedicated,true,false,3,,19000,2025-07-30,false,true
I01192,construction,large,PL,temperate,medium,1-shift,Compactor,pro,passive,IP54,65,paid-social,nordics,service,/pricing,mobile,guided,standard,dedicated,true,false,2,,22600,2024-04-14,false,true
I01193,construction,mid,NO,temperate,low,1-shift,Conveyor,industrial,liquid,IP54,90,paid-social,middle-east,durability,/case-studies,mobile,on-site,none,dedicated,false,false,1,5,54300,2025-03-14,false,true
I01194,construction,small,SE,hot,medium,1-shift,Loader,pro,active,IP66,65,trade-fair,dach,uptime,/products,desktop,on-site,premium,dedicated,false,false,1,4,33900,2025-07-16,false,true
I01195,construction,small,MA,hot,high,1-shift,Conveyor,pro,passive,IP66,65,paid-social,benelux,durability,/pricing,desktop,self,premium,dedicated,true,false,4,,34800,2024-07-06,false,true
I01196,logistics,large,MA,hot,low,1-shift,Loader,industrial,liquid,IP65,90,search,iberia,service,/case-studies,desktop,self,none,dedicated,false,false,1,,26850,2024-08-02,false,true
I01197,mining,mid,DE,temperate,high,1-shift,Loader,industrial,active,IP66,90,referral,nordics,uptime,/case-studies,desktop,guided,none,pooled,false,true,1,,54100,2024-08-26,true,false
I01198,mining,large,DE,temperate,medium,2-shift,Sorter,industrial,liquid,IP54,90,paid-social,iberia,service,/contact,desktop,self,standard,dedicated,false,true,2,,81450,2025-05-06,false,true
I01199,logistics,small,SA,hot,medium,2-shift,Conveyor,consumer,passive,IP54,35,trade-fair,dach,uptime,/products,mobile,guided,none,dedicated,false,false,1,,11850,2024-12-02,true,false
I01200,food,small,FI,temperate,medium,2-shift,Loader,industrial,active,IP66,90,search,middle-east,uptime,/contact,desktop,guided,premium,dedicated,false,false,0,5,27050,2025-03-27,false,true
I01201,food,small,PL,hot,medium,3-shift,Lifter,consumer,passive,IP54,35,referral,middle-east,service,/case-studies,tablet,self,standard,pooled,true,true,2,,8200,2025-06-06,false,true
I01202,construction,small,ES,hot,medium,1-shift,Sorter,consumer,passive,IP66,35,trade-fair,dach,uptime,/products,tablet,self,standard,dedicated,true,false,1,,19000,2024-10-14,true,false
I01203,mining,mid,DE,temperate,low,3-shift,Conveyor,pro,active,IP65,65,search,iberia,service,/contact,desktop,self,standard,dedicated,false,false,1,,58500,2024-09-29,false,true
I01204,logistics,small,AE,temperate,low,1-shift,Lifter,industrial,liquid,IP66,90,referral,middle-east,service,/case-studies,desktop,guided,standard,pooled,false,false,0,5,81000,2025-08-01,false,true
I01205,construction,small,ES,hot,low,1-shift,Hoist,pro,liquid,IP65,65,distributor-ME,middle-east,uptime,/case-studies,desktop,guided,standard,dedicated,false,false,0,,56250,2025-07-17,true,false
I01206,mining,small,FI,temperate,medium,3-shift,Sorter,industrial,active,IP54,90,search,nordics,durability,/contact,desktop,self,standard,dedicated,false,false,0,,27100,2024-05-11,false,true
I01207,construction,small,DE,temperate,medium,3-shift,Conveyor,consumer,active,IP54,35,trade-fair,iberia,durability,/case-studies,desktop,on-site,premium,dedicated,false,false,1,,8200,2024-06-17,false,true
I01208,logistics,mid,PL,temperate,high,1-shift,Sorter,industrial,liquid,IP54,90,referral,nordics,uptime,/spec-sheets,desktop,self,standard,dedicated,false,false,0,5,81450,2024-10-10,false,true
I01209,logistics,small,PL,temperate,medium,1-shift,Conveyor,pro,active,IP65,65,referral,nordics,uptime,/case-studies,desktop,guided,standard,dedicated,false,false,1,4,58500,2024-07-14,false,true
I01210,construction,mid,MA,hot,high,1-shift,Lifter,consumer,passive,IP54,35,search,middle-east,uptime,/spec-sheets,mobile,guided,premium,pooled,true,true,3,4,4100,2024-08-05,true,false
I01211,mining,mid,SE,temperate,low,3-shift,Compactor,industrial,active,IP66,90,trade-fair,iberia,durability,/pricing,mobile,on-site,none,dedicated,false,false,0,4,26600,2024-11-04,false,true
I01212,logistics,mid,AE,hot,low,1-shift,Lifter,industrial,active,IP66,90,distributor-ME,middle-east,uptime,/pricing,desktop,guided,premium,dedicated,false,false,0,5,79800,2024-12-12,false,true
I01213,food,small,SA,temperate,medium,3-shift,Loader,pro,liquid,IP54,65,referral,middle-east,service,/case-studies,desktop,guided,none,dedicated,false,false,0,4,59250,2024-12-04,false,true
I01214,mining,small,ES,hot,medium,1-shift,Sorter,consumer,passive,IP66,35,trade-fair,nordics,service,/spec-sheets,mobile,on-site,premium,pooled,true,false,2,2,3800,2025-04-19,true,false
I01215,construction,large,DE,temperate,medium,1-shift,Lifter,industrial,liquid,IP66,90,referral,middle-east,service,/pricing,mobile,on-site,none,dedicated,false,false,0,4,81000,2024-07-28,false,true
I01216,logistics,large,MA,hot,high,1-shift,Sorter,consumer,passive,IP66,35,distributor-ME,middle-east,uptime,/products,mobile,guided,standard,pooled,true,true,2,,11400,2024-08-07,true,false
I01217,food,large,FI,hot,medium,3-shift,Lifter,consumer,active,IP65,35,trade-fair,middle-east,uptime,/pricing,desktop,guided,none,dedicated,false,false,2,2,22500,2025-05-22,true,false
I01218,mining,mid,MA,hot,high,3-shift,Sorter,pro,liquid,IP66,65,trade-fair,iberia,durability,/contact,desktop,self,standard,dedicated,false,false,0,4,34800,2024-11-20,false,true
I01219,food,mid,DE,temperate,low,3-shift,Loader,consumer,passive,IP66,35,referral,middle-east,service,/products,tablet,guided,premium,pooled,false,true,3,2,4250,2024-08-21,true,false
I01220,construction,small,PL,hot,medium,2-shift,Lifter,industrial,active,IP66,90,paid-social,dach,service,/products,desktop,guided,premium,pooled,false,false,0,4,79800,2025-08-23,false,true
I01221,construction,mid,AE,temperate,medium,2-shift,Conveyor,industrial,liquid,IP54,90,trade-fair,nordics,service,/spec-sheets,desktop,self,premium,dedicated,true,false,2,1,54300,2024-07-30,false,true
I01222,food,mid,AE,hot,low,1-shift,Conveyor,pro,liquid,IP65,65,trade-fair,benelux,price,/case-studies,mobile,guided,none,pooled,true,true,4,,58500,2024-07-03,false,true
I01223,logistics,large,ES,hot,medium,1-shift,Hoist,pro,active,IP65,65,search,iberia,service,/case-studies,desktop,on-site,standard,dedicated,true,false,1,,11800,2024-08-31,false,true
I01224,food,small,DE,hot,high,2-shift,Sorter,industrial,active,IP54,90,trade-fair,iberia,durability,/products,mobile,self,standard,dedicated,true,false,2,,81300,2024-09-27,false,true
I01225,construction,small,FI,temperate,high,1-shift,Conveyor,industrial,liquid,IP54,90,paid-social,benelux,durability,/pricing,mobile,on-site,none,pooled,true,true,1,,27150,2024-04-16,true,false
I01226,logistics,small,DE,temperate,high,1-shift,Sorter,industrial,liquid,IP54,90,referral,nordics,uptime,/spec-sheets,tablet,guided,none,dedicated,false,false,0,,135750,2024-10-26,false,true
I01227,food,small,SA,hot,medium,1-shift,Conveyor,consumer,passive,IP54,35,trade-fair,iberia,durability,/products,desktop,guided,premium,pooled,true,false,1,,11850,2025-07-09,false,true
I01228,mining,large,FI,temperate,low,3-shift,Conveyor,consumer,passive,IP54,35,search,iberia,service,/spec-sheets,mobile,guided,standard,pooled,true,false,1,4,7900,2024-07-25,false,true
I01229,logistics,large,NO,temperate,low,1-shift,Conveyor,industrial,liquid,IP54,90,trade-fair,nordics,service,/pricing,tablet,self,none,pooled,true,false,1,5,135750,2025-07-22,false,true
I01230,food,small,NO,temperate,low,3-shift,Loader,industrial,active,IP66,90,paid-social,benelux,durability,/pricing,desktop,guided,premium,dedicated,true,false,2,,81150,2025-06-22,false,true
I01231,mining,small,SE,temperate,medium,3-shift,Compactor,pro,active,IP65,65,search,benelux,durability,/case-studies,tablet,on-site,standard,dedicated,false,false,1,,23200,2024-09-26,false,true
I01232,logistics,large,PL,temperate,high,3-shift,Conveyor,industrial,active,IP65,90,trade-fair,iberia,durability,/products,mobile,guided,standard,dedicated,true,false,1,3,81300,2025-04-05,false,true
I01233,construction,mid,PL,temperate,medium,2-shift,Loader,industrial,active,IP66,90,trade-fair,nordics,service,/case-studies,desktop,self,standard,dedicated,false,false,1,,27050,2024-11-19,false,true
I01234,food,small,FI,temperate,medium,2-shift,Compactor,pro,liquid,IP54,65,trade-fair,dach,uptime,/spec-sheets,desktop,on-site,standard,pooled,false,true,1,,11600,2024-10-11,true,false
I01235,logistics,mid,FI,temperate,low,2-shift,Sorter,industrial,active,IP54,90,referral,benelux,price,/contact,desktop,self,none,dedicated,false,false,0,,54200,2025-03-25,false,true
I01236,logistics,small,PL,temperate,medium,3-shift,Conveyor,pro,active,IP65,65,paid-social,iberia,service,/case-studies,desktop,on-site,standard,dedicated,false,false,1,5,23400,2024-12-08,false,true
I01237,construction,mid,MA,hot,high,2-shift,Sorter,consumer,active,IP54,35,distributor-ME,middle-east,uptime,/case-studies,desktop,on-site,none,pooled,false,true,1,,3850,2025-03-14,false,true
I01238,mining,small,MA,hot,medium,1-shift,Compactor,pro,liquid,IP54,65,referral,nordics,uptime,/case-studies,mobile,on-site,premium,dedicated,false,false,0,,34800,2024-04-15,false,true
I01239,construction,small,MA,hot,high,1-shift,Hoist,industrial,active,IP66,90,paid-social,nordics,service,/products,desktop,guided,none,dedicated,false,false,0,4,52800,2024-08-20,false,true
I01240,food,small,MA,hot,low,3-shift,Sorter,pro,active,IP65,65,paid-social,benelux,durability,/contact,tablet,on-site,standard,dedicated,false,false,0,,57500,2025-03-11,false,true
I01241,mining,small,FI,temperate,low,2-shift,Conveyor,consumer,passive,IP54,35,paid-social,dach,service,/case-studies,desktop,on-site,standard,dedicated,false,false,1,5,11850,2024-04-27,false,true
I01242,food,large,ES,arctic,high,3-shift,Loader,pro,liquid,IP54,65,referral,middle-east,service,/case-studies,desktop,guided,none,pooled,false,false,0,,35550,2024-04-06,false,true
I01243,food,small,SE,temperate,high,1-shift,Loader,pro,active,IP66,65,paid-social,middle-east,durability,/spec-sheets,desktop,guided,standard,pooled,true,true,1,2,11300,2025-05-15,true,false
I01244,construction,mid,MA,temperate,medium,2-shift,Conveyor,industrial,liquid,IP54,90,trade-fair,iberia,durability,/contact,desktop,self,premium,pooled,false,false,0,5,27150,2025-03-12,false,true
I01245,mining,large,ES,hot,medium,2-shift,Loader,industrial,active,IP66,90,referral,iberia,price,/spec-sheets,desktop,self,standard,pooled,false,true,2,,27050,2024-01-26,false,true
I01246,construction,small,DE,temperate,medium,3-shift,Loader,pro,active,IP66,65,referral,middle-east,service,/products,mobile,self,standard,dedicated,false,true,1,4,11300,2024-04-24,false,true
I01247,construction,small,PL,temperate,high,1-shift,Conveyor,consumer,passive,IP54,35,paid-social,benelux,durability,/pricing,mobile,guided,none,pooled,false,false,0,5,3950,2025-03-12,false,true
I01248,food,mid,NO,arctic,medium,3-shift,Hoist,pro,active,IP65,65,referral,dach,uptime,/contact,desktop,guided,standard,pooled,false,false,1,3,23600,2025-04-23,false,true
I01249,food,small,ES,hot,low,2-shift,Hoist,consumer,passive,IP54,35,distributor-ME,middle-east,uptime,/case-studies,tablet,self,none,pooled,true,true,5,5,4500,2024-05-30,true,false
I01250,food,small,FI,arctic,low,1-shift,Loader,consumer,active,IP66,35,paid-social,nordics,service,/products,tablet,guided,none,pooled,false,false,0,,4100,2024-10-28,false,true
I01251,food,mid,AE,hot,high,2-shift,Hoist,pro,active,IP65,65,search,iberia,service,/case-studies,mobile,self,standard,dedicated,false,false,0,5,23600,2024-12-04,false,true
I01252,logistics,small,MA,hot,high,1-shift,Loader,consumer,passive,IP66,35,distributor-ME,middle-east,uptime,/products,mobile,self,standard,pooled,true,true,2,,4250,2025-07-03,true,false
I01253,food,small,FI,temperate,medium,3-shift,Sorter,pro,passive,IP54,65,search,iberia,service,/spec-sheets,desktop,guided,premium,pooled,false,false,0,4,23700,2025-02-24,false,true
I01254,mining,mid,SE,temperate,medium,2-shift,Compactor,industrial,active,IP66,90,paid-social,nordics,service,/contact,mobile,on-site,none,dedicated,false,false,1,,79800,2024-07-20,false,true
I01255,construction,mid,SE,hot,high,1-shift,Conveyor,industrial,liquid,IP54,90,search,nordics,durability,/products,desktop,guided,none,dedicated,true,false,1,5,81450,2025-03-19,false,true
I01256,logistics,small,DE,temperate,high,2-shift,Hoist,industrial,liquid,IP66,90,referral,benelux,price,/contact,tablet,guided,standard,dedicated,false,false,1,,26550,2024-10-23,false,true
I01257,food,small,FI,temperate,medium,3-shift,Compactor,industrial,liquid,IP66,90,trade-fair,iberia,durability,/case-studies,tablet,on-site,none,pooled,false,false,0,,53100,2025-04-27,true,false
I01258,construction,mid,NO,arctic,medium,1-shift,Sorter,pro,liquid,IP66,65,distributor-ME,middle-east,uptime,/case-studies,mobile,on-site,none,pooled,false,true,2,1,11600,2024-07-15,false,true
I01259,construction,small,PL,hot,medium,1-shift,Conveyor,industrial,liquid,IP54,90,distributor-ME,middle-east,uptime,/pricing,desktop,self,none,dedicated,false,false,0,,54300,2024-08-19,false,true
I01260,food,small,PL,temperate,medium,3-shift,Lifter,consumer,active,IP65,35,trade-fair,dach,uptime,/spec-sheets,desktop,guided,premium,pooled,false,true,2,,9000,2024-05-22,false,true
I01261,logistics,small,PL,temperate,medium,3-shift,Loader,industrial,active,IP66,90,search,iberia,service,/spec-sheets,desktop,self,standard,dedicated,false,false,0,4,54100,2024-03-01,false,true
I01262,mining,small,SA,hot,high,1-shift,Sorter,pro,liquid,IP66,65,referral,dach,uptime,/contact,desktop,on-site,none,dedicated,true,false,1,,58000,2025-05-09,false,true
I01263,food,small,FI,temperate,medium,3-shift,Lifter,pro,passive,IP65,65,referral,iberia,price,/case-studies,mobile,on-site,standard,pooled,false,true,2,5,11750,2024-05-31,false,true
I01264,logistics,mid,FI,temperate,high,1-shift,Lifter,consumer,passive,IP54,35,paid-social,iberia,service,/pricing,desktop,on-site,none,pooled,false,true,2,,12300,2025-05-21,false,true
I01265,mining,large,FI,temperate,medium,3-shift,Loader,industrial,active,IP66,90,trade-fair,iberia,durability,/spec-sheets,desktop,self,standard,pooled,false,false,0,5,27050,2024-08-30,false,true
I01266,food,mid,PL,hot,high,1-shift,Loader,pro,liquid,IP54,65,distributor-ME,middle-east,uptime,/case-studies,desktop,guided,standard,dedicated,false,false,0,,59250,2024-03-25,false,true
I01267,food,small,AE,hot,high,3-shift,Compactor,pro,active,IP65,65,trade-fair,benelux,price,/case-studies,desktop,guided,premium,pooled,false,false,0,,11600,2025-04-05,false,true
I01268,logistics,large,PL,temperate,high,3-shift,Hoist,industrial,active,IP66,90,paid-social,middle-east,durability,/contact,mobile,guided,none,dedicated,true,false,2,,26400,2024-08-25,false,true
I01269,construction,mid,PL,hot,high,1-shift,Sorter,pro,passive,IP54,65,referral,middle-east,service,/contact,desktop,guided,standard,pooled,false,false,0,,23700,2025-07-11,false,true
I01270,mining,small,SA,hot,high,1-shift,Loader,consumer,active,IP66,35,trade-fair,benelux,price,/case-studies,mobile,guided,standard,pooled,false,false,1,2,20500,2024-08-20,false,true
I01271,construction,small,SE,temperate,high,1-shift,Lifter,industrial,liquid,IP66,90,referral,benelux,price,/spec-sheets,mobile,guided,premium,pooled,false,true,1,,135000,2024-07-14,true,false
I01272,food,small,SE,arctic,low,3-shift,Compactor,industrial,active,IP66,90,search,nordics,durability,/contact,mobile,on-site,standard,pooled,false,false,0,,26600,2024-04-12,false,true
I01273,food,mid,MA,hot,low,2-shift,Compactor,industrial,liquid,IP66,90,referral,benelux,price,/spec-sheets,desktop,self,standard,pooled,false,false,0,,79650,2025-03-04,false,true
I01274,mining,small,DE,temperate,high,3-shift,Lifter,consumer,passive,IP54,35,search,iberia,service,/case-studies,mobile,on-site,standard,pooled,true,true,2,,8200,2024-06-11,true,false
I01275,food,large,MA,hot,medium,2-shift,Compactor,pro,passive,IP54,65,distributor-ME,middle-east,uptime,/pricing,mobile,self,standard,dedicated,true,false,3,,33900,2024-09-08,false,true
I01276,food,mid,AE,hot,medium,3-shift,Lifter,industrial,active,IP66,90,search,benelux,durability,/case-studies,desktop,self,standard,dedicated,true,false,3,,26600,2025-01-07,false,true
I01277,logistics,mid,ES,hot,high,1-shift,Sorter,pro,passive,IP54,65,trade-fair,middle-east,uptime,/spec-sheets,desktop,on-site,premium,dedicated,true,false,3,,11850,2025-06-08,false,true
I01278,construction,small,SA,hot,medium,1-shift,Loader,industrial,liquid,IP65,90,distributor-ME,middle-east,uptime,/case-studies,desktop,on-site,standard,pooled,false,false,0,5,26850,2024-11-26,false,true
I01279,logistics,small,DE,hot,high,1-shift,Hoist,pro,liquid,IP65,65,referral,benelux,price,/case-studies,desktop,self,none,pooled,false,true,2,,11250,2025-03-18,false,true
I01280,construction,mid,MA,temperate,medium,2-shift,Compactor,pro,liquid,IP54,65,search,iberia,service,/products,desktop,guided,standard,dedicated,true,false,1,4,11600,2025-03-13,false,true
I01281,construction,mid,FI,temperate,low,1-shift,Loader,consumer,active,IP66,35,trade-fair,iberia,durability,/pricing,mobile,guided,none,dedicated,false,false,0,5,12300,2025-04-10,false,true
I01282,construction,large,SA,hot,medium,1-shift,Conveyor,consumer,passive,IP54,35,trade-fair,benelux,price,/contact,desktop,on-site,none,pooled,false,true,1,,7900,2025-01-02,true,false
I01283,mining,small,MA,hot,medium,3-shift,Compactor,pro,active,IP65,65,distributor-ME,middle-east,uptime,/contact,desktop,on-site,none,pooled,true,true,1,,11600,2024-07-31,false,true
I01284,mining,mid,NO,temperate,high,2-shift,Hoist,consumer,passive,IP54,35,trade-fair,middle-east,uptime,/case-studies,desktop,on-site,none,pooled,false,true,1,,4500,2024-12-19,false,true
I01285,food,mid,AE,hot,high,1-shift,Sorter,pro,passive,IP54,65,distributor-ME,middle-east,uptime,/contact,desktop,on-site,none,dedicated,true,false,3,5,59250,2025-03-06,true,false
I01286,food,small,FI,temperate,medium,2-shift,Hoist,pro,active,IP65,65,paid-social,nordics,service,/case-studies,desktop,on-site,standard,dedicated,false,false,0,,35400,2025-03-09,false,true
I01287,mining,large,NO,arctic,medium,3-shift,Hoist,industrial,active,IP66,90,trade-fair,benelux,price,/pricing,tablet,self,premium,pooled,false,false,0,5,52800,2024-11-18,false,true
I01288,food,mid,SE,temperate,low,3-shift,Loader,pro,active,IP66,65,referral,benelux,price,/contact,desktop,self,standard,pooled,false,false,1,1,11300,2024-11-28,false,true
I01289,logistics,mid,MA,hot,high,2-shift,Conveyor,pro,active,IP65,65,referral,nordics,uptime,/pricing,mobile,self,standard,pooled,false,false,0,,11700,2025-04-16,false,true
I01290,mining,small,FI,temperate,medium,3-shift,Loader,consumer,active,IP66,35,referral,iberia,price,/products,desktop,on-site,none,pooled,false,true,1,,4100,2024-08-19,false,true
I01291,construction,mid,NO,temperate,high,3-shift,Compactor,industrial,liquid,IP66,90,trade-fair,benelux,price,/pricing,desktop,self,none,dedicated,true,false,1,,26550,2024-09-05,false,true
I01292,food,mid,MA,hot,medium,3-shift,Hoist,industrial,liquid,IP66,90,trade-fair,nordics,service,/products,tablet,self,none,dedicated,false,false,0,,26550,2024-11-23,false,true
I01293,construction,small,AE,temperate,medium,2-shift,Loader,consumer,active,IP66,35,trade-fair,middle-east,uptime,/spec-sheets,desktop,guided,standard,pooled,false,true,1,5,4100,2025-06-18,false,true
I01294,logistics,small,AE,hot,high,3-shift,Compactor,pro,liquid,IP54,65,distributor-ME,middle-east,uptime,/products,desktop,guided,standard,pooled,true,true,1,2,11600,2024-12-29,true,false
I01295,construction,mid,SE,temperate,medium,1-shift,Compactor,pro,liquid,IP54,65,trade-fair,middle-east,uptime,/case-studies,desktop,on-site,standard,dedicated,false,false,0,4,34800,2025-06-07,false,true
I01296,logistics,large,AE,hot,low,1-shift,Compactor,pro,passive,IP54,65,search,nordics,durability,/case-studies,desktop,guided,premium,dedicated,true,false,2,,22600,2025-04-27,false,true
I01297,mining,large,NO,arctic,medium,3-shift,Compactor,consumer,passive,IP66,35,referral,benelux,price,/case-studies,tablet,guided,standard,dedicated,true,false,1,,21500,2025-06-29,false,true
I01298,food,small,NO,temperate,high,3-shift,Hoist,industrial,liquid,IP66,90,paid-social,nordics,service,/contact,desktop,self,premium,dedicated,false,false,1,4,53100,2025-02-14,false,true
I01299,construction,small,PL,hot,low,2-shift,Compactor,pro,active,IP65,65,trade-fair,middle-east,uptime,/products,desktop,guided,none,dedicated,false,false,0,,34800,2025-01-12,false,true
I01300,logistics,mid,PL,temperate,high,2-shift,Conveyor,industrial,active,IP65,90,search,dach,service,/pricing,desktop,on-site,none,pooled,false,false,0,,27100,2025-01-01,false,true
I01301,construction,small,FI,temperate,medium,1-shift,Loader,industrial,liquid,IP65,90,paid-social,iberia,service,/case-studies,mobile,guided,none,dedicated,false,false,1,5,80550,2024-10-25,false,true
I01302,mining,mid,SE,temperate,medium,2-shift,Loader,consumer,passive,IP66,35,referral,dach,uptime,/contact,mobile,guided,standard,dedicated,false,false,0,,4250,2025-02-09,false,true
I01303,construction,large,FI,temperate,medium,1-shift,Lifter,industrial,active,IP66,90,paid-social,iberia,service,/pricing,mobile,guided,standard,dedicated,true,false,2,,26600,2025-01-10,false,true
I01304,mining,mid,DE,temperate,medium,1-shift,Compactor,pro,passive,IP54,65,search,middle-east,uptime,/products,tablet,on-site,standard,dedicated,false,false,0,4,22600,2025-07-09,false,true
I01305,construction,large,AE,hot,medium,1-shift,Conveyor,consumer,passive,IP54,35,distributor-ME,middle-east,uptime,/spec-sheets,mobile,self,standard,dedicated,true,false,2,4,7900,2024-10-10,false,true
I01306,logistics,small,AE,temperate,low,1-shift,Hoist,industrial,active,IP66,90,referral,nordics,uptime,/spec-sheets,desktop,guided,premium,dedicated,false,false,0,,132000,2025-05-28,false,true
I01307,food,small,FI,temperate,high,2-shift,Sorter,consumer,active,IP54,35,referral,benelux,price,/case-studies,desktop,on-site,standard,dedicated,false,false,2,4,7700,2025-03-19,false,true
I01308,mining,small,SA,hot,high,1-shift,Sorter,consumer,active,IP54,35,distributor-ME,middle-east,uptime,/contact,desktop,self,standard,pooled,true,true,1,,7700,2024-10-27,true,false
I01309,food,mid,PL,temperate,low,2-shift,Conveyor,industrial,active,IP65,90,paid-social,nordics,service,/products,desktop,self,none,pooled,true,false,1,,54200,2024-05-27,false,true
I01310,food,small,SA,hot,medium,1-shift,Conveyor,industrial,active,IP65,90,distributor-ME,middle-east,uptime,/pricing,desktop,self,standard,dedicated,true,false,1,,54200,2024-09-13,false,true
I01311,construction,small,AE,hot,medium,1-shift,Hoist,pro,active,IP65,65,referral,iberia,price,/products,tablet,guided,standard,dedicated,false,false,1,5,11800,2024-10-23,false,true
I01312,logistics,small,MA,hot,low,2-shift,Conveyor,industrial,active,IP65,90,search,benelux,durability,/pricing,tablet,self,none,dedicated,false,false,1,4,54200,2025-04-18,false,true
I01313,construction,small,ES,hot,high,1-shift,Lifter,pro,active,IP65,65,trade-fair,dach,uptime,/pricing,mobile,on-site,premium,dedicated,true,false,3,,11600,2025-04-04,false,true
I01314,logistics,small,AE,hot,medium,3-shift,Compactor,consumer,passive,IP66,35,distributor-ME,middle-east,uptime,/products,mobile,on-site,premium,pooled,true,true,5,1,4300,2024-04-26,true,false
I01315,construction,mid,PL,temperate,medium,2-shift,Conveyor,pro,liquid,IP65,65,search,dach,service,/pricing,desktop,self,standard,pooled,false,false,0,5,11700,2025-02-03,false,true
I01316,logistics,small,MA,hot,high,1-shift,Hoist,consumer,passive,IP54,35,search,nordics,durability,/spec-sheets,desktop,self,standard,dedicated,true,false,2,,4500,2025-04-22,false,true
I01317,logistics,small,FI,temperate,medium,2-shift,Loader,industrial,liquid,IP65,90,referral,dach,uptime,/pricing,desktop,on-site,premium,dedicated,false,false,0,,26850,2025-05-24,false,true
I01318,food,small,MA,hot,medium,3-shift,Lifter,pro,liquid,IP54,65,referral,middle-east,service,/contact,desktop,self,standard,dedicated,true,false,1,1,35250,2024-12-07,false,true
I01319,construction,large,FI,temperate,medium,2-shift,Loader,consumer,active,IP66,35,search,dach,service,/pricing,desktop,self,premium,pooled,false,false,0,5,12300,2024-05-16,false,true
I01320,food,mid,PL,temperate,low,2-shift,Compactor,consumer,passive,IP66,35,trade-fair,nordics,service,/pricing,desktop,self,standard,dedicated,true,false,1,,8600,2025-01-16,false,true
I01321,food,small,FI,temperate,medium,1-shift,Sorter,consumer,active,IP54,35,paid-social,benelux,durability,/case-studies,mobile,on-site,none,pooled,false,true,1,5,3850,2024-03-17,false,true
I01322,mining,small,MA,hot,medium,3-shift,Lifter,industrial,liquid,IP66,90,distributor-ME,middle-east,uptime,/spec-sheets,desktop,on-site,standard,pooled,false,false,0,,27000,2024-08-26,false,true
I01323,food,small,DE,hot,high,3-shift,Loader,industrial,liquid,IP65,90,search,nordics,durability,/case-studies,mobile,self,standard,pooled,true,true,2,2,26850,2024-09-19,false,true
I01324,food,large,SA,hot,high,1-shift,Sorter,pro,liquid,IP66,65,distributor-ME,middle-east,uptime,/pricing,desktop,on-site,none,dedicated,false,false,1,2,34800,2025-04-14,false,true
I01325,construction,small,AE,hot,medium,1-shift,Sorter,industrial,active,IP54,90,trade-fair,nordics,service,/products,desktop,self,none,dedicated,false,false,0,5,27100,2025-02-06,false,true
I01326,food,small,PL,temperate,low,1-shift,Loader,industrial,liquid,IP65,90,trade-fair,nordics,service,/case-studies,desktop,on-site,none,pooled,false,false,0,,53700,2025-03-15,false,true
I01327,logistics,small,PL,temperate,medium,1-shift,Lifter,pro,passive,IP65,65,referral,benelux,price,/pricing,desktop,self,standard,pooled,false,true,1,,11750,2024-08-18,false,true
I01328,construction,small,DE,arctic,low,3-shift,Compactor,pro,liquid,IP54,65,search,nordics,durability,/products,desktop,guided,standard,pooled,false,false,0,5,34800,2024-06-29,true,false
I01329,construction,mid,DE,hot,low,2-shift,Compactor,consumer,passive,IP66,35,trade-fair,dach,uptime,/spec-sheets,desktop,guided,premium,pooled,true,true,3,,4300,2024-06-05,false,true
I01330,food,small,FI,temperate,medium,1-shift,Lifter,pro,active,IP65,65,referral,iberia,price,/pricing,desktop,on-site,none,dedicated,false,false,0,,58000,2025-05-12,false,true
I01331,food,large,SA,hot,high,2-shift,Lifter,consumer,passive,IP54,35,referral,benelux,price,/case-studies,desktop,guided,standard,pooled,true,true,4,3,12300,2025-06-06,false,true
I01332,logistics,large,MA,hot,medium,3-shift,Loader,industrial,liquid,IP65,90,trade-fair,middle-east,uptime,/contact,tablet,self,standard,pooled,false,false,0,,26850,2025-02-28,false,true
I01333,food,mid,SE,temperate,low,3-shift,Hoist,consumer,passive,IP54,35,search,benelux,durability,/contact,desktop,guided,none,pooled,false,false,0,4,9000,2024-05-06,false,true
I01334,food,small,MA,hot,high,2-shift,Lifter,pro,active,IP65,65,referral,iberia,price,/contact,desktop,on-site,none,pooled,false,false,0,,23200,2024-08-04,false,true
I01335,construction,small,ES,hot,low,1-shift,Hoist,consumer,passive,IP54,35,search,middle-east,uptime,/case-studies,desktop,self,standard,dedicated,true,false,2,3,9000,2025-06-03,true,false
I01336,mining,small,AE,hot,low,3-shift,Conveyor,pro,passive,IP66,65,search,iberia,service,/pricing,tablet,on-site,standard,pooled,true,true,3,3,34800,2024-06-03,true,false
I01337,logistics,small,DE,temperate,high,3-shift,Compactor,pro,passive,IP54,65,search,nordics,durability,/pricing,desktop,on-site,none,dedicated,false,false,1,,11300,2024-10-08,false,true
I01338,construction,small,MA,hot,high,1-shift,Hoist,pro,active,IP65,65,distributor-ME,middle-east,uptime,/contact,desktop,guided,none,pooled,false,false,0,,11800,2024-07-17,false,true
I01339,logistics,large,MA,hot,medium,1-shift,Hoist,consumer,active,IP66,35,paid-social,nordics,service,/contact,desktop,on-site,standard,pooled,true,true,1,,3850,2024-08-01,true,false
I01340,food,small,SA,hot,medium,3-shift,Hoist,industrial,liquid,IP66,90,distributor-ME,middle-east,uptime,/case-studies,desktop,on-site,none,pooled,true,true,1,3,26550,2025-02-27,false,true
I01341,logistics,small,AE,hot,high,3-shift,Conveyor,consumer,active,IP54,35,paid-social,benelux,durability,/pricing,desktop,on-site,standard,pooled,true,true,2,2,4100,2025-01-28,true,false
I01342,food,mid,SA,hot,medium,2-shift,Loader,consumer,passive,IP66,35,search,nordics,durability,/case-studies,desktop,self,standard,pooled,true,true,3,,8500,2025-01-18,false,true
I01343,food,small,ES,hot,low,3-shift,Lifter,industrial,liquid,IP66,90,paid-social,dach,service,/products,mobile,on-site,none,dedicated,false,false,1,,54000,2024-07-19,false,true
I01344,construction,mid,NO,temperate,medium,1-shift,Conveyor,consumer,passive,IP54,35,trade-fair,nordics,service,/contact,mobile,guided,none,pooled,true,false,1,3,11850,2024-04-16,false,true
I01345,construction,small,FI,arctic,low,3-shift,Lifter,pro,active,IP65,65,distributor-ME,middle-east,uptime,/case-studies,tablet,on-site,standard,dedicated,false,false,1,,11600,2025-05-17,false,true
I01346,mining,mid,ES,hot,medium,3-shift,Hoist,industrial,active,IP66,90,trade-fair,middle-east,uptime,/contact,desktop,guided,none,pooled,false,false,0,,26400,2024-12-14,false,true
I01347,logistics,mid,SA,hot,medium,3-shift,Loader,pro,liquid,IP54,65,paid-social,benelux,durability,/case-studies,desktop,on-site,standard,dedicated,false,false,0,,23700,2024-04-20,false,true
I01348,logistics,small,AE,hot,high,1-shift,Lifter,pro,active,IP65,65,trade-fair,middle-east,uptime,/pricing,desktop,self,none,dedicated,false,false,1,,34800,2024-05-17,false,true
I01349,mining,mid,DE,hot,medium,2-shift,Hoist,industrial,liquid,IP66,90,paid-social,iberia,service,/spec-sheets,mobile,on-site,standard,pooled,false,true,1,5,26550,2024-12-30,false,true
I01350,food,small,MA,hot,high,2-shift,Sorter,pro,active,IP65,65,search,dach,service,/spec-sheets,tablet,guided,standard,pooled,false,true,1,,11500,2025-02-15,true,false
I01351,food,small,FI,temperate,high,3-shift,Conveyor,pro,liquid,IP65,65,trade-fair,nordics,service,/products,tablet,guided,standard,dedicated,false,false,0,,35100,2024-12-20,false,true
I01352,construction,mid,DE,temperate,low,1-shift,Compactor,industrial,active,IP66,90,paid-social,iberia,service,/case-studies,mobile,guided,standard,dedicated,false,false,0,5,26600,2025-07-03,false,true
I01353,logistics,small,DE,temperate,medium,2-shift,Loader,pro,liquid,IP54,65,trade-fair,nordics,service,/case-studies,desktop,self,premium,dedicated,true,false,1,,59250,2025-08-08,false,true
I01354,logistics,mid,AE,hot,low,1-shift,Loader,industrial,liquid,IP65,90,trade-fair,iberia,durability,/contact,mobile,self,premium,dedicated,false,false,0,5,26850,2025-05-04,false,true
I01355,food,mid,DE,hot,high,3-shift,Loader,pro,passive,IP65,65,distributor-ME,middle-east,uptime,/contact,mobile,guided,standard,pooled,true,true,3,2,11200,2025-03-23,false,true
I01356,logistics,small,PL,hot,high,2-shift,Sorter,pro,passive,IP54,65,referral,iberia,price,/pricing,desktop,self,standard,pooled,true,true,2,,11850,2024-04-08,true,false
I01357,mining,small,SA,hot,medium,3-shift,Sorter,industrial,liquid,IP54,90,paid-social,iberia,service,/pricing,mobile,on-site,none,dedicated,true,false,1,3,27150,2024-09-16,true,false
I01358,construction,mid,AE,hot,high,3-shift,Compactor,consumer,passive,IP66,35,distributor-ME,middle-east,uptime,/case-studies,desktop,on-site,none,pooled,true,true,2,,21500,2025-02-26,true,false
I01359,construction,small,FI,temperate,low,2-shift,Lifter,industrial,liquid,IP66,90,referral,nordics,uptime,/pricing,desktop,self,none,dedicated,true,false,1,,135000,2025-01-16,false,true
I01360,mining,mid,ES,hot,medium,2-shift,Lifter,pro,liquid,IP54,65,search,dach,service,/products,desktop,on-site,standard,pooled,false,false,0,,11750,2025-03-05,false,true
I01361,food,mid,PL,hot,high,1-shift,Compactor,industrial,active,IP66,90,paid-social,benelux,durability,/contact,desktop,self,none,dedicated,false,false,0,,26600,2025-06-20,false,true
I01362,mining,small,MA,hot,medium,3-shift,Hoist,consumer,passive,IP54,35,search,middle-east,uptime,/pricing,mobile,guided,none,pooled,true,true,5,3,4500,2025-03-03,true,false
I01363,mining,large,NO,temperate,medium,2-shift,Sorter,industrial,active,IP54,90,referral,middle-east,service,/pricing,tablet,self,none,dedicated,false,false,0,,81300,2025-01-05,false,true
I01364,food,small,PL,temperate,medium,3-shift,Compactor,industrial,active,IP66,90,search,iberia,service,/case-studies,desktop,guided,premium,dedicated,false,false,0,,26600,2025-02-21,false,true
I01365,mining,large,MA,hot,high,1-shift,Lifter,industrial,liquid,IP66,90,trade-fair,dach,uptime,/products,desktop,self,premium,pooled,false,false,0,,27000,2025-07-19,false,true
I01366,mining,large,SA,hot,low,2-shift,Sorter,pro,passive,IP54,65,trade-fair,benelux,price,/spec-sheets,mobile,on-site,standard,dedicated,true,false,2,2,11850,2025-07-05,true,false
I01367,food,mid,AE,hot,low,3-shift,Sorter,industrial,liquid,IP54,90,paid-social,dach,service,/contact,tablet,guided,none,dedicated,false,false,0,5,27150,2024-08-24,false,true
I01368,food,small,SA,hot,medium,3-shift,Sorter,pro,active,IP65,65,distributor-ME,middle-east,uptime,/contact,desktop,on-site,premium,pooled,false,true,1,5,11500,2025-01-05,false,true
I01369,food,small,SE,temperate,high,1-shift,Compactor,pro,active,IP65,65,search,benelux,durability,/products,desktop,guided,none,dedicated,false,false,0,,23200,2025-05-08,false,true
I01370,mining,large,FI,temperate,medium,3-shift,Lifter,industrial,active,IP66,90,search,nordics,durability,/products,desktop,guided,standard,pooled,false,false,0,,26600,2025-05-21,false,true
I01371,food,large,SA,hot,high,1-shift,Lifter,pro,liquid,IP54,65,paid-social,middle-east,durability,/products,desktop,on-site,standard,dedicated,false,false,0,5,35250,2025-06-05,false,true
I01372,food,mid,MA,hot,medium,3-shift,Hoist,industrial,active,IP66,90,paid-social,iberia,service,/spec-sheets,desktop,guided,none,pooled,true,true,1,,26400,2024-11-29,false,true
I01373,logistics,small,PL,hot,high,2-shift,Conveyor,consumer,active,IP54,35,trade-fair,dach,uptime,/products,desktop,on-site,premium,pooled,false,true,1,3,4100,2025-07-16,false,true
I01374,logistics,large,MA,hot,medium,2-shift,Compactor,pro,liquid,IP54,65,distributor-ME,middle-east,uptime,/contact,mobile,on-site,none,pooled,false,false,1,,23200,2025-01-19,false,true
I01375,food,mid,ES,hot,medium,2-shift,Loader,industrial,active,IP66,90,paid-social,middle-east,durability,/case-studies,desktop,self,none,dedicated,false,false,0,,27050,2025-03-15,false,true
I01376,construction,small,PL,arctic,high,2-shift,Loader,pro,active,IP66,65,trade-fair,dach,uptime,/spec-sheets,mobile,on-site,premium,dedicated,false,false,0,5,22600,2025-07-25,false,true
I01377,construction,small,FI,arctic,high,1-shift,Sorter,pro,active,IP65,65,referral,iberia,price,/spec-sheets,desktop,self,none,dedicated,true,false,1,,11500,2025-04-14,false,true
I01378,construction,large,FI,temperate,high,2-shift,Sorter,industrial,active,IP54,90,paid-social,middle-east,durability,/products,desktop,self,standard,pooled,false,false,0,,27100,2024-12-24,true,false
I01379,food,mid,FI,temperate,high,2-shift,Compactor,pro,active,IP65,65,referral,dach,uptime,/case-studies,mobile,on-site,standard,pooled,false,false,1,,11600,2025-07-28,false,true
I01380,construction,large,SA,hot,high,1-shift,Sorter,consumer,passive,IP66,35,distributor-ME,middle-east,uptime,/pricing,desktop,on-site,standard,pooled,true,false,1,,11400,2025-01-04,false,true
I01381,logistics,small,MA,temperate,medium,2-shift,Hoist,pro,liquid,IP65,65,trade-fair,dach,uptime,/products,desktop,on-site,none,dedicated,false,false,0,5,33750,2025-05-29,false,true
I01382,mining,small,SE,temperate,medium,2-shift,Lifter,consumer,active,IP65,35,referral,iberia,price,/spec-sheets,tablet,self,standard,dedicated,true,false,3,3,13500,2024-11-05,false,true
I01383,logistics,small,NO,hot,low,1-shift,Hoist,pro,active,IP65,65,trade-fair,dach,uptime,/products,desktop,guided,premium,pooled,false,false,0,,11800,2024-05-31,false,true
I01384,logistics,small,FI,temperate,medium,2-shift,Compactor,pro,active,IP65,65,referral,iberia,price,/products,mobile,on-site,standard,pooled,false,false,0,5,11600,2025-02-12,true,false
I01385,construction,large,SE,arctic,low,1-shift,Compactor,pro,liquid,IP54,65,referral,middle-east,service,/spec-sheets,tablet,on-site,none,pooled,false,false,0,,11600,2025-05-03,false,true
I01386,construction,mid,DE,hot,medium,1-shift,Loader,pro,liquid,IP54,65,distributor-ME,middle-east,uptime,/spec-sheets,desktop,on-site,standard,dedicated,false,false,0,4,23700,2025-05-05,false,true
I01387,food,mid,ES,temperate,low,3-shift,Hoist,pro,liquid,IP65,65,search,iberia,service,/contact,desktop,on-site,none,pooled,false,false,0,,11250,2024-11-01,false,true
I01388,mining,small,MA,temperate,high,1-shift,Loader,pro,liquid,IP54,65,trade-fair,iberia,durability,/case-studies,desktop,guided,premium,dedicated,false,false,0,4,59250,2025-03-29,false,true
I01389,construction,mid,SA,temperate,low,1-shift,Sorter,pro,liquid,IP66,65,referral,iberia,price,/pricing,desktop,self,standard,pooled,false,true,1,,58000,2024-12-02,false,true
I01390,mining,small,ES,hot,medium,2-shift,Loader,pro,active,IP66,65,paid-social,dach,service,/spec-sheets,mobile,on-site,premium,pooled,false,true,1,5,22600,2024-06-03,false,true
I01391,logistics,mid,PL,temperate,medium,3-shift,Hoist,pro,passive,IP66,65,referral,nordics,uptime,/contact,desktop,on-site,none,dedicated,false,false,0,,11750,2024-05-31,false,true
I01392,food,small,SA,hot,medium,3-shift,Sorter,consumer,passive,IP66,35,referral,iberia,price,/contact,desktop,guided,premium,pooled,true,true,4,,3800,2025-01-20,true,false
I01393,construction,small,ES,hot,low,1-shift,Lifter,pro,liquid,IP54,65,referral,iberia,price,/contact,desktop,self,standard,pooled,false,true,1,,11750,2024-07-04,false,true
I01394,mining,small,MA,hot,medium,3-shift,Sorter,pro,active,IP65,65,distributor-ME,middle-east,uptime,/spec-sheets,mobile,on-site,standard,dedicated,false,false,0,,57500,2024-12-25,false,true
I01395,food,mid,DE,temperate,low,3-shift,Compactor,industrial,active,IP66,90,trade-fair,benelux,price,/products,desktop,on-site,standard,pooled,false,false,0,,26600,2024-09-08,false,true
I01396,mining,small,ES,hot,medium,3-shift,Hoist,pro,active,IP65,65,distributor-ME,middle-east,uptime,/pricing,mobile,on-site,none,dedicated,false,false,0,5,59000,2025-02-19,true,false
I01397,logistics,small,AE,hot,high,2-shift,Compactor,pro,passive,IP54,65,paid-social,nordics,service,/contact,desktop,on-site,standard,pooled,true,true,3,,11300,2025-01-14,false,true
I01398,logistics,mid,PL,temperate,low,1-shift,Hoist,consumer,passive,IP54,35,referral,middle-east,service,/pricing,desktop,self,standard,pooled,false,false,0,,13500,2025-08-04,false,true
I01399,logistics,mid,SA,hot,low,1-shift,Sorter,consumer,passive,IP66,35,search,nordics,durability,/contact,mobile,guided,none,pooled,true,true,5,,3800,2025-01-10,false,true
I01400,logistics,large,AE,hot,low,1-shift,Hoist,pro,active,IP65,65,distributor-ME,middle-east,uptime,/pricing,desktop,guided,standard,pooled,false,true,1,1,35400,2024-12-11,false,true
I01401,mining,small,SE,arctic,high,3-shift,Conveyor,consumer,active,IP54,35,search,nordics,durability,/spec-sheets,mobile,on-site,none,dedicated,false,false,2,,4100,2025-03-05,false,true
I01402,food,large,MA,hot,low,1-shift,Lifter,pro,liquid,IP54,65,paid-social,dach,service,/pricing,desktop,self,none,dedicated,false,false,1,4,35250,2024-03-13,false,true
I01403,mining,small,FI,hot,medium,3-shift,Loader,pro,liquid,IP54,65,trade-fair,middle-east,uptime,/contact,desktop,self,standard,pooled,false,true,1,,11850,2025-01-02,false,true
I01404,logistics,mid,FI,temperate,low,2-shift,Compactor,consumer,active,IP54,35,distributor-ME,middle-east,uptime,/spec-sheets,desktop,guided,standard,pooled,false,false,0,4,4500,2024-05-01,true,false
I01405,food,small,MA,hot,medium,2-shift,Lifter,consumer,passive,IP54,35,trade-fair,nordics,service,/pricing,tablet,on-site,none,pooled,true,true,4,,12300,2024-11-25,true,false
I01406,logistics,small,PL,hot,medium,1-shift,Compactor,pro,passive,IP54,65,trade-fair,middle-east,uptime,/pricing,desktop,on-site,none,dedicated,true,false,2,1,33900,2024-10-04,false,true
I01407,mining,small,ES,temperate,medium,3-shift,Compactor,pro,passive,IP54,65,search,iberia,service,/pricing,mobile,self,none,pooled,false,false,0,4,11300,2024-12-27,false,true
I01408,food,mid,SE,arctic,high,2-shift,Loader,industrial,active,IP66,90,trade-fair,iberia,durability,/contact,desktop,on-site,none,pooled,false,false,0,5,27050,2024-12-22,false,true
I01409,mining,small,PL,temperate,low,2-shift,Hoist,consumer,active,IP66,35,search,middle-east,uptime,/pricing,desktop,self,premium,pooled,false,false,0,,19250,2025-05-16,false,true
I01410,logistics,mid,DE,temperate,medium,3-shift,Hoist,pro,liquid,IP65,65,paid-social,middle-east,durability,/products,mobile,self,standard,dedicated,false,false,0,5,11250,2024-12-05,false,true
I01411,construction,mid,DE,hot,low,1-shift,Compactor,consumer,active,IP54,35,referral,benelux,price,/pricing,desktop,self,none,pooled,false,false,0,4,13500,2024-05-30,false,true
I01412,construction,mid,ES,hot,low,1-shift,Compactor,consumer,passive,IP66,35,trade-fair,benelux,price,/case-studies,mobile,self,standard,pooled,true,true,3,,8600,2025-03-13,true,false
I01413,food,large,SE,temperate,low,3-shift,Compactor,pro,liquid,IP54,65,paid-social,nordics,service,/spec-sheets,tablet,on-site,none,dedicated,false,false,1,,34800,2025-06-12,false,true
I01414,food,large,ES,hot,high,1-shift,Lifter,industrial,liquid,IP66,90,search,nordics,durability,/pricing,desktop,on-site,standard,dedicated,false,false,0,4,54000,2024-12-03,false,true
I01415,logistics,large,MA,hot,medium,1-shift,Loader,industrial,liquid,IP65,90,distributor-ME,middle-east,uptime,/pricing,mobile,on-site,standard,pooled,false,false,0,4,26850,2025-02-24,false,true
I01416,food,small,MA,hot,medium,2-shift,Lifter,consumer,active,IP65,35,trade-fair,middle-east,uptime,/pricing,mobile,guided,standard,pooled,false,true,1,,22500,2024-09-15,false,true
I01417,logistics,mid,SE,arctic,medium,2-shift,Loader,consumer,passive,IP66,35,referral,nordics,uptime,/pricing,desktop,guided,none,pooled,false,false,0,5,4250,2025-02-23,false,true
I01418,logistics,mid,SA,temperate,low,3-shift,Compactor,pro,passive,IP54,65,search,iberia,service,/products,mobile,guided,standard,dedicated,false,false,1,,11300,2025-02-19,false,true
I01419,construction,small,PL,temperate,high,1-shift,Hoist,pro,liquid,IP65,65,trade-fair,benelux,price,/products,desktop,guided,premium,pooled,false,false,0,,11250,2025-06-20,false,true
I01420,logistics,large,MA,hot,medium,1-shift,Conveyor,consumer,passive,IP54,35,distributor-ME,middle-east,uptime,/pricing,tablet,self,none,pooled,true,true,2,,7900,2024-05-12,false,true
I01421,logistics,mid,NO,temperate,high,2-shift,Sorter,pro,liquid,IP66,65,referral,iberia,price,/pricing,mobile,guided,standard,pooled,false,false,0,,11600,2024-09-28,false,true
I01422,logistics,mid,FI,temperate,low,2-shift,Compactor,pro,active,IP65,65,search,iberia,service,/case-studies,desktop,self,none,dedicated,false,false,1,,34800,2025-03-28,false,true
I01423,food,small,MA,hot,medium,3-shift,Loader,industrial,active,IP66,90,paid-social,benelux,durability,/spec-sheets,desktop,on-site,standard,pooled,false,false,0,,27050,2025-04-13,false,true
I01424,logistics,small,DE,temperate,medium,1-shift,Hoist,consumer,active,IP66,35,search,iberia,service,/products,tablet,guided,premium,pooled,false,false,0,,7700,2025-03-08,false,true
I01425,construction,mid,NO,temperate,low,1-shift,Sorter,pro,liquid,IP66,65,search,iberia,service,/pricing,desktop,guided,none,pooled,false,true,1,,58000,2025-05-18,false,true
I01426,logistics,mid,PL,temperate,medium,2-shift,Compactor,industrial,liquid,IP66,90,trade-fair,iberia,durability,/pricing,mobile,guided,standard,dedicated,false,true,2,4,26550,2024-10-31,false,true
I01427,logistics,mid,PL,hot,high,3-shift,Sorter,pro,active,IP65,65,distributor-ME,middle-east,uptime,/spec-sheets,desktop,on-site,none,pooled,true,true,1,,57500,2025-02-16,false,true
I01428,mining,small,SE,hot,low,1-shift,Loader,pro,passive,IP65,65,search,iberia,service,/pricing,desktop,guided,premium,dedicated,true,false,3,,11200,2024-04-15,false,true
I01429,mining,small,AE,hot,low,3-shift,Compactor,pro,passive,IP54,65,trade-fair,benelux,price,/pricing,desktop,on-site,none,pooled,true,true,3,1,11300,2024-08-24,false,true
I01430,logistics,mid,SA,hot,high,1-shift,Loader,pro,active,IP66,65,paid-social,middle-east,durability,/spec-sheets,desktop,self,none,pooled,false,true,1,,11300,2025-03-09,false,true
I01431,mining,mid,NO,arctic,high,3-shift,Hoist,consumer,passive,IP54,35,distributor-ME,middle-east,uptime,/products,mobile,guided,standard,pooled,true,true,3,3,9000,2024-05-30,true,false
I01432,mining,large,ES,temperate,medium,1-shift,Hoist,industrial,active,IP66,90,trade-fair,benelux,price,/contact,mobile,self,standard,dedicated,false,false,0,,26400,2024-06-03,false,true
I01433,mining,mid,SA,hot,high,1-shift,Lifter,consumer,active,IP65,35,search,dach,service,/spec-sheets,tablet,on-site,none,pooled,true,true,2,,4500,2025-07-11,false,true
I01434,logistics,small,ES,hot,low,2-shift,Sorter,pro,passive,IP54,65,paid-social,benelux,durability,/products,mobile,self,none,dedicated,true,false,4,,11850,2025-08-03,false,true
I01435,construction,small,SE,temperate,high,2-shift,Loader,pro,passive,IP65,65,paid-social,benelux,durability,/products,mobile,on-site,standard,pooled,false,false,0,,11200,2025-05-25,false,true
I01436,mining,large,ES,hot,high,3-shift,Compactor,pro,liquid,IP54,65,paid-social,benelux,durability,/pricing,desktop,on-site,premium,pooled,true,true,1,,11600,2025-05-30,false,true
I01437,construction,small,SE,temperate,high,2-shift,Conveyor,industrial,active,IP65,90,search,benelux,durability,/pricing,tablet,guided,standard,pooled,false,false,0,5,27100,2025-04-15,false,true
I01438,construction,mid,DE,temperate,medium,3-shift,Compactor,consumer,passive,IP66,35,trade-fair,middle-east,uptime,/case-studies,mobile,self,standard,pooled,false,false,2,2,4300,2024-07-19,true,false
I01439,food,mid,AE,temperate,low,1-shift,Hoist,pro,active,IP65,65,trade-fair,nordics,service,/pricing,mobile,self,standard,dedicated,true,false,1,,35400,2024-07-28,true,false
I01440,food,mid,DE,temperate,medium,2-shift,Compactor,pro,liquid,IP54,65,paid-social,dach,service,/pricing,desktop,on-site,standard,dedicated,false,false,0,,23200,2024-08-30,false,true
I01441,logistics,small,AE,hot,high,2-shift,Loader,consumer,active,IP66,35,search,middle-east,uptime,/case-studies,desktop,self,standard,pooled,false,false,0,,12300,2025-02-16,false,true
I01442,mining,large,DE,hot,low,3-shift,Loader,consumer,passive,IP66,35,search,iberia,service,/spec-sheets,desktop,guided,premium,pooled,true,true,2,,4250,2025-04-18,true,false
I01443,mining,large,AE,hot,medium,2-shift,Conveyor,pro,active,IP65,65,distributor-ME,middle-east,uptime,/case-studies,mobile,self,premium,dedicated,false,false,0,4,23400,2024-03-28,false,true
I01444,construction,small,NO,temperate,low,1-shift,Lifter,consumer,passive,IP54,35,search,dach,service,/products,desktop,guided,standard,pooled,false,false,0,4,4100,2024-11-26,false,true
I01445,mining,mid,SA,temperate,medium,2-shift,Conveyor,pro,passive,IP66,65,paid-social,benelux,durability,/contact,desktop,guided,standard,dedicated,false,false,1,2,11600,2024-07-13,false,true
I01446,logistics,small,PL,temperate,high,3-shift,Compactor,industrial,active,IP66,90,referral,nordics,uptime,/case-studies,desktop,self,standard,pooled,false,false,0,,53200,2024-08-26,false,true
I01447,food,large,FI,hot,medium,3-shift,Conveyor,industrial,active,IP65,90,distributor-ME,middle-east,uptime,/contact,desktop,guided,premium,pooled,true,true,2,3,27100,2024-12-24,false,true
I01448,construction,mid,ES,hot,low,1-shift,Lifter,industrial,active,IP66,90,search,middle-east,uptime,/products,desktop,guided,none,dedicated,false,false,0,,26600,2024-04-30,false,true
I01449,mining,mid,AE,hot,medium,1-shift,Lifter,pro,passive,IP65,65,distributor-ME,middle-east,uptime,/pricing,mobile,on-site,none,dedicated,true,false,3,,35250,2025-05-03,false,true
I01450,logistics,large,SE,temperate,medium,2-shift,Lifter,consumer,active,IP65,35,paid-social,nordics,service,/case-studies,mobile,guided,premium,dedicated,false,false,0,,9000,2025-03-23,false,true
I01451,construction,small,DE,temperate,low,1-shift,Compactor,industrial,liquid,IP66,90,referral,dach,uptime,/case-studies,tablet,on-site,standard,pooled,false,true,2,2,53100,2024-07-13,false,true
I01452,construction,large,SA,hot,medium,1-shift,Loader,pro,active,IP66,65,referral,dach,uptime,/pricing,mobile,guided,standard,pooled,true,true,2,,11300,2025-05-31,false,true
I01453,food,mid,SA,hot,medium,2-shift,Hoist,consumer,passive,IP54,35,paid-social,middle-east,durability,/case-studies,desktop,guided,none,pooled,true,true,2,,13500,2024-04-27,true,false
I01454,logistics,small,SA,hot,medium,1-shift,Compactor,consumer,passive,IP66,35,paid-social,benelux,durability,/contact,mobile,self,none,pooled,true,true,4,,8600,2024-03-25,false,true
I01455,construction,small,ES,hot,medium,1-shift,Compactor,industrial,active,IP66,90,distributor-ME,middle-east,uptime,/case-studies,desktop,on-site,standard,dedicated,true,false,1,,26600,2024-04-15,false,true
I01456,logistics,small,FI,temperate,high,2-shift,Compactor,consumer,active,IP54,35,search,middle-east,uptime,/case-studies,mobile,on-site,premium,pooled,false,true,1,5,9000,2024-05-08,true,false
I01457,food,mid,AE,hot,low,3-shift,Lifter,industrial,liquid,IP66,90,search,middle-east,uptime,/contact,mobile,guided,none,pooled,false,false,0,,81000,2024-04-30,false,true
I01458,construction,small,DE,temperate,high,1-shift,Conveyor,consumer,passive,IP54,35,referral,benelux,price,/contact,desktop,guided,none,dedicated,true,false,1,1,11850,2024-02-15,false,true
I01459,construction,mid,NO,temperate,low,2-shift,Compactor,consumer,active,IP54,35,paid-social,benelux,durability,/case-studies,desktop,guided,standard,pooled,false,true,1,4,13500,2024-09-10,false,true
I01460,logistics,mid,DE,temperate,medium,3-shift,Lifter,pro,active,IP65,65,search,nordics,durability,/case-studies,desktop,self,none,dedicated,false,false,1,4,23200,2025-02-07,false,true
I01461,mining,mid,SE,arctic,medium,3-shift,Lifter,industrial,liquid,IP66,90,search,dach,service,/pricing,desktop,on-site,premium,dedicated,false,false,0,,54000,2025-01-27,false,true
I01462,food,mid,PL,temperate,medium,3-shift,Compactor,industrial,liquid,IP66,90,search,middle-east,uptime,/pricing,desktop,self,premium,dedicated,true,false,2,,26550,2025-02-25,false,true
I01463,construction,small,AE,hot,low,2-shift,Lifter,pro,active,IP65,65,distributor-ME,middle-east,uptime,/contact,mobile,on-site,standard,dedicated,true,false,2,2,34800,2025-06-17,false,true
I01464,construction,mid,NO,temperate,low,1-shift,Lifter,consumer,active,IP65,35,referral,benelux,price,/contact,desktop,guided,standard,pooled,false,true,1,,4500,2025-03-12,false,true
I01465,logistics,small,ES,hot,medium,1-shift,Loader,pro,liquid,IP54,65,distributor-ME,middle-east,uptime,/products,mobile,guided,standard,pooled,false,false,0,,35550,2025-05-08,false,true
I01466,logistics,small,SA,hot,medium,2-shift,Hoist,pro,active,IP65,65,trade-fair,nordics,service,/spec-sheets,desktop,on-site,standard,pooled,true,false,1,,35400,2024-12-22,true,false
I01467,logistics,small,PL,temperate,medium,3-shift,Compactor,pro,liquid,IP54,65,trade-fair,middle-east,uptime,/products,desktop,guided,premium,dedicated,false,false,0,5,23200,2025-07-14,false,true
I01468,construction,small,AE,temperate,high,2-shift,Lifter,pro,liquid,IP54,65,paid-social,benelux,durability,/contact,desktop,self,premium,dedicated,false,false,1,,58750,2025-07-30,false,true
I01469,food,mid,AE,hot,low,1-shift,Sorter,industrial,active,IP54,90,distributor-ME,middle-east,uptime,/spec-sheets,desktop,self,none,dedicated,false,false,0,4,27100,2024-07-21,false,true
I01470,mining,large,DE,hot,low,3-shift,Hoist,industrial,active,IP66,90,distributor-ME,middle-east,uptime,/spec-sheets,desktop,on-site,premium,dedicated,true,false,2,4,52800,2024-09-04,false,true
I01471,food,large,SA,hot,low,3-shift,Loader,industrial,active,IP66,90,paid-social,iberia,service,/contact,tablet,guided,none,dedicated,true,false,2,,27050,2024-08-31,false,true
I01472,logistics,small,MA,hot,low,2-shift,Loader,pro,passive,IP65,65,referral,nordics,uptime,/spec-sheets,desktop,self,premium,dedicated,true,true,3,2,33600,2025-05-17,false,true
I01473,food,small,SA,hot,low,3-shift,Loader,industrial,active,IP66,90,referral,dach,uptime,/case-studies,tablet,guided,none,dedicated,true,false,3,2,27050,2024-11-28,false,true
I01474,logistics,small,DE,temperate,high,1-shift,Loader,industrial,liquid,IP65,90,trade-fair,nordics,service,/case-studies,desktop,guided,standard,dedicated,true,false,1,,53700,2025-03-19,false,true
I01475,construction,large,PL,temperate,high,2-shift,Lifter,consumer,active,IP65,35,trade-fair,benelux,price,/pricing,tablet,guided,none,pooled,false,false,1,5,13500,2025-04-16,false,true
I01476,logistics,small,MA,hot,low,1-shift,Lifter,consumer,passive,IP54,35,referral,benelux,price,/case-studies,mobile,on-site,premium,pooled,true,true,3,,8200,2025-05-01,true,false
I01477,logistics,small,AE,hot,high,3-shift,Loader,pro,passive,IP65,65,paid-social,iberia,service,/contact,mobile,guided,premium,pooled,true,false,2,,33600,2024-08-27,false,true
I01478,mining,mid,ES,hot,medium,3-shift,Loader,consumer,passive,IP66,35,trade-fair,dach,uptime,/products,desktop,guided,standard,pooled,true,true,4,1,4250,2024-11-03,true,false
I01479,food,small,AE,hot,medium,3-shift,Lifter,pro,active,IP65,65,distributor-ME,middle-east,uptime,/pricing,tablet,on-site,standard,pooled,false,true,1,,23200,2024-12-10,true,false
I01480,logistics,small,ES,hot,medium,1-shift,Hoist,pro,liquid,IP65,65,distributor-ME,middle-east,uptime,/products,mobile,on-site,none,dedicated,false,false,0,4,22500,2025-02-08,false,true
I01481,construction,large,SA,hot,low,2-shift,Hoist,industrial,liquid,IP66,90,paid-social,nordics,service,/products,tablet,self,premium,dedicated,false,false,0,,26550,2024-03-05,false,true
I01482,mining,small,SA,hot,medium,3-shift,Conveyor,industrial,active,IP65,90,trade-fair,iberia,durability,/case-studies,tablet,guided,none,dedicated,true,false,1,,54200,2024-11-07,false,true
I01483,logistics,mid,PL,hot,high,3-shift,Hoist,industrial,liquid,IP66,90,trade-fair,middle-east,uptime,/spec-sheets,mobile,guided,premium,dedicated,false,false,0,,53100,2024-04-18,false,true
I01484,mining,small,SA,hot,medium,3-shift,Loader,pro,passive,IP65,65,paid-social,iberia,service,/products,desktop,guided,none,dedicated,true,false,1,5,22400,2024-04-30,true,false
I01485,logistics,mid,PL,temperate,medium,3-shift,Sorter,consumer,active,IP54,35,referral,dach,uptime,/contact,tablet,on-site,none,pooled,false,true,3,1,3850,2025-05-02,true,false
I01486,mining,large,ES,hot,high,1-shift,Loader,consumer,passive,IP66,35,paid-social,benelux,durability,/contact,desktop,on-site,standard,pooled,true,true,2,2,4250,2024-12-15,false,true
I01487,construction,large,AE,temperate,high,2-shift,Conveyor,pro,passive,IP66,65,paid-social,benelux,durability,/pricing,desktop,guided,standard,pooled,false,true,1,,11600,2024-07-10,true,false
I01488,logistics,mid,SE,arctic,medium,2-shift,Sorter,consumer,passive,IP66,35,paid-social,dach,service,/products,desktop,on-site,standard,pooled,false,false,0,4,3800,2024-12-22,false,true
I01489,mining,large,AE,hot,medium,2-shift,Hoist,pro,liquid,IP65,65,distributor-ME,middle-east,uptime,/pricing,desktop,self,none,dedicated,false,false,0,,11250,2024-02-21,false,true
I01490,construction,small,AE,hot,low,1-shift,Lifter,industrial,liquid,IP66,90,paid-social,dach,service,/contact,mobile,guided,none,dedicated,true,false,1,,81000,2025-01-12,false,true
I01491,food,small,DE,temperate,low,3-shift,Sorter,industrial,active,IP54,90,trade-fair,iberia,durability,/contact,desktop,guided,none,dedicated,false,false,0,4,81300,2024-08-01,false,true
I01492,food,large,PL,temperate,high,3-shift,Conveyor,consumer,active,IP54,35,paid-social,middle-east,durability,/products,desktop,on-site,premium,pooled,false,false,2,3,4100,2024-10-09,false,true
I01493,mining,small,SE,temperate,medium,3-shift,Compactor,pro,active,IP65,65,trade-fair,benelux,price,/products,desktop,on-site,standard,pooled,false,false,0,,34800,2025-05-17,false,true
I01494,construction,large,SA,hot,medium,1-shift,Loader,pro,active,IP66,65,distributor-ME,middle-east,uptime,/products,mobile,on-site,none,pooled,false,true,1,4,11300,2025-02-27,false,true
I01495,food,small,FI,arctic,low,1-shift,Hoist,consumer,passive,IP54,35,referral,nordics,uptime,/pricing,desktop,self,standard,pooled,false,false,0,,4500,2025-06-07,false,true
I01496,logistics,small,MA,temperate,low,1-shift,Hoist,industrial,liquid,IP66,90,referral,nordics,uptime,/products,desktop,guided,none,dedicated,false,false,0,,79650,2024-02-17,false,true
I01497,food,large,AE,hot,medium,2-shift,Sorter,consumer,active,IP54,35,distributor-ME,middle-east,uptime,/spec-sheets,desktop,self,standard,pooled,false,false,1,5,11550,2025-01-07,false,true
I01498,food,mid,AE,hot,low,2-shift,Hoist,industrial,liquid,IP66,90,paid-social,dach,service,/pricing,desktop,on-site,none,dedicated,false,false,1,,26550,2025-06-11,false,true
I01499,logistics,small,NO,hot,low,1-shift,Loader,pro,passive,IP65,65,trade-fair,nordics,service,/case-studies,desktop,self,standard,dedicated,true,false,1,,33600,2025-01-09,false,true
I01500,logistics,small,MA,hot,high,1-shift,Hoist,pro,liquid,IP65,65,distributor-ME,middle-east,uptime,/case-studies,desktop,self,standard,pooled,false,false,0,,56250,2024-03-14,false,true
I01501,mining,large,NO,temperate,medium,2-shift,Loader,pro,passive,IP65,65,referral,nordics,uptime,/contact,mobile,on-site,premium,pooled,false,false,1,5,11200,2025-04-19,false,true
I01502,food,small,SA,hot,low,3-shift,Hoist,pro,liquid,IP65,65,trade-fair,nordics,service,/contact,desktop,self,none,dedicated,false,false,0,5,22500,2024-08-20,false,true
I01503,construction,mid,PL,temperate,high,1-shift,Compactor,industrial,liquid,IP66,90,referral,benelux,price,/pricing,desktop,guided,standard,pooled,false,true,1,,53100,2025-06-30,false,true
I01504,construction,small,MA,temperate,high,2-shift,Conveyor,consumer,passive,IP54,35,referral,dach,uptime,/products,desktop,guided,standard,pooled,false,false,0,,3950,2024-06-09,false,true
I01505,food,small,FI,temperate,medium,3-shift,Loader,pro,passive,IP65,65,trade-fair,benelux,price,/spec-sheets,desktop,guided,none,pooled,false,false,0,4,22400,2025-02-12,true,false
I01506,mining,large,SA,hot,medium,3-shift,Hoist,pro,passive,IP66,65,paid-social,dach,service,/spec-sheets,mobile,on-site,none,dedicated,true,false,1,,23500,2025-01-25,false,true
I01507,logistics,small,AE,temperate,high,2-shift,Loader,industrial,liquid,IP65,90,referral,middle-east,service,/products,desktop,guided,premium,dedicated,false,false,0,5,53700,2025-03-26,false,true
I01508,food,small,SE,temperate,low,2-shift,Lifter,pro,passive,IP65,65,paid-social,iberia,service,/case-studies,desktop,guided,standard,dedicated,false,false,0,,23500,2025-04-06,false,true
I01509,construction,mid,DE,temperate,high,1-shift,Conveyor,consumer,active,IP54,35,paid-social,benelux,durability,/case-studies,desktop,self,premium,dedicated,false,false,1,,8200,2025-03-14,false,true
I01510,logistics,small,FI,arctic,high,3-shift,Sorter,pro,liquid,IP66,65,trade-fair,middle-east,uptime,/products,desktop,on-site,none,pooled,false,false,1,,11600,2025-03-25,false,true
I01511,construction,mid,NO,temperate,low,1-shift,Sorter,industrial,active,IP54,90,search,dach,service,/products,tablet,guided,standard,dedicated,false,false,0,,27100,2025-06-27,true,false
I01512,construction,small,MA,hot,high,1-shift,Sorter,industrial,active,IP54,90,search,dach,service,/contact,desktop,on-site,none,dedicated,false,false,0,,27100,2025-03-31,false,true
I01513,logistics,small,PL,temperate,high,1-shift,Sorter,consumer,passive,IP66,35,paid-social,middle-east,durability,/products,desktop,guided,none,pooled,false,true,1,,3800,2024-04-24,false,true
I01514,mining,mid,SE,temperate,low,2-shift,Loader,industrial,liquid,IP65,90,paid-social,benelux,durability,/case-studies,desktop,guided,standard,dedicated,false,false,1,,53700,2024-05-06,false,true
I01515,construction,mid,ES,hot,low,1-shift,Hoist,pro,active,IP65,65,trade-fair,iberia,durability,/pricing,desktop,on-site,none,pooled,false,false,0,4,35400,2025-04-17,false,true
I01516,food,small,AE,hot,high,2-shift,Conveyor,industrial,liquid,IP54,90,distributor-ME,middle-east,uptime,/case-studies,desktop,on-site,standard,dedicated,false,false,0,4,27150,2025-04-21,true,false
I01517,food,mid,AE,hot,low,3-shift,Loader,pro,passive,IP65,65,paid-social,iberia,service,/spec-sheets,mobile,self,premium,pooled,true,true,3,1,11200,2024-12-08,false,true
I01518,construction,mid,FI,temperate,high,2-shift,Conveyor,pro,passive,IP66,65,paid-social,nordics,service,/spec-sheets,tablet,on-site,none,pooled,false,false,0,,11600,2024-11-28,false,true
I01519,food,large,SA,hot,medium,3-shift,Sorter,pro,liquid,IP66,65,distributor-ME,middle-east,uptime,/products,mobile,self,standard,dedicated,true,false,1,5,34800,2024-04-06,false,true
I01520,food,mid,ES,hot,medium,3-shift,Hoist,pro,active,IP65,65,paid-social,benelux,durability,/pricing,mobile,guided,standard,pooled,false,false,0,5,11800,2025-02-11,false,true
I01521,logistics,mid,PL,temperate,low,2-shift,Hoist,pro,passive,IP66,65,paid-social,dach,service,/spec-sheets,desktop,on-site,standard,dedicated,false,false,0,5,23500,2025-02-11,false,true
I01522,construction,mid,AE,temperate,medium,2-shift,Sorter,consumer,active,IP54,35,search,dach,service,/contact,desktop,on-site,standard,dedicated,false,false,0,4,11550,2024-10-02,false,true
I01523,logistics,small,FI,temperate,low,2-shift,Loader,consumer,active,IP66,35,paid-social,iberia,service,/case-studies,mobile,guided,premium,dedicated,false,false,3,2,8200,2024-03-08,false,true
I01524,logistics,small,MA,hot,high,1-shift,Lifter,consumer,active,IP65,35,paid-social,iberia,service,/spec-sheets,desktop,guided,none,pooled,false,true,1,2,13500,2024-05-27,false,true
I01525,food,mid,PL,temperate,low,2-shift,Lifter,industrial,active,IP66,90,trade-fair,nordics,service,/spec-sheets,desktop,on-site,standard,pooled,false,false,0,,26600,2024-05-01,false,true
I01526,construction,large,SE,temperate,low,3-shift,Compactor,industrial,liquid,IP66,90,paid-social,nordics,service,/products,mobile,guided,standard,pooled,true,true,1,5,26550,2024-12-25,true,false
I01527,food,small,MA,hot,medium,3-shift,Sorter,industrial,liquid,IP54,90,paid-social,middle-east,durability,/products,mobile,guided,standard,dedicated,true,false,1,,27150,2024-11-27,false,true
I01528,mining,small,SA,hot,medium,3-shift,Conveyor,consumer,active,IP54,35,search,benelux,durability,/contact,desktop,on-site,standard,dedicated,true,false,2,,4100,2024-09-13,true,false
I01529,construction,large,SA,hot,medium,1-shift,Lifter,industrial,liquid,IP66,90,trade-fair,benelux,price,/products,desktop,self,premium,dedicated,false,false,0,5,54000,2025-03-26,false,true
I01530,construction,large,SA,hot,medium,1-shift,Loader,industrial,liquid,IP65,90,search,iberia,service,/pricing,desktop,self,standard,dedicated,false,true,1,5,80550,2025-01-03,true,false
I01531,food,small,NO,temperate,low,1-shift,Conveyor,pro,active,IP65,65,trade-fair,dach,uptime,/products,mobile,on-site,standard,dedicated,false,false,1,5,58500,2024-08-21,false,true
I01532,construction,small,ES,hot,medium,1-shift,Lifter,industrial,active,IP66,90,distributor-ME,middle-east,uptime,/products,tablet,self,standard,dedicated,false,false,0,4,26600,2024-11-08,false,true
I01533,construction,small,ES,temperate,low,1-shift,Loader,pro,liquid,IP54,65,referral,iberia,price,/products,desktop,on-site,standard,pooled,false,false,0,,11850,2025-03-16,false,true
I01534,food,small,NO,temperate,low,1-shift,Compactor,pro,active,IP65,65,search,dach,service,/products,desktop,on-site,premium,dedicated,false,false,0,,23200,2025-06-19,false,true
I01535,food,small,SE,temperate,medium,3-shift,Compactor,consumer,active,IP54,35,referral,dach,uptime,/spec-sheets,desktop,guided,none,dedicated,true,false,2,,4500,2024-07-21,false,true
I01536,construction,small,AE,hot,low,2-shift,Compactor,industrial,active,IP66,90,distributor-ME,middle-east,uptime,/case-studies,desktop,on-site,premium,pooled,false,false,0,4,26600,2025-05-18,false,true
I01537,construction,large,SA,hot,high,1-shift,Compactor,consumer,active,IP54,35,referral,nordics,uptime,/case-studies,tablet,on-site,standard,pooled,true,true,1,,9000,2024-07-17,false,true
I01538,food,small,DE,hot,high,2-shift,Conveyor,consumer,active,IP54,35,distributor-ME,middle-east,uptime,/contact,desktop,self,standard,pooled,false,false,0,4,4100,2025-07-21,false,true
I01539,logistics,large,DE,temperate,high,1-shift,Compactor,pro,liquid,IP54,65,search,dach,service,/spec-sheets,desktop,on-site,standard,pooled,false,true,1,2,11600,2024-09-14,false,true
I01540,mining,small,SE,arctic,high,3-shift,Hoist,consumer,passive,IP54,35,search,middle-east,uptime,/spec-sheets,tablet,self,none,pooled,false,true,1,,4500,2024-09-18,true,false
I01541,mining,large,DE,temperate,high,1-shift,Lifter,consumer,active,IP65,35,referral,iberia,price,/spec-sheets,mobile,guided,none,dedicated,false,false,0,,22500,2025-02-01,false,true
I01542,construction,large,MA,hot,medium,2-shift,Loader,industrial,active,IP66,90,search,nordics,durability,/pricing,tablet,on-site,none,dedicated,false,false,0,,27050,2025-04-07,false,true
I01543,construction,small,DE,temperate,high,3-shift,Hoist,pro,liquid,IP65,65,search,benelux,durability,/products,mobile,self,none,dedicated,false,false,0,,22500,2025-03-10,true,false
I01544,construction,mid,NO,temperate,high,2-shift,Sorter,pro,passive,IP54,65,referral,dach,uptime,/pricing,desktop,guided,standard,pooled,false,false,1,3,23700,2025-01-23,true,false
I01545,construction,small,SE,arctic,low,1-shift,Conveyor,industrial,active,IP65,90,trade-fair,dach,uptime,/products,mobile,guided,standard,pooled,false,true,1,3,54200,2024-05-04,false,true
I01546,mining,large,MA,hot,medium,1-shift,Conveyor,pro,passive,IP66,65,distributor-ME,middle-east,uptime,/spec-sheets,mobile,self,standard,pooled,true,true,3,,11600,2025-05-22,true,false
I01547,mining,small,NO,temperate,high,3-shift,Loader,pro,active,IP66,65,paid-social,dach,service,/pricing,desktop,guided,none,pooled,false,false,0,,33900,2024-11-04,false,true
I01548,logistics,small,AE,hot,low,2-shift,Loader,industrial,active,IP66,90,distributor-ME,middle-east,uptime,/spec-sheets,mobile,self,none,dedicated,false,false,0,,81150,2024-07-21,false,true
I01549,logistics,small,MA,hot,low,1-shift,Compactor,pro,liquid,IP54,65,search,iberia,service,/pricing,mobile,self,none,pooled,true,false,1,,11600,2025-08-23,true,false
I01550,mining,small,SE,hot,high,3-shift,Conveyor,industrial,liquid,IP54,90,distributor-ME,middle-east,uptime,/products,desktop,on-site,premium,dedicated,false,false,0,4,135750,2025-01-25,false,true
I01551,mining,large,PL,temperate,medium,3-shift,Hoist,pro,active,IP65,65,referral,benelux,price,/contact,desktop,guided,standard,pooled,false,false,0,,11800,2024-12-26,true,false
I01552,construction,mid,NO,temperate,low,1-shift,Conveyor,industrial,active,IP65,90,trade-fair,dach,uptime,/case-studies,mobile,guided,none,dedicated,false,false,0,,81300,2025-04-18,true,false
I01553,food,large,ES,hot,high,1-shift,Lifter,pro,active,IP65,65,search,dach,service,/products,mobile,on-site,none,dedicated,false,false,0,,11600,2024-12-24,false,true
I01554,mining,small,SE,arctic,high,1-shift,Hoist,consumer,active,IP66,35,paid-social,benelux,durability,/case-studies,desktop,guided,standard,dedicated,false,false,2,4,11550,2024-03-31,false,true
I01555,logistics,small,MA,temperate,high,2-shift,Loader,consumer,active,IP66,35,referral,nordics,uptime,/case-studies,mobile,guided,premium,pooled,false,false,0,,12300,2025-06-13,false,true
I01556,food,small,ES,hot,medium,1-shift,Conveyor,industrial,active,IP65,90,referral,iberia,price,/spec-sheets,desktop,guided,premium,dedicated,false,false,0,5,54200,2024-05-02,false,true
I01557,logistics,mid,PL,temperate,high,3-shift,Conveyor,pro,liquid,IP65,65,referral,nordics,uptime,/pricing,desktop,guided,standard,pooled,false,false,0,5,23400,2025-01-18,false,true
I01558,mining,large,ES,temperate,medium,1-shift,Sorter,consumer,passive,IP66,35,trade-fair,iberia,durability,/spec-sheets,tablet,self,standard,pooled,false,false,1,,3800,2025-05-17,false,true
I01559,mining,mid,SE,arctic,high,1-shift,Loader,pro,passive,IP65,65,trade-fair,dach,uptime,/products,desktop,guided,premium,dedicated,false,false,1,3,33600,2024-11-03,false,true
I01560,food,mid,AE,hot,medium,3-shift,Hoist,industrial,liquid,IP66,90,trade-fair,middle-east,uptime,/case-studies,mobile,self,standard,dedicated,false,false,0,5,53100,2024-02-01,false,true
I01561,construction,mid,DE,temperate,medium,3-shift,Lifter,pro,liquid,IP54,65,referral,nordics,uptime,/spec-sheets,desktop,on-site,standard,pooled,true,false,1,,11750,2025-05-19,false,true
I01562,food,small,MA,temperate,low,2-shift,Conveyor,industrial,active,IP65,90,referral,middle-east,service,/products,mobile,on-site,standard,dedicated,false,false,0,,54200,2024-03-22,false,true
I01563,mining,small,PL,temperate,high,3-shift,Conveyor,pro,liquid,IP65,65,search,benelux,durability,/products,mobile,self,premium,dedicated,false,false,1,5,23400,2025-08-20,false,true
I01564,mining,small,ES,hot,high,2-shift,Hoist,pro,active,IP65,65,trade-fair,iberia,durability,/pricing,mobile,on-site,standard,pooled,false,false,0,,11800,2025-03-09,true,false
I01565,food,large,MA,hot,low,3-shift,Hoist,pro,active,IP65,65,paid-social,iberia,service,/contact,desktop,self,standard,dedicated,false,false,0,,23600,2025-05-23,false,true
I01566,logistics,mid,SA,hot,high,1-shift,Sorter,industrial,active,IP54,90,distributor-ME,middle-east,uptime,/contact,tablet,guided,standard,pooled,false,true,1,,27100,2024-10-12,false,true
I01567,food,small,PL,temperate,medium,2-shift,Conveyor,pro,passive,IP66,65,trade-fair,iberia,durability,/pricing,desktop,guided,standard,dedicated,false,false,0,,23200,2024-10-31,false,true
I01568,construction,small,MA,hot,high,1-shift,Lifter,industrial,liquid,IP66,90,search,iberia,service,/products,mobile,on-site,standard,pooled,true,true,1,5,54000,2024-09-04,false,true
I01569,logistics,mid,FI,temperate,low,2-shift,Lifter,pro,passive,IP65,65,referral,middle-east,service,/pricing,desktop,guided,none,dedicated,false,false,1,,23500,2024-03-09,false,true
I01570,food,small,AE,hot,medium,2-shift,Hoist,pro,liquid,IP65,65,search,benelux,durability,/case-studies,desktop,guided,standard,dedicated,false,false,1,,22500,2025-03-03,false,true
I01571,construction,mid,MA,hot,low,1-shift,Lifter,consumer,active,IP65,35,distributor-ME,middle-east,uptime,/pricing,desktop,on-site,none,pooled,true,true,1,,13500,2025-01-31,false,true
I01572,food,mid,FI,temperate,high,2-shift,Conveyor,consumer,active,IP54,35,trade-fair,middle-east,uptime,/spec-sheets,desktop,guided,standard,pooled,false,true,1,4,8200,2025-02-15,false,true
I01573,logistics,small,PL,temperate,low,1-shift,Sorter,pro,passive,IP54,65,paid-social,middle-east,durability,/case-studies,mobile,on-site,none,dedicated,false,false,0,4,23700,2025-03-31,false,true
I01574,mining,small,SA,hot,high,1-shift,Lifter,consumer,active,IP65,35,trade-fair,benelux,price,/contact,desktop,self,premium,dedicated,false,false,1,2,22500,2025-07-27,false,true
I01575,food,mid,PL,arctic,low,2-shift,Loader,industrial,liquid,IP65,90,paid-social,benelux,durability,/contact,mobile,self,standard,pooled,false,false,0,,26850,2025-02-13,false,true
I01576,mining,mid,ES,hot,medium,3-shift,Lifter,pro,active,IP65,65,distributor-ME,middle-east,uptime,/case-studies,mobile,self,none,pooled,false,false,0,5,11600,2024-10-13,true,false
I01577,logistics,mid,AE,hot,low,1-shift,Hoist,industrial,liquid,IP66,90,referral,benelux,price,/pricing,mobile,on-site,none,dedicated,false,false,1,4,53100,2024-08-10,false,true
I01578,mining,small,ES,hot,medium,1-shift,Loader,consumer,passive,IP66,35,paid-social,benelux,durability,/pricing,tablet,self,none,dedicated,true,false,3,,12750,2024-05-11,true,false
I01579,mining,large,DE,hot,medium,2-shift,Compactor,industrial,active,IP66,90,distributor-ME,middle-east,uptime,/products,desktop,self,premium,dedicated,false,false,0,,26600,2024-06-25,false,true
I01580,construction,mid,PL,temperate,medium,2-shift,Lifter,pro,active,IP65,65,referral,nordics,uptime,/products,desktop,on-site,premium,pooled,false,true,1,2,11600,2024-09-19,false,true
I01581,food,large,MA,hot,low,3-shift,Loader,pro,active,IP66,65,paid-social,iberia,service,/contact,mobile,self,premium,dedicated,false,false,0,4,11300,2024-11-17,false,true
I01582,food,mid,DE,temperate,low,3-shift,Lifter,industrial,liquid,IP66,90,trade-fair,benelux,price,/spec-sheets,desktop,guided,standard,pooled,false,false,0,,54000,2025-02-18,false,true
I01583,logistics,mid,FI,arctic,high,3-shift,Conveyor,pro,liquid,IP65,65,paid-social,benelux,durability,/products,mobile,on-site,standard,pooled,false,false,0,4,11700,2025-06-14,false,true
I01584,food,mid,DE,temperate,low,2-shift,Conveyor,industrial,liquid,IP54,90,distributor-ME,middle-east,uptime,/case-studies,desktop,on-site,standard,dedicated,true,false,1,,81450,2024-05-05,false,true
I01585,food,mid,PL,temperate,medium,2-shift,Loader,industrial,liquid,IP65,90,referral,dach,uptime,/spec-sheets,mobile,on-site,standard,dedicated,false,false,1,5,80550,2024-03-19,false,true
I01586,logistics,mid,SA,hot,high,1-shift,Compactor,pro,passive,IP54,65,referral,benelux,price,/case-studies,desktop,self,none,pooled,true,true,3,2,11300,2024-06-04,true,false
I01587,logistics,mid,MA,temperate,low,1-shift,Hoist,pro,liquid,IP65,65,referral,benelux,price,/contact,desktop,on-site,standard,dedicated,false,false,0,,33750,2025-01-12,false,true
I01588,construction,small,ES,temperate,low,1-shift,Conveyor,consumer,active,IP54,35,referral,nordics,uptime,/pricing,desktop,self,premium,pooled,false,false,0,,12300,2025-01-02,false,true
I01589,food,small,PL,hot,medium,3-shift,Lifter,industrial,liquid,IP66,90,paid-social,nordics,service,/case-studies,mobile,self,standard,pooled,false,false,0,4,81000,2024-06-23,false,true
I01590,mining,small,SE,temperate,medium,3-shift,Sorter,industrial,active,IP54,90,referral,iberia,price,/spec-sheets,desktop,on-site,none,dedicated,false,false,0,,81300,2024-11-29,false,true
I01591,mining,small,ES,hot,medium,3-shift,Conveyor,pro,passive,IP66,65,search,nordics,durability,/contact,desktop,guided,standard,pooled,true,true,2,3,11600,2024-05-05,true,false
I01592,construction,small,SE,temperate,high,1-shift,Sorter,pro,active,IP65,65,referral,dach,uptime,/contact,mobile,self,standard,pooled,false,false,1,5,34500,2025-07-30,false,true
I01593,mining,large,PL,temperate,low,3-shift,Lifter,pro,liquid,IP54,65,search,dach,service,/pricing,tablet,guided,standard,pooled,false,false,0,4,11750,2024-06-02,false,true
I01594,construction,mid,NO,arctic,medium,1-shift,Sorter,consumer,passive,IP66,35,paid-social,benelux,durability,/pricing,desktop,on-site,standard,dedicated,false,false,0,,3800,2024-06-02,false,true
I01595,food,small,AE,temperate,medium,3-shift,Hoist,pro,passive,IP66,65,trade-fair,nordics,service,/contact,mobile,self,standard,dedicated,false,false,0,,11750,2024-10-14,false,true
I01596,logistics,mid,FI,temperate,low,2-shift,Conveyor,pro,active,IP65,65,referral,benelux,price,/contact,mobile,guided,standard,dedicated,false,false,0,,23400,2024-04-26,false,true
I01597,mining,small,AE,hot,medium,1-shift,Conveyor,pro,active,IP65,65,trade-fair,iberia,durability,/pricing,desktop,on-site,none,pooled,true,true,2,,23400,2025-04-11,false,true
I01598,food,large,PL,temperate,high,1-shift,Sorter,industrial,liquid,IP54,90,search,benelux,durability,/products,desktop,self,standard,pooled,false,true,1,,54300,2025-01-03,false,true
I01599,mining,mid,SE,temperate,low,3-shift,Lifter,pro,passive,IP65,65,paid-social,iberia,service,/spec-sheets,desktop,on-site,standard,dedicated,false,false,0,5,23500,2025-03-12,false,true
I01600,food,small,DE,hot,high,2-shift,Hoist,consumer,active,IP66,35,distributor-ME,middle-east,uptime,/contact,tablet,on-site,premium,pooled,false,true,1,4,11550,2025-03-25,false,true
I01601,food,small,MA,hot,high,2-shift,Hoist,pro,liquid,IP65,65,distributor-ME,middle-east,uptime,/contact,desktop,guided,standard,dedicated,false,false,0,,22500,2025-07-15,false,true
I01602,mining,mid,AE,hot,medium,1-shift,Loader,consumer,passive,IP66,35,paid-social,middle-east,durability,/spec-sheets,desktop,guided,standard,pooled,true,true,2,,4250,2024-07-25,true,false
I01603,logistics,mid,ES,arctic,medium,2-shift,Sorter,consumer,active,IP54,35,trade-fair,dach,uptime,/pricing,desktop,on-site,standard,dedicated,false,false,0,,3850,2024-07-07,false,true
I01604,construction,large,PL,temperate,high,2-shift,Loader,consumer,active,IP66,35,search,benelux,durability,/pricing,tablet,on-site,standard,pooled,false,true,1,,4100,2024-07-27,false,true
I01605,food,mid,AE,hot,medium,2-shift,Compactor,pro,passive,IP54,65,distributor-ME,middle-east,uptime,/contact,desktop,guided,none,pooled,true,true,2,,11300,2024-05-22,true,false
I01606,construction,small,SA,hot,medium,1-shift,Hoist,pro,liquid,IP65,65,search,benelux,durability,/spec-sheets,desktop,self,premium,pooled,true,true,2,,22500,2024-07-31,false,true
I01607,construction,small,AE,hot,low,2-shift,Lifter,pro,liquid,IP54,65,referral,benelux,price,/case-studies,desktop,on-site,none,dedicated,false,false,0,,11750,2025-03-17,true,false
I01608,food,small,AE,temperate,medium,3-shift,Lifter,consumer,passive,IP54,35,paid-social,benelux,durability,/spec-sheets,desktop,self,standard,pooled,false,true,1,,8200,2024-11-22,false,true
I01609,logistics,large,MA,hot,high,2-shift,Conveyor,industrial,liquid,IP54,90,distributor-ME,middle-east,uptime,/case-studies,tablet,guided,none,dedicated,true,false,3,5,54300,2024-12-19,false,true
I01610,logistics,small,AE,hot,medium,1-shift,Compactor,pro,passive,IP54,65,trade-fair,middle-east,uptime,/spec-sheets,desktop,self,standard,dedicated,true,false,1,1,33900,2024-04-21,false,true
I01611,food,small,FI,arctic,low,1-shift,Conveyor,consumer,active,IP54,35,trade-fair,nordics,service,/contact,desktop,on-site,standard,dedicated,false,false,1,,12300,2025-05-24,false,true
I01612,logistics,small,NO,arctic,high,1-shift,Lifter,industrial,active,IP66,90,search,middle-east,uptime,/case-studies,mobile,guided,standard,dedicated,false,false,0,,133000,2025-05-24,false,true
I01613,mining,small,AE,hot,medium,3-shift,Hoist,pro,active,IP65,65,referral,dach,uptime,/spec-sheets,desktop,on-site,none,dedicated,false,false,0,4,23600,2024-09-17,false,true
I01614,logistics,small,MA,hot,high,1-shift,Compactor,pro,active,IP65,65,search,benelux,durability,/case-studies,mobile,guided,standard,dedicated,true,false,1,,58000,2025-03-09,false,true
I01615,food,small,NO,temperate,low,1-shift,Loader,industrial,liquid,IP65,90,paid-social,nordics,service,/products,mobile,self,standard,pooled,true,true,2,,26850,2025-05-14,true,false
I01616,logistics,small,DE,hot,high,1-shift,Lifter,pro,liquid,IP54,65,search,nordics,durability,/products,tablet,guided,standard,dedicated,false,false,0,,11750,2024-05-07,false,true
I01617,food,large,SA,hot,low,2-shift,Conveyor,consumer,passive,IP54,35,trade-fair,dach,uptime,/pricing,desktop,on-site,none,dedicated,true,false,4,,3950,2025-08-19,true,false
I01618,food,large,MA,hot,low,1-shift,Conveyor,pro,active,IP65,65,distributor-ME,middle-east,uptime,/products,desktop,guided,premium,dedicated,false,false,0,,11700,2025-04-25,false,true
I01619,mining,mid,SE,hot,low,3-shift,Compactor,pro,liquid,IP54,65,distributor-ME,middle-east,uptime,/pricing,desktop,on-site,premium,dedicated,false,false,0,5,34800,2025-05-27,false,true
I01620,food,small,FI,temperate,medium,2-shift,Compactor,consumer,active,IP54,35,search,middle-east,uptime,/contact,mobile,on-site,standard,pooled,false,false,0,,9000,2024-11-03,false,true
I01621,food,small,NO,temperate,medium,3-shift,Hoist,pro,active,IP65,65,trade-fair,dach,uptime,/spec-sheets,desktop,self,none,pooled,false,false,0,5,11800,2025-06-19,false,true
I01622,logistics,mid,PL,temperate,high,3-shift,Lifter,consumer,active,IP65,35,paid-social,benelux,durability,/products,desktop,self,none,pooled,false,false,2,,4500,2024-07-03,false,true
I01623,mining,small,MA,hot,medium,3-shift,Compactor,consumer,passive,IP66,35,trade-fair,dach,uptime,/products,desktop,self,none,dedicated,false,false,0,,8600,2025-02-25,true,false
I01624,construction,mid,FI,temperate,high,2-shift,Sorter,consumer,passive,IP66,35,referral,benelux,price,/pricing,mobile,self,premium,pooled,false,true,1,,7600,2024-10-20,false,true
I01625,construction,mid,PL,temperate,medium,2-shift,Conveyor,pro,passive,IP66,65,search,middle-east,uptime,/case-studies,desktop,self,standard,pooled,true,true,2,,11600,2025-02-18,false,true
I01626,food,mid,DE,hot,high,3-shift,Sorter,industrial,liquid,IP54,90,distributor-ME,middle-east,uptime,/products,desktop,self,premium,dedicated,false,false,0,4,81450,2024-10-12,false,true
I01627,food,mid,AE,hot,medium,3-shift,Lifter,pro,active,IP65,65,referral,middle-east,service,/contact,desktop,on-site,standard,dedicated,true,false,2,,11600,2024-08-05,false,true
I01628,logistics,mid,PL,hot,high,1-shift,Lifter,consumer,active,IP65,35,distributor-ME,middle-east,uptime,/products,desktop,on-site,none,pooled,false,true,1,4,4500,2024-12-04,false,true
I01629,logistics,small,AE,hot,high,1-shift,Sorter,pro,passive,IP54,65,trade-fair,benelux,price,/pricing,desktop,on-site,premium,dedicated,true,true,2,,11850,2024-12-21,false,true
I01630,food,small,PL,temperate,low,3-shift,Hoist,pro,passive,IP66,65,paid-social,benelux,durability,/spec-sheets,tablet,on-site,standard,dedicated,false,false,0,5,23500,2024-06-03,true,false
I01631,logistics,small,NO,arctic,high,1-shift,Conveyor,pro,passive,IP66,65,paid-social,middle-east,durability,/case-studies,desktop,self,none,dedicated,false,false,1,,23200,2024-10-01,false,true
I01632,mining,small,NO,temperate,high,3-shift,Hoist,pro,liquid,IP65,65,trade-fair,dach,uptime,/pricing,mobile,guided,standard,pooled,true,false,1,4,11250,2025-06-22,false,true
I01633,construction,small,PL,hot,low,2-shift,Conveyor,pro,passive,IP66,65,distributor-ME,middle-east,uptime,/spec-sheets,desktop,self,standard,pooled,true,true,2,1,11600,2024-09-23,true,false
I01634,construction,large,SA,hot,medium,1-shift,Loader,industrial,liquid,IP65,90,trade-fair,middle-east,uptime,/contact,tablet,on-site,premium,dedicated,false,false,0,,26850,2024-10-02,true,false
I01635,construction,small,AE,hot,low,2-shift,Lifter,industrial,active,IP66,90,search,iberia,service,/spec-sheets,desktop,self,none,pooled,false,false,0,4,26600,2025-04-24,false,true
I01636,food,small,DE,hot,medium,3-shift,Hoist,industrial,liquid,IP66,90,distributor-ME,middle-east,uptime,/contact,desktop,guided,none,pooled,true,true,1,2,26550,2025-02-07,false,true
I01637,food,small,DE,hot,medium,3-shift,Compactor,pro,active,IP65,65,distributor-ME,middle-east,uptime,/case-studies,desktop,guided,standard,dedicated,false,false,0,,34800,2024-10-27,false,true
I01638,food,large,MA,hot,low,1-shift,Conveyor,pro,passive,IP66,65,distributor-ME,middle-east,uptime,/products,desktop,guided,premium,dedicated,true,true,2,,23200,2024-06-12,false,true
I01639,construction,small,FI,temperate,low,2-shift,Hoist,industrial,active,IP66,90,referral,iberia,price,/products,tablet,self,none,dedicated,false,false,0,,79200,2024-12-10,false,true
I01640,logistics,mid,FI,arctic,high,3-shift,Conveyor,industrial,liquid,IP54,90,paid-social,dach,service,/case-studies,desktop,on-site,standard,pooled,false,false,0,,27150,2025-07-27,false,true
I01641,construction,large,MA,temperate,medium,1-shift,Loader,pro,passive,IP65,65,trade-fair,dach,uptime,/products,desktop,self,standard,pooled,false,false,1,3,11200,2024-12-03,false,true
I01642,logistics,small,DE,hot,high,1-shift,Lifter,pro,liquid,IP54,65,search,nordics,durability,/case-studies,desktop,on-site,none,dedicated,true,false,1,2,35250,2025-07-31,false,true
I01643,food,large,MA,hot,high,3-shift,Conveyor,consumer,passive,IP54,35,paid-social,iberia,service,/contact,desktop,self,none,pooled,true,true,4,,3950,2025-01-08,true,false
I01644,food,mid,PL,temperate,high,3-shift,Conveyor,pro,active,IP65,65,search,benelux,durability,/spec-sheets,desktop,guided,standard,pooled,false,false,0,,11700,2025-02-13,false,true
I01645,food,small,PL,hot,medium,2-shift,Compactor,pro,passive,IP54,65,distributor-ME,middle-east,uptime,/case-studies,tablet,self,premium,dedicated,true,false,2,4,33900,2024-12-03,true,false
I01646,food,mid,MA,hot,medium,3-shift,Compactor,consumer,active,IP54,35,distributor-ME,middle-east,uptime,/spec-sheets,mobile,self,premium,pooled,true,true,2,,4500,2024-09-07,true,false
I01647,logistics,large,NO,temperate,low,1-shift,Conveyor,pro,active,IP65,65,paid-social,middle-east,durability,/spec-sheets,desktop,self,none,pooled,false,true,2,2,11700,2025-05-21,true,false
I01648,mining,large,PL,temperate,medium,3-shift,Loader,pro,passive,IP65,65,referral,nordics,uptime,/products,desktop,on-site,premium,dedicated,false,false,0,4,22400,2024-11-12,false,true
I01649,mining,small,NO,arctic,high,2-shift,Sorter,industrial,active,IP54,90,referral,iberia,price,/pricing,desktop,on-site,standard,dedicated,false,false,0,,81300,2025-02-18,false,true
I01650,logistics,small,AE,hot,high,2-shift,Conveyor,industrial,active,IP65,90,search,nordics,durability,/spec-sheets,desktop,self,standard,dedicated,false,false,0,,81300,2024-10-14,false,true
I01651,logistics,mid,MA,hot,medium,3-shift,Lifter,industrial,active,IP66,90,distributor-ME,middle-east,uptime,/contact,mobile,guided,none,dedicated,false,false,0,,53200,2025-03-02,false,true
I01652,food,mid,SE,temperate,low,3-shift,Lifter,industrial,liquid,IP66,90,paid-social,nordics,service,/spec-sheets,desktop,guided,standard,dedicated,false,false,1,,27000,2024-08-10,false,true
I01653,logistics,large,SE,temperate,high,3-shift,Hoist,industrial,liquid,IP66,90,referral,dach,uptime,/products,mobile,on-site,premium,pooled,false,false,0,5,53100,2024-09-29,false,true
I01654,mining,small,NO,temperate,high,3-shift,Sorter,consumer,active,IP54,35,trade-fair,dach,uptime,/products,desktop,on-site,none,dedicated,false,false,0,4,3850,2025-01-01,true,false
I01655,food,mid,SE,arctic,high,2-shift,Lifter,industrial,active,IP66,90,search,iberia,service,/pricing,desktop,on-site,standard,dedicated,true,false,1,2,26600,2025-07-29,false,true
I01656,construction,mid,SE,hot,high,1-shift,Compactor,pro,liquid,IP54,65,referral,middle-east,service,/case-studies,mobile,self,standard,pooled,false,true,1,,23200,2025-03-04,true,false
I01657,logistics,mid,FI,arctic,high,3-shift,Compactor,consumer,active,IP54,35,paid-social,benelux,durability,/products,desktop,self,premium,pooled,false,true,2,,4500,2025-03-04,false,true
I01658,logistics,small,DE,temperate,medium,1-shift,Lifter,pro,liquid,IP54,65,paid-social,middle-east,durability,/pricing,desktop,guided,none,dedicated,false,false,1,,11750,2024-04-08,false,true
I01659,mining,small,MA,hot,medium,3-shift,Loader,industrial,active,IP66,90,trade-fair,middle-east,uptime,/spec-sheets,mobile,guided,none,pooled,true,true,2,3,54100,2024-12-18,false,true
I01660,logistics,small,MA,temperate,low,1-shift,Hoist,pro,active,IP65,65,trade-fair,benelux,price,/case-studies,mobile,on-site,standard,pooled,false,false,0,,11800,2025-06-19,false,true
I01661,mining,large,ES,hot,medium,2-shift,Lifter,industrial,active,IP66,90,trade-fair,middle-east,uptime,/contact,tablet,self,premium,pooled,false,false,0,4,53200,2025-05-09,false,true
I01662,food,small,MA,hot,high,2-shift,Sorter,consumer,passive,IP66,35,search,middle-east,uptime,/spec-sheets,desktop,guided,standard,pooled,true,true,3,4,7600,2024-07-07,true,false
I01663,food,small,SE,temperate,medium,2-shift,Loader,pro,liquid,IP54,65,trade-fair,dach,uptime,/case-studies,desktop,guided,none,dedicated,false,false,1,4,35550,2025-06-16,false,true
I01664,food,mid,ES,hot,low,2-shift,Loader,pro,active,IP66,65,distributor-ME,middle-east,uptime,/products,tablet,self,standard,pooled,false,false,0,5,11300,2024-04-16,false,true
I01665,mining,small,FI,temperate,low,3-shift,Loader,pro,active,IP66,65,search,nordics,durability,/spec-sheets,desktop,guided,premium,dedicated,false,false,0,4,33900,2025-01-14,false,true
I01666,construction,mid,MA,hot,high,1-shift,Lifter,pro,passive,IP65,65,distributor-ME,middle-east,uptime,/case-studies,desktop,guided,standard,dedicated,true,true,1,,58750,2025-06-24,true,false
I01667,construction,mid,SE,hot,high,1-shift,Hoist,pro,liquid,IP65,65,distributor-ME,middle-east,uptime,/products,desktop,self,none,dedicated,false,false,1,1,22500,2025-06-13,false,true
I01668,food,mid,AE,hot,low,3-shift,Sorter,industrial,active,IP54,90,referral,benelux,price,/spec-sheets,desktop,guided,premium,dedicated,false,false,0,5,27100,2024-06-24,false,true
I01669,food,small,DE,hot,high,3-shift,Conveyor,pro,passive,IP66,65,referral,middle-east,service,/contact,desktop,guided,standard,dedicated,true,true,4,4,23200,2025-05-17,false,true
I01670,food,small,MA,hot,low,3-shift,Loader,pro,active,IP66,65,search,benelux,durability,/pricing,desktop,guided,standard,dedicated,false,false,1,5,11300,2025-01-01,true,false
I01671,logistics,mid,NO,arctic,medium,3-shift,Compactor,industrial,liquid,IP66,90,paid-social,iberia,service,/contact,tablet,on-site,standard,pooled,true,true,2,1,26550,2024-04-15,false,true
I01672,construction,mid,SA,hot,medium,1-shift,Sorter,industrial,active,IP54,90,distributor-ME,middle-east,uptime,/pricing,mobile,guided,none,pooled,true,true,1,,135500,2024-04-29,true,false
I01673,mining,small,ES,hot,high,3-shift,Lifter,consumer,active,IP65,35,distributor-ME,middle-east,uptime,/products,desktop,self,none,dedicated,false,true,3,,4500,2024-12-29,true,false
I01674,mining,small,MA,hot,medium,3-shift,Compactor,pro,liquid,IP54,65,trade-fair,nordics,service,/contact,tablet,on-site,standard,dedicated,false,false,1,,34800,2025-04-30,false,true
I01675,logistics,mid,ES,temperate,medium,2-shift,Hoist,consumer,passive,IP54,35,referral,benelux,price,/case-studies,mobile,guided,none,pooled,false,true,1,,4500,2024-12-15,false,true
I01676,construction,large,MA,temperate,medium,1-shift,Loader,industrial,liquid,IP65,90,referral,middle-east,service,/contact,desktop,on-site,premium,dedicated,true,false,2,,134250,2024-10-15,false,true
I01677,construction,mid,PL,hot,high,3-shift,Loader,industrial,liquid,IP65,90,trade-fair,benelux,price,/case-studies,mobile,guided,premium,dedicated,false,false,0,,26850,2025-05-09,false,true
I01678,logistics,small,MA,hot,high,1-shift,Conveyor,pro,passive,IP66,65,search,nordics,durability,/pricing,desktop,on-site,none,pooled,true,true,4,,11600,2025-01-31,false,true
I01679,food,small,PL,temperate,medium,2-shift,Hoist,consumer,passive,IP54,35,referral,dach,uptime,/case-studies,desktop,self,standard,dedicated,true,false,1,,22500,2024-04-12,false,true
I01680,construction,small,AE,temperate,medium,1-shift,Compactor,pro,passive,IP54,65,search,nordics,durability,/spec-sheets,mobile,guided,standard,dedicated,false,false,0,5,33900,2024-12-21,true,false
I01681,logistics,small,SA,hot,medium,2-shift,Compactor,pro,passive,IP54,65,trade-fair,iberia,durability,/products,mobile,on-site,standard,dedicated,true,false,3,,22600,2025-03-29,false,true
I01682,food,mid,AE,hot,high,1-shift,Sorter,pro,passive,IP54,65,trade-fair,middle-east,uptime,/spec-sheets,desktop,self,standard,pooled,true,false,2,5,11850,2025-03-06,false,true
I01683,mining,small,SA,hot,high,1-shift,Compactor,pro,active,IP65,65,distributor-ME,middle-east,uptime,/products,desktop,guided,standard,pooled,true,true,3,,23200,2024-03-05,false,true
I01684,food,small,SA,hot,high,3-shift,Hoist,pro,passive,IP66,65,distributor-ME,middle-east,uptime,/contact,mobile,guided,standard,dedicated,true,false,2,,23500,2024-03-30,false,true
I01685,mining,large,MA,hot,low,2-shift,Conveyor,industrial,active,IP65,90,distributor-ME,middle-east,uptime,/contact,desktop,on-site,standard,dedicated,true,false,2,2,81300,2025-03-09,true,false
I01686,construction,large,MA,hot,high,3-shift,Hoist,pro,passive,IP66,65,search,dach,service,/pricing,desktop,self,standard,pooled,false,false,0,4,11750,2024-04-10,false,true
I01687,logistics,large,DE,temperate,medium,1-shift,Hoist,consumer,passive,IP54,35,search,benelux,durability,/spec-sheets,desktop,on-site,premium,pooled,false,false,0,5,13500,2024-12-03,false,true
I01688,construction,mid,SA,temperate,low,1-shift,Conveyor,industrial,active,IP65,90,paid-social,dach,service,/products,desktop,on-site,premium,pooled,false,false,0,,27100,2024-09-25,false,true
I01689,mining,large,ES,hot,high,1-shift,Lifter,industrial,active,IP66,90,trade-fair,nordics,service,/spec-sheets,mobile,self,standard,dedicated,false,false,0,5,53200,2024-03-24,true,false
I01690,logistics,mid,MA,hot,medium,1-shift,Loader,pro,passive,IP65,65,referral,iberia,price,/pricing,tablet,guided,none,dedicated,true,false,2,4,33600,2025-03-08,false,true
I01691,food,small,MA,hot,medium,2-shift,Hoist,pro,active,IP65,65,trade-fair,dach,uptime,/case-studies,mobile,on-site,premium,pooled,false,false,0,5,11800,2024-05-25,false,true
I01692,logistics,small,NO,temperate,high,2-shift,Compactor,pro,passive,IP54,65,trade-fair,nordics,service,/contact,mobile,on-site,standard,dedicated,false,false,0,,11300,2024-06-07,false,true
I01693,mining,large,NO,temperate,medium,2-shift,Hoist,pro,active,IP65,65,referral,dach,uptime,/contact,desktop,self,premium,dedicated,false,false,0,,11800,2024-09-26,false,true
I01694,construction,small,AE,hot,high,2-shift,Compactor,pro,active,IP65,65,referral,iberia,price,/case-studies,mobile,on-site,standard,dedicated,false,false,1,,11600,2025-03-22,false,true
I01695,construction,small,SA,hot,medium,1-shift,Sorter,consumer,passive,IP66,35,paid-social,middle-east,durability,/products,desktop,self,none,pooled,false,false,0,5,7600,2024-12-30,false,true
I01696,construction,small,AE,hot,medium,3-shift,Hoist,pro,passive,IP66,65,trade-fair,middle-east,uptime,/spec-sheets,desktop,on-site,standard,dedicated,true,false,2,,11750,2025-05-11,false,true
I01697,logistics,large,MA,hot,medium,1-shift,Conveyor,pro,liquid,IP65,65,paid-social,iberia,service,/products,desktop,guided,none,dedicated,false,false,0,4,58500,2025-05-13,false,true
I01698,food,mid,MA,hot,low,2-shift,Compactor,pro,liquid,IP54,65,paid-social,middle-east,durability,/case-studies,desktop,guided,standard,pooled,false,true,1,2,11600,2024-11-18,false,true
I01699,mining,large,NO,temperate,medium,2-shift,Loader,consumer,active,IP66,35,paid-social,iberia,service,/contact,desktop,self,none,pooled,false,false,0,,12300,2025-02-11,false,true
I01700,food,small,PL,temperate,high,2-shift,Sorter,industrial,liquid,IP54,90,search,middle-east,uptime,/contact,mobile,on-site,none,dedicated,true,false,1,,81450,2024-04-11,true,false
I01701,logistics,small,NO,temperate,medium,1-shift,Sorter,pro,liquid,IP66,65,trade-fair,dach,uptime,/contact,tablet,on-site,standard,dedicated,false,false,0,,23200,2024-07-02,false,true
I01702,food,small,MA,hot,high,2-shift,Loader,pro,liquid,IP54,65,paid-social,iberia,service,/products,tablet,guided,premium,dedicated,false,false,0,,23700,2025-02-14,false,true
I01703,construction,small,AE,hot,medium,1-shift,Compactor,pro,liquid,IP54,65,referral,benelux,price,/spec-sheets,tablet,guided,standard,pooled,false,false,0,,11600,2024-08-27,true,false
I01704,construction,small,FI,arctic,high,1-shift,Loader,pro,passive,IP65,65,search,dach,service,/contact,desktop,guided,standard,pooled,false,false,0,,11200,2024-04-01,false,true
I01705,construction,small,FI,temperate,low,2-shift,Sorter,consumer,active,IP54,35,search,dach,service,/pricing,mobile,on-site,none,pooled,false,false,0,,3850,2024-03-28,true,false
I01706,mining,small,AE,temperate,medium,3-shift,Conveyor,pro,liquid,IP65,65,referral,middle-east,service,/pricing,desktop,on-site,standard,dedicated,false,false,1,,11700,2025-07-10,true,false
I01707,construction,large,DE,hot,low,2-shift,Loader,industrial,liquid,IP65,90,paid-social,benelux,durability,/pricing,desktop,self,standard,pooled,false,false,0,,53700,2024-08-22,false,true
I01708,construction,mid,PL,temperate,medium,2-shift,Sorter,pro,active,IP65,65,referral,dach,uptime,/pricing,desktop,on-site,standard,pooled,false,true,1,2,23000,2025-04-27,false,true
I01709,food,mid,DE,temperate,low,3-shift,Compactor,consumer,active,IP54,35,referral,nordics,uptime,/products,desktop,on-site,standard,pooled,false,true,2,,22500,2025-01-11,true,false
I01710,mining,large,AE,hot,low,3-shift,Lifter,pro,passive,IP65,65,referral,nordics,uptime,/case-studies,desktop,self,standard,pooled,true,false,2,,11750,2024-05-30,false,true
I01711,logistics,small,AE,hot,high,1-shift,Compactor,pro,liquid,IP54,65,trade-fair,middle-east,uptime,/case-studies,tablet,on-site,none,pooled,false,false,0,,11600,2024-11-09,false,true
I01712,food,small,NO,temperate,medium,3-shift,Sorter,industrial,active,IP54,90,referral,dach,uptime,/contact,mobile,guided,none,dedicated,false,false,0,,54200,2024-04-11,false,true
I01713,construction,mid,FI,temperate,high,2-shift,Sorter,pro,liquid,IP66,65,referral,dach,uptime,/spec-sheets,tablet,self,standard,pooled,false,false,0,,11600,2025-01-04,false,true
I01714,logistics,mid,PL,temperate,medium,1-shift,Sorter,pro,liquid,IP66,65,trade-fair,dach,uptime,/pricing,desktop,guided,none,pooled,false,true,1,,11600,2024-05-24,false,true
I01715,food,mid,AE,hot,low,3-shift,Hoist,pro,passive,IP66,65,paid-social,dach,service,/contact,mobile,self,none,dedicated,true,false,3,2,11750,2024-09-05,false,true
I01716,mining,large,FI,temperate,medium,3-shift,Compactor,pro,active,IP65,65,paid-social,middle-east,durability,/pricing,desktop,self,standard,pooled,false,false,0,,11600,2025-06-08,true,false
I01717,construction,small,AE,hot,low,2-shift,Conveyor,industrial,active,IP65,90,search,iberia,service,/pricing,desktop,guided,premium,dedicated,false,false,0,4,27100,2024-12-28,false,true
I01718,food,small,MA,hot,low,3-shift,Loader,pro,liquid,IP54,65,distributor-ME,middle-east,uptime,/spec-sheets,desktop,guided,none,dedicated,false,false,1,4,35550,2024-03-26,false,true
I01719,logistics,mid,SA,hot,high,1-shift,Lifter,industrial,liquid,IP66,90,distributor-ME,middle-east,uptime,/case-studies,desktop,on-site,standard,dedicated,false,false,1,,27000,2024-07-04,false,true
I01720,mining,large,DE,hot,low,3-shift,Lifter,pro,liquid,IP54,65,referral,dach,uptime,/products,desktop,guided,standard,dedicated,false,false,0,4,23500,2024-09-27,false,true
I01721,logistics,small,MA,hot,low,2-shift,Lifter,pro,liquid,IP54,65,distributor-ME,middle-east,uptime,/products,desktop,self,none,dedicated,false,false,0,4,35250,2024-09-21,false,true
I01722,food,small,PL,temperate,low,3-shift,Loader,pro,active,IP66,65,referral,benelux,price,/contact,tablet,on-site,premium,dedicated,false,false,0,,11300,2025-04-20,false,true
I01723,mining,mid,AE,hot,medium,1-shift,Lifter,consumer,passive,IP54,35,referral,benelux,price,/spec-sheets,desktop,self,none,pooled,true,true,3,,4100,2025-01-07,false,true
I01724,food,mid,AE,temperate,low,1-shift,Compactor,pro,active,IP65,65,trade-fair,iberia,durability,/spec-sheets,desktop,guided,standard,pooled,false,false,1,,34800,2025-06-16,false,true
I01725,construction,mid,NO,temperate,medium,1-shift,Compactor,pro,active,IP65,65,search,dach,service,/case-studies,tablet,guided,standard,pooled,false,true,1,5,34800,2025-06-19,false,true
I01726,food,small,AE,temperate,medium,3-shift,Sorter,pro,active,IP65,65,paid-social,dach,service,/case-studies,desktop,on-site,premium,dedicated,true,false,1,,34500,2025-01-01,false,true
I01727,construction,small,DE,temperate,medium,2-shift,Lifter,consumer,passive,IP54,35,paid-social,nordics,service,/pricing,desktop,guided,premium,dedicated,false,false,0,,4100,2024-05-12,false,true
I01728,logistics,small,DE,temperate,medium,2-shift,Sorter,pro,active,IP65,65,referral,dach,uptime,/case-studies,desktop,guided,standard,pooled,true,true,1,,23000,2024-08-25,true,false
I01729,mining,small,AE,hot,medium,3-shift,Hoist,industrial,active,IP66,90,paid-social,benelux,durability,/case-studies,desktop,self,none,pooled,false,false,0,,26400,2024-07-22,true,false
I01730,food,mid,ES,hot,low,2-shift,Loader,pro,passive,IP65,65,paid-social,iberia,service,/pricing,desktop,on-site,none,pooled,true,true,3,,22400,2025-05-22,false,true
I01731,food,mid,DE,temperate,low,2-shift,Compactor,industrial,liquid,IP66,90,trade-fair,nordics,service,/contact,desktop,on-site,premium,dedicated,false,false,1,,26550,2024-11-29,false,true
I01732,mining,small,ES,hot,high,1-shift,Lifter,pro,liquid,IP54,65,referral,benelux,price,/spec-sheets,desktop,on-site,standard,dedicated,false,false,0,,11750,2024-09-24,false,true
I01733,logistics,large,DE,temperate,medium,3-shift,Lifter,pro,liquid,IP54,65,search,nordics,durability,/spec-sheets,desktop,guided,premium,pooled,false,false,0,5,23500,2024-05-29,false,true
I01734,food,small,FI,temperate,medium,1-shift,Conveyor,pro,passive,IP66,65,trade-fair,iberia,durability,/case-studies,desktop,self,standard,dedicated,false,false,1,,11600,2024-04-01,false,true
I01735,construction,small,AE,temperate,medium,1-shift,Hoist,pro,passive,IP66,65,referral,iberia,price,/contact,desktop,on-site,standard,pooled,false,false,0,,11750,2024-09-21,false,true
I01736,logistics,small,MA,temperate,medium,2-shift,Lifter,industrial,active,IP66,90,paid-social,nordics,service,/products,tablet,self,standard,dedicated,false,false,0,4,26600,2025-01-14,false,true
I01737,food,large,ES,arctic,high,3-shift,Hoist,pro,liquid,IP65,65,search,benelux,durability,/products,mobile,on-site,none,pooled,false,true,1,,11250,2024-04-10,false,true
I01738,construction,mid,DE,temperate,medium,3-shift,Lifter,pro,liquid,IP54,65,search,dach,service,/pricing,desktop,self,none,pooled,false,false,0,,58750,2024-10-04,false,true
I01739,logistics,small,NO,temperate,medium,3-shift,Loader,pro,passive,IP65,65,trade-fair,nordics,service,/case-studies,mobile,on-site,none,dedicated,false,false,1,,33600,2024-10-05,false,true
I01740,food,small,SE,temperate,medium,3-shift,Conveyor,industrial,liquid,IP54,90,referral,iberia,price,/products,desktop,on-site,standard,pooled,false,false,0,5,27150,2025-03-16,false,true
I01741,construction,mid,NO,temperate,high,2-shift,Loader,industrial,liquid,IP65,90,trade-fair,benelux,price,/pricing,mobile,on-site,standard,dedicated,true,false,2,2,53700,2024-09-23,false,true
I01742,construction,large,AE,temperate,low,2-shift,Loader,pro,active,IP66,65,trade-fair,dach,uptime,/products,desktop,self,standard,dedicated,false,false,1,,33900,2025-02-02,false,true
I01743,construction,small,DE,temperate,low,1-shift,Compactor,industrial,active,IP66,90,paid-social,dach,service,/contact,mobile,on-site,premium,dedicated,false,false,1,,26600,2024-05-09,false,true
I01744,logistics,small,DE,arctic,medium,1-shift,Loader,pro,liquid,IP54,65,trade-fair,dach,uptime,/spec-sheets,desktop,self,none,dedicated,false,false,0,,35550,2024-12-07,false,true
I01745,construction,small,AE,hot,low,1-shift,Hoist,pro,liquid,IP65,65,search,middle-east,uptime,/products,mobile,on-site,premium,dedicated,true,true,1,,22500,2024-12-16,false,true
I01746,mining,small,NO,temperate,high,3-shift,Loader,pro,passive,IP65,65,referral,iberia,price,/products,desktop,guided,none,dedicated,false,false,1,4,33600,2025-02-22,false,true
I01747,food,small,PL,temperate,low,3-shift,Conveyor,industrial,active,IP65,90,trade-fair,dach,uptime,/products,mobile,on-site,none,dedicated,false,false,0,,81300,2025-05-22,false,true
I01748,mining,mid,FI,arctic,low,2-shift,Lifter,industrial,liquid,IP66,90,trade-fair,middle-east,uptime,/contact,tablet,guided,standard,dedicated,false,false,0,,27000,2025-05-02,false,true
I01749,food,small,DE,hot,medium,3-shift,Loader,consumer,active,IP66,35,referral,nordics,uptime,/spec-sheets,desktop,on-site,none,dedicated,false,false,1,4,4100,2025-03-20,true,false
I01750,food,small,PL,temperate,high,3-shift,Lifter,consumer,passive,IP54,35,referral,middle-east,service,/spec-sheets,desktop,self,standard,pooled,false,true,2,,12300,2025-07-19,false,true
I01751,mining,large,DE,hot,low,3-shift,Lifter,pro,active,IP65,65,referral,benelux,price,/contact,mobile,self,standard,dedicated,false,false,2,4,11600,2025-06-13,false,true
I01752,food,mid,ES,hot,low,3-shift,Loader,consumer,active,IP66,35,trade-fair,middle-east,uptime,/pricing,desktop,guided,standard,pooled,false,true,1,,12300,2025-05-07,false,true
I01753,construction,mid,PL,hot,high,3-shift,Lifter,consumer,active,IP65,35,search,benelux,durability,/pricing,mobile,guided,none,pooled,false,true,2,2,9000,2025-06-18,false,true
I01754,mining,large,FI,temperate,medium,3-shift,Lifter,consumer,passive,IP54,35,paid-social,benelux,durability,/pricing,mobile,self,premium,dedicated,false,false,3,,4100,2024-11-21,false,true
I01755,construction,mid,MA,hot,high,1-shift,Hoist,pro,passive,IP66,65,referral,iberia,price,/products,desktop,on-site,standard,pooled,true,true,3,,11750,2025-03-29,false,true
I01756,logistics,small,SE,temperate,medium,1-shift,Compactor,pro,liquid,IP54,65,referral,benelux,price,/contact,mobile,self,standard,dedicated,false,false,0,5,11600,2025-07-15,true,false
I01757,mining,small,SE,arctic,medium,3-shift,Hoist,industrial,liquid,IP66,90,trade-fair,benelux,price,/case-studies,mobile,on-site,none,pooled,false,false,0,,79650,2024-05-08,false,true
I01758,mining,small,SE,arctic,high,3-shift,Compactor,consumer,passive,IP66,35,search,iberia,service,/products,desktop,on-site,standard,dedicated,true,false,4,5,4300,2024-10-11,false,true
I01759,construction,large,AE,hot,high,3-shift,Conveyor,industrial,liquid,IP54,90,paid-social,benelux,durability,/products,mobile,self,none,dedicated,false,true,1,,135750,2025-01-05,true,false
I01760,construction,mid,DE,hot,medium,2-shift,Compactor,pro,active,IP65,65,distributor-ME,middle-east,uptime,/case-studies,desktop,on-site,none,pooled,false,false,0,,23200,2024-10-21,false,true
I01761,food,small,DE,hot,high,3-shift,Hoist,industrial,liquid,IP66,90,paid-social,iberia,service,/products,desktop,on-site,premium,dedicated,true,false,1,,79650,2024-07-09,false,true
I01762,logistics,large,AE,hot,low,1-shift,Hoist,consumer,active,IP66,35,search,nordics,durability,/contact,desktop,self,none,pooled,false,true,2,,7700,2025-04-23,true,false
I01763,food,small,DE,temperate,low,3-shift,Sorter,pro,liquid,IP66,65,search,nordics,durability,/case-studies,mobile,guided,standard,pooled,true,false,2,2,11600,2025-02-23,false,true
I01764,logistics,mid,PL,temperate,low,1-shift,Hoist,industrial,active,IP66,90,paid-social,iberia,service,/spec-sheets,desktop,on-site,standard,dedicated,false,false,0,5,26400,2024-05-01,false,true
I01765,mining,small,ES,hot,high,3-shift,Hoist,industrial,active,IP66,90,search,dach,service,/pricing,mobile,self,none,dedicated,false,false,0,4,26400,2025-01-22,true,false
I01766,mining,large,FI,temperate,low,3-shift,Hoist,pro,liquid,IP65,65,paid-social,nordics,service,/contact,desktop,guided,standard,pooled,false,true,1,,33750,2025-04-15,false,true
I01767,logistics,mid,AE,hot,medium,1-shift,Hoist,pro,passive,IP66,65,trade-fair,iberia,durability,/case-studies,desktop,guided,standard,pooled,true,true,2,,23500,2024-07-04,true,false
I01768,construction,large,SA,hot,low,2-shift,Compactor,consumer,active,IP54,35,paid-social,iberia,service,/pricing,mobile,self,standard,pooled,false,false,0,4,4500,2024-04-13,false,true
I01769,logistics,large,SE,temperate,high,2-shift,Sorter,pro,passive,IP54,65,trade-fair,benelux,price,/spec-sheets,desktop,on-site,none,dedicated,false,false,0,5,59250,2025-02-06,false,true
I01770,construction,small,AE,hot,high,1-shift,Hoist,pro,active,IP65,65,distributor-ME,middle-east,uptime,/spec-sheets,desktop,guided,premium,pooled,true,false,1,1,11800,2025-02-09,false,true
I01771,food,small,FI,temperate,medium,3-shift,Sorter,pro,active,IP65,65,search,dach,service,/case-studies,desktop,guided,standard,dedicated,true,false,2,,23000,2024-10-04,false,true
I01772,mining,large,ES,hot,high,1-shift,Sorter,industrial,active,IP54,90,search,dach,service,/case-studies,desktop,guided,none,pooled,false,false,0,,54200,2024-05-07,false,true
I01773,logistics,mid,AE,hot,medium,1-shift,Sorter,industrial,liquid,IP54,90,trade-fair,benelux,price,/contact,mobile,on-site,premium,dedicated,false,false,2,3,54300,2024-06-24,false,true
I01774,food,mid,ES,hot,low,2-shift,Lifter,consumer,passive,IP54,35,distributor-ME,middle-east,uptime,/contact,desktop,on-site,premium,dedicated,true,false,3,,20500,2025-07-24,false,true
I01775,construction,mid,MA,hot,low,1-shift,Conveyor,pro,active,IP65,65,trade-fair,middle-east,uptime,/case-studies,mobile,self,none,dedicated,false,false,0,5,23400,2024-12-29,true,false
I01776,logistics,mid,DE,temperate,low,1-shift,Hoist,pro,passive,IP66,65,trade-fair,benelux,price,/spec-sheets,mobile,guided,standard,pooled,false,false,1,,11750,2025-03-27,false,true
I01777,logistics,small,DE,hot,high,1-shift,Sorter,pro,active,IP65,65,distributor-ME,middle-east,uptime,/spec-sheets,mobile,guided,standard,dedicated,true,false,1,,57500,2025-08-02,false,true
I01778,logistics,small,DE,temperate,high,3-shift,Loader,consumer,active,IP66,35,trade-fair,iberia,durability,/pricing,mobile,on-site,standard,pooled,false,true,2,4,8200,2024-04-19,false,true
I01779,logistics,small,AE,hot,low,1-shift,Compactor,pro,active,IP65,65,referral,dach,uptime,/case-studies,desktop,self,standard,pooled,false,false,0,,11600,2024-08-01,false,true
I01780,logistics,small,MA,temperate,medium,2-shift,Hoist,pro,passive,IP66,65,search,iberia,service,/spec-sheets,desktop,self,none,pooled,false,false,0,,11750,2024-04-10,false,true
I01781,mining,small,MA,temperate,medium,3-shift,Sorter,consumer,passive,IP66,35,search,nordics,durability,/spec-sheets,mobile,self,standard,dedicated,true,false,4,2,3800,2025-04-11,false,true
I01782,logistics,large,SE,hot,medium,1-shift,Compactor,pro,active,IP65,65,search,dach,service,/products,desktop,self,standard,pooled,false,false,1,5,58000,2025-05-18,false,true
I01783,logistics,small,FI,temperate,high,2-shift,Hoist,consumer,active,IP66,35,search,middle-east,uptime,/pricing,desktop,self,standard,dedicated,false,false,0,,7700,2024-03-11,false,true
I01784,food,small,PL,hot,medium,3-shift,Sorter,industrial,liquid,IP54,90,search,nordics,durability,/contact,desktop,on-site,standard,pooled,false,false,0,,135750,2024-10-20,false,true
I01785,construction,mid,SE,temperate,high,2-shift,Hoist,consumer,active,IP66,35,paid-social,middle-east,durability,/pricing,mobile,on-site,standard,dedicated,false,false,0,,7700,2024-06-10,false,true
I01786,food,small,ES,hot,high,3-shift,Lifter,consumer,active,IP65,35,referral,dach,uptime,/case-studies,tablet,self,standard,pooled,false,false,0,5,4500,2025-05-01,false,true
I01787,logistics,small,DE,hot,medium,1-shift,Lifter,consumer,active,IP65,35,distributor-ME,middle-east,uptime,/products,desktop,on-site,standard,pooled,false,true,1,,4500,2024-07-06,false,true
I01788,food,mid,SE,temperate,medium,3-shift,Compactor,industrial,liquid,IP66,90,search,nordics,durability,/spec-sheets,desktop,guided,none,pooled,false,false,0,,26550,2024-10-13,false,true
I01789,mining,large,FI,temperate,low,3-shift,Hoist,consumer,active,IP66,35,trade-fair,iberia,durability,/pricing,mobile,guided,standard,dedicated,false,false,1,,3850,2025-07-06,false,true
I01790,logistics,small,FI,arctic,high,3-shift,Loader,consumer,passive,IP66,35,referral,middle-east,service,/pricing,desktop,guided,premium,pooled,false,true,3,2,8500,2025-07-23,false,true
I01791,logistics,small,DE,hot,medium,3-shift,Compactor,pro,passive,IP54,65,distributor-ME,middle-east,uptime,/contact,mobile,on-site,premium,pooled,true,true,2,,22600,2024-09-17,true,false
I01792,construction,small,SE,arctic,low,3-shift,Loader,pro,active,IP66,65,referral,iberia,price,/pricing,desktop,on-site,premium,dedicated,false,false,0,,11300,2024-06-06,false,true
I01793,construction,small,DE,temperate,high,1-shift,Lifter,pro,active,IP65,65,trade-fair,benelux,price,/spec-sheets,mobile,guided,standard,dedicated,false,false,1,,34800,2024-10-20,false,true
I01794,logistics,small,MA,hot,high,1-shift,Sorter,consumer,passive,IP66,35,paid-social,dach,service,/pricing,mobile,self,standard,pooled,true,true,2,,3800,2025-01-05,false,true
I01795,logistics,mid,MA,hot,high,2-shift,Lifter,consumer,passive,IP54,35,paid-social,benelux,durability,/case-studies,mobile,self,standard,dedicated,false,false,0,,4100,2025-05-07,true,false
I01796,food,small,FI,arctic,medium,2-shift,Conveyor,pro,liquid,IP65,65,paid-social,benelux,durability,/products,desktop,on-site,none,pooled,false,false,0,,23400,2025-09-03,false,true
I01797,food,small,SE,hot,high,2-shift,Compactor,pro,active,IP65,65,distributor-ME,middle-east,uptime,/spec-sheets,desktop,on-site,standard,dedicated,true,false,1,,11600,2024-03-31,false,true
I01798,construction,small,NO,temperate,low,1-shift,Sorter,consumer,active,IP54,35,search,iberia,service,/spec-sheets,mobile,guided,standard,pooled,false,true,1,,3850,2024-10-04,false,true
I01799,logistics,small,PL,hot,medium,1-shift,Sorter,industrial,liquid,IP54,90,referral,iberia,price,/contact,desktop,guided,standard,pooled,false,false,0,4,27150,2025-03-15,false,true
I01800,logistics,small,MA,hot,low,1-shift,Lifter,consumer,active,IP65,35,distributor-ME,middle-east,uptime,/pricing,mobile,self,none,dedicated,true,false,1,5,22500,2025-03-12,false,true
I01801,logistics,mid,MA,hot,low,1-shift,Loader,consumer,active,IP66,35,paid-social,iberia,service,/case-studies,mobile,on-site,premium,dedicated,false,false,1,5,4100,2024-10-07,false,true
I01802,construction,large,SA,hot,low,1-shift,Compactor,pro,passive,IP54,65,distributor-ME,middle-east,uptime,/spec-sheets,desktop,self,premium,dedicated,true,false,3,,33900,2024-08-27,false,true
I01803,mining,mid,SE,temperate,low,3-shift,Hoist,pro,active,IP65,65,trade-fair,nordics,service,/spec-sheets,desktop,guided,standard,dedicated,false,false,0,,35400,2024-04-07,false,true
I01804,mining,mid,MA,hot,high,3-shift,Loader,consumer,active,IP66,35,search,nordics,durability,/products,desktop,guided,premium,pooled,false,true,2,,8200,2024-08-03,false,true
I01805,food,small,PL,temperate,medium,3-shift,Loader,pro,passive,IP65,65,referral,iberia,price,/contact,tablet,self,standard,dedicated,false,false,0,,22400,2024-06-24,false,true
I01806,construction,mid,DE,temperate,medium,2-shift,Conveyor,pro,active,IP65,65,trade-fair,middle-east,uptime,/case-studies,mobile,guided,none,pooled,false,true,1,1,11700,2024-03-12,true,false
I01807,logistics,large,PL,temperate,medium,1-shift,Sorter,pro,passive,IP54,65,referral,iberia,price,/case-studies,desktop,on-site,none,pooled,false,false,0,5,11850,2024-04-15,false,true
I01808,construction,small,MA,hot,medium,2-shift,Hoist,pro,passive,IP66,65,trade-fair,iberia,durability,/contact,mobile,on-site,standard,dedicated,true,false,3,,11750,2025-06-29,false,true
I01809,food,small,AE,hot,medium,3-shift,Loader,pro,active,IP66,65,paid-social,nordics,service,/pricing,mobile,on-site,premium,dedicated,false,false,2,,11300,2025-02-12,false,true
I01810,construction,small,AE,hot,medium,1-shift,Lifter,consumer,active,IP65,35,search,dach,service,/pricing,desktop,on-site,standard,dedicated,false,false,0,,22500,2025-07-26,false,true
I01811,food,small,PL,temperate,high,2-shift,Loader,industrial,active,IP66,90,trade-fair,iberia,durability,/pricing,mobile,on-site,none,dedicated,false,false,0,,81150,2024-05-25,false,true
I01812,food,small,FI,temperate,medium,3-shift,Compactor,consumer,active,IP54,35,trade-fair,nordics,service,/contact,mobile,guided,standard,pooled,false,false,1,,4500,2024-12-03,false,true
I01813,mining,large,AE,hot,low,3-shift,Loader,industrial,liquid,IP65,90,paid-social,dach,service,/pricing,mobile,guided,standard,dedicated,false,false,0,4,80550,2024-06-30,false,true
I01814,mining,small,SE,hot,low,1-shift,Lifter,consumer,passive,IP54,35,referral,nordics,uptime,/pricing,tablet,on-site,standard,pooled,true,true,2,3,12300,2025-02-06,true,false
I01815,construction,small,MA,hot,high,1-shift,Conveyor,consumer,active,IP54,35,distributor-ME,middle-east,uptime,/products,mobile,self,standard,pooled,false,false,0,,8200,2024-07-28,false,true
I01816,logistics,mid,SE,arctic,medium,1-shift,Loader,pro,liquid,IP54,65,referral,dach,uptime,/pricing,desktop,guided,none,dedicated,false,false,1,2,11850,2025-02-08,false,true
I01817,mining,small,ES,hot,medium,2-shift,Loader,pro,liquid,IP54,65,distributor-ME,middle-east,uptime,/spec-sheets,desktop,guided,standard,pooled,false,true,1,,11850,2024-08-30,false,true
I01818,construction,small,DE,hot,low,1-shift,Hoist,pro,active,IP65,65,trade-fair,benelux,price,/pricing,desktop,on-site,none,pooled,false,true,1,,11800,2024-11-02,false,true
I01819,logistics,small,DE,hot,medium,3-shift,Lifter,industrial,active,IP66,90,distributor-ME,middle-east,uptime,/products,desktop,self,standard,dedicated,true,true,2,,26600,2024-05-19,false,true
I01820,logistics,small,FI,temperate,high,2-shift,Sorter,pro,liquid,IP66,65,referral,middle-east,service,/contact,desktop,self,premium,dedicated,false,false,0,5,11600,2024-09-30,true,false
I01821,mining,small,NO,hot,high,2-shift,Lifter,consumer,passive,IP54,35,paid-social,benelux,durability,/case-studies,desktop,self,none,dedicated,true,false,1,,4100,2025-07-24,false,true
I01822,construction,small,AE,hot,medium,3-shift,Conveyor,pro,liquid,IP65,65,search,middle-east,uptime,/products,desktop,self,none,dedicated,false,false,0,,11700,2025-05-13,false,true
I01823,food,large,SA,hot,low,2-shift,Compactor,pro,liquid,IP54,65,paid-social,middle-east,durability,/spec-sheets,desktop,on-site,none,dedicated,false,false,2,,34800,2025-03-02,false,true
I01824,logistics,small,DE,temperate,medium,3-shift,Sorter,pro,passive,IP54,65,referral,dach,uptime,/products,desktop,guided,none,pooled,true,false,1,5,11850,2025-08-08,false,true
I01825,construction,large,SA,temperate,high,1-shift,Sorter,pro,passive,IP54,65,search,middle-east,uptime,/case-studies,tablet,self,premium,dedicated,false,false,0,,23700,2025-04-01,false,true
I01826,construction,large,MA,hot,high,3-shift,Hoist,pro,passive,IP66,65,distributor-ME,middle-east,uptime,/products,desktop,guided,standard,dedicated,true,true,1,5,23500,2024-11-05,true,false
I01827,logistics,mid,PL,temperate,high,1-shift,Conveyor,industrial,active,IP65,90,trade-fair,iberia,durability,/spec-sheets,mobile,on-site,standard,dedicated,false,true,1,4,27100,2024-06-16,false,true
I01828,mining,large,AE,hot,low,3-shift,Sorter,consumer,passive,IP66,35,distributor-ME,middle-east,uptime,/contact,desktop,self,premium,pooled,true,true,5,,11400,2025-05-14,true,false
I01829,construction,mid,PL,temperate,medium,1-shift,Lifter,consumer,active,IP65,35,paid-social,nordics,service,/case-studies,mobile,guided,premium,pooled,false,false,0,5,4500,2025-03-20,false,true
I01830,food,mid,ES,temperate,low,3-shift,Loader,pro,active,IP66,65,search,iberia,service,/pricing,desktop,self,standard,pooled,true,false,2,,11300,2025-01-13,false,true
I01831,food,small,NO,temperate,high,3-shift,Sorter,industrial,liquid,IP54,90,trade-fair,middle-east,uptime,/pricing,desktop,guided,premium,dedicated,false,false,0,,81450,2025-02-14,true,false
I01832,construction,small,AE,hot,medium,3-shift,Sorter,industrial,active,IP54,90,distributor-ME,middle-east,uptime,/pricing,desktop,self,none,dedicated,true,false,2,,27100,2025-07-05,false,true
I01833,food,small,PL,hot,medium,2-shift,Conveyor,industrial,liquid,IP54,90,referral,nordics,uptime,/products,desktop,guided,none,pooled,false,false,0,,81450,2025-04-09,false,true
I01834,logistics,mid,DE,temperate,low,1-shift,Compactor,industrial,active,IP66,90,search,middle-east,uptime,/contact,desktop,on-site,standard,pooled,false,false,0,,53200,2024-05-19,false,true
I01835,food,small,FI,temperate,medium,2-shift,Loader,pro,liquid,IP54,65,paid-social,iberia,service,/contact,desktop,guided,standard,dedicated,true,false,3,,11850,2024-03-08,true,false
I01836,logistics,small,NO,temperate,high,1-shift,Hoist,pro,passive,IP66,65,search,nordics,durability,/pricing,tablet,self,standard,pooled,false,false,0,4,23500,2025-03-07,false,true
I01837,logistics,mid,SA,hot,high,2-shift,Compactor,pro,passive,IP54,65,distributor-ME,middle-east,uptime,/spec-sheets,mobile,guided,standard,dedicated,true,false,3,,11300,2024-10-15,true,false
I01838,mining,small,DE,temperate,high,3-shift,Sorter,industrial,liquid,IP54,90,trade-fair,benelux,price,/case-studies,desktop,guided,premium,dedicated,false,false,0,,27150,2025-04-24,false,true
I01839,construction,small,AE,hot,low,2-shift,Hoist,consumer,active,IP66,35,distributor-ME,middle-east,uptime,/products,tablet,self,standard,dedicated,false,true,1,,11550,2025-06-18,false,true
I01840,construction,small,PL,hot,medium,1-shift,Compactor,pro,liquid,IP54,65,search,benelux,durability,/pricing,desktop,on-site,standard,pooled,false,false,0,5,23200,2024-07-25,false,true
I01841,mining,small,ES,hot,high,3-shift,Loader,consumer,active,IP66,35,paid-social,middle-east,durability,/spec-sheets,desktop,on-site,standard,pooled,true,true,2,,4100,2024-04-24,false,true
I01842,logistics,mid,SA,hot,high,1-shift,Hoist,industrial,active,IP66,90,search,middle-east,uptime,/products,mobile,guided,premium,dedicated,false,false,0,,26400,2024-08-26,false,true
I01843,logistics,mid,PL,hot,high,1-shift,Loader,consumer,active,IP66,35,referral,iberia,price,/contact,mobile,on-site,none,pooled,false,true,1,,4100,2024-04-16,true,false
I01844,mining,small,AE,temperate,low,3-shift,Loader,pro,liquid,IP54,65,trade-fair,benelux,price,/contact,mobile,on-site,none,pooled,false,false,1,,23700,2024-09-28,true,false
I01845,construction,small,ES,hot,low,1-shift,Lifter,pro,passive,IP65,65,trade-fair,middle-east,uptime,/products,mobile,self,standard,dedicated,true,false,2,5,23500,2025-01-03,false,true
I01846,food,small,DE,temperate,low,3-shift,Conveyor,pro,passive,IP66,65,trade-fair,dach,uptime,/products,desktop,guided,none,pooled,false,false,0,,23200,2024-03-31,true,false
I01847,construction,large,FI,temperate,high,2-shift,Conveyor,pro,passive,IP66,65,paid-social,dach,service,/pricing,tablet,self,none,dedicated,false,false,0,,34800,2024-11-09,false,true
I01848,food,mid,DE,temperate,low,2-shift,Conveyor,industrial,liquid,IP54,90,paid-social,iberia,service,/spec-sheets,desktop,on-site,standard,pooled,false,false,0,,27150,2025-01-10,false,true
I01849,mining,mid,SE,temperate,medium,2-shift,Sorter,industrial,active,IP54,90,paid-social,dach,service,/products,desktop,self,standard,dedicated,true,true,3,2,27100,2024-05-08,false,true
I01850,construction,small,AE,hot,low,2-shift,Hoist,pro,passive,IP66,65,paid-social,nordics,service,/contact,mobile,guided,none,dedicated,true,false,3,3,23500,2024-10-23,false,true
I01851,logistics,large,DE,temperate,medium,3-shift,Loader,consumer,passive,IP66,35,search,iberia,service,/case-studies,desktop,self,none,dedicated,true,false,2,3,4250,2024-11-18,true,false
I01852,food,mid,DE,temperate,medium,3-shift,Lifter,industrial,active,IP66,90,search,benelux,durability,/case-studies,desktop,guided,premium,pooled,true,true,2,,53200,2024-05-01,false,true
I01853,mining,mid,PL,temperate,medium,1-shift,Sorter,industrial,liquid,IP54,90,paid-social,benelux,durability,/products,desktop,guided,standard,dedicated,false,false,0,,27150,2024-05-21,true,false
I01854,logistics,small,FI,temperate,high,2-shift,Lifter,industrial,liquid,IP66,90,trade-fair,nordics,service,/case-studies,desktop,on-site,none,pooled,false,false,0,,135000,2025-06-06,false,true
I01855,food,mid,SA,hot,medium,2-shift,Loader,industrial,liquid,IP65,90,distributor-ME,middle-east,uptime,/contact,desktop,on-site,standard,pooled,false,false,1,,80550,2025-08-12,false,true
I01856,food,small,FI,temperate,medium,3-shift,Sorter,pro,passive,IP54,65,trade-fair,nordics,service,/products,desktop,self,standard,pooled,false,true,1,,11850,2025-06-28,false,true
I01857,mining,large,AE,hot,medium,3-shift,Conveyor,pro,active,IP65,65,referral,dach,uptime,/case-studies,desktop,guided,standard,pooled,true,true,2,1,11700,2025-06-16,false,true
I01858,construction,small,AE,temperate,medium,1-shift,Hoist,pro,liquid,IP65,65,search,nordics,durability,/contact,desktop,self,none,dedicated,false,false,0,4,11250,2024-09-09,false,true
I01859,logistics,mid,PL,temperate,high,1-shift,Sorter,consumer,passive,IP66,35,referral,nordics,uptime,/case-studies,mobile,self,standard,pooled,false,false,0,5,19000,2024-07-28,false,true
I01860,construction,small,PL,temperate,medium,1-shift,Hoist,consumer,passive,IP54,35,paid-social,iberia,service,/case-studies,mobile,guided,standard,pooled,true,true,1,,4500,2024-11-18,false,true
I01861,food,large,MA,hot,low,3-shift,Sorter,industrial,active,IP54,90,referral,benelux,price,/pricing,desktop,guided,none,dedicated,false,false,0,,135500,2025-02-04,false,true
I01862,mining,small,SA,hot,medium,3-shift,Conveyor,industrial,active,IP65,90,distributor-ME,middle-east,uptime,/pricing,desktop,guided,premium,dedicated,true,false,1,,27100,2024-11-16,false,true
I01863,construction,small,DE,temperate,low,1-shift,Compactor,industrial,active,IP66,90,search,nordics,durability,/products,desktop,on-site,none,dedicated,false,false,1,,53200,2025-01-16,false,true
I01864,construction,small,AE,hot,low,2-shift,Lifter,industrial,liquid,IP66,90,trade-fair,benelux,price,/products,desktop,guided,standard,pooled,true,false,1,,27000,2024-06-13,true,false
I01865,construction,small,PL,temperate,high,2-shift,Loader,industrial,active,IP66,90,paid-social,benelux,durability,/case-studies,desktop,guided,none,pooled,false,false,0,5,27050,2024-11-14,false,true
I01866,logistics,small,AE,temperate,low,1-shift,Lifter,pro,passive,IP65,65,paid-social,iberia,service,/pricing,desktop,on-site,standard,pooled,false,false,0,,11750,2024-10-11,false,true
I01867,construction,large,MA,temperate,medium,2-shift,Compactor,pro,liquid,IP54,65,referral,middle-east,service,/case-studies,desktop,on-site,premium,pooled,true,false,1,,11600,2024-08-16,false,true
I01868,mining,small,NO,arctic,high,2-shift,Compactor,industrial,active,IP66,90,paid-social,iberia,service,/products,mobile,on-site,standard,dedicated,true,false,1,2,53200,2024-07-31,true,false
I01869,construction,small,SE,arctic,high,1-shift,Hoist,pro,liquid,IP65,65,distributor-ME,middle-east,uptime,/case-studies,mobile,guided,none,pooled,false,true,1,4,11250,2025-01-15,false,true
I01870,logistics,large,MA,hot,low,1-shift,Conveyor,pro,liquid,IP65,65,search,benelux,durability,/case-studies,desktop,self,none,pooled,false,false,0,,11700,2024-07-05,false,true
I01871,construction,large,SA,hot,high,1-shift,Compactor,pro,liquid,IP54,65,paid-social,nordics,service,/products,desktop,guided,standard,dedicated,false,false,0,,23200,2024-08-01,false,true
I01872,logistics,small,MA,temperate,high,1-shift,Conveyor,industrial,active,IP65,90,search,dach,service,/contact,desktop,guided,standard,dedicated,true,false,2,,27100,2025-07-09,false,true
I01873,construction,large,DE,temperate,medium,1-shift,Compactor,consumer,active,IP54,35,trade-fair,iberia,durability,/products,desktop,guided,standard,pooled,false,false,0,,9000,2024-05-08,false,true
I01874,construction,mid,MA,temperate,high,1-shift,Sorter,industrial,liquid,IP54,90,referral,dach,uptime,/case-studies,mobile,self,none,pooled,false,true,1,,81450,2024-10-30,false,true
I01875,mining,small,MA,hot,medium,3-shift,Hoist,consumer,active,IP66,35,paid-social,dach,service,/pricing,tablet,self,premium,dedicated,false,true,2,4,7700,2024-04-08,false,true
I01876,construction,mid,DE,hot,low,1-shift,Compactor,pro,liquid,IP54,65,trade-fair,middle-east,uptime,/pricing,mobile,on-site,standard,pooled,false,false,0,,11600,2025-05-03,false,true
I01877,construction,mid,DE,hot,medium,1-shift,Loader,pro,passive,IP65,65,referral,benelux,price,/contact,desktop,guided,none,pooled,true,true,1,,11200,2025-06-21,true,false
I01878,food,small,MA,hot,medium,2-shift,Conveyor,consumer,active,IP54,35,distributor-ME,middle-east,uptime,/pricing,desktop,on-site,premium,dedicated,false,false,0,5,4100,2024-12-04,false,true
I01879,logistics,small,MA,temperate,high,1-shift,Lifter,pro,passive,IP65,65,paid-social,iberia,service,/spec-sheets,desktop,self,premium,pooled,false,true,2,,35250,2025-05-22,false,true
I01880,logistics,small,ES,temperate,low,2-shift,Loader,industrial,active,IP66,90,paid-social,benelux,durability,/case-studies,desktop,self,standard,dedicated,false,false,0,5,27050,2024-10-01,false,true
I01881,mining,small,SE,arctic,medium,3-shift,Sorter,consumer,passive,IP66,35,search,nordics,durability,/products,tablet,self,premium,pooled,false,true,3,,3800,2024-04-29,false,true
I01882,construction,small,FI,arctic,medium,1-shift,Loader,industrial,active,IP66,90,search,middle-east,uptime,/products,tablet,self,premium,dedicated,false,false,0,,27050,2025-03-06,false,true
I01883,construction,large,FI,temperate,high,2-shift,Sorter,industrial,liquid,IP54,90,search,nordics,durability,/products,desktop,guided,standard,dedicated,false,false,0,,27150,2025-04-18,true,false
I01884,mining,large,AE,hot,medium,3-shift,Conveyor,industrial,active,IP65,90,distributor-ME,middle-east,uptime,/contact,desktop,guided,none,dedicated,false,true,1,,81300,2025-05-23,false,true
I01885,food,small,ES,hot,high,3-shift,Compactor,consumer,active,IP54,35,paid-social,nordics,service,/products,desktop,on-site,standard,dedicated,true,false,5,3,22500,2025-06-13,false,true
I01886,mining,large,AE,hot,medium,2-shift,Sorter,consumer,passive,IP66,35,paid-social,dach,service,/contact,desktop,on-site,premium,dedicated,true,true,2,,3800,2024-05-24,false,true
I01887,construction,small,FI,arctic,medium,3-shift,Conveyor,pro,passive,IP66,65,search,dach,service,/spec-sheets,desktop,guided,standard,dedicated,false,false,0,,11600,2025-04-30,false,true
I01888,logistics,small,DE,temperate,medium,1-shift,Sorter,pro,active,IP65,65,paid-social,dach,service,/pricing,desktop,guided,standard,dedicated,false,false,0,4,23000,2024-04-01,false,true
I01889,mining,mid,MA,temperate,high,3-shift,Conveyor,consumer,active,IP54,35,paid-social,dach,service,/contact,mobile,guided,standard,dedicated,false,false,0,,4100,2025-07-03,false,true
I01890,logistics,small,PL,hot,medium,1-shift,Conveyor,industrial,liquid,IP54,90,search,iberia,service,/products,desktop,guided,premium,dedicated,false,false,1,,81450,2024-11-28,false,true
I01891,construction,small,AE,hot,medium,3-shift,Conveyor,pro,passive,IP66,65,paid-social,dach,service,/contact,mobile,self,standard,dedicated,true,false,1,,34800,2025-03-15,true,false
I01892,logistics,mid,SA,hot,low,2-shift,Sorter,pro,liquid,IP66,65,referral,dach,uptime,/pricing,tablet,self,none,dedicated,false,false,1,1,23200,2024-09-30,false,true
I01893,food,small,SA,hot,low,3-shift,Loader,pro,active,IP66,65,paid-social,nordics,service,/case-studies,desktop,guided,standard,dedicated,false,false,0,,33900,2025-03-07,false,true
I01894,food,small,PL,hot,medium,2-shift,Sorter,pro,active,IP65,65,paid-social,iberia,service,/case-studies,mobile,guided,premium,pooled,false,false,0,5,11500,2025-05-25,true,false
I01895,logistics,small,SA,hot,medium,2-shift,Lifter,pro,passive,IP65,65,distributor-ME,middle-east,uptime,/products,mobile,guided,standard,dedicated,true,false,1,,11750,2025-01-16,false,true
I01896,food,small,PL,temperate,medium,3-shift,Conveyor,pro,passive,IP66,65,search,middle-east,uptime,/contact,desktop,on-site,none,dedicated,false,false,1,,11600,2024-11-28,false,true
I01897,mining,mid,FI,arctic,low,2-shift,Conveyor,consumer,passive,IP54,35,trade-fair,nordics,service,/products,mobile,on-site,standard,pooled,false,false,0,5,3950,2025-03-17,false,true
I01898,mining,mid,DE,temperate,high,1-shift,Conveyor,pro,passive,IP66,65,paid-social,dach,service,/products,desktop,self,standard,pooled,false,false,0,4,11600,2025-01-02,false,true
I01899,food,small,AE,hot,high,3-shift,Lifter,consumer,active,IP65,35,distributor-ME,middle-east,uptime,/pricing,desktop,self,premium,pooled,false,true,2,3,4500,2025-07-17,true,false
I01900,logistics,mid,PL,temperate,medium,2-shift,Hoist,consumer,passive,IP54,35,referral,iberia,price,/products,tablet,self,standard,dedicated,false,false,0,,22500,2025-03-22,false,true
I01901,mining,mid,SA,hot,high,1-shift,Conveyor,industrial,active,IP65,90,search,dach,service,/products,tablet,guided,none,dedicated,false,false,0,,27100,2024-05-03,false,true
I01902,food,mid,PL,hot,high,1-shift,Lifter,industrial,liquid,IP66,90,distributor-ME,middle-east,uptime,/products,desktop,self,standard,dedicated,false,false,0,,81000,2024-05-08,false,true
I01903,food,large,MA,hot,high,3-shift,Compactor,industrial,active,IP66,90,distributor-ME,middle-east,uptime,/spec-sheets,desktop,guided,none,pooled,true,false,1,2,53200,2024-08-11,false,true
I01904,food,small,NO,temperate,high,1-shift,Hoist,industrial,liquid,IP66,90,referral,nordics,uptime,/contact,desktop,on-site,none,dedicated,false,false,0,,132750,2024-05-30,false,true
I01905,food,small,DE,hot,high,3-shift,Compactor,consumer,passive,IP66,35,paid-social,nordics,service,/spec-sheets,desktop,on-site,premium,pooled,true,true,4,2,12900,2024-04-24,true,false
I01906,food,small,FI,temperate,low,3-shift,Hoist,consumer,active,IP66,35,paid-social,dach,service,/case-studies,mobile,guided,standard,dedicated,false,false,0,,3850,2025-03-13,true,false
I01907,construction,mid,FI,temperate,medium,2-shift,Lifter,consumer,passive,IP54,35,trade-fair,dach,uptime,/pricing,mobile,on-site,premium,pooled,true,true,2,,4100,2024-05-07,false,true
I01908,mining,large,DE,hot,medium,2-shift,Sorter,consumer,passive,IP66,35,search,benelux,durability,/pricing,desktop,guided,standard,dedicated,true,false,3,3,7600,2024-02-27,false,true
I01909,logistics,mid,FI,temperate,low,2-shift,Conveyor,consumer,active,IP54,35,referral,nordics,uptime,/products,desktop,guided,none,dedicated,false,false,1,,4100,2024-06-01,false,true
I01910,construction,large,SA,temperate,low,1-shift,Compactor,pro,liquid,IP54,65,search,dach,service,/case-studies,mobile,guided,standard,dedicated,false,false,1,5,11600,2025-05-03,false,true
I01911,mining,small,DE,temperate,medium,3-shift,Compactor,industrial,active,IP66,90,search,nordics,durability,/spec-sheets,tablet,guided,standard,dedicated,false,false,2,,26600,2024-11-05,false,true
I01912,logistics,small,AE,hot,medium,3-shift,Hoist,pro,active,IP65,65,referral,middle-east,service,/pricing,tablet,guided,none,dedicated,false,false,0,5,23600,2024-03-09,false,true
I01913,logistics,large,SE,temperate,medium,2-shift,Compactor,consumer,active,IP54,35,paid-social,iberia,service,/products,desktop,on-site,standard,pooled,false,false,0,4,4500,2024-06-14,false,true
I01914,logistics,small,NO,temperate,medium,1-shift,Compactor,industrial,active,IP66,90,referral,iberia,price,/contact,mobile,guided,standard,dedicated,false,false,1,3,133000,2024-04-04,false,true
I01915,logistics,mid,FI,arctic,high,3-shift,Conveyor,industrial,liquid,IP54,90,paid-social,middle-east,durability,/products,desktop,on-site,standard,dedicated,false,false,0,,54300,2024-06-06,true,false
I01916,food,small,NO,temperate,medium,3-shift,Sorter,industrial,active,IP54,90,trade-fair,iberia,durability,/products,mobile,guided,none,dedicated,false,false,0,,27100,2024-12-20,false,true
I01917,food,small,PL,temperate,high,2-shift,Loader,pro,passive,IP65,65,trade-fair,nordics,service,/pricing,desktop,guided,standard,dedicated,false,false,0,,33600,2024-03-05,false,true
I01918,construction,small,MA,hot,low,1-shift,Hoist,consumer,active,IP66,35,trade-fair,middle-east,uptime,/products,mobile,guided,premium,dedicated,false,false,2,,11550,2025-01-03,false,true
I01919,construction,small,AE,temperate,high,2-shift,Conveyor,industrial,active,IP65,90,paid-social,dach,service,/spec-sheets,mobile,on-site,standard,pooled,false,false,1,,135500,2025-08-13,false,true
I01920,food,large,SA,hot,high,2-shift,Lifter,industrial,liquid,IP66,90,distributor-ME,middle-east,uptime,/spec-sheets,desktop,on-site,none,dedicated,false,false,1,,27000,2024-10-08,false,true
I01921,mining,small,SE,temperate,medium,3-shift,Hoist,industrial,active,IP66,90,trade-fair,benelux,price,/contact,mobile,on-site,premium,dedicated,false,false,0,,79200,2024-07-19,false,true
I01922,mining,small,ES,hot,medium,2-shift,Compactor,industrial,liquid,IP66,90,referral,dach,uptime,/case-studies,desktop,on-site,none,pooled,false,false,0,5,26550,2025-06-10,false,true
I01923,logistics,large,MA,temperate,medium,1-shift,Loader,consumer,active,IP66,35,referral,dach,uptime,/case-studies,desktop,on-site,standard,dedicated,false,false,0,,8200,2025-04-15,false,true
I01924,food,small,DE,temperate,low,1-shift,Lifter,industrial,liquid,IP66,90,referral,dach,uptime,/case-studies,desktop,self,none,pooled,true,false,1,2,27000,2024-07-01,false,true
I01925,mining,mid,DE,hot,medium,2-shift,Loader,consumer,passive,IP66,35,trade-fair,dach,uptime,/pricing,desktop,self,standard,pooled,true,true,3,,4250,2024-04-10,false,true
I01926,construction,small,AE,temperate,medium,1-shift,Loader,pro,passive,IP65,65,trade-fair,nordics,service,/contact,mobile,guided,premium,pooled,false,false,0,5,11200,2025-04-28,true,false
I01927,logistics,mid,AE,hot,low,1-shift,Loader,industrial,liquid,IP65,90,distributor-ME,middle-east,uptime,/contact,desktop,guided,none,dedicated,false,false,1,4,26850,2025-03-05,false,true
I01928,mining,large,ES,hot,medium,2-shift,Hoist,industrial,active,IP66,90,distributor-ME,middle-east,uptime,/spec-sheets,desktop,on-site,none,pooled,true,false,1,,79200,2025-03-26,false,true
I01929,food,small,ES,temperate,high,3-shift,Sorter,industrial,liquid,IP54,90,search,middle-east,uptime,/case-studies,mobile,on-site,standard,dedicated,false,false,0,4,27150,2024-04-01,false,true
I01930,mining,small,SE,temperate,low,3-shift,Hoist,industrial,active,IP66,90,trade-fair,iberia,durability,/contact,desktop,self,standard,dedicated,false,false,0,,132000,2024-08-19,false,true
I01931,mining,large,SA,hot,medium,2-shift,Sorter,pro,liquid,IP66,65,distributor-ME,middle-east,uptime,/spec-sheets,desktop,self,none,pooled,false,false,0,,11600,2025-02-07,false,true
I01932,food,small,FI,temperate,medium,1-shift,Compactor,consumer,passive,IP66,35,search,dach,service,/contact,desktop,guided,none,dedicated,false,false,0,5,4300,2024-11-06,false,true
I01933,food,mid,AE,hot,medium,3-shift,Hoist,pro,active,IP65,65,referral,dach,uptime,/products,mobile,self,none,dedicated,false,false,0,4,23600,2024-08-03,false,true
I01934,mining,large,AE,hot,medium,2-shift,Lifter,consumer,active,IP65,35,search,iberia,service,/case-studies,desktop,on-site,premium,pooled,false,false,0,,22500,2025-04-30,false,true
I01935,logistics,large,AE,temperate,medium,2-shift,Lifter,industrial,active,IP66,90,paid-social,iberia,service,/spec-sheets,desktop,on-site,premium,dedicated,false,false,1,,79800,2024-06-24,false,true
I01936,logistics,large,SE,temperate,high,3-shift,Loader,pro,passive,IP65,65,paid-social,middle-east,durability,/spec-sheets,desktop,guided,none,pooled,false,true,1,,11200,2024-04-10,false,true
I01937,construction,mid,DE,temperate,low,3-shift,Compactor,consumer,passive,IP66,35,trade-fair,iberia,durability,/pricing,desktop,guided,none,pooled,false,true,1,,8600,2024-11-28,false,true
I01938,food,small,FI,arctic,low,1-shift,Compactor,industrial,active,IP66,90,referral,nordics,uptime,/case-studies,mobile,guided,standard,dedicated,false,false,0,4,26600,2024-07-10,false,true
I01939,construction,mid,DE,hot,medium,2-shift,Sorter,consumer,passive,IP66,35,distributor-ME,middle-east,uptime,/case-studies,desktop,on-site,standard,pooled,true,true,1,,3800,2024-07-22,true,false
I01940,mining,small,MA,hot,medium,3-shift,Hoist,pro,passive,IP66,65,referral,dach,uptime,/case-studies,desktop,on-site,standard,pooled,true,true,3,,23500,2024-09-06,false,true
I01941,construction,small,MA,hot,high,2-shift,Sorter,industrial,liquid,IP54,90,search,nordics,durability,/contact,mobile,self,premium,dedicated,false,false,0,5,27150,2025-03-22,false,true
I01942,construction,small,MA,hot,high,2-shift,Loader,pro,liquid,IP54,65,referral,iberia,price,/case-studies,mobile,guided,premium,dedicated,false,false,2,4,35550,2025-06-28,true,false
I01943,food,mid,MA,hot,low,3-shift,Hoist,pro,active,IP65,65,referral,dach,uptime,/contact,mobile,self,standard,dedicated,true,false,2,5,23600,2025-07-22,false,true
I01944,food,small,NO,temperate,low,1-shift,Hoist,industrial,active,IP66,90,paid-social,dach,service,/products,desktop,guided,premium,dedicated,false,false,0,,52800,2025-06-25,false,true
I01945,logistics,mid,PL,temperate,low,1-shift,Sorter,industrial,liquid,IP54,90,referral,iberia,price,/case-studies,mobile,guided,standard,pooled,false,false,0,,81450,2025-04-19,false,true
I01946,food,small,FI,arctic,medium,2-shift,Loader,industrial,liquid,IP65,90,search,nordics,durability,/spec-sheets,desktop,on-site,standard,pooled,false,false,0,5,26850,2025-04-24,false,true
I01947,food,small,MA,hot,medium,3-shift,Lifter,consumer,active,IP65,35,distributor-ME,middle-east,uptime,/products,desktop,self,premium,pooled,false,false,1,,9000,2024-09-27,false,true
I01948,logistics,small,SA,hot,high,2-shift,Conveyor,industrial,active,IP65,90,distributor-ME,middle-east,uptime,/case-studies,mobile,guided,standard,pooled,false,true,1,,27100,2024-03-23,false,true
I01949,mining,mid,DE,hot,low,1-shift,Compactor,consumer,passive,IP66,35,referral,iberia,price,/case-studies,mobile,self,none,dedicated,true,false,2,,21500,2024-09-10,true,false
I01950,food,mid,AE,hot,high,1-shift,Conveyor,pro,passive,IP66,65,paid-social,middle-east,durability,/pricing,mobile,guided,premium,dedicated,true,false,4,,11600,2024-04-17,false,true
I01951,mining,mid,DE,temperate,medium,2-shift,Loader,industrial,liquid,IP65,90,paid-social,iberia,service,/pricing,desktop,guided,none,pooled,false,false,0,5,26850,2024-06-14,false,true
I01952,mining,small,AE,hot,medium,3-shift,Lifter,pro,active,IP65,65,trade-fair,iberia,durability,/spec-sheets,desktop,on-site,none,pooled,false,false,0,5,11600,2025-07-03,false,true
I01953,construction,mid,MA,hot,medium,1-shift,Compactor,industrial,liquid,IP66,90,search,middle-east,uptime,/spec-sheets,desktop,self,none,dedicated,false,false,1,5,26550,2025-08-05,false,true
I01954,food,large,AE,hot,medium,2-shift,Sorter,pro,active,IP65,65,distributor-ME,middle-east,uptime,/spec-sheets,desktop,guided,standard,pooled,false,true,2,,23000,2024-10-04,false,true
I01955,logistics,mid,AE,hot,low,1-shift,Hoist,industrial,active,IP66,90,distributor-ME,middle-east,uptime,/pricing,desktop,on-site,standard,dedicated,false,false,1,,52800,2024-08-28,false,true
I01956,logistics,mid,ES,arctic,high,1-shift,Loader,industrial,liquid,IP65,90,search,nordics,durability,/products,mobile,guided,premium,dedicated,true,false,2,,26850,2024-09-06,false,true
I01957,mining,small,SE,temperate,high,2-shift,Sorter,pro,active,IP65,65,trade-fair,middle-east,uptime,/contact,mobile,self,premium,pooled,true,true,1,,11500,2025-02-25,true,false
I01958,mining,small,MA,hot,medium,3-shift,Compactor,industrial,liquid,IP66,90,referral,iberia,price,/contact,desktop,guided,standard,dedicated,false,false,1,,53100,2024-05-07,false,true
I01959,construction,mid,ES,hot,low,1-shift,Loader,industrial,liquid,IP65,90,referral,benelux,price,/spec-sheets,tablet,self,standard,dedicated,false,false,0,5,53700,2025-07-03,false,true
I01960,mining,large,SA,hot,medium,2-shift,Lifter,consumer,passive,IP54,35,distributor-ME,middle-east,uptime,/case-studies,tablet,self,premium,pooled,true,true,3,5,4100,2024-07-17,false,true
I01961,logistics,small,MA,temperate,medium,2-shift,Hoist,consumer,passive,IP54,35,trade-fair,middle-east,uptime,/pricing,desktop,on-site,standard,pooled,false,false,1,,9000,2025-01-04,false,true
I01962,food,small,FI,arctic,medium,2-shift,Sorter,consumer,passive,IP66,35,trade-fair,dach,uptime,/pricing,desktop,self,none,pooled,false,false,0,,3800,2024-10-29,false,true
I01963,construction,mid,DE,temperate,medium,3-shift,Conveyor,pro,passive,IP66,65,trade-fair,middle-east,uptime,/products,mobile,guided,premium,pooled,false,true,1,,11600,2025-05-17,false,true
I01964,logistics,mid,SA,hot,low,2-shift,Lifter,industrial,active,IP66,90,search,dach,service,/pricing,desktop,self,none,dedicated,false,false,1,1,26600,2024-04-23,false,true
I01965,mining,small,ES,hot,medium,1-shift,Lifter,industrial,liquid,IP66,90,paid-social,middle-east,durability,/spec-sheets,desktop,self,standard,dedicated,false,false,0,,54000,2025-05-19,false,true
I01966,logistics,large,MA,hot,low,1-shift,Compactor,pro,passive,IP54,65,distributor-ME,middle-east,uptime,/pricing,desktop,guided,none,dedicated,true,false,3,1,22600,2025-03-26,false,true
I01967,food,small,AE,temperate,medium,3-shift,Lifter,pro,passive,IP65,65,paid-social,dach,service,/products,desktop,self,premium,pooled,false,true,1,,11750,2024-08-19,true,false
I01968,mining,small,MA,hot,medium,3-shift,Compactor,pro,liquid,IP54,65,paid-social,dach,service,/spec-sheets,desktop,guided,none,pooled,false,true,1,,11600,2024-08-07,false,true
I01969,mining,large,ES,hot,medium,2-shift,Conveyor,industrial,liquid,IP54,90,distributor-ME,middle-east,uptime,/case-studies,desktop,guided,standard,dedicated,false,false,1,,54300,2025-04-11,false,true
I01970,logistics,mid,MA,hot,medium,1-shift,Conveyor,consumer,passive,IP54,35,distributor-ME,middle-east,uptime,/case-studies,tablet,on-site,none,pooled,false,true,1,,7900,2025-04-27,false,true
I01971,logistics,large,MA,hot,high,2-shift,Compactor,pro,liquid,IP54,65,referral,iberia,price,/contact,desktop,self,standard,dedicated,false,false,0,4,58000,2025-03-08,false,true
I01972,construction,mid,DE,hot,medium,1-shift,Sorter,consumer,active,IP54,35,distributor-ME,middle-east,uptime,/case-studies,tablet,on-site,standard,dedicated,true,false,1,,11550,2025-05-24,false,true
I01973,mining,small,SE,temperate,high,2-shift,Lifter,consumer,active,IP65,35,paid-social,benelux,durability,/contact,tablet,on-site,standard,dedicated,true,false,1,,22500,2025-03-03,false,true
I01974,food,small,AE,hot,medium,3-shift,Loader,consumer,passive,IP66,35,referral,nordics,uptime,/spec-sheets,mobile,on-site,standard,pooled,true,true,4,,8500,2024-11-04,true,false
I01975,logistics,small,MA,hot,low,1-shift,Conveyor,pro,active,IP65,65,distributor-ME,middle-east,uptime,/case-studies,desktop,on-site,none,pooled,false,false,0,4,23400,2024-12-10,false,true
I01976,food,small,MA,hot,high,2-shift,Hoist,consumer,active,IP66,35,referral,benelux,price,/case-studies,desktop,self,premium,pooled,false,false,0,,3850,2024-09-08,true,false
I01977,food,small,SA,temperate,medium,3-shift,Loader,consumer,passive,IP66,35,referral,benelux,price,/products,desktop,guided,standard,pooled,false,true,2,5,4250,2025-03-14,false,true
I01978,logistics,mid,SA,hot,low,1-shift,Sorter,pro,passive,IP54,65,search,benelux,durability,/spec-sheets,desktop,self,standard,dedicated,true,false,2,,23700,2025-03-30,false,true
I01979,logistics,small,FI,temperate,low,1-shift,Loader,industrial,liquid,IP65,90,search,benelux,durability,/products,desktop,guided,none,dedicated,false,false,0,4,53700,2024-11-13,false,true
I01980,logistics,large,MA,hot,medium,1-shift,Lifter,industrial,liquid,IP66,90,distributor-ME,middle-east,uptime,/products,desktop,guided,premium,dedicated,false,false,0,4,81000,2024-04-07,false,true
I01981,food,small,MA,hot,low,3-shift,Conveyor,consumer,active,IP54,35,trade-fair,dach,uptime,/spec-sheets,mobile,on-site,standard,pooled,false,true,3,2,4100,2024-11-17,true,false
I01982,mining,small,SE,arctic,high,2-shift,Compactor,pro,liquid,IP54,65,search,iberia,service,/products,mobile,guided,standard,dedicated,false,false,0,,58000,2024-11-23,false,true
I01983,mining,large,ES,temperate,medium,1-shift,Compactor,pro,active,IP65,65,search,benelux,durability,/spec-sheets,tablet,self,none,pooled,false,false,0,,11600,2024-10-18,false,true
I01984,construction,small,SA,hot,medium,1-shift,Conveyor,consumer,active,IP54,35,distributor-ME,middle-east,uptime,/pricing,mobile,self,none,pooled,false,true,1,,12300,2024-03-04,true,false
I01985,construction,small,ES,hot,medium,1-shift,Sorter,consumer,active,IP54,35,distributor-ME,middle-east,uptime,/case-studies,desktop,guided,premium,pooled,true,false,1,,11550,2025-06-10,false,true
I01986,food,large,MA,hot,low,2-shift,Sorter,consumer,passive,IP66,35,distributor-ME,middle-east,uptime,/case-studies,desktop,guided,premium,pooled,true,true,2,1,7600,2024-11-14,false,true
I01987,food,mid,DE,temperate,low,3-shift,Conveyor,pro,active,IP65,65,paid-social,iberia,service,/case-studies,mobile,on-site,none,pooled,true,true,1,,23400,2025-01-11,true,false
I01988,logistics,mid,ES,hot,high,1-shift,Lifter,consumer,passive,IP54,35,distributor-ME,middle-east,uptime,/contact,mobile,guided,none,pooled,true,true,2,,12300,2024-09-15,true,false
I01989,logistics,small,NO,temperate,high,1-shift,Hoist,pro,passive,IP66,65,referral,nordics,uptime,/pricing,desktop,on-site,none,pooled,false,false,0,,23500,2024-07-14,false,true
I01990,mining,small,SE,temperate,low,3-shift,Sorter,consumer,passive,IP66,35,trade-fair,dach,uptime,/case-studies,mobile,on-site,premium,dedicated,false,false,2,,3800,2025-04-19,false,true
I01991,mining,small,MA,hot,medium,3-shift,Hoist,industrial,liquid,IP66,90,referral,benelux,price,/case-studies,desktop,self,premium,dedicated,false,false,0,,53100,2024-06-27,false,true
I01992,mining,large,SA,hot,medium,3-shift,Lifter,industrial,active,IP66,90,trade-fair,middle-east,uptime,/case-studies,desktop,self,premium,dedicated,false,false,0,4,79800,2024-04-03,false,true
I01993,food,mid,AE,hot,medium,2-shift,Sorter,pro,liquid,IP66,65,referral,middle-east,service,/contact,desktop,guided,none,pooled,false,false,0,4,11600,2024-05-12,false,true
I01994,food,large,ES,temperate,medium,3-shift,Loader,pro,active,IP66,65,trade-fair,benelux,price,/spec-sheets,desktop,guided,premium,pooled,false,false,0,,11300,2025-07-14,false,true
I01995,construction,small,SA,hot,medium,1-shift,Conveyor,consumer,active,IP54,35,paid-social,nordics,service,/products,desktop,guided,premium,dedicated,false,false,0,5,4100,2024-08-27,false,true
I01996,mining,small,DE,temperate,medium,3-shift,Compactor,consumer,active,IP54,35,referral,benelux,price,/products,desktop,self,premium,pooled,false,true,1,2,13500,2024-06-01,false,true
I01997,logistics,mid,ES,arctic,medium,2-shift,Hoist,industrial,liquid,IP66,90,paid-social,middle-east,durability,/case-studies,desktop,guided,premium,dedicated,true,false,1,1,53100,2024-06-29,false,true
I01998,construction,small,AE,hot,medium,1-shift,Loader,pro,passive,IP65,65,referral,dach,uptime,/products,desktop,guided,standard,pooled,true,true,1,,11200,2024-04-28,false,true
I01999,food,large,SA,hot,medium,3-shift,Loader,pro,liquid,IP54,65,distributor-ME,middle-east,uptime,/contact,desktop,guided,standard,pooled,true,false,1,,11850,2024-08-20,false,true
I02000,logistics,small,MA,temperate,high,1-shift,Compactor,pro,active,IP65,65,paid-social,nordics,service,/case-studies,desktop,self,premium,dedicated,true,true,1,,23200,2024-12-03,true,false
I02001,construction,mid,PL,temperate,high,1-shift,Loader,industrial,active,IP66,90,trade-fair,iberia,durability,/products,desktop,guided,standard,dedicated,false,false,1,,135250,2025-03-08,false,true
I02002,logistics,small,FI,arctic,low,3-shift,Hoist,industrial,active,IP66,90,search,iberia,service,/case-studies,desktop,self,none,dedicated,false,false,0,5,52800,2024-12-31,false,true
I02003,food,small,PL,temperate,medium,3-shift,Conveyor,consumer,active,IP54,35,referral,dach,uptime,/pricing,desktop,guided,none,dedicated,false,false,1,3,4100,2024-05-09,true,false
I02004,food,mid,AE,hot,medium,3-shift,Hoist,industrial,liquid,IP66,90,distributor-ME,middle-east,uptime,/contact,mobile,self,standard,dedicated,false,false,0,5,26550,2024-04-24,false,true
I02005,food,small,AE,hot,medium,2-shift,Hoist,consumer,active,IP66,35,referral,middle-east,service,/spec-sheets,mobile,guided,standard,pooled,false,false,1,,11550,2025-07-16,false,true
I02006,logistics,small,FI,temperate,medium,2-shift,Lifter,pro,active,IP65,65,trade-fair,iberia,durability,/contact,desktop,guided,standard,pooled,true,true,2,4,11600,2024-05-02,false,true
I02007,logistics,large,AE,hot,low,1-shift,Hoist,industrial,liquid,IP66,90,search,dach,service,/contact,desktop,guided,premium,dedicated,true,false,1,5,26550,2025-02-09,false,true
I02008,logistics,large,MA,hot,medium,1-shift,Lifter,pro,passive,IP65,65,trade-fair,dach,uptime,/spec-sheets,mobile,on-site,none,dedicated,true,false,4,,58750,2024-10-17,true,false
I02009,food,mid,MA,hot,medium,3-shift,Loader,industrial,active,IP66,90,paid-social,benelux,durability,/pricing,desktop,self,none,dedicated,true,false,1,2,27050,2025-05-06,false,true
I02010,mining,large,SA,hot,medium,2-shift,Conveyor,industrial,liquid,IP54,90,distributor-ME,middle-east,uptime,/spec-sheets,mobile,self,standard,dedicated,true,false,1,,27150,2025-05-08,false,true
I02011,logistics,small,MA,hot,high,1-shift,Compactor,consumer,active,IP54,35,paid-social,benelux,durability,/products,tablet,self,standard,dedicated,true,false,1,,22500,2025-06-19,false,true
I02012,food,small,FI,temperate,low,3-shift,Compactor,industrial,active,IP66,90,referral,nordics,uptime,/case-studies,desktop,on-site,none,dedicated,false,false,0,5,53200,2024-05-28,false,true
I02013,logistics,small,MA,hot,low,1-shift,Hoist,consumer,passive,IP54,35,paid-social,dach,service,/case-studies,tablet,self,premium,pooled,true,true,4,5,13500,2024-12-13,false,true
I02014,logistics,small,AE,hot,high,3-shift,Lifter,industrial,liquid,IP66,90,search,benelux,durability,/case-studies,mobile,guided,none,dedicated,true,false,1,,81000,2025-06-29,false,true
I02015,mining,large,MA,hot,high,3-shift,Lifter,industrial,liquid,IP66,90,distributor-ME,middle-east,uptime,/spec-sheets,mobile,self,none,dedicated,false,false,1,,27000,2024-04-19,false,true
I02016,logistics,small,AE,hot,high,3-shift,Conveyor,consumer,passive,IP54,35,paid-social,middle-east,durability,/pricing,desktop,guided,standard,dedicated,true,true,5,,3950,2024-05-12,false,true
I02017,construction,small,AE,hot,low,1-shift,Loader,consumer,passive,IP66,35,distributor-ME,middle-east,uptime,/spec-sheets,mobile,on-site,standard,pooled,true,true,2,5,12750,2024-08-18,false,true
I02018,mining,large,DE,temperate,medium,2-shift,Hoist,pro,passive,IP66,65,search,middle-east,uptime,/case-studies,desktop,self,standard,pooled,true,true,1,,35250,2024-05-09,false,true
I02019,food,small,SE,temperate,medium,2-shift,Hoist,pro,passive,IP66,65,search,middle-east,uptime,/spec-sheets,desktop,self,premium,pooled,true,false,1,3,11750,2025-08-04,false,true
I02020,food,small,MA,hot,low,3-shift,Hoist,pro,passive,IP66,65,referral,benelux,price,/products,desktop,on-site,standard,dedicated,true,false,3,1,35250,2025-05-03,false,true
I02021,food,large,SA,hot,low,3-shift,Loader,industrial,liquid,IP65,90,search,middle-east,uptime,/case-studies,mobile,on-site,none,dedicated,false,false,1,,26850,2025-08-04,false,true
I02022,construction,small,ES,temperate,high,3-shift,Conveyor,pro,passive,IP66,65,trade-fair,dach,uptime,/contact,desktop,on-site,standard,dedicated,false,false,0,,23200,2024-04-08,false,true
I02023,food,small,SE,temperate,low,1-shift,Compactor,industrial,active,IP66,90,referral,nordics,uptime,/products,desktop,on-site,standard,dedicated,false,false,1,,79800,2024-06-06,false,true
I02024,mining,mid,DE,temperate,medium,1-shift,Lifter,consumer,active,IP65,35,search,nordics,durability,/pricing,desktop,self,premium,pooled,false,false,0,,13500,2024-12-18,false,true
I02025,logistics,mid,SA,hot,high,1-shift,Conveyor,pro,liquid,IP65,65,search,benelux,durability,/spec-sheets,mobile,guided,standard,pooled,false,false,0,4,35100,2024-06-13,false,true
I02026,food,mid,DE,temperate,medium,2-shift,Compactor,pro,active,IP65,65,search,dach,service,/contact,desktop,on-site,standard,dedicated,false,false,0,,11600,2024-03-01,false,true
I02027,construction,small,MA,hot,low,1-shift,Hoist,pro,active,IP65,65,distributor-ME,middle-east,uptime,/products,mobile,guided,standard,dedicated,false,false,0,,23600,2025-05-12,false,true
I02028,logistics,mid,ES,hot,high,2-shift,Hoist,pro,passive,IP66,65,referral,middle-east,service,/case-studies,mobile,self,none,dedicated,true,false,1,3,58750,2025-06-28,false,true
I02029,construction,small,AE,hot,high,1-shift,Conveyor,industrial,active,IP65,90,search,dach,service,/case-studies,desktop,self,none,pooled,true,true,1,5,27100,2025-06-06,true,false
I02030,logistics,large,ES,hot,medium,1-shift,Compactor,pro,liquid,IP54,65,referral,middle-east,service,/spec-sheets,desktop,guided,premium,dedicated,false,false,1,,11600,2025-05-09,false,true
I02031,logistics,small,MA,temperate,low,1-shift,Hoist,pro,liquid,IP65,65,trade-fair,dach,uptime,/pricing,desktop,guided,standard,dedicated,false,false,0,,33750,2024-12-17,false,true
I02032,logistics,large,MA,hot,high,2-shift,Sorter,consumer,passive,IP66,35,referral,benelux,price,/products,desktop,self,standard,pooled,true,true,2,1,3800,2024-06-08,true,false
I02033,food,small,NO,temperate,low,3-shift,Compactor,consumer,active,IP54,35,paid-social,benelux,durability,/case-studies,desktop,on-site,standard,pooled,false,true,1,,4500,2024-10-07,false,true
I02034,mining,mid,PL,temperate,low,1-shift,Compactor,consumer,passive,IP66,35,trade-fair,iberia,durability,/products,tablet,on-site,standard,pooled,false,false,0,,4300,2025-01-10,false,true
I02035,food,large,SA,hot,low,3-shift,Conveyor,consumer,passive,IP54,35,distributor-ME,middle-east,uptime,/pricing,desktop,self,standard,pooled,true,true,4,,3950,2024-07-29,true,false
I02036,food,small,AE,hot,high,3-shift,Hoist,pro,passive,IP66,65,trade-fair,iberia,durability,/spec-sheets,mobile,on-site,standard,dedicated,true,true,3,,11750,2025-05-24,false,true
I02037,construction,mid,NO,temperate,low,2-shift,Conveyor,pro,liquid,IP65,65,search,middle-east,uptime,/spec-sheets,desktop,guided,none,pooled,false,false,0,5,58500,2025-07-01,false,true
I02038,logistics,small,DE,hot,high,3-shift,Sorter,consumer,active,IP54,35,distributor-ME,middle-east,uptime,/contact,desktop,guided,none,pooled,true,true,2,,3850,2024-10-20,true,false
I02039,construction,large,AE,hot,medium,1-shift,Conveyor,industrial,active,IP65,90,trade-fair,iberia,durability,/products,desktop,guided,none,dedicated,true,false,1,,27100,2024-08-27,true,false
I02040,construction,mid,MA,hot,medium,1-shift,Compactor,consumer,passive,IP66,35,search,nordics,durability,/contact,tablet,guided,standard,pooled,true,false,2,2,12900,2024-09-04,false,true
I02041,food,large,MA,hot,low,3-shift,Compactor,pro,passive,IP54,65,paid-social,iberia,service,/case-studies,desktop,on-site,none,pooled,true,true,2,,11300,2024-10-19,false,true
I02042,construction,large,PL,temperate,high,2-shift,Compactor,consumer,active,IP54,35,trade-fair,middle-east,uptime,/spec-sheets,desktop,guided,none,pooled,false,true,1,5,4500,2024-08-22,false,true
I02043,construction,mid,DE,hot,low,2-shift,Loader,industrial,active,IP66,90,search,benelux,durability,/case-studies,mobile,self,standard,pooled,false,true,1,2,27050,2024-09-12,false,true
I02044,mining,large,ES,hot,high,3-shift,Lifter,industrial,active,IP66,90,distributor-ME,middle-east,uptime,/products,mobile,on-site,standard,dedicated,true,false,3,2,133000,2025-01-15,false,true
I02045,food,small,MA,temperate,medium,1-shift,Hoist,industrial,active,IP66,90,search,iberia,service,/spec-sheets,desktop,self,standard,dedicated,false,false,0,4,26400,2025-04-08,false,true
I02046,food,mid,DE,temperate,medium,3-shift,Loader,consumer,passive,IP66,35,search,dach,service,/pricing,desktop,guided,premium,pooled,true,true,3,,4250,2024-08-22,false,true
I02047,mining,mid,DE,temperate,medium,1-shift,Loader,industrial,active,IP66,90,trade-fair,benelux,price,/pricing,mobile,on-site,none,dedicated,false,false,0,,27050,2025-03-25,false,true
I02048,construction,mid,MA,hot,low,2-shift,Sorter,consumer,active,IP54,35,trade-fair,benelux,price,/contact,mobile,on-site,none,dedicated,false,false,0,5,3850,2025-07-15,true,false
I02049,construction,small,AE,hot,low,2-shift,Hoist,consumer,passive,IP54,35,distributor-ME,middle-east,uptime,/products,mobile,guided,standard,pooled,true,true,3,4,4500,2024-03-25,true,false
I02050,construction,mid,MA,hot,high,2-shift,Compactor,pro,liquid,IP54,65,distributor-ME,middle-east,uptime,/spec-sheets,desktop,self,premium,pooled,false,false,0,,11600,2024-12-24,false,true
I02051,food,mid,ES,hot,medium,2-shift,Hoist,industrial,liquid,IP66,90,trade-fair,dach,uptime,/contact,desktop,on-site,none,dedicated,false,false,0,,26550,2025-05-01,false,true
I02052,food,mid,SA,hot,medium,2-shift,Loader,pro,liquid,IP54,65,distributor-ME,middle-east,uptime,/pricing,desktop,self,premium,dedicated,false,false,1,,35550,2024-04-30,false,true
I02053,logistics,mid,PL,temperate,medium,1-shift,Conveyor,industrial,liquid,IP54,90,trade-fair,benelux,price,/products,tablet,self,standard,dedicated,false,false,0,4,27150,2024-06-05,false,true
I02054,construction,small,MA,temperate,high,2-shift,Lifter,industrial,liquid,IP66,90,paid-social,dach,service,/case-studies,desktop,on-site,premium,dedicated,true,false,1,,27000,2025-01-02,false,true
I02055,logistics,large,MA,hot,medium,2-shift,Conveyor,industrial,active,IP65,90,search,middle-east,uptime,/pricing,desktop,self,none,dedicated,false,false,0,,81300,2024-07-29,true,false
I02056,food,small,SA,hot,low,3-shift,Sorter,pro,passive,IP54,65,distributor-ME,middle-east,uptime,/products,desktop,guided,standard,dedicated,true,false,1,3,23700,2025-04-30,true,false
I02057,logistics,mid,MA,hot,medium,1-shift,Lifter,pro,liquid,IP54,65,trade-fair,dach,uptime,/contact,mobile,guided,standard,dedicated,false,false,0,5,35250,2024-07-06,false,true
I02058,mining,small,AE,hot,medium,3-shift,Sorter,consumer,passive,IP66,35,referral,iberia,price,/case-studies,mobile,on-site,premium,pooled,true,true,2,,7600,2024-06-22,true,false
I02059,logistics,mid,SA,hot,low,1-shift,Conveyor,consumer,passive,IP54,35,trade-fair,dach,uptime,/pricing,desktop,guided,standard,pooled,true,true,3,,3950,2024-04-09,false,true
I02060,food,small,MA,temperate,medium,1-shift,Compactor,industrial,active,IP66,90,trade-fair,middle-east,uptime,/contact,desktop,self,standard,dedicated,false,false,0,,133000,2025-05-02,false,true
I02061,mining,mid,AE,hot,medium,1-shift,Compactor,consumer,passive,IP66,35,distributor-ME,middle-east,uptime,/products,mobile,on-site,premium,dedicated,true,true,3,,4300,2024-05-04,false,true
I02062,construction,small,AE,hot,high,1-shift,Lifter,pro,passive,IP65,65,search,benelux,durability,/spec-sheets,mobile,guided,none,pooled,true,true,2,5,35250,2024-06-12,true,false
I02063,logistics,small,PL,temperate,medium,3-shift,Sorter,industrial,liquid,IP54,90,paid-social,nordics,service,/pricing,desktop,self,premium,dedicated,false,false,0,,27150,2024-11-15,false,true
I02064,logistics,small,ES,hot,low,2-shift,Loader,pro,liquid,IP54,65,paid-social,dach,service,/case-studies,desktop,on-site,none,dedicated,false,false,0,5,35550,2024-07-05,false,true
I02065,logistics,large,MA,hot,high,2-shift,Compactor,pro,liquid,IP54,65,search,middle-east,uptime,/contact,desktop,on-site,standard,pooled,false,false,0,5,34800,2025-04-18,false,true
I02066,mining,large,FI,temperate,low,3-shift,Lifter,pro,liquid,IP54,65,referral,dach,uptime,/contact,desktop,guided,standard,dedicated,false,false,0,,23500,2024-12-01,false,true
I02067,mining,small,SE,temperate,medium,3-shift,Conveyor,pro,passive,IP66,65,trade-fair,nordics,service,/products,desktop,self,standard,dedicated,false,false,0,,11600,2025-05-03,true,false
I02068,food,large,MA,hot,low,1-shift,Hoist,pro,passive,IP66,65,distributor-ME,middle-east,uptime,/spec-sheets,mobile,guided,standard,dedicated,false,false,0,,35250,2024-04-01,false,true
I02069,logistics,mid,ES,arctic,medium,2-shift,Lifter,pro,passive,IP65,65,search,iberia,service,/case-studies,desktop,guided,standard,pooled,false,true,1,,11750,2025-03-29,true,false
I02070,mining,mid,PL,temperate,high,1-shift,Conveyor,consumer,active,IP54,35,search,nordics,durability,/spec-sheets,desktop,on-site,none,dedicated,false,false,1,,4100,2025-05-29,false,true
I02071,food,mid,PL,arctic,low,2-shift,Lifter,consumer,active,IP65,35,search,middle-east,uptime,/products,desktop,on-site,premium,dedicated,false,false,1,,9000,2025-07-06,false,true
I02072,logistics,small,PL,temperate,medium,1-shift,Hoist,pro,active,IP65,65,trade-fair,benelux,price,/pricing,desktop,on-site,standard,pooled,false,false,0,,23600,2024-11-04,false,true
I02073,food,large,PL,temperate,high,3-shift,Lifter,pro,liquid,IP54,65,search,dach,service,/case-studies,mobile,guided,standard,pooled,false,false,0,5,11750,2025-05-01,false,true
I02074,construction,mid,MA,hot,low,1-shift,Compactor,consumer,passive,IP66,35,distributor-ME,middle-east,uptime,/spec-sheets,desktop,self,none,dedicated,true,false,2,1,12900,2025-05-13,false,true
I02075,logistics,small,PL,hot,medium,1-shift,Sorter,pro,passive,IP54,65,trade-fair,benelux,price,/pricing,mobile,self,standard,pooled,true,true,2,,11850,2024-04-01,false,true
I02076,logistics,small,MA,hot,high,2-shift,Sorter,industrial,active,IP54,90,distributor-ME,middle-east,uptime,/contact,desktop,guided,none,dedicated,false,false,0,,81300,2025-01-01,false,true
I02077,construction,small,AE,hot,low,1-shift,Sorter,industrial,liquid,IP54,90,distributor-ME,middle-east,uptime,/products,mobile,on-site,standard,dedicated,false,false,0,,81450,2025-05-25,false,true
I02078,food,small,DE,hot,high,3-shift,Conveyor,pro,active,IP65,65,referral,dach,uptime,/spec-sheets,desktop,self,none,dedicated,false,false,0,5,23400,2024-06-11,false,true
I02079,construction,large,SA,hot,low,2-shift,Sorter,consumer,passive,IP66,35,trade-fair,iberia,durability,/pricing,desktop,on-site,standard,dedicated,true,false,2,1,3800,2024-06-13,false,true
I02080,mining,large,DE,hot,medium,2-shift,Hoist,industrial,liquid,IP66,90,referral,nordics,uptime,/pricing,desktop,on-site,standard,pooled,false,false,0,,79650,2025-03-26,true,false
I02081,construction,small,SA,hot,medium,1-shift,Lifter,pro,liquid,IP54,65,trade-fair,dach,uptime,/pricing,mobile,self,none,pooled,true,true,2,,23500,2024-05-19,false,true
I02082,logistics,large,MA,hot,low,1-shift,Lifter,industrial,liquid,IP66,90,trade-fair,nordics,service,/spec-sheets,mobile,on-site,standard,dedicated,false,false,1,4,27000,2024-04-23,true,false
I02083,logistics,small,FI,temperate,high,2-shift,Compactor,pro,passive,IP54,65,paid-social,middle-east,durability,/pricing,desktop,self,none,dedicated,false,false,0,5,22600,2024-09-02,false,true
I02084,mining,small,NO,arctic,high,2-shift,Hoist,industrial,active,IP66,90,trade-fair,iberia,durability,/contact,desktop,on-site,none,dedicated,false,false,0,,26400,2025-02-08,false,true
I02085,mining,mid,NO,hot,high,1-shift,Lifter,pro,active,IP65,65,paid-social,dach,service,/contact,tablet,self,premium,dedicated,false,false,1,4,58000,2024-12-19,false,true
I02086,construction,large,FI,temperate,medium,1-shift,Loader,pro,active,IP66,65,trade-fair,dach,uptime,/contact,desktop,guided,premium,dedicated,false,false,0,,11300,2024-10-29,false,true
I02087,food,small,PL,temperate,medium,2-shift,Sorter,consumer,passive,IP66,35,paid-social,middle-east,durability,/pricing,desktop,self,standard,pooled,true,true,1,,11400,2025-05-07,false,true
I02088,mining,large,AE,hot,medium,2-shift,Conveyor,industrial,active,IP65,90,distributor-ME,middle-east,uptime,/case-studies,desktop,guided,premium,dedicated,false,false,0,,27100,2024-11-30,false,true
I02089,construction,small,DE,temperate,high,1-shift,Lifter,consumer,passive,IP54,35,trade-fair,benelux,price,/spec-sheets,mobile,self,standard,pooled,false,false,0,,4100,2025-03-20,false,true
I02090,mining,mid,SE,temperate,medium,2-shift,Conveyor,pro,liquid,IP65,65,trade-fair,middle-east,uptime,/contact,mobile,on-site,standard,dedicated,false,false,0,,11700,2025-03-26,false,true
I02091,construction,large,DE,hot,low,2-shift,Loader,industrial,active,IP66,90,distributor-ME,middle-east,uptime,/products,desktop,on-site,standard,dedicated,false,false,1,5,54100,2024-09-26,false,true
I02092,food,small,SE,temperate,medium,3-shift,Lifter,consumer,active,IP65,35,search,nordics,durability,/pricing,desktop,self,premium,pooled,false,true,2,,4500,2024-06-19,false,true
I02093,logistics,mid,PL,temperate,high,2-shift,Conveyor,consumer,active,IP54,35,trade-fair,dach,uptime,/pricing,desktop,self,premium,dedicated,false,false,0,4,8200,2024-07-20,false,true
I02094,logistics,mid,FI,arctic,high,3-shift,Sorter,pro,passive,IP54,65,trade-fair,iberia,durability,/products,mobile,guided,standard,pooled,false,false,0,4,11850,2025-01-20,false,true
I02095,logistics,small,FI,temperate,medium,2-shift,Compactor,industrial,active,IP66,90,search,middle-east,uptime,/products,desktop,self,premium,pooled,false,true,1,,53200,2024-10-09,false,true
I02096,logistics,small,ES,hot,low,2-shift,Conveyor,pro,liquid,IP65,65,distributor-ME,middle-east,uptime,/products,mobile,guided,premium,dedicated,true,false,2,,11700,2024-12-25,false,true
I02097,construction,large,NO,temperate,high,1-shift,Compactor,consumer,active,IP54,35,paid-social,dach,service,/pricing,mobile,on-site,standard,pooled,false,false,0,5,9000,2025-06-17,false,true
I02098,construction,small,AE,hot,low,2-shift,Loader,pro,active,IP66,65,distributor-ME,middle-east,uptime,/contact,desktop,on-site,premium,dedicated,false,false,0,4,22600,2024-04-18,false,true
I02099,food,mid,NO,arctic,high,2-shift,Compactor,consumer,active,IP54,35,referral,middle-east,service,/pricing,mobile,self,standard,dedicated,false,false,0,,22500,2025-05-22,false,true
I02100,food,small,NO,temperate,high,3-shift,Lifter,consumer,active,IP65,35,referral,middle-east,service,/case-studies,mobile,guided,none,pooled,false,true,1,,4500,2024-08-07,true,false
I02101,construction,small,PL,temperate,medium,3-shift,Loader,pro,passive,IP65,65,referral,dach,uptime,/case-studies,mobile,on-site,standard,pooled,false,false,0,5,11200,2025-03-08,false,true
I02102,construction,small,MA,hot,medium,1-shift,Loader,pro,passive,IP65,65,referral,iberia,price,/spec-sheets,desktop,self,standard,pooled,true,true,3,5,11200,2025-03-07,true,false
I02103,food,small,SE,temperate,low,1-shift,Sorter,consumer,passive,IP66,35,search,middle-east,uptime,/products,mobile,on-site,standard,dedicated,false,false,0,,7600,2025-03-28,false,true
I02104,food,mid,MA,hot,low,2-shift,Lifter,consumer,passive,IP54,35,search,iberia,service,/case-studies,desktop,guided,none,pooled,true,true,3,1,4100,2025-02-24,false,true
I02105,food,small,PL,hot,medium,3-shift,Conveyor,consumer,active,IP54,35,trade-fair,middle-east,uptime,/products,mobile,self,none,pooled,false,true,1,2,12300,2025-02-17,false,true
I02106,construction,large,AE,hot,high,3-shift,Hoist,consumer,passive,IP54,35,trade-fair,benelux,price,/pricing,desktop,on-site,none,dedicated,true,false,3,,22500,2024-06-16,true,false
I02107,food,small,MA,hot,high,2-shift,Hoist,industrial,active,IP66,90,distributor-ME,middle-east,uptime,/case-studies,desktop,on-site,standard,dedicated,false,false,1,,52800,2025-06-17,false,true
I02108,construction,large,DE,temperate,medium,1-shift,Loader,pro,passive,IP65,65,search,benelux,durability,/case-studies,desktop,self,standard,dedicated,false,false,0,5,56000,2025-05-14,false,true
I02109,food,small,AE,hot,medium,2-shift,Hoist,industrial,active,IP66,90,referral,nordics,uptime,/pricing,desktop,self,none,dedicated,false,false,0,5,132000,2025-07-09,true,false
I02110,logistics,small,PL,hot,high,2-shift,Lifter,pro,liquid,IP54,65,search,benelux,durability,/case-studies,desktop,self,standard,dedicated,false,false,0,,35250,2025-07-09,false,true
I02111,mining,small,NO,temperate,medium,3-shift,Compactor,pro,passive,IP54,65,paid-social,benelux,durability,/contact,desktop,guided,standard,pooled,false,true,1,,22600,2025-08-03,false,true
I02112,logistics,small,FI,temperate,medium,2-shift,Compactor,consumer,passive,IP66,35,search,nordics,durability,/spec-sheets,tablet,guided,standard,pooled,false,false,0,,8600,2025-06-30,false,true
I02113,mining,mid,MA,hot,high,3-shift,Lifter,consumer,active,IP65,35,referral,benelux,price,/case-studies,desktop,guided,none,pooled,false,false,0,5,4500,2024-06-03,false,true
I02114,construction,small,DE,temperate,medium,1-shift,Sorter,industrial,liquid,IP54,90,paid-social,benelux,durability,/pricing,desktop,guided,premium,dedicated,false,false,0,5,27150,2025-02-05,false,true
I02115,food,small,MA,hot,low,3-shift,Lifter,pro,passive,IP65,65,trade-fair,dach,uptime,/pricing,mobile,self,standard,pooled,true,true,3,,11750,2024-07-30,true,false
I02116,mining,large,DE,temperate,high,1-shift,Lifter,industrial,liquid,IP66,90,search,iberia,service,/products,desktop,guided,none,dedicated,false,false,1,,54000,2024-07-10,false,true
I02117,logistics,large,SE,hot,medium,1-shift,Sorter,pro,active,IP65,65,paid-social,benelux,durability,/products,desktop,self,none,dedicated,false,false,0,,23000,2025-04-19,true,false
I02118,logistics,small,AE,hot,high,1-shift,Loader,pro,passive,IP65,65,paid-social,dach,service,/contact,tablet,self,standard,dedicated,true,false,3,,11200,2024-09-30,false,true
I02119,logistics,small,MA,hot,low,1-shift,Loader,industrial,liquid,IP65,90,referral,benelux,price,/contact,tablet,guided,premium,dedicated,false,false,0,,26850,2024-08-02,false,true
I02120,construction,small,SA,hot,medium,1-shift,Conveyor,industrial,liquid,IP54,90,referral,nordics,uptime,/contact,desktop,on-site,standard,dedicated,false,false,0,,54300,2024-07-31,false,true
I02121,construction,mid,SA,hot,medium,1-shift,Compactor,pro,active,IP65,65,distributor-ME,middle-east,uptime,/products,desktop,on-site,standard,pooled,false,false,0,,11600,2024-08-15,false,true
I02122,mining,mid,SA,hot,low,1-shift,Lifter,consumer,passive,IP54,35,distributor-ME,middle-east,uptime,/pricing,mobile,guided,none,pooled,true,true,3,2,8200,2024-05-07,false,true
I02123,mining,mid,PL,temperate,low,1-shift,Loader,industrial,active,IP66,90,referral,iberia,price,/contact,desktop,on-site,premium,dedicated,false,false,1,2,81150,2024-04-21,false,true
I02124,construction,small,SE,temperate,high,2-shift,Loader,pro,passive,IP65,65,referral,middle-east,service,/spec-sheets,desktop,guided,standard,pooled,true,true,1,,33600,2024-09-11,true,false
I02125,mining,large,FI,temperate,medium,3-shift,Sorter,pro,liquid,IP66,65,trade-fair,nordics,service,/spec-sheets,desktop,self,premium,dedicated,false,false,0,,23200,2025-05-25,false,true
I02126,logistics,small,NO,temperate,high,1-shift,Hoist,industrial,liquid,IP66,90,trade-fair,dach,uptime,/spec-sheets,desktop,self,premium,dedicated,true,false,1,,79650,2025-02-02,false,true
I02127,mining,mid,DE,temperate,medium,2-shift,Compactor,industrial,liquid,IP66,90,search,middle-east,uptime,/contact,desktop,self,none,dedicated,false,false,0,,53100,2025-05-27,false,true
I02128,logistics,small,MA,temperate,medium,2-shift,Loader,consumer,active,IP66,35,trade-fair,benelux,price,/pricing,mobile,guided,standard,dedicated,true,false,1,1,8200,2024-12-03,true,false
I02129,construction,small,DE,temperate,high,3-shift,Loader,industrial,liquid,IP65,90,paid-social,iberia,service,/case-studies,mobile,on-site,standard,dedicated,false,false,0,,53700,2025-05-12,false,true
I02130,construction,small,SE,temperate,high,2-shift,Loader,industrial,active,IP66,90,search,nordics,durability,/contact,desktop,guided,none,dedicated,false,false,0,,81150,2024-05-21,false,true
I02131,mining,small,FI,temperate,high,3-shift,Compactor,consumer,passive,IP66,35,referral,middle-east,service,/contact,desktop,on-site,premium,dedicated,false,false,1,,4300,2024-12-17,false,true
I02132,logistics,small,AE,hot,high,2-shift,Conveyor,pro,liquid,IP65,65,search,nordics,durability,/contact,mobile,self,premium,pooled,false,false,0,4,23400,2025-04-25,false,true
I02133,food,small,NO,temperate,low,3-shift,Conveyor,industrial,liquid,IP54,90,referral,nordics,uptime,/contact,desktop,self,standard,dedicated,false,false,1,,27150,2024-05-02,false,true
I02134,construction,large,MA,hot,high,3-shift,Lifter,industrial,liquid,IP66,90,paid-social,nordics,service,/contact,desktop,guided,standard,dedicated,false,false,0,4,54000,2024-04-19,false,true
I02135,mining,small,ES,hot,high,2-shift,Sorter,pro,passive,IP54,65,trade-fair,iberia,durability,/pricing,desktop,self,standard,dedicated,true,false,2,5,11850,2025-05-31,false,true
I02136,logistics,mid,PL,temperate,low,2-shift,Lifter,pro,passive,IP65,65,trade-fair,iberia,durability,/spec-sheets,desktop,self,standard,pooled,false,false,1,,35250,2024-10-20,false,true
I02137,logistics,mid,AE,hot,medium,1-shift,Hoist,pro,passive,IP66,65,trade-fair,benelux,price,/spec-sheets,tablet,guided,none,pooled,true,true,1,1,11750,2025-01-24,true,false
I02138,food,small,ES,hot,high,3-shift,Compactor,consumer,passive,IP66,35,search,iberia,service,/products,desktop,self,standard,dedicated,true,false,4,,4300,2024-04-13,false,true
I02139,mining,large,MA,temperate,high,3-shift,Loader,consumer,passive,IP66,35,trade-fair,middle-east,uptime,/contact,mobile,guided,none,pooled,false,true,2,,8500,2025-02-22,true,false
I02140,food,mid,AE,hot,high,1-shift,Loader,pro,active,IP66,65,referral,benelux,price,/products,tablet,guided,none,pooled,false,false,0,5,11300,2024-10-17,true,false
I02141,logistics,small,AE,hot,medium,1-shift,Loader,industrial,liquid,IP65,90,referral,benelux,price,/pricing,desktop,self,standard,dedicated,false,false,0,,26850,2024-04-20,false,true
I02142,food,small,PL,hot,medium,3-shift,Loader,pro,liquid,IP54,65,referral,dach,uptime,/contact,mobile,guided,standard,pooled,false,false,0,,35550,2024-03-05,false,true
I02143,food,large,MA,hot,high,3-shift,Lifter,consumer,active,IP65,35,distributor-ME,middle-east,uptime,/case-studies,tablet,on-site,standard,pooled,false,true,2,3,4500,2025-01-16,true,false
I02144,mining,mid,SE,temperate,low,2-shift,Sorter,pro,liquid,IP66,65,referral,iberia,price,/case-studies,mobile,guided,none,pooled,true,false,1,,34800,2025-08-17,true,false
I02145,mining,small,AE,hot,low,3-shift,Hoist,consumer,active,IP66,35,distributor-ME,middle-east,uptime,/pricing,desktop,self,standard,pooled,true,false,1,5,7700,2024-09-20,true,false
I02146,food,small,SE,arctic,low,3-shift,Conveyor,industrial,liquid,IP54,90,paid-social,iberia,service,/products,mobile,self,standard,dedicated,false,false,0,5,27150,2024-12-06,false,true
I02147,food,mid,MA,hot,low,3-shift,Loader,pro,active,IP66,65,paid-social,nordics,service,/spec-sheets,tablet,guided,standard,dedicated,true,false,2,,22600,2024-05-23,true,false
I02148,logistics,small,DE,temperate,low,1-shift,Loader,pro,passive,IP65,65,paid-social,middle-east,durability,/case-studies,tablet,on-site,standard,pooled,false,true,1,,11200,2025-06-19,false,true
I02149,logistics,mid,SA,hot,high,1-shift,Hoist,pro,liquid,IP65,65,distributor-ME,middle-east,uptime,/spec-sheets,mobile,self,standard,dedicated,false,false,0,,22500,2025-06-11,false,true
I02150,mining,small,MA,hot,medium,3-shift,Lifter,consumer,active,IP65,35,referral,nordics,uptime,/products,mobile,guided,standard,pooled,false,true,2,,4500,2025-04-28,false,true
I02151,construction,small,AE,arctic,high,3-shift,Compactor,industrial,liquid,IP66,90,paid-social,iberia,service,/products,desktop,self,standard,dedicated,false,false,0,5,26550,2024-08-07,false,true
I02152,food,small,PL,temperate,low,3-shift,Conveyor,pro,liquid,IP65,65,search,middle-east,uptime,/contact,desktop,on-site,premium,dedicated,false,false,0,,58500,2025-06-11,false,true
I02153,food,small,AE,temperate,medium,3-shift,Hoist,consumer,active,IP66,35,referral,iberia,price,/spec-sheets,desktop,self,premium,dedicated,false,false,2,,7700,2024-12-26,true,false
I02154,food,mid,SA,hot,medium,2-shift,Loader,industrial,active,IP66,90,distributor-ME,middle-east,uptime,/products,mobile,self,none,dedicated,false,false,0,5,27050,2024-12-19,false,true
I02155,logistics,small,MA,temperate,medium,1-shift,Lifter,pro,active,IP65,65,paid-social,nordics,service,/products,desktop,self,premium,dedicated,true,false,2,1,34800,2025-01-23,false,true
I02156,mining,mid,NO,hot,high,1-shift,Loader,consumer,active,IP66,35,search,middle-east,uptime,/spec-sheets,mobile,guided,none,pooled,true,true,2,,8200,2025-05-15,false,true
I02157,food,small,FI,temperate,high,1-shift,Sorter,industrial,active,IP54,90,search,middle-east,uptime,/case-studies,mobile,self,none,pooled,false,false,0,5,27100,2024-05-03,false,true
I02158,mining,large,DE,hot,medium,2-shift,Conveyor,pro,active,IP65,65,paid-social,middle-east,durability,/case-studies,desktop,on-site,standard,pooled,true,false,1,2,35100,2024-12-19,false,true
I02159,logistics,small,NO,arctic,low,2-shift,Conveyor,consumer,active,IP54,35,search,dach,service,/pricing,desktop,self,none,pooled,false,false,0,,4100,2024-06-29,false,true
I02160,food,small,MA,hot,low,1-shift,Compactor,consumer,passive,IP66,35,search,iberia,service,/case-studies,desktop,guided,standard,pooled,true,true,2,,8600,2025-04-01,true,false
I02161,food,small,ES,temperate,high,2-shift,Loader,industrial,liquid,IP65,90,search,iberia,service,/case-studies,desktop,on-site,none,dedicated,false,false,1,,26850,2024-10-22,false,true
I02162,construction,small,MA,hot,high,2-shift,Compactor,pro,active,IP65,65,search,dach,service,/spec-sheets,desktop,self,standard,pooled,false,true,2,,11600,2025-06-20,false,true
I02163,mining,mid,NO,temperate,low,2-shift,Compactor,pro,liquid,IP54,65,paid-social,nordics,service,/pricing,mobile,on-site,premium,dedicated,false,false,2,,58000,2024-04-18,false,true
I02164,food,small,PL,temperate,medium,3-shift,Conveyor,pro,liquid,IP65,65,trade-fair,benelux,price,/case-studies,mobile,self,none,pooled,true,true,2,,11700,2024-11-01,true,false
I02165,logistics,small,NO,temperate,high,1-shift,Lifter,consumer,active,IP65,35,referral,nordics,uptime,/products,desktop,guided,standard,pooled,false,true,1,2,4500,2025-03-27,true,false
I02166,logistics,large,MA,hot,medium,2-shift,Hoist,industrial,active,IP66,90,distributor-ME,middle-east,uptime,/case-studies,desktop,guided,none,dedicated,false,false,0,,52800,2025-07-17,false,true
I02167,food,large,SE,temperate,low,3-shift,Sorter,pro,active,IP65,65,referral,dach,uptime,/case-studies,desktop,guided,standard,pooled,true,true,2,,34500,2024-03-16,false,true
I02168,food,small,MA,temperate,low,2-shift,Conveyor,pro,passive,IP66,65,paid-social,benelux,durability,/contact,mobile,on-site,standard,dedicated,false,false,0,4,58000,2025-02-14,false,true
I02169,logistics,mid,SA,hot,medium,1-shift,Compactor,pro,active,IP65,65,distributor-ME,middle-east,uptime,/spec-sheets,mobile,self,premium,pooled,false,true,2,,11600,2025-02-19,false,true
I02170,logistics,small,PL,hot,high,3-shift,Hoist,consumer,passive,IP54,35,search,nordics,durability,/spec-sheets,mobile,self,standard,dedicated,true,false,4,,4500,2024-03-14,false,true
I02171,food,small,AE,temperate,medium,3-shift,Sorter,pro,liquid,IP66,65,referral,nordics,uptime,/products,desktop,guided,standard,pooled,false,false,0,5,11600,2024-04-14,false,true
I02172,mining,mid,SA,hot,low,2-shift,Compactor,pro,passive,IP54,65,referral,middle-east,service,/case-studies,desktop,guided,standard,dedicated,true,false,1,,33900,2024-11-18,false,true
I02173,mining,small,MA,hot,medium,3-shift,Lifter,industrial,active,IP66,90,trade-fair,iberia,durability,/spec-sheets,desktop,self,standard,dedicated,true,false,2,,26600,2025-05-19,false,true
I02174,logistics,small,ES,hot,medium,1-shift,Compactor,industrial,liquid,IP66,90,paid-social,middle-east,durability,/spec-sheets,mobile,on-site,standard,dedicated,false,false,0,,79650,2025-05-27,false,true
I02175,mining,mid,SE,temperate,medium,3-shift,Conveyor,industrial,active,IP65,90,trade-fair,middle-east,uptime,/contact,desktop,self,standard,dedicated,true,false,1,1,135500,2024-04-26,false,true
I02176,logistics,mid,FI,temperate,low,2-shift,Sorter,industrial,active,IP54,90,referral,iberia,price,/products,desktop,guided,standard,pooled,false,true,1,5,81300,2024-04-28,true,false
I02177,food,small,AE,hot,low,1-shift,Loader,industrial,liquid,IP65,90,referral,nordics,uptime,/pricing,mobile,self,standard,dedicated,false,false,0,,80550,2025-03-20,false,true
I02178,construction,small,DE,temperate,low,1-shift,Compactor,industrial,active,IP66,90,trade-fair,benelux,price,/spec-sheets,mobile,on-site,standard,dedicated,false,false,0,,26600,2025-07-10,false,true
I02179,logistics,small,DE,temperate,medium,1-shift,Hoist,pro,liquid,IP65,65,paid-social,nordics,service,/case-studies,desktop,on-site,standard,dedicated,false,false,0,,56250,2024-11-22,false,true
I02180,mining,mid,ES,hot,high,3-shift,Hoist,pro,liquid,IP65,65,distributor-ME,middle-east,uptime,/case-studies,desktop,on-site,standard,dedicated,false,false,0,,33750,2025-04-23,false,true
I02181,food,small,FI,temperate,medium,2-shift,Compactor,pro,liquid,IP54,65,referral,middle-east,service,/case-studies,desktop,on-site,none,pooled,true,true,3,1,23200,2025-06-22,false,true
I02182,mining,large,SA,hot,medium,2-shift,Compactor,industrial,active,IP66,90,distributor-ME,middle-east,uptime,/spec-sheets,mobile,on-site,none,dedicated,false,false,0,4,26600,2024-02-19,false,true
I02183,construction,large,AE,hot,high,3-shift,Compactor,consumer,passive,IP66,35,paid-social,iberia,service,/case-studies,desktop,self,standard,pooled,true,true,5,2,4300,2024-11-17,true,false
I02184,food,small,FI,temperate,high,3-shift,Sorter,pro,active,IP65,65,search,benelux,durability,/case-studies,mobile,guided,premium,dedicated,false,false,0,,23000,2024-07-01,false,true
I02185,construction,small,AE,hot,low,1-shift,Compactor,consumer,passive,IP66,35,distributor-ME,middle-east,uptime,/pricing,desktop,guided,premium,pooled,true,true,2,2,8600,2024-08-05,false,true
I02186,logistics,large,MA,temperate,medium,1-shift,Compactor,industrial,liquid,IP66,90,trade-fair,dach,uptime,/pricing,tablet,guided,standard,dedicated,false,false,0,,53100,2025-05-16,false,true
I02187,food,small,SE,temperate,medium,2-shift,Lifter,consumer,active,IP65,35,search,middle-east,uptime,/pricing,desktop,guided,standard,dedicated,false,false,1,,4500,2024-09-19,false,true
I02188,food,small,FI,temperate,medium,3-shift,Hoist,industrial,liquid,IP66,90,referral,iberia,price,/products,desktop,guided,none,dedicated,true,false,2,,26550,2025-02-09,false,true
I02189,logistics,large,SE,temperate,high,1-shift,Compactor,pro,active,IP65,65,search,nordics,durability,/contact,desktop,on-site,standard,dedicated,true,false,2,2,23200,2025-03-20,false,true
I02190,logistics,small,FI,temperate,medium,2-shift,Lifter,pro,passive,IP65,65,referral,benelux,price,/contact,desktop,self,premium,dedicated,false,false,0,5,35250,2024-10-15,false,true
I02191,construction,large,NO,temperate,high,1-shift,Conveyor,consumer,active,IP54,35,paid-social,middle-east,durability,/contact,desktop,on-site,standard,pooled,false,false,0,5,4100,2024-08-31,false,true
I02192,construction,small,ES,hot,low,1-shift,Conveyor,consumer,passive,IP54,35,search,middle-east,uptime,/spec-sheets,mobile,guided,premium,pooled,true,true,3,,19750,2024-05-27,true,false
I02193,construction,small,SE,hot,medium,1-shift,Hoist,industrial,active,IP66,90,trade-fair,iberia,durability,/spec-sheets,mobile,on-site,standard,dedicated,false,false,1,5,52800,2024-08-09,false,true
I02194,mining,large,DE,hot,medium,2-shift,Hoist,pro,active,IP65,65,distributor-ME,middle-east,uptime,/case-studies,desktop,self,standard,pooled,true,false,1,,11800,2025-07-26,false,true
I02195,mining,mid,NO,temperate,high,2-shift,Hoist,industrial,liquid,IP66,90,referral,benelux,price,/contact,desktop,self,premium,pooled,false,true,1,,132750,2025-07-14,false,true
I02196,mining,large,FI,temperate,low,3-shift,Hoist,pro,active,IP65,65,trade-fair,iberia,durability,/products,desktop,on-site,none,pooled,false,false,0,,11800,2024-08-27,false,true
I02197,logistics,small,PL,temperate,high,1-shift,Compactor,pro,passive,IP54,65,paid-social,iberia,service,/spec-sheets,mobile,self,standard,pooled,false,false,0,5,56500,2024-12-22,false,true
I02198,mining,large,ES,hot,medium,2-shift,Loader,consumer,active,IP66,35,distributor-ME,middle-east,uptime,/pricing,desktop,guided,none,pooled,true,true,2,,12300,2024-10-30,false,true
I02199,logistics,small,PL,temperate,medium,1-shift,Compactor,pro,active,IP65,65,paid-social,benelux,durability,/spec-sheets,desktop,self,none,dedicated,true,false,2,,34800,2025-08-11,false,true
I02200,logistics,mid,ES,arctic,medium,2-shift,Sorter,pro,passive,IP54,65,search,middle-east,uptime,/pricing,desktop,self,none,pooled,false,false,0,,11850,2024-04-07,false,true
I02201,construction,mid,ES,hot,low,1-shift,Conveyor,industrial,liquid,IP54,90,trade-fair,dach,uptime,/pricing,desktop,on-site,standard,pooled,false,false,0,5,27150,2024-04-27,false,true
I02202,food,small,NO,temperate,low,1-shift,Compactor,industrial,active,IP66,90,search,nordics,durability,/products,desktop,self,premium,pooled,false,true,2,,26600,2024-07-01,true,false
I02203,construction,large,PL,temperate,high,1-shift,Hoist,pro,liquid,IP65,65,trade-fair,middle-east,uptime,/products,desktop,guided,premium,dedicated,false,false,0,,33750,2025-06-29,false,true
I02204,mining,small,AE,hot,medium,3-shift,Loader,pro,liquid,IP54,65,distributor-ME,middle-east,uptime,/case-studies,desktop,on-site,standard,pooled,false,true,1,,11850,2025-04-04,true,false
I02205,food,mid,AE,hot,high,2-shift,Conveyor,pro,liquid,IP65,65,distributor-ME,middle-east,uptime,/contact,desktop,self,premium,dedicated,true,false,1,,23400,2024-06-02,false,true
I02206,construction,mid,DE,hot,medium,2-shift,Hoist,pro,liquid,IP65,65,trade-fair,iberia,durability,/spec-sheets,mobile,on-site,none,pooled,false,false,0,,11250,2025-08-04,false,true
I02207,food,small,ES,hot,medium,1-shift,Sorter,industrial,active,IP54,90,distributor-ME,middle-east,uptime,/spec-sheets,desktop,guided,standard,dedicated,false,false,0,,81300,2024-06-26,false,true
I02208,mining,mid,SA,hot,high,1-shift,Sorter,pro,liquid,IP66,65,search,benelux,durability,/contact,desktop,self,standard,dedicated,true,false,1,,34800,2024-09-20,false,true
I02209,construction,mid,MA,hot,low,1-shift,Conveyor,industrial,liquid,IP54,90,trade-fair,iberia,durability,/pricing,desktop,self,none,dedicated,true,false,2,,81450,2025-02-16,false,true
I02210,logistics,small,NO,temperate,high,1-shift,Conveyor,industrial,active,IP65,90,trade-fair,dach,uptime,/products,desktop,on-site,premium,dedicated,false,false,0,5,81300,2024-12-16,false,true
I02211,food,mid,MA,hot,low,3-shift,Loader,consumer,passive,IP66,35,search,nordics,durability,/spec-sheets,desktop,on-site,standard,dedicated,true,false,1,,4250,2025-05-20,false,true
I02212,construction,small,PL,temperate,high,2-shift,Hoist,industrial,active,IP66,90,referral,nordics,uptime,/products,desktop,self,premium,pooled,false,false,1,2,132000,2024-06-25,false,true
I02213,mining,small,SE,temperate,low,3-shift,Compactor,consumer,active,IP54,35,referral,iberia,price,/contact,desktop,guided,premium,dedicated,false,false,2,,9000,2025-06-12,true,false
I02214,construction,large,FI,temperate,medium,1-shift,Compactor,pro,liquid,IP54,65,referral,iberia,price,/products,desktop,self,none,pooled,false,false,0,5,11600,2025-07-12,false,true
I02215,food,small,DE,temperate,low,1-shift,Loader,pro,active,IP66,65,trade-fair,iberia,durability,/case-studies,desktop,guided,standard,dedicated,true,false,1,5,33900,2024-04-25,false,true
I02216,logistics,large,MA,hot,medium,1-shift,Sorter,industrial,liquid,IP54,90,search,middle-east,uptime,/pricing,desktop,self,standard,dedicated,false,false,0,,81450,2024-11-01,false,true
I02217,construction,large,SE,arctic,medium,1-shift,Hoist,pro,liquid,IP65,65,search,benelux,durability,/case-studies,desktop,guided,premium,dedicated,false,false,1,5,33750,2024-04-15,false,true
I02218,logistics,mid,PL,temperate,high,2-shift,Lifter,industrial,liquid,IP66,90,trade-fair,nordics,service,/products,tablet,self,standard,pooled,false,true,1,,54000,2025-04-05,false,true
I02219,logistics,mid,MA,hot,high,2-shift,Sorter,pro,active,IP65,65,trade-fair,iberia,durability,/contact,desktop,on-site,premium,pooled,true,true,2,2,11500,2024-03-17,false,true
I02220,mining,mid,FI,arctic,low,2-shift,Hoist,industrial,active,IP66,90,referral,iberia,price,/products,desktop,self,none,dedicated,false,false,0,,79200,2024-10-08,false,true
I02221,logistics,mid,FI,temperate,low,2-shift,Compactor,consumer,passive,IP66,35,referral,benelux,price,/contact,mobile,on-site,premium,pooled,false,false,0,4,4300,2024-09-29,false,true
I02222,food,small,FI,temperate,medium,1-shift,Hoist,consumer,active,IP66,35,search,nordics,durability,/case-studies,tablet,on-site,standard,pooled,false,false,1,,7700,2025-01-27,false,true
I02223,mining,small,SE,arctic,high,1-shift,Compactor,consumer,passive,IP66,35,paid-social,nordics,service,/case-studies,tablet,on-site,standard,pooled,false,false,0,,4300,2025-05-02,true,false
I02224,mining,small,NO,temperate,medium,3-shift,Compactor,industrial,liquid,IP66,90,trade-fair,benelux,price,/contact,mobile,self,premium,dedicated,false,false,2,5,132750,2025-02-02,false,true
I02225,food,mid,SA,hot,medium,2-shift,Loader,industrial,active,IP66,90,search,benelux,durability,/contact,desktop,on-site,premium,dedicated,false,false,1,,27050,2025-05-15,false,true
I02226,construction,small,SE,arctic,low,3-shift,Lifter,pro,active,IP65,65,search,iberia,service,/spec-sheets,desktop,on-site,standard,dedicated,false,false,0,5,23200,2024-05-29,false,true
I02227,mining,small,DE,temperate,high,3-shift,Compactor,pro,active,IP65,65,referral,iberia,price,/case-studies,mobile,on-site,none,pooled,false,true,1,,11600,2024-09-01,true,false
I02228,food,mid,MA,hot,medium,3-shift,Sorter,consumer,passive,IP66,35,distributor-ME,middle-east,uptime,/spec-sheets,tablet,on-site,premium,pooled,true,false,1,1,19000,2024-07-05,false,true
I02229,logistics,mid,AE,hot,low,1-shift,Compactor,industrial,liquid,IP66,90,distributor-ME,middle-east,uptime,/case-studies,desktop,guided,standard,dedicated,true,false,2,2,53100,2025-05-11,false,true
I02230,mining,small,PL,temperate,medium,3-shift,Conveyor,industrial,active,IP65,90,trade-fair,benelux,price,/contact,mobile,guided,standard,dedicated,true,false,2,2,27100,2024-12-20,false,true
I02231,logistics,small,NO,hot,low,1-shift,Conveyor,consumer,active,IP54,35,distributor-ME,middle-east,uptime,/spec-sheets,mobile,self,standard,pooled,false,false,0,,8200,2024-12-05,false,true
I02232,food,small,SE,temperate,low,2-shift,Lifter,consumer,passive,IP54,35,referral,middle-east,service,/contact,desktop,guided,none,pooled,false,true,1,,12300,2024-12-19,false,true
I02233,food,small,NO,temperate,low,3-shift,Sorter,consumer,active,IP54,35,paid-social,nordics,service,/contact,desktop,guided,premium,pooled,false,true,2,,7700,2025-07-03,false,true
I02234,construction,small,DE,temperate,medium,1-shift,Hoist,industrial,active,IP66,90,trade-fair,middle-east,uptime,/spec-sheets,desktop,on-site,none,pooled,false,false,0,,52800,2025-06-29,false,true
I02235,construction,mid,FI,temperate,medium,2-shift,Conveyor,pro,liquid,IP65,65,paid-social,middle-east,durability,/contact,desktop,guided,standard,pooled,false,false,0,,23400,2024-03-06,false,true
I02236,mining,mid,SE,temperate,low,3-shift,Loader,industrial,liquid,IP65,90,paid-social,benelux,durability,/spec-sheets,desktop,self,standard,dedicated,true,false,1,2,80550,2024-10-03,false,true
I02237,logistics,small,PL,temperate,medium,1-shift,Compactor,industrial,liquid,IP66,90,referral,middle-east,service,/case-studies,desktop,guided,standard,dedicated,true,false,2,5,79650,2025-03-19,false,true
I02238,logistics,small,MA,hot,high,1-shift,Hoist,industrial,active,IP66,90,distributor-ME,middle-east,uptime,/products,desktop,on-site,standard,dedicated,false,false,0,5,26400,2025-02-04,false,true
I02239,food,mid,DE,temperate,high,2-shift,Hoist,consumer,passive,IP54,35,search,dach,service,/case-studies,tablet,guided,none,dedicated,false,false,1,,4500,2024-09-05,false,true
I02240,logistics,small,SA,hot,medium,1-shift,Hoist,consumer,passive,IP54,35,referral,middle-east,service,/case-studies,mobile,guided,none,dedicated,true,false,2,3,4500,2025-03-21,true,false
I02241,construction,large,SE,arctic,low,1-shift,Compactor,pro,liquid,IP54,65,trade-fair,dach,uptime,/spec-sheets,desktop,guided,standard,pooled,false,true,1,4,11600,2024-09-12,true,false
I02242,mining,large,ES,temperate,medium,1-shift,Hoist,pro,passive,IP66,65,search,benelux,durability,/products,mobile,guided,none,pooled,false,false,0,5,23500,2025-03-13,false,true
I02243,logistics,small,AE,hot,high,2-shift,Hoist,industrial,liquid,IP66,90,distributor-ME,middle-east,uptime,/products,mobile,on-site,none,dedicated,false,false,0,,79650,2024-06-02,false,true
I02244,logistics,mid,AE,hot,medium,1-shift,Hoist,consumer,active,IP66,35,referral,benelux,price,/spec-sheets,tablet,self,premium,pooled,false,false,0,,7700,2025-05-20,false,true
I02245,food,small,PL,hot,medium,3-shift,Loader,pro,active,IP66,65,distributor-ME,middle-east,uptime,/case-studies,mobile,self,standard,dedicated,false,false,0,5,33900,2025-07-19,false,true
I02246,mining,large,SE,temperate,high,2-shift,Sorter,pro,active,IP65,65,paid-social,iberia,service,/case-studies,mobile,on-site,standard,pooled,false,false,0,5,11500,2025-01-21,false,true
I02247,construction,large,MA,temperate,medium,2-shift,Conveyor,pro,liquid,IP65,65,search,nordics,durability,/products,desktop,guided,none,dedicated,true,false,2,,11700,2024-09-26,false,true
I02248,logistics,large,SE,hot,medium,1-shift,Loader,consumer,passive,IP66,35,paid-social,dach,service,/pricing,desktop,guided,standard,pooled,true,true,3,1,4250,2025-05-07,false,true
I02249,logistics,small,PL,hot,high,3-shift,Hoist,pro,passive,IP66,65,paid-social,middle-east,durability,/case-studies,mobile,on-site,premium,dedicated,true,false,2,3,23500,2025-08-09,false,true
I02250,food,small,AE,hot,low,3-shift,Lifter,industrial,liquid,IP66,90,distributor-ME,middle-east,uptime,/contact,mobile,self,none,pooled,true,true,2,1,27000,2024-05-13,false,true
I02251,construction,small,SE,arctic,high,1-shift,Hoist,pro,liquid,IP65,65,trade-fair,dach,uptime,/spec-sheets,desktop,on-site,premium,dedicated,false,false,0,,33750,2025-01-04,false,true
I02252,food,small,AE,hot,medium,3-shift,Hoist,industrial,active,IP66,90,trade-fair,middle-east,uptime,/products,desktop,guided,standard,dedicated,false,false,0,,26400,2024-02-28,false,true
I02253,mining,small,MA,hot,medium,3-shift,Compactor,industrial,active,IP66,90,trade-fair,dach,uptime,/pricing,desktop,on-site,standard,dedicated,false,false,0,4,53200,2025-06-16,false,true
I02254,logistics,large,MA,hot,low,1-shift,Loader,pro,liquid,IP54,65,referral,nordics,uptime,/spec-sheets,desktop,on-site,standard,pooled,true,false,1,3,11850,2024-11-08,false,true
I02255,mining,small,SE,temperate,medium,3-shift,Hoist,consumer,active,IP66,35,paid-social,dach,service,/pricing,desktop,guided,standard,pooled,false,false,0,,3850,2025-05-05,false,true
I02256,food,mid,PL,temperate,medium,1-shift,Compactor,pro,active,IP65,65,search,iberia,service,/spec-sheets,desktop,self,standard,dedicated,false,false,0,5,34800,2024-05-30,false,true
I02257,construction,mid,PL,temperate,medium,1-shift,Lifter,pro,passive,IP65,65,search,middle-east,uptime,/pricing,desktop,self,none,dedicated,false,false,1,,35250,2024-12-04,false,true
I02258,mining,large,MA,hot,high,3-shift,Conveyor,pro,passive,IP66,65,referral,iberia,price,/contact,desktop,self,none,dedicated,true,false,3,,23200,2025-06-18,false,true
I02259,food,mid,MA,hot,medium,3-shift,Compactor,pro,active,IP65,65,distributor-ME,middle-east,uptime,/pricing,mobile,guided,premium,dedicated,true,false,1,,11600,2024-07-16,false,true
I02260,logistics,large,PL,temperate,medium,3-shift,Hoist,industrial,active,IP66,90,trade-fair,nordics,service,/case-studies,mobile,on-site,none,dedicated,true,false,2,,26400,2025-03-19,false,true
I02261,mining,large,SA,hot,medium,3-shift,Conveyor,industrial,liquid,IP54,90,distributor-ME,middle-east,uptime,/case-studies,desktop,on-site,none,pooled,false,false,0,,27150,2024-11-25,false,true
I02262,construction,small,MA,hot,high,2-shift,Loader,consumer,passive,IP66,35,referral,nordics,uptime,/contact,mobile,on-site,none,pooled,true,true,2,3,12750,2025-03-10,true,false
I02263,logistics,small,NO,arctic,medium,2-shift,Conveyor,industrial,liquid,IP54,90,trade-fair,benelux,price,/contact,desktop,guided,standard,dedicated,false,false,0,5,54300,2024-07-26,false,true
I02264,logistics,small,AE,hot,low,2-shift,Hoist,consumer,passive,IP54,35,distributor-ME,middle-east,uptime,/spec-sheets,desktop,guided,standard,pooled,true,true,2,,9000,2024-05-11,false,true
I02265,mining,large,SE,temperate,medium,1-shift,Loader,consumer,passive,IP66,35,referral,middle-east,service,/case-studies,desktop,on-site,none,dedicated,false,false,0,,8500,2024-08-31,false,true
I02266,logistics,large,MA,hot,medium,3-shift,Sorter,pro,liquid,IP66,65,distributor-ME,middle-east,uptime,/pricing,mobile,on-site,standard,pooled,false,false,0,,11600,2024-04-11,false,true
I02267,construction,mid,DE,hot,low,2-shift,Loader,consumer,active,IP66,35,distributor-ME,middle-east,uptime,/pricing,desktop,self,standard,pooled,false,false,0,,4100,2025-05-20,false,true
I02268,construction,small,SE,temperate,high,1-shift,Hoist,pro,passive,IP66,65,referral,dach,uptime,/products,mobile,on-site,none,pooled,true,false,1,,11750,2025-06-13,false,true
I02269,logistics,mid,ES,hot,low,1-shift,Sorter,pro,active,IP65,65,referral,middle-east,service,/pricing,desktop,guided,standard,pooled,false,false,0,,11500,2025-06-19,false,true
I02270,food,large,PL,temperate,low,3-shift,Sorter,pro,active,IP65,65,paid-social,benelux,durability,/spec-sheets,tablet,self,none,pooled,false,false,0,5,34500,2024-05-09,false,true
I02271,food,small,PL,temperate,medium,2-shift,Lifter,pro,active,IP65,65,trade-fair,benelux,price,/contact,desktop,on-site,standard,pooled,false,false,0,,58000,2024-12-27,false,true
I02272,food,small,MA,hot,low,3-shift,Lifter,pro,passive,IP65,65,trade-fair,benelux,price,/case-studies,desktop,self,premium,pooled,true,true,5,,11750,2025-07-21,false,true
I02273,construction,small,DE,hot,low,1-shift,Compactor,pro,active,IP65,65,search,dach,service,/spec-sheets,desktop,guided,none,dedicated,false,false,0,,58000,2024-05-21,false,true
I02274,logistics,mid,SA,hot,high,2-shift,Loader,industrial,liquid,IP65,90,distributor-ME,middle-east,uptime,/case-studies,mobile,guided,standard,pooled,false,true,1,5,26850,2024-07-23,false,true
I02275,mining,mid,ES,hot,high,3-shift,Conveyor,consumer,active,IP54,35,trade-fair,middle-east,uptime,/pricing,mobile,on-site,standard,pooled,false,true,1,,12300,2024-05-14,true,false
I02276,construction,small,MA,hot,high,2-shift,Loader,pro,passive,IP65,65,search,middle-east,uptime,/case-studies,tablet,on-site,standard,dedicated,true,false,3,,33600,2024-07-30,true,false
I02277,construction,large,DE,temperate,medium,1-shift,Compactor,industrial,active,IP66,90,referral,benelux,price,/products,mobile,self,none,dedicated,false,false,1,,79800,2025-06-26,false,true
I02278,mining,large,NO,temperate,medium,2-shift,Conveyor,consumer,active,IP54,35,search,benelux,durability,/spec-sheets,desktop,guided,standard,pooled,true,true,2,,8200,2024-08-28,false,true
I02279,logistics,small,ES,hot,medium,1-shift,Hoist,consumer,passive,IP54,35,search,nordics,durability,/spec-sheets,mobile,guided,standard,pooled,true,true,3,,4500,2025-01-10,true,false
I02280,food,small,ES,hot,low,2-shift,Sorter,industrial,active,IP54,90,search,nordics,durability,/spec-sheets,desktop,on-site,none,pooled,false,false,0,5,54200,2024-06-04,false,true
I02281,construction,small,FI,arctic,medium,3-shift,Loader,consumer,active,IP66,35,paid-social,nordics,service,/spec-sheets,desktop,self,none,pooled,false,false,0,,4100,2024-09-11,false,true
I02282,food,large,SA,hot,low,2-shift,Loader,industrial,liquid,IP65,90,distributor-ME,middle-east,uptime,/contact,desktop,on-site,none,dedicated,false,false,0,5,134250,2024-06-18,false,true
I02283,mining,small,SE,temperate,high,3-shift,Compactor,consumer,active,IP54,35,search,nordics,durability,/products,desktop,self,premium,pooled,false,true,2,,4500,2024-08-11,true,false
I02284,construction,small,PL,hot,low,2-shift,Sorter,pro,active,IP65,65,trade-fair,iberia,durability,/products,desktop,self,standard,dedicated,false,false,0,,23000,2024-04-23,false,true
I02285,food,small,MA,hot,medium,3-shift,Compactor,pro,liquid,IP54,65,distributor-ME,middle-east,uptime,/spec-sheets,desktop,self,premium,pooled,false,true,1,5,11600,2025-06-04,false,true
I02286,mining,large,ES,temperate,medium,1-shift,Conveyor,industrial,active,IP65,90,trade-fair,dach,uptime,/contact,mobile,self,standard,dedicated,false,false,0,5,27100,2024-09-06,true,false
I02287,food,large,SE,temperate,low,3-shift,Conveyor,pro,passive,IP66,65,paid-social,dach,service,/pricing,desktop,self,standard,dedicated,false,false,0,5,11600,2024-04-20,false,true
I02288,construction,small,AE,hot,medium,1-shift,Sorter,pro,liquid,IP66,65,trade-fair,middle-east,uptime,/contact,desktop,on-site,premium,pooled,false,false,0,,11600,2024-12-21,false,true
I02289,mining,mid,AE,hot,medium,1-shift,Lifter,consumer,active,IP65,35,paid-social,nordics,service,/contact,mobile,on-site,none,pooled,false,false,0,5,4500,2025-07-27,false,true
I02290,logistics,mid,SA,hot,medium,1-shift,Lifter,pro,liquid,IP54,65,trade-fair,iberia,durability,/products,tablet,on-site,premium,pooled,true,false,1,,23500,2024-05-20,false,true
I02291,food,small,SE,temperate,low,2-shift,Lifter,industrial,liquid,IP66,90,referral,benelux,price,/contact,mobile,self,standard,pooled,false,false,0,,27000,2025-05-04,false,true
I02292,mining,large,SE,temperate,high,2-shift,Compactor,pro,passive,IP54,65,trade-fair,dach,uptime,/pricing,tablet,self,standard,pooled,false,false,0,5,11300,2024-04-15,false,true
I02293,logistics,small,DE,temperate,high,1-shift,Loader,industrial,active,IP66,90,search,dach,service,/spec-sheets,mobile,on-site,standard,dedicated,false,false,0,4,54100,2024-08-26,false,true
I02294,construction,mid,SE,arctic,medium,1-shift,Compactor,industrial,liquid,IP66,90,search,iberia,service,/case-studies,desktop,self,none,dedicated,false,false,0,,26550,2025-06-29,false,true
I02295,food,small,DE,hot,medium,3-shift,Compactor,pro,active,IP65,65,search,benelux,durability,/pricing,desktop,guided,none,pooled,false,false,0,,34800,2025-03-30,true,false
I02296,logistics,mid,MA,hot,low,2-shift,Sorter,pro,liquid,IP66,65,distributor-ME,middle-east,uptime,/pricing,desktop,on-site,standard,pooled,false,false,0,,34800,2025-05-23,true,false
I02297,construction,small,DE,hot,medium,1-shift,Loader,consumer,passive,IP66,35,distributor-ME,middle-east,uptime,/contact,desktop,self,standard,pooled,true,true,1,,4250,2024-11-09,true,false
I02298,mining,large,AE,hot,medium,2-shift,Hoist,consumer,passive,IP54,35,trade-fair,dach,uptime,/contact,tablet,on-site,standard,pooled,true,true,1,2,9000,2024-04-16,false,true
I02299,mining,small,MA,hot,medium,3-shift,Hoist,pro,active,IP65,65,trade-fair,nordics,service,/case-studies,desktop,on-site,standard,dedicated,false,false,0,4,11800,2025-03-04,false,true
I02300,construction,small,AE,hot,medium,3-shift,Loader,pro,liquid,IP54,65,paid-social,iberia,service,/case-studies,desktop,self,none,pooled,false,false,0,,11850,2025-03-16,false,true
I02301,logistics,small,AE,hot,high,3-shift,Loader,industrial,active,IP66,90,distributor-ME,middle-east,uptime,/contact,desktop,guided,none,dedicated,false,false,0,5,27050,2024-04-26,false,true
I02302,food,small,MA,hot,high,2-shift,Compactor,pro,liquid,IP54,65,paid-social,middle-east,durability,/case-studies,desktop,on-site,premium,pooled,false,false,1,1,11600,2024-07-22,true,false
I02303,food,small,SA,temperate,medium,3-shift,Hoist,consumer,active,IP66,35,paid-social,middle-east,durability,/case-studies,desktop,guided,none,pooled,false,true,1,3,7700,2025-04-06,true,false
I02304,construction,small,DE,temperate,medium,2-shift,Conveyor,pro,liquid,IP65,65,search,dach,service,/contact,desktop,on-site,premium,dedicated,false,false,2,,35100,2024-12-03,false,true
I02305,food,mid,AE,hot,medium,3-shift,Compactor,pro,liquid,IP54,65,paid-social,dach,service,/case-studies,desktop,self,premium,pooled,false,false,0,5,11600,2024-08-09,false,true
I02306,construction,small,AE,temperate,high,1-shift,Compactor,pro,passive,IP54,65,search,nordics,durability,/pricing,tablet,self,standard,dedicated,true,false,1,,22600,2024-11-22,false,true
I02307,construction,mid,DE,temperate,low,3-shift,Lifter,pro,passive,IP65,65,paid-social,dach,service,/case-studies,mobile,on-site,standard,dedicated,false,false,0,4,58750,2024-05-07,false,true
I02308,logistics,large,SE,temperate,high,2-shift,Conveyor,consumer,passive,IP54,35,search,benelux,durability,/contact,desktop,self,standard,pooled,false,false,0,4,11850,2025-02-15,false,true
I02309,food,small,AE,hot,medium,3-shift,Lifter,pro,liquid,IP54,65,trade-fair,dach,uptime,/contact,mobile,self,premium,pooled,true,true,1,,11750,2024-08-28,true,false
I02310,construction,small,MA,temperate,medium,3-shift,Loader,consumer,passive,IP66,35,paid-social,middle-east,durability,/spec-sheets,mobile,on-site,standard,pooled,false,false,2,4,4250,2024-11-22,false,true
I02311,food,large,SA,hot,medium,3-shift,Hoist,industrial,active,IP66,90,referral,benelux,price,/products,desktop,self,standard,dedicated,true,false,2,5,26400,2024-04-20,false,true
I02312,logistics,mid,FI,temperate,low,2-shift,Sorter,consumer,passive,IP66,35,paid-social,dach,service,/spec-sheets,mobile,guided,standard,pooled,false,false,1,,3800,2024-10-25,true,false
I02313,mining,small,DE,hot,low,2-shift,Loader,pro,liquid,IP54,65,paid-social,nordics,service,/contact,desktop,on-site,standard,dedicated,false,false,0,,23700,2025-04-05,false,true
I02314,logistics,small,PL,hot,high,3-shift,Lifter,pro,active,IP65,65,distributor-ME,middle-east,uptime,/products,mobile,guided,standard,pooled,false,true,1,,58000,2024-06-07,false,true
I02315,construction,mid,SA,hot,medium,1-shift,Conveyor,pro,active,IP65,65,referral,iberia,price,/case-studies,desktop,self,standard,dedicated,false,false,0,,11700,2024-03-28,false,true
I02316,mining,large,DE,hot,low,3-shift,Sorter,industrial,active,IP54,90,distributor-ME,middle-east,uptime,/products,mobile,self,standard,dedicated,false,false,0,4,54200,2024-03-28,false,true
I02317,logistics,small,PL,hot,high,2-shift,Sorter,pro,passive,IP54,65,distributor-ME,middle-east,uptime,/products,desktop,on-site,standard,pooled,true,true,1,,23700,2025-07-18,true,false
I02318,construction,mid,ES,temperate,low,1-shift,Loader,industrial,liquid,IP65,90,referral,dach,uptime,/products,mobile,guided,standard,dedicated,false,false,0,,80550,2024-04-05,false,true
I02319,food,small,NO,temperate,medium,3-shift,Loader,pro,passive,IP65,65,search,benelux,durability,/spec-sheets,desktop,self,premium,pooled,false,false,0,,11200,2024-11-02,false,true
I02320,food,small,MA,hot,high,2-shift,Conveyor,consumer,passive,IP54,35,trade-fair,iberia,durability,/case-studies,desktop,on-site,premium,dedicated,true,false,2,,7900,2024-04-02,true,false
I02321,construction,small,AE,hot,low,1-shift,Loader,industrial,liquid,IP65,90,trade-fair,benelux,price,/pricing,mobile,self,standard,dedicated,false,false,0,,26850,2025-02-09,false,true
I02322,food,small,MA,hot,low,3-shift,Lifter,consumer,active,IP65,35,distributor-ME,middle-east,uptime,/pricing,desktop,self,premium,pooled,true,true,4,,9000,2025-06-01,false,true
I02323,construction,small,AE,hot,low,2-shift,Hoist,consumer,active,IP66,35,paid-social,middle-east,durability,/contact,mobile,on-site,premium,pooled,true,false,1,,11550,2025-01-20,false,true
I02324,mining,small,NO,arctic,high,2-shift,Sorter,industrial,active,IP54,90,referral,benelux,price,/contact,desktop,on-site,standard,pooled,false,true,1,5,27100,2025-01-10,true,false
I02325,mining,mid,PL,temperate,high,3-shift,Conveyor,industrial,liquid,IP54,90,search,benelux,durability,/products,desktop,on-site,standard,dedicated,false,false,1,,27150,2024-07-11,false,true
I02326,mining,small,FI,temperate,low,3-shift,Loader,industrial,liquid,IP65,90,referral,benelux,price,/contact,desktop,on-site,none,dedicated,false,false,0,5,26850,2024-05-07,true,false
I02327,construction,large,SE,arctic,low,1-shift,Compactor,pro,passive,IP54,65,trade-fair,benelux,price,/contact,mobile,on-site,premium,dedicated,false,false,0,4,22600,2024-09-28,false,true
I02328,mining,large,SA,hot,low,2-shift,Sorter,industrial,active,IP54,90,referral,benelux,price,/case-studies,desktop,on-site,standard,dedicated,false,false,0,,27100,2024-05-29,true,false
I02329,construction,large,SA,hot,low,1-shift,Lifter,consumer,passive,IP54,35,referral,dach,uptime,/case-studies,desktop,guided,none,dedicated,true,false,2,,8200,2024-06-27,true,false
I02330,mining,small,FI,hot,medium,3-shift,Conveyor,industrial,active,IP65,90,trade-fair,benelux,price,/spec-sheets,mobile,on-site,premium,dedicated,false,false,0,4,54200,2025-06-03,false,true
I02331,mining,small,ES,hot,high,3-shift,Compactor,industrial,liquid,IP66,90,distributor-ME,middle-east,uptime,/products,desktop,guided,standard,dedicated,false,false,1,4,26550,2024-02-13,false,true
I02332,food,small,DE,hot,high,3-shift,Compactor,industrial,active,IP66,90,paid-social,benelux,durability,/pricing,desktop,self,standard,dedicated,false,false,0,,26600,2025-07-22,false,true
I02333,logistics,small,SA,hot,medium,3-shift,Lifter,consumer,passive,IP54,35,distributor-ME,middle-east,uptime,/case-studies,mobile,self,none,dedicated,true,true,5,,12300,2024-12-12,true,false
I02334,mining,small,ES,hot,medium,1-shift,Loader,pro,liquid,IP54,65,distributor-ME,middle-east,uptime,/contact,mobile,on-site,premium,dedicated,true,true,1,5,35550,2024-12-30,true,false
I02335,logistics,small,ES,hot,medium,1-shift,Loader,consumer,active,IP66,35,distributor-ME,middle-east,uptime,/spec-sheets,mobile,self,standard,pooled,false,true,1,,12300,2025-06-07,false,true
I02336,mining,large,MA,temperate,high,1-shift,Compactor,pro,active,IP65,65,trade-fair,iberia,durability,/contact,mobile,on-site,standard,pooled,false,false,0,4,11600,2024-03-26,false,true
I02337,mining,mid,NO,arctic,high,3-shift,Sorter,pro,active,IP65,65,trade-fair,nordics,service,/case-studies,desktop,on-site,none,pooled,false,false,0,,11500,2024-10-17,false,true
I02338,logistics,small,FI,temperate,high,2-shift,Loader,industrial,active,IP66,90,referral,iberia,price,/case-studies,desktop,self,standard,pooled,false,false,0,,27050,2025-05-21,false,true
I02339,mining,large,FI,temperate,low,3-shift,Compactor,pro,active,IP65,65,paid-social,nordics,service,/contact,desktop,self,standard,dedicated,false,false,0,,58000,2024-12-29,false,true
I02340,logistics,large,MA,hot,medium,2-shift,Conveyor,consumer,passive,IP54,35,distributor-ME,middle-east,uptime,/pricing,desktop,on-site,none,pooled,true,true,3,,3950,2025-01-09,false,true
I02341,logistics,small,PL,hot,high,3-shift,Lifter,consumer,active,IP65,35,distributor-ME,middle-east,uptime,/spec-sheets,desktop,on-site,none,pooled,false,false,1,3,4500,2024-03-08,false,true
I02342,logistics,mid,MA,hot,medium,3-shift,Sorter,consumer,active,IP54,35,distributor-ME,middle-east,uptime,/contact,desktop,self,premium,pooled,true,true,2,,19250,2025-05-17,false,true
I02343,food,large,MA,hot,low,3-shift,Hoist,pro,active,IP65,65,search,benelux,durability,/spec-sheets,desktop,on-site,none,dedicated,false,false,0,,23600,2024-02-02,true,false
I02344,logistics,small,PL,temperate,low,1-shift,Compactor,industrial,active,IP66,90,trade-fair,middle-east,uptime,/spec-sheets,desktop,on-site,standard,dedicated,false,false,0,,53200,2025-02-11,false,true
I02345,logistics,small,DE,temperate,medium,2-shift,Conveyor,pro,passive,IP66,65,search,benelux,durability,/products,mobile,on-site,none,pooled,false,true,1,1,34800,2024-08-03,false,true
I02346,construction,mid,MA,hot,low,2-shift,Lifter,industrial,active,IP66,90,distributor-ME,middle-east,uptime,/products,desktop,self,none,dedicated,false,false,1,5,133000,2024-07-23,false,true
I02347,food,large,FI,hot,medium,3-shift,Lifter,pro,active,IP65,65,referral,dach,uptime,/products,mobile,on-site,premium,pooled,false,false,0,,11600,2024-08-16,false,true
I02348,food,mid,AE,hot,low,1-shift,Sorter,pro,active,IP65,65,distributor-ME,middle-east,uptime,/case-studies,mobile,self,standard,dedicated,false,false,1,,57500,2025-02-18,false,true
I02349,logistics,small,MA,hot,low,1-shift,Lifter,pro,active,IP65,65,referral,nordics,uptime,/contact,desktop,on-site,none,dedicated,false,false,0,,34800,2025-03-05,false,true
I02350,construction,small,SE,arctic,low,3-shift,Lifter,consumer,active,IP65,35,search,benelux,durability,/products,mobile,guided,none,dedicated,true,false,2,,9000,2025-06-16,false,true
I02351,mining,mid,DE,temperate,low,3-shift,Loader,pro,liquid,IP54,65,paid-social,iberia,service,/contact,desktop,on-site,standard,dedicated,false,false,0,,11850,2025-03-20,false,true
I02352,food,small,NO,temperate,low,1-shift,Compactor,consumer,passive,IP66,35,search,iberia,service,/contact,desktop,self,standard,pooled,false,false,0,,4300,2025-05-10,true,false
I02353,mining,mid,MA,temperate,high,3-shift,Hoist,industrial,liquid,IP66,90,trade-fair,middle-east,uptime,/case-studies,desktop,on-site,standard,dedicated,true,false,1,1,26550,2024-11-16,false,true
I02354,mining,mid,SA,hot,high,1-shift,Lifter,consumer,passive,IP54,35,distributor-ME,middle-east,uptime,/case-studies,desktop,on-site,standard,pooled,true,true,2,,4100,2025-01-10,false,true
I02355,construction,mid,PL,temperate,medium,2-shift,Sorter,industrial,liquid,IP54,90,referral,nordics,uptime,/pricing,tablet,guided,premium,dedicated,false,false,0,,27150,2025-03-30,false,true
I02356,mining,mid,NO,temperate,low,2-shift,Hoist,consumer,active,IP66,35,trade-fair,benelux,price,/products,mobile,on-site,standard,pooled,false,false,0,,3850,2025-03-23,false,true
I02357,food,mid,ES,temperate,low,3-shift,Compactor,consumer,passive,IP66,35,trade-fair,nordics,service,/spec-sheets,tablet,guided,premium,pooled,false,true,1,,8600,2024-08-05,false,true
I02358,logistics,large,SE,temperate,high,2-shift,Sorter,industrial,active,IP54,90,referral,middle-east,service,/contact,tablet,on-site,standard,dedicated,false,false,0,,54200,2024-12-11,false,true
I02359,mining,mid,SA,hot,high,1-shift,Compactor,consumer,passive,IP66,35,referral,nordics,uptime,/contact,desktop,self,standard,dedicated,true,false,3,,8600,2024-07-17,true,false
I02360,mining,mid,NO,temperate,low,2-shift,Compactor,pro,passive,IP54,65,trade-fair,iberia,durability,/products,desktop,on-site,standard,dedicated,false,false,0,,11300,2024-05-12,false,true
I02361,food,mid,ES,hot,low,2-shift,Compactor,pro,passive,IP54,65,paid-social,nordics,service,/contact,desktop,on-site,standard,dedicated,true,false,2,5,33900,2024-06-19,false,true
I02362,food,small,AE,hot,medium,2-shift,Hoist,pro,active,IP65,65,search,nordics,durability,/spec-sheets,tablet,guided,standard,pooled,true,false,1,,35400,2024-03-07,false,true
I02363,logistics,small,MA,hot,high,2-shift,Compactor,pro,liquid,IP54,65,paid-social,dach,service,/spec-sheets,mobile,on-site,standard,pooled,true,false,2,,11600,2024-11-19,true,false
I02364,logistics,small,NO,hot,low,1-shift,Hoist,pro,liquid,IP65,65,distributor-ME,middle-east,uptime,/pricing,mobile,on-site,premium,dedicated,false,false,0,,33750,2025-07-10,false,true
I02365,logistics,large,SE,hot,medium,1-shift,Hoist,pro,active,IP65,65,trade-fair,nordics,service,/contact,desktop,guided,premium,dedicated,false,false,0,4,59000,2025-04-19,true,false
I02366,food,small,MA,hot,low,1-shift,Sorter,pro,passive,IP54,65,distributor-ME,middle-east,uptime,/spec-sheets,mobile,guided,standard,pooled,true,true,4,1,11850,2025-04-15,false,true
I02367,food,mid,ES,hot,medium,3-shift,Loader,industrial,active,IP66,90,trade-fair,benelux,price,/contact,desktop,guided,none,pooled,false,true,1,,54100,2025-01-03,false,true
I02368,construction,large,SA,temperate,low,1-shift,Conveyor,pro,liquid,IP65,65,paid-social,dach,service,/pricing,tablet,self,standard,pooled,true,false,1,1,23400,2024-06-12,false,true
I02369,construction,small,MA,hot,high,2-shift,Compactor,pro,active,IP65,65,distributor-ME,middle-east,uptime,/products,desktop,guided,standard,dedicated,false,false,0,5,23200,2025-01-09,false,true
I02370,construction,small,MA,hot,low,1-shift,Loader,industrial,active,IP66,90,distributor-ME,middle-east,uptime,/products,tablet,on-site,standard,dedicated,false,false,1,1,27050,2024-10-09,false,true
I02371,food,small,AE,hot,medium,2-shift,Sorter,industrial,active,IP54,90,search,benelux,durability,/contact,mobile,self,none,dedicated,false,false,0,5,27100,2024-04-12,false,true
I02372,construction,mid,SE,arctic,low,1-shift,Compactor,industrial,active,IP66,90,trade-fair,middle-east,uptime,/case-studies,desktop,self,none,dedicated,false,false,0,5,26600,2024-09-18,false,true
I02373,logistics,small,ES,hot,low,2-shift,Lifter,consumer,active,IP65,35,distributor-ME,middle-east,uptime,/spec-sheets,mobile,self,standard,pooled,true,true,1,,4500,2024-11-17,true,false
I02374,food,small,FI,temperate,medium,2-shift,Conveyor,pro,active,IP65,65,referral,benelux,price,/case-studies,desktop,guided,none,dedicated,false,false,0,,11700,2024-06-03,false,true
I02375,food,small,PL,temperate,low,3-shift,Sorter,pro,active,IP65,65,trade-fair,iberia,durability,/spec-sheets,mobile,on-site,standard,pooled,true,true,1,1,34500,2024-05-02,false,true
I02376,construction,mid,PL,temperate,medium,1-shift,Sorter,industrial,liquid,IP54,90,trade-fair,middle-east,uptime,/case-studies,desktop,on-site,standard,pooled,false,false,1,,81450,2024-07-05,false,true
I02377,mining,large,FI,temperate,medium,3-shift,Sorter,industrial,active,IP54,90,search,nordics,durability,/contact,desktop,guided,standard,pooled,false,false,0,5,54200,2024-03-16,false,true
I02378,construction,mid,MA,temperate,high,1-shift,Conveyor,pro,passive,IP66,65,paid-social,benelux,durability,/spec-sheets,mobile,on-site,standard,dedicated,false,false,0,,34800,2025-07-18,false,true
I02379,construction,small,DE,temperate,medium,1-shift,Hoist,industrial,active,IP66,90,search,middle-east,uptime,/spec-sheets,desktop,self,none,pooled,true,true,3,,26400,2024-04-05,false,true
I02380,construction,mid,NO,temperate,low,1-shift,Hoist,industrial,liquid,IP66,90,paid-social,middle-east,durability,/products,desktop,guided,standard,dedicated,true,false,1,3,26550,2025-01-18,false,true
I02381,construction,small,DE,temperate,high,1-shift,Lifter,pro,passive,IP65,65,search,iberia,service,/case-studies,mobile,self,standard,pooled,false,false,0,,11750,2025-06-09,false,true
I02382,food,small,SA,hot,high,3-shift,Hoist,consumer,active,IP66,35,search,middle-east,uptime,/case-studies,mobile,on-site,none,dedicated,true,false,1,,11550,2025-08-23,true,false
I02383,logistics,mid,PL,temperate,low,1-shift,Hoist,consumer,active,IP66,35,search,dach,service,/case-studies,mobile,on-site,standard,pooled,false,false,0,4,3850,2025-02-10,false,true
I02384,food,small,PL,temperate,medium,3-shift,Compactor,consumer,passive,IP66,35,referral,nordics,uptime,/products,desktop,self,standard,pooled,true,true,3,2,12900,2024-09-01,false,true
I02385,logistics,small,ES,hot,low,2-shift,Sorter,consumer,passive,IP66,35,paid-social,iberia,service,/contact,desktop,on-site,none,pooled,true,true,2,1,3800,2025-02-05,true,false
I02386,logistics,small,FI,arctic,low,3-shift,Loader,consumer,active,IP66,35,referral,nordics,uptime,/spec-sheets,tablet,on-site,none,pooled,false,false,0,5,4100,2025-05-16,true,false
I02387,food,mid,AE,temperate,low,1-shift,Hoist,pro,liquid,IP65,65,referral,nordics,uptime,/pricing,desktop,on-site,standard,dedicated,false,false,0,,33750,2025-05-15,true,false
I02388,food,large,MA,hot,low,3-shift,Hoist,pro,active,IP65,65,distributor-ME,middle-east,uptime,/products,desktop,on-site,standard,pooled,false,false,0,5,11800,2025-02-22,false,true
I02389,food,small,ES,hot,medium,2-shift,Lifter,industrial,liquid,IP66,90,distributor-ME,middle-east,uptime,/case-studies,desktop,self,premium,dedicated,true,false,1,4,81000,2025-07-06,false,true
I02390,mining,small,SA,hot,medium,3-shift,Lifter,industrial,liquid,IP66,90,distributor-ME,middle-east,uptime,/contact,desktop,guided,standard,dedicated,false,false,1,5,27000,2025-08-20,false,true
I02391,logistics,small,FI,temperate,medium,2-shift,Conveyor,pro,passive,IP66,65,trade-fair,dach,uptime,/pricing,mobile,guided,standard,dedicated,false,false,0,,23200,2024-08-25,false,true
I02392,construction,small,PL,hot,medium,1-shift,Sorter,industrial,liquid,IP54,90,search,dach,service,/products,tablet,self,standard,dedicated,false,false,0,,27150,2024-10-16,true,false
I02393,logistics,mid,FI,arctic,high,3-shift,Compactor,consumer,passive,IP66,35,referral,nordics,uptime,/products,mobile,guided,standard,pooled,true,true,3,,12900,2025-01-17,false,true
I02394,food,small,FI,arctic,medium,2-shift,Hoist,consumer,active,IP66,35,paid-social,iberia,service,/spec-sheets,mobile,on-site,premium,dedicated,true,true,1,,19250,2025-01-14,false,true
I02395,food,large,FI,hot,medium,3-shift,Conveyor,industrial,active,IP65,90,referral,middle-east,service,/case-studies,desktop,self,none,pooled,true,true,1,,27100,2025-04-08,false,true
I02396,logistics,small,AE,hot,high,2-shift,Compactor,industrial,active,IP66,90,referral,middle-east,service,/contact,desktop,on-site,standard,dedicated,true,false,1,3,26600,2025-04-27,false,true
I02397,logistics,large,FI,temperate,high,1-shift,Compactor,consumer,passive,IP66,35,paid-social,benelux,durability,/spec-sheets,tablet,self,none,pooled,false,true,1,,4300,2024-08-07,false,true
I02398,logistics,mid,SA,temperate,low,3-shift,Loader,industrial,liquid,IP65,90,search,dach,service,/products,desktop,self,none,pooled,true,true,1,,53700,2024-12-05,false,true
I02399,construction,large,PL,temperate,high,2-shift,Lifter,consumer,passive,IP54,35,trade-fair,middle-east,uptime,/contact,desktop,guided,none,dedicated,false,false,1,,8200,2024-12-11,false,true
I02400,construction,small,DE,temperate,high,1-shift,Sorter,pro,liquid,IP66,65,search,benelux,durability,/spec-sheets,desktop,guided,none,dedicated,true,false,1,4,11600,2025-06-25,false,true
I02401,logistics,mid,PL,temperate,low,1-shift,Sorter,pro,passive,IP54,65,search,benelux,durability,/case-studies,mobile,self,standard,dedicated,true,false,1,2,23700,2024-03-05,true,false
I02402,food,small,SA,hot,medium,1-shift,Lifter,consumer,passive,IP54,35,referral,dach,uptime,/contact,desktop,on-site,standard,dedicated,true,true,3,,12300,2025-04-30,false,true
I02403,construction,small,AE,hot,low,2-shift,Hoist,industrial,liquid,IP66,90,search,benelux,durability,/case-studies,desktop,on-site,premium,dedicated,false,false,0,,79650,2024-04-07,false,true
I02404,logistics,small,DE,temperate,high,2-shift,Conveyor,pro,passive,IP66,65,trade-fair,dach,uptime,/products,desktop,on-site,none,pooled,false,false,0,,11600,2024-03-16,true,false
I02405,mining,mid,ES,hot,medium,2-shift,Conveyor,consumer,active,IP54,35,referral,dach,uptime,/contact,desktop,self,premium,pooled,true,true,1,,12300,2024-08-26,false,true
I02406,logistics,large,MA,hot,medium,1-shift,Hoist,pro,passive,IP66,65,trade-fair,nordics,service,/spec-sheets,mobile,guided,standard,dedicated,true,false,2,1,58750,2024-03-28,false,true
I02407,mining,small,PL,temperate,high,3-shift,Sorter,pro,passive,IP54,65,paid-social,benelux,durability,/products,mobile,self,standard,dedicated,true,false,1,,35550,2025-03-27,false,true
I02408,food,small,FI,temperate,low,1-shift,Conveyor,industrial,liquid,IP54,90,trade-fair,benelux,price,/spec-sheets,desktop,on-site,none,dedicated,false,false,1,4,27150,2025-01-12,false,true
I02409,food,small,DE,hot,medium,3-shift,Hoist,pro,liquid,IP65,65,paid-social,iberia,service,/contact,mobile,on-site,none,pooled,false,false,0,,11250,2024-04-21,false,true
I02410,logistics,large,ES,hot,medium,1-shift,Lifter,consumer,passive,IP54,35,distributor-ME,middle-east,uptime,/case-studies,tablet,self,standard,pooled,true,true,5,3,4100,2024-07-01,true,false
I02411,food,large,FI,hot,medium,3-shift,Conveyor,pro,active,IP65,65,trade-fair,iberia,durability,/pricing,mobile,on-site,none,dedicated,false,false,0,4,23400,2024-12-12,true,false
I02412,construction,small,PL,temperate,high,2-shift,Compactor,industrial,active,IP66,90,trade-fair,middle-east,uptime,/case-studies,mobile,self,premium,dedicated,false,false,1,4,26600,2025-03-12,false,true
I02413,mining,small,SE,arctic,high,1-shift,Compactor,consumer,passive,IP66,35,referral,middle-east,service,/pricing,desktop,self,premium,dedicated,false,false,0,,4300,2024-06-21,false,true
I02414,mining,small,SE,arctic,high,2-shift,Sorter,consumer,passive,IP66,35,referral,nordics,uptime,/spec-sheets,mobile,guided,none,dedicated,false,false,0,5,3800,2024-04-12,false,true
I02415,logistics,large,MA,temperate,medium,1-shift,Sorter,pro,active,IP65,65,referral,middle-east,service,/pricing,tablet,self,premium,dedicated,false,false,0,,34500,2024-07-07,false,true
I02416,construction,mid,PL,temperate,medium,1-shift,Compactor,pro,active,IP65,65,trade-fair,benelux,price,/contact,tablet,on-site,standard,dedicated,false,false,1,,11600,2025-01-29,false,true
I02417,logistics,small,AE,temperate,low,1-shift,Loader,pro,liquid,IP54,65,search,benelux,durability,/case-studies,desktop,self,premium,dedicated,true,false,2,2,35550,2024-09-28,false,true
I02418,food,small,AE,hot,medium,2-shift,Compactor,pro,liquid,IP54,65,trade-fair,nordics,service,/contact,desktop,self,premium,pooled,false,false,0,,34800,2024-11-29,false,true
I02419,logistics,large,MA,hot,medium,1-shift,Conveyor,industrial,liquid,IP54,90,distributor-ME,middle-east,uptime,/pricing,desktop,self,none,pooled,false,false,1,,135750,2024-09-12,false,true
I02420,food,small,AE,hot,medium,2-shift,Conveyor,pro,liquid,IP65,65,distributor-ME,middle-east,uptime,/pricing,desktop,guided,none,pooled,false,true,1,5,35100,2024-11-25,true,false
I02421,construction,large,SA,hot,low,1-shift,Lifter,consumer,active,IP65,35,search,benelux,durability,/case-studies,desktop,guided,standard,dedicated,false,false,1,,22500,2024-08-04,false,true
I02422,mining,large,SE,temperate,medium,1-shift,Loader,industrial,active,IP66,90,paid-social,nordics,service,/pricing,tablet,guided,none,pooled,false,true,1,,81150,2024-11-20,false,true
I02423,food,small,ES,hot,medium,1-shift,Lifter,consumer,passive,IP54,35,distributor-ME,middle-east,uptime,/pricing,desktop,self,none,pooled,true,false,2,,8200,2024-08-19,false,true
I02424,food,small,MA,hot,medium,3-shift,Compactor,pro,passive,IP54,65,referral,middle-east,service,/products,mobile,on-site,none,dedicated,true,false,4,,22600,2024-03-27,false,true
I02425,food,mid,ES,temperate,medium,1-shift,Loader,pro,passive,IP65,65,trade-fair,iberia,durability,/products,desktop,guided,standard,pooled,false,false,0,,11200,2024-07-14,false,true
I02426,food,large,SA,hot,medium,3-shift,Compactor,pro,liquid,IP54,65,trade-fair,benelux,price,/products,mobile,on-site,standard,dedicated,true,false,1,3,11600,2025-03-10,false,true
I02427,food,small,ES,temperate,high,3-shift,Conveyor,pro,active,IP65,65,trade-fair,iberia,durability,/pricing,desktop,guided,standard,pooled,true,false,1,1,11700,2024-06-17,false,true
I02428,food,mid,DE,temperate,high,2-shift,Lifter,consumer,passive,IP54,35,search,nordics,durability,/pricing,mobile,guided,premium,pooled,false,false,0,5,4100,2024-11-18,false,true
I02429,logistics,mid,ES,temperate,medium,2-shift,Conveyor,industrial,liquid,IP54,90,referral,iberia,price,/products,desktop,guided,standard,dedicated,false,false,0,,27150,2025-05-12,false,true
I02430,mining,small,NO,arctic,high,2-shift,Hoist,industrial,active,IP66,90,paid-social,benelux,durability,/contact,desktop,self,standard,pooled,false,false,0,4,26400,2024-08-13,true,false
I02431,construction,mid,FI,temperate,medium,2-shift,Loader,pro,liquid,IP54,65,referral,benelux,price,/pricing,tablet,on-site,standard,pooled,true,false,1,,11850,2025-06-10,false,true
I02432,food,mid,NO,temperate,medium,3-shift,Hoist,industrial,active,IP66,90,referral,nordics,uptime,/contact,desktop,on-site,standard,dedicated,false,false,0,5,79200,2024-08-29,false,true
I02433,logistics,large,MA,hot,medium,1-shift,Loader,pro,active,IP66,65,trade-fair,nordics,service,/case-studies,tablet,guided,premium,dedicated,false,false,0,,22600,2025-01-27,false,true
I02434,construction,mid,DE,temperate,low,3-shift,Loader,pro,passive,IP65,65,trade-fair,iberia,durability,/contact,desktop,guided,standard,dedicated,false,false,0,4,22400,2024-05-15,false,true
I02435,logistics,mid,ES,hot,low,1-shift,Lifter,industrial,active,IP66,90,paid-social,nordics,service,/contact,desktop,on-site,standard,pooled,false,false,0,,133000,2024-11-14,false,true
I02436,mining,small,AE,hot,medium,3-shift,Conveyor,pro,active,IP65,65,paid-social,dach,service,/case-studies,tablet,self,standard,dedicated,false,false,0,4,23400,2024-11-09,false,true
I02437,food,small,FI,temperate,high,1-shift,Hoist,pro,liquid,IP65,65,trade-fair,middle-east,uptime,/spec-sheets,desktop,guided,standard,dedicated,false,false,1,4,56250,2025-04-02,false,true
I02438,construction,small,DE,temperate,medium,3-shift,Hoist,pro,liquid,IP65,65,referral,dach,uptime,/case-studies,mobile,self,premium,pooled,false,false,0,,11250,2024-07-09,false,true
I02439,food,small,MA,hot,low,3-shift,Hoist,consumer,passive,IP54,35,paid-social,benelux,durability,/contact,desktop,guided,standard,pooled,true,true,3,2,9000,2025-05-12,true,false
I02440,logistics,small,MA,hot,high,1-shift,Compactor,pro,passive,IP54,65,paid-social,nordics,service,/pricing,desktop,on-site,premium,pooled,true,true,2,,11300,2025-01-31,false,true
I02441,construction,small,AE,hot,medium,3-shift,Compactor,industrial,liquid,IP66,90,distributor-ME,middle-east,uptime,/products,desktop,guided,standard,dedicated,false,false,1,,79650,2024-09-26,false,true
I02442,construction,mid,PL,temperate,medium,2-shift,Loader,industrial,active,IP66,90,paid-social,middle-east,durability,/case-studies,desktop,self,none,dedicated,false,false,0,,27050,2025-06-25,false,true
I02443,mining,large,FI,temperate,medium,3-shift,Loader,industrial,active,IP66,90,trade-fair,dach,uptime,/case-studies,mobile,guided,standard,pooled,false,true,1,,54100,2024-12-20,false,true
I02444,mining,mid,SE,temperate,low,3-shift,Sorter,consumer,active,IP54,35,referral,nordics,uptime,/products,tablet,guided,premium,dedicated,false,false,1,2,7700,2024-10-15,false,true
I02445,construction,large,FI,temperate,medium,1-shift,Sorter,consumer,active,IP54,35,referral,benelux,price,/spec-sheets,mobile,self,none,pooled,false,false,0,4,3850,2025-06-08,true,false
I02446,food,large,ES,hot,high,1-shift,Hoist,pro,liquid,IP65,65,distributor-ME,middle-east,uptime,/pricing,desktop,on-site,standard,pooled,true,true,2,,11250,2024-08-17,false,true
I02447,construction,small,SE,arctic,high,1-shift,Lifter,consumer,active,IP65,35,paid-social,benelux,durability,/case-studies,mobile,self,premium,pooled,false,false,0,,9000,2024-06-20,false,true
I02448,construction,small,SA,hot,medium,1-shift,Conveyor,pro,liquid,IP65,65,referral,nordics,uptime,/spec-sheets,desktop,guided,standard,dedicated,false,false,0,4,35100,2024-05-17,false,true
I02449,logistics,mid,PL,hot,high,3-shift,Hoist,consumer,active,IP66,35,distributor-ME,middle-east,uptime,/contact,desktop,on-site,none,pooled,false,true,1,4,11550,2024-06-29,true,false
I02450,logistics,mid,FI,arctic,high,3-shift,Conveyor,consumer,passive,IP54,35,search,dach,service,/case-studies,mobile,on-site,none,dedicated,false,false,2,,3950,2025-05-17,false,true
I02451,construction,small,PL,hot,low,2-shift,Loader,pro,passive,IP65,65,distributor-ME,middle-east,uptime,/contact,desktop,self,premium,dedicated,true,false,2,,11200,2024-10-08,false,true
I02452,logistics,large,DE,temperate,low,3-shift,Hoist,consumer,passive,IP54,35,referral,iberia,price,/spec-sheets,desktop,guided,standard,dedicated,true,true,3,,4500,2024-02-11,true,false
I02453,construction,mid,SE,arctic,low,1-shift,Sorter,pro,liquid,IP66,65,trade-fair,benelux,price,/products,mobile,on-site,none,dedicated,false,true,1,4,34800,2024-08-27,false,true
I02454,food,mid,FI,temperate,high,3-shift,Hoist,industrial,liquid,IP66,90,trade-fair,benelux,price,/pricing,desktop,self,standard,dedicated,false,false,0,,53100,2024-03-08,false,true
I02455,logistics,large,PL,temperate,high,3-shift,Conveyor,consumer,passive,IP54,35,search,nordics,durability,/case-studies,desktop,on-site,premium,pooled,false,true,3,,3950,2024-03-18,true,false
I02456,logistics,small,AE,hot,high,3-shift,Sorter,pro,passive,IP54,65,distributor-ME,middle-east,uptime,/spec-sheets,desktop,on-site,none,pooled,true,true,3,,11850,2025-02-11,true,false
I02457,food,small,PL,hot,medium,2-shift,Sorter,industrial,active,IP54,90,search,nordics,durability,/products,mobile,self,standard,dedicated,true,false,2,,54200,2024-11-21,false,true
I02458,construction,mid,SE,hot,high,1-shift,Loader,pro,passive,IP65,65,distributor-ME,middle-east,uptime,/products,tablet,on-site,standard,pooled,true,true,2,,22400,2025-01-14,false,true
I02459,logistics,small,SA,hot,high,2-shift,Compactor,consumer,passive,IP66,35,referral,iberia,price,/spec-sheets,desktop,self,standard,pooled,true,false,2,,4300,2024-06-02,false,true
I02460,construction,mid,SE,arctic,medium,1-shift,Lifter,consumer,active,IP65,35,referral,nordics,uptime,/spec-sheets,desktop,guided,standard,dedicated,false,false,0,,9000,2024-09-25,false,true
I02461,food,small,PL,temperate,medium,3-shift,Hoist,pro,liquid,IP65,65,search,nordics,durability,/spec-sheets,mobile,on-site,standard,dedicated,false,false,0,5,56250,2024-05-03,false,true
I02462,food,small,FI,arctic,medium,2-shift,Hoist,consumer,passive,IP54,35,referral,iberia,price,/contact,mobile,self,premium,dedicated,false,false,0,,4500,2025-04-15,false,true
I02463,mining,small,AE,hot,medium,3-shift,Sorter,industrial,active,IP54,90,distributor-ME,middle-east,uptime,/contact,tablet,guided,none,dedicated,false,false,0,,81300,2024-12-19,false,true
I02464,logistics,small,DE,temperate,medium,1-shift,Conveyor,industrial,active,IP65,90,referral,iberia,price,/products,desktop,self,none,dedicated,false,true,2,,54200,2025-06-15,false,true
I02465,food,large,AE,hot,medium,3-shift,Conveyor,pro,liquid,IP65,65,referral,dach,uptime,/case-studies,desktop,self,none,pooled,false,false,0,,23400,2024-05-01,false,true
I02466,food,large,ES,arctic,high,3-shift,Loader,consumer,active,IP66,35,trade-fair,iberia,durability,/products,mobile,guided,premium,pooled,false,false,0,,4100,2024-06-10,false,true
I02467,food,small,MA,hot,low,3-shift,Compactor,pro,active,IP65,65,distributor-ME,middle-east,uptime,/products,mobile,on-site,none,pooled,false,true,1,4,11600,2025-05-05,false,true
I02468,mining,small,ES,temperate,medium,3-shift,Compactor,industrial,liquid,IP66,90,search,iberia,service,/case-studies,mobile,guided,none,dedicated,true,true,2,,79650,2025-01-01,false,true
I02469,logistics,large,MA,hot,medium,1-shift,Sorter,pro,passive,IP54,65,paid-social,dach,service,/case-studies,mobile,self,standard,dedicated,true,false,2,4,35550,2024-09-08,false,true
I02470,logistics,small,AE,hot,low,1-shift,Lifter,pro,active,IP65,65,paid-social,benelux,durability,/contact,desktop,on-site,standard,dedicated,false,false,0,,23200,2024-07-24,false,true
I02471,logistics,small,FI,temperate,low,1-shift,Lifter,industrial,active,IP66,90,trade-fair,iberia,durability,/case-studies,tablet,on-site,standard,dedicated,false,false,0,,26600,2024-02-21,false,true
I02472,food,mid,DE,temperate,high,2-shift,Compactor,consumer,active,IP54,35,search,dach,service,/spec-sheets,desktop,on-site,none,pooled,false,true,2,,9000,2024-05-09,false,true
I02473,food,small,FI,arctic,low,1-shift,Conveyor,pro,liquid,IP65,65,search,benelux,durability,/contact,mobile,self,none,dedicated,true,false,1,,35100,2024-05-31,true,false
I02474,construction,mid,DE,hot,medium,1-shift,Compactor,consumer,active,IP54,35,referral,iberia,price,/spec-sheets,desktop,guided,none,dedicated,false,false,0,,4500,2025-06-04,false,true
I02475,logistics,small,PL,temperate,high,3-shift,Hoist,consumer,passive,IP54,35,paid-social,iberia,service,/spec-sheets,desktop,self,standard,dedicated,false,false,2,4,4500,2025-02-14,false,true
I02476,logistics,large,MA,hot,medium,1-shift,Sorter,industrial,liquid,IP54,90,paid-social,nordics,service,/pricing,mobile,on-site,standard,dedicated,true,true,2,,27150,2024-11-25,false,true
I02477,construction,mid,DE,temperate,high,1-shift,Hoist,pro,passive,IP66,65,search,middle-east,uptime,/pricing,desktop,guided,standard,pooled,false,false,0,,11750,2025-01-03,false,true
I02478,construction,mid,FI,temperate,high,2-shift,Sorter,pro,active,IP65,65,trade-fair,middle-east,uptime,/contact,desktop,guided,standard,pooled,true,true,2,,23000,2024-10-24,false,true
I02479,food,mid,NO,temperate,medium,3-shift,Sorter,consumer,active,IP54,35,referral,nordics,uptime,/contact,mobile,guided,standard,pooled,false,false,2,,3850,2024-05-12,false,true
I02480,construction,small,FI,arctic,medium,1-shift,Conveyor,pro,liquid,IP65,65,paid-social,nordics,service,/pricing,desktop,guided,standard,dedicated,false,false,0,,11700,2024-06-15,false,true
I02481,food,small,AE,hot,medium,3-shift,Sorter,pro,liquid,IP66,65,distributor-ME,middle-east,uptime,/case-studies,desktop,on-site,standard,pooled,false,false,0,4,11600,2024-04-27,false,true
I02482,construction,small,DE,temperate,low,2-shift,Loader,pro,active,IP66,65,referral,middle-east,service,/contact,desktop,self,none,pooled,false,true,1,,11300,2024-12-13,false,true
I02483,construction,small,AE,hot,medium,1-shift,Sorter,consumer,active,IP54,35,referral,dach,uptime,/pricing,desktop,guided,standard,pooled,false,false,0,,7700,2025-04-19,false,true
I02484,mining,small,SE,temperate,medium,3-shift,Loader,consumer,active,IP66,35,trade-fair,dach,uptime,/contact,tablet,guided,premium,dedicated,false,true,1,,4100,2025-01-25,true,false
I02485,logistics,mid,NO,arctic,medium,3-shift,Conveyor,consumer,active,IP54,35,referral,dach,uptime,/pricing,mobile,on-site,standard,pooled,false,true,2,,20500,2025-06-23,true,false
I02486,construction,mid,ES,temperate,low,1-shift,Loader,pro,active,IP66,65,search,iberia,service,/case-studies,desktop,guided,standard,pooled,true,false,2,,11300,2024-06-24,false,true
I02487,construction,small,MA,temperate,high,2-shift,Lifter,industrial,liquid,IP66,90,search,benelux,durability,/contact,mobile,on-site,none,dedicated,false,false,0,5,135000,2024-04-03,false,true
I02488,construction,small,MA,hot,high,1-shift,Compactor,pro,active,IP65,65,trade-fair,nordics,service,/products,desktop,guided,premium,pooled,true,true,1,4,11600,2024-05-20,true,false
I02489,food,small,SE,arctic,low,1-shift,Sorter,consumer,passive,IP66,35,search,dach,service,/pricing,desktop,on-site,none,dedicated,false,false,2,,11400,2024-02-22,false,true
I02490,food,large,MA,hot,low,1-shift,Compactor,pro,passive,IP54,65,trade-fair,nordics,service,/contact,desktop,guided,standard,pooled,true,true,3,,11300,2024-09-23,true,false
I02491,food,mid,DE,temperate,medium,2-shift,Loader,consumer,active,IP66,35,paid-social,nordics,service,/spec-sheets,mobile,self,standard,pooled,false,true,1,,20500,2024-05-14,false,true
I02492,food,small,PL,hot,medium,3-shift,Compactor,industrial,active,IP66,90,paid-social,middle-east,durability,/case-studies,mobile,on-site,premium,dedicated,false,false,0,4,26600,2024-11-27,false,true
I02493,logistics,small,PL,hot,medium,3-shift,Sorter,consumer,active,IP54,35,distributor-ME,middle-east,uptime,/contact,desktop,self,none,pooled,false,true,1,,3850,2024-09-20,true,false
I02494,mining,mid,SE,temperate,medium,3-shift,Conveyor,pro,passive,IP66,65,paid-social,iberia,service,/case-studies,desktop,self,standard,pooled,false,false,0,,58000,2024-08-24,false,true
I02495,mining,small,MA,hot,medium,3-shift,Hoist,industrial,active,IP66,90,search,dach,service,/pricing,mobile,guided,standard,dedicated,false,false,0,5,52800,2025-05-10,false,true
I02496,mining,small,DE,hot,low,2-shift,Conveyor,industrial,liquid,IP54,90,distributor-ME,middle-east,uptime,/contact,mobile,on-site,standard,pooled,false,false,1,,54300,2025-06-06,false,true
I02497,mining,mid,SE,hot,low,3-shift,Hoist,consumer,active,IP66,35,search,middle-east,uptime,/spec-sheets,mobile,self,none,pooled,true,false,2,1,7700,2025-06-22,false,true
I02498,logistics,large,ES,hot,medium,1-shift,Hoist,pro,active,IP65,65,referral,iberia,price,/spec-sheets,mobile,on-site,standard,dedicated,false,false,0,5,35400,2024-05-09,false,true
I02499,food,mid,SA,hot,medium,2-shift,Lifter,pro,passive,IP65,65,distributor-ME,middle-east,uptime,/pricing,tablet,on-site,premium,pooled,true,true,3,,11750,2025-06-22,false,true
I02500,food,small,ES,hot,medium,2-shift,Hoist,industrial,liquid,IP66,90,referral,benelux,price,/pricing,desktop,on-site,standard,dedicated,true,false,1,,132750,2025-08-15,false,true
I02501,logistics,small,FI,temperate,medium,2-shift,Compactor,pro,passive,IP54,65,paid-social,nordics,service,/pricing,desktop,self,standard,dedicated,true,false,1,5,11300,2024-03-10,false,true
I02502,mining,small,DE,temperate,high,3-shift,Sorter,consumer,active,IP54,35,search,benelux,durability,/contact,desktop,self,premium,pooled,false,false,0,4,3850,2024-11-03,false,true
I02503,food,small,FI,temperate,high,1-shift,Lifter,consumer,active,IP65,35,referral,iberia,price,/contact,desktop,on-site,standard,pooled,false,false,0,5,9000,2024-09-21,false,true
I02504,construction,small,ES,hot,high,1-shift,Conveyor,consumer,passive,IP54,35,paid-social,dach,service,/spec-sheets,mobile,guided,premium,pooled,true,true,1,,3950,2024-10-28,true,false
I02505,mining,mid,DE,arctic,low,3-shift,Lifter,industrial,active,IP66,90,search,nordics,durability,/case-studies,desktop,on-site,none,dedicated,false,false,0,5,79800,2024-07-18,false,true
I02506,construction,small,MA,hot,medium,1-shift,Conveyor,pro,liquid,IP65,65,referral,middle-east,service,/spec-sheets,desktop,on-site,none,dedicated,false,false,0,,58500,2025-04-01,false,true
I02507,food,small,MA,hot,low,3-shift,Loader,pro,liquid,IP54,65,distributor-ME,middle-east,uptime,/products,desktop,guided,standard,dedicated,false,false,1,5,59250,2024-05-17,false,true
I02508,mining,mid,PL,temperate,low,1-shift,Sorter,industrial,active,IP54,90,referral,nordics,uptime,/contact,mobile,on-site,none,dedicated,false,false,1,,27100,2024-07-24,false,true
I02509,food,mid,SA,hot,medium,2-shift,Compactor,pro,active,IP65,65,search,middle-east,uptime,/products,tablet,guided,none,pooled,false,false,1,4,34800,2024-10-05,false,true
I02510,food,small,FI,temperate,medium,1-shift,Conveyor,industrial,liquid,IP54,90,paid-social,middle-east,durability,/spec-sheets,tablet,self,premium,dedicated,false,false,0,,81450,2025-06-25,false,true
I02511,construction,small,AE,hot,medium,1-shift,Compactor,consumer,active,IP54,35,distributor-ME,middle-east,uptime,/case-studies,desktop,self,standard,pooled,false,true,1,4,4500,2025-07-19,false,true
I02512,construction,small,DE,temperate,high,1-shift,Compactor,consumer,passive,IP66,35,trade-fair,middle-east,uptime,/spec-sheets,mobile,self,none,pooled,false,false,0,5,4300,2024-04-08,false,true
I02513,food,small,FI,arctic,medium,3-shift,Lifter,pro,liquid,IP54,65,search,iberia,service,/spec-sheets,mobile,on-site,none,dedicated,false,false,1,4,35250,2024-08-15,false,true
I02514,food,mid,SE,temperate,low,3-shift,Sorter,consumer,active,IP54,35,search,nordics,durability,/contact,mobile,self,standard,dedicated,true,false,3,3,3850,2025-06-16,false,true
I02515,logistics,small,PL,temperate,medium,1-shift,Loader,pro,active,IP66,65,search,nordics,durability,/spec-sheets,desktop,guided,standard,dedicated,false,false,0,4,11300,2024-10-05,false,true
I02516,food,small,PL,temperate,high,2-shift,Hoist,pro,passive,IP66,65,search,benelux,durability,/pricing,desktop,on-site,standard,dedicated,true,false,1,,11750,2024-04-26,false,true
I02517,construction,small,DE,hot,low,1-shift,Hoist,industrial,active,IP66,90,distributor-ME,middle-east,uptime,/products,mobile,on-site,none,dedicated,false,false,0,,26400,2024-09-18,false,true
I02518,mining,large,PL,temperate,medium,2-shift,Hoist,industrial,liquid,IP66,90,trade-fair,middle-east,uptime,/case-studies,desktop,guided,standard,dedicated,true,false,1,,26550,2024-04-17,false,true
I02519,mining,large,NO,temperate,high,3-shift,Loader,industrial,liquid,IP65,90,paid-social,dach,service,/contact,mobile,self,none,dedicated,false,false,0,4,26850,2024-05-03,false,true
I02520,construction,small,ES,temperate,low,1-shift,Loader,pro,active,IP66,65,referral,dach,uptime,/products,desktop,guided,standard,pooled,false,false,0,,11300,2024-02-26,false,true
I02521,logistics,mid,ES,temperate,medium,2-shift,Lifter,pro,passive,IP65,65,trade-fair,nordics,service,/spec-sheets,mobile,on-site,premium,pooled,false,false,0,,11750,2025-03-04,false,true
I02522,construction,small,MA,hot,high,1-shift,Sorter,pro,passive,IP54,65,trade-fair,benelux,price,/case-studies,tablet,on-site,standard,pooled,true,true,2,,11850,2024-07-02,false,true
I02523,mining,small,MA,temperate,medium,3-shift,Lifter,pro,passive,IP65,65,paid-social,nordics,service,/contact,desktop,on-site,premium,dedicated,false,false,2,,11750,2024-12-31,false,true
I02524,mining,large,AE,hot,medium,2-shift,Conveyor,industrial,liquid,IP54,90,referral,iberia,price,/pricing,desktop,self,none,pooled,false,true,2,,27150,2024-12-15,false,true
I02525,food,small,NO,temperate,medium,3-shift,Loader,consumer,passive,IP66,35,referral,middle-east,service,/contact,desktop,self,standard,pooled,false,true,3,,8500,2024-11-22,false,true
I02526,food,mid,AE,hot,medium,2-shift,Loader,pro,passive,IP65,65,distributor-ME,middle-east,uptime,/case-studies,desktop,self,none,dedicated,true,false,3,3,22400,2025-06-08,false,true
I02527,logistics,large,SE,temperate,low,3-shift,Loader,industrial,liquid,IP65,90,trade-fair,nordics,service,/spec-sheets,mobile,guided,premium,dedicated,false,false,0,,26850,2024-11-30,false,true
I02528,construction,mid,PL,temperate,medium,1-shift,Conveyor,consumer,passive,IP54,35,paid-social,dach,service,/contact,desktop,guided,none,pooled,false,false,0,,3950,2024-04-27,true,false
I02529,construction,small,AE,hot,medium,1-shift,Conveyor,industrial,liquid,IP54,90,referral,iberia,price,/contact,desktop,guided,none,dedicated,true,false,2,1,27150,2024-07-06,false,true
I02530,food,mid,ES,hot,medium,3-shift,Hoist,pro,active,IP65,65,trade-fair,dach,uptime,/contact,mobile,guided,standard,dedicated,false,false,0,,23600,2024-07-14,false,true
I02531,food,mid,ES,hot,medium,2-shift,Sorter,consumer,passive,IP66,35,distributor-ME,middle-east,uptime,/case-studies,desktop,self,standard,pooled,true,true,2,2,7600,2024-12-16,true,false
I02532,logistics,mid,MA,hot,low,2-shift,Sorter,consumer,passive,IP66,35,search,iberia,service,/case-studies,desktop,on-site,premium,pooled,true,true,3,,11400,2024-08-22,true,false
I02533,construction,large,MA,temperate,medium,2-shift,Loader,consumer,active,IP66,35,trade-fair,middle-east,uptime,/spec-sheets,desktop,self,none,pooled,false,true,2,5,4100,2024-12-11,true,false
I02534,logistics,mid,SE,arctic,medium,2-shift,Compactor,pro,active,IP65,65,trade-fair,iberia,durability,/products,desktop,on-site,standard,dedicated,false,false,1,,11600,2024-08-07,true,false
I02535,logistics,small,MA,hot,low,1-shift,Conveyor,industrial,liquid,IP54,90,distributor-ME,middle-east,uptime,/case-studies,desktop,guided,standard,dedicated,false,false,1,5,54300,2025-01-12,false,true
I02536,logistics,mid,MA,hot,high,2-shift,Compactor,pro,active,IP65,65,distributor-ME,middle-east,uptime,/case-studies,desktop,self,standard,pooled,false,false,0,,23200,2025-04-26,false,true
I02537,logistics,small,SA,hot,medium,1-shift,Loader,industrial,active,IP66,90,distributor-ME,middle-east,uptime,/case-studies,desktop,guided,standard,dedicated,true,false,1,,54100,2025-06-23,true,false
I02538,food,large,MA,hot,low,2-shift,Compactor,pro,liquid,IP54,65,distributor-ME,middle-east,uptime,/pricing,desktop,on-site,none,pooled,false,false,0,5,11600,2025-03-02,false,true
I02539,construction,mid,SE,hot,high,1-shift,Sorter,pro,active,IP65,65,referral,middle-east,service,/case-studies,mobile,on-site,premium,pooled,false,false,1,5,23000,2025-01-25,false,true
I02540,mining,large,NO,arctic,medium,3-shift,Sorter,pro,active,IP65,65,search,iberia,service,/case-studies,desktop,guided,standard,dedicated,true,false,1,5,34500,2025-05-08,false,true
I02541,logistics,mid,NO,temperate,high,2-shift,Conveyor,pro,liquid,IP65,65,trade-fair,middle-east,uptime,/pricing,mobile,guided,none,pooled,false,false,0,4,11700,2025-01-06,false,true
I02542,logistics,large,PL,temperate,medium,1-shift,Conveyor,consumer,passive,IP54,35,referral,middle-east,service,/case-studies,mobile,on-site,standard,dedicated,false,false,0,5,7900,2025-06-18,false,true
I02543,food,small,FI,temperate,medium,2-shift,Compactor,pro,active,IP65,65,referral,dach,uptime,/spec-sheets,mobile,on-site,premium,dedicated,false,false,0,5,11600,2025-06-29,false,true
I02544,mining,small,AE,hot,medium,2-shift,Loader,pro,liquid,IP54,65,distributor-ME,middle-east,uptime,/products,mobile,self,premium,dedicated,false,false,0,5,11850,2025-03-14,false,true
I02545,mining,mid,DE,arctic,low,3-shift,Conveyor,pro,passive,IP66,65,search,middle-east,uptime,/spec-sheets,desktop,on-site,standard,dedicated,false,false,0,,11600,2025-07-15,true,false
I02546,mining,small,FI,temperate,medium,3-shift,Conveyor,pro,passive,IP66,65,referral,benelux,price,/products,tablet,guided,standard,pooled,false,false,0,,11600,2024-09-04,false,true
I02547,food,small,PL,temperate,low,3-shift,Loader,pro,liquid,IP54,65,paid-social,dach,service,/products,mobile,self,none,pooled,true,true,1,,11850,2025-02-16,false,true
I02548,food,small,AE,hot,high,3-shift,Lifter,pro,active,IP65,65,trade-fair,benelux,price,/pricing,mobile,on-site,none,dedicated,false,false,0,,23200,2024-11-20,true,false
I02549,food,small,MA,hot,low,3-shift,Loader,pro,liquid,IP54,65,referral,benelux,price,/contact,tablet,self,premium,pooled,false,false,0,,11850,2024-08-01,false,true
I02550,logistics,small,PL,temperate,low,1-shift,Conveyor,pro,passive,IP66,65,referral,benelux,price,/case-studies,desktop,guided,none,dedicated,false,false,1,,11600,2024-12-03,false,true
I02551,logistics,mid,DE,temperate,medium,3-shift,Lifter,industrial,active,IP66,90,trade-fair,dach,uptime,/products,desktop,self,standard,dedicated,false,false,0,,53200,2024-11-07,false,true
I02552,mining,small,SE,temperate,medium,2-shift,Sorter,consumer,active,IP54,35,trade-fair,iberia,durability,/contact,desktop,on-site,premium,pooled,false,false,0,5,3850,2025-02-25,false,true
I02553,food,mid,MA,hot,medium,3-shift,Lifter,pro,liquid,IP54,65,paid-social,iberia,service,/spec-sheets,mobile,on-site,standard,pooled,true,true,2,,11750,2024-06-23,false,true
I02554,logistics,mid,FI,temperate,high,2-shift,Loader,industrial,liquid,IP65,90,trade-fair,nordics,service,/case-studies,mobile,self,premium,dedicated,false,false,0,,80550,2024-07-07,false,true
I02555,mining,small,MA,hot,medium,3-shift,Loader,pro,liquid,IP54,65,search,benelux,durability,/spec-sheets,desktop,guided,none,dedicated,false,false,0,,23700,2025-02-24,false,true
I02556,logistics,mid,MA,hot,low,2-shift,Compactor,industrial,liquid,IP66,90,distributor-ME,middle-east,uptime,/contact,desktop,guided,none,dedicated,true,false,2,2,53100,2025-07-08,false,true
I02557,construction,small,NO,arctic,medium,1-shift,Hoist,pro,active,IP65,65,trade-fair,iberia,durability,/spec-sheets,desktop,self,standard,pooled,true,true,2,,35400,2024-11-04,true,false
I02558,food,small,SE,temperate,high,3-shift,Sorter,industrial,liquid,IP54,90,referral,middle-east,service,/contact,desktop,on-site,none,pooled,false,false,0,4,27150,2024-05-31,false,true
I02559,logistics,mid,PL,temperate,low,1-shift,Sorter,pro,passive,IP54,65,search,middle-east,uptime,/spec-sheets,desktop,guided,standard,dedicated,false,false,0,5,59250,2024-05-13,false,true
I02560,logistics,small,AE,hot,high,2-shift,Lifter,industrial,active,IP66,90,trade-fair,iberia,durability,/contact,desktop,guided,premium,pooled,false,false,0,,133000,2025-02-09,false,true
I02561,mining,mid,SA,hot,low,2-shift,Conveyor,consumer,passive,IP54,35,trade-fair,nordics,service,/products,mobile,self,premium,pooled,true,true,1,,7900,2025-04-08,false,true
I02562,logistics,mid,ES,hot,high,1-shift,Sorter,consumer,passive,IP66,35,distributor-ME,middle-east,uptime,/spec-sheets,desktop,on-site,standard,pooled,false,false,1,,11400,2024-05-02,false,true
I02563,food,mid,MA,hot,medium,3-shift,Compactor,pro,active,IP65,65,paid-social,nordics,service,/spec-sheets,desktop,on-site,standard,dedicated,false,false,2,,11600,2025-04-10,true,false
I02564,mining,mid,AE,hot,high,3-shift,Conveyor,consumer,passive,IP54,35,trade-fair,benelux,price,/products,mobile,guided,standard,dedicated,true,false,2,,3950,2025-06-22,false,true
I02565,food,small,FI,arctic,medium,2-shift,Compactor,pro,liquid,IP54,65,paid-social,nordics,service,/spec-sheets,desktop,self,none,pooled,false,false,0,,11600,2024-10-20,false,true
I02566,food,mid,SE,temperate,low,3-shift,Conveyor,consumer,active,IP54,35,referral,nordics,uptime,/products,tablet,guided,none,pooled,true,true,4,1,4100,2025-07-12,false,true
I02567,construction,large,MA,temperate,low,3-shift,Loader,industrial,active,IP66,90,trade-fair,middle-east,uptime,/products,mobile,self,standard,pooled,true,true,1,2,27050,2024-06-05,true,false
I02568,food,mid,AE,hot,low,3-shift,Compactor,consumer,active,IP54,35,distributor-ME,middle-east,uptime,/case-studies,desktop,self,standard,pooled,false,false,2,,4500,2024-10-18,true,false
I02569,logistics,small,ES,hot,medium,1-shift,Sorter,industrial,active,IP54,90,search,nordics,durability,/products,tablet,guided,none,dedicated,false,false,1,4,27100,2024-11-28,false,true
I02570,logistics,small,MA,hot,medium,2-shift,Lifter,pro,liquid,IP54,65,trade-fair,iberia,durability,/spec-sheets,mobile,self,none,dedicated,false,false,0,4,11750,2024-10-29,false,true
I02571,food,mid,DE,temperate,low,3-shift,Loader,pro,passive,IP65,65,paid-social,dach,service,/pricing,desktop,guided,standard,pooled,false,false,0,4,11200,2024-04-12,false,true
I02572,food,mid,AE,hot,low,1-shift,Sorter,pro,passive,IP54,65,distributor-ME,middle-east,uptime,/case-studies,desktop,guided,standard,pooled,true,true,1,,11850,2024-04-28,true,false
I02573,logistics,small,FI,temperate,medium,2-shift,Lifter,consumer,active,IP65,35,referral,dach,uptime,/spec-sheets,desktop,self,standard,pooled,false,false,0,5,9000,2024-03-07,false,true
I02574,mining,large,MA,temperate,high,1-shift,Compactor,pro,active,IP65,65,referral,nordics,uptime,/case-studies,desktop,self,standard,dedicated,false,false,0,,11600,2025-01-27,false,true
I02575,mining,small,ES,hot,medium,1-shift,Hoist,consumer,passive,IP54,35,paid-social,nordics,service,/pricing,desktop,self,none,dedicated,true,true,3,4,22500,2024-03-19,true,false
I02576,mining,mid,NO,hot,high,1-shift,Compactor,industrial,liquid,IP66,90,paid-social,iberia,service,/spec-sheets,desktop,self,standard,pooled,false,true,1,,132750,2025-05-16,false,true
I02577,construction,mid,DE,temperate,low,1-shift,Conveyor,consumer,active,IP54,35,referral,nordics,uptime,/contact,desktop,on-site,none,pooled,false,false,0,,4100,2024-12-27,true,false
I02578,food,mid,PL,temperate,low,2-shift,Hoist,consumer,active,IP66,35,referral,benelux,price,/case-studies,desktop,self,none,pooled,true,false,1,,3850,2024-11-27,false,true
I02579,construction,mid,SE,hot,high,1-shift,Hoist,pro,liquid,IP65,65,distributor-ME,middle-east,uptime,/pricing,desktop,guided,premium,pooled,true,true,2,,11250,2024-04-29,false,true
I02580,mining,large,MA,temperate,high,3-shift,Hoist,pro,liquid,IP65,65,search,middle-east,uptime,/products,desktop,on-site,standard,pooled,false,true,1,1,11250,2024-09-01,false,true
I02581,mining,small,SE,arctic,high,2-shift,Hoist,industrial,active,IP66,90,paid-social,iberia,service,/spec-sheets,desktop,on-site,standard,dedicated,false,false,1,,26400,2025-06-24,false,true
I02582,logistics,mid,SA,hot,medium,3-shift,Lifter,consumer,active,IP65,35,search,middle-east,uptime,/products,mobile,self,none,pooled,false,true,1,,22500,2024-06-10,true,false
I02583,food,small,AE,hot,low,1-shift,Conveyor,pro,passive,IP66,65,distributor-ME,middle-east,uptime,/case-studies,desktop,self,standard,dedicated,true,false,4,3,58000,2025-01-16,false,true
I02584,logistics,mid,NO,arctic,medium,3-shift,Lifter,consumer,passive,IP54,35,referral,nordics,uptime,/products,desktop,on-site,standard,dedicated,false,false,1,1,8200,2024-10-07,false,true
I02585,food,mid,DE,temperate,low,3-shift,Sorter,pro,liquid,IP66,65,paid-social,benelux,durability,/products,desktop,on-site,standard,dedicated,false,true,1,4,34800,2025-02-11,false,true
I02586,food,large,ES,arctic,high,3-shift,Compactor,consumer,passive,IP66,35,paid-social,iberia,service,/pricing,mobile,guided,premium,pooled,true,true,4,4,8600,2025-03-26,false,true
I02587,food,mid,SE,temperate,low,3-shift,Sorter,industrial,active,IP54,90,trade-fair,dach,uptime,/products,desktop,guided,none,dedicated,false,false,0,,27100,2025-05-05,false,true
I02588,food,mid,MA,hot,medium,3-shift,Hoist,pro,active,IP65,65,referral,benelux,price,/spec-sheets,desktop,self,premium,dedicated,false,false,0,,11800,2025-06-01,false,true
I02589,construction,large,FI,temperate,low,1-shift,Lifter,pro,passive,IP65,65,search,nordics,durability,/products,desktop,on-site,none,dedicated,false,false,0,,11750,2024-10-17,false,true
I02590,mining,small,SE,temperate,medium,3-shift,Sorter,pro,liquid,IP66,65,paid-social,dach,service,/spec-sheets,desktop,guided,none,dedicated,false,false,1,2,58000,2024-11-05,false,true
I02591,construction,mid,SE,hot,high,1-shift,Hoist,consumer,active,IP66,35,distributor-ME,middle-east,uptime,/case-studies,desktop,guided,standard,dedicated,true,false,1,2,3850,2025-06-03,true,false
I02592,food,large,ES,temperate,medium,3-shift,Conveyor,pro,liquid,IP65,65,referral,benelux,price,/contact,mobile,self,standard,pooled,false,false,1,4,11700,2025-04-27,false,true
I02593,mining,mid,AE,hot,medium,1-shift,Hoist,pro,active,IP65,65,trade-fair,iberia,durability,/products,desktop,on-site,standard,dedicated,false,false,1,5,23600,2024-07-27,false,true
I02594,construction,large,SA,hot,low,1-shift,Conveyor,industrial,liquid,IP54,90,distributor-ME,middle-east,uptime,/spec-sheets,mobile,self,standard,dedicated,false,false,0,,27150,2025-01-16,false,true
I02595,mining,large,MA,hot,low,2-shift,Loader,pro,passive,IP65,65,paid-social,middle-east,durability,/spec-sheets,desktop,self,premium,dedicated,true,false,2,,11200,2024-12-04,false,true
I02596,logistics,large,MA,hot,medium,1-shift,Sorter,industrial,active,IP54,90,search,dach,service,/products,desktop,guided,standard,pooled,false,false,0,,27100,2025-07-24,false,true
I02597,mining,large,FI,temperate,low,3-shift,Lifter,pro,liquid,IP54,65,trade-fair,iberia,durability,/pricing,desktop,self,standard,pooled,false,false,0,4,11750,2025-07-19,false,true
I02598,logistics,large,SE,temperate,high,2-shift,Conveyor,pro,liquid,IP65,65,trade-fair,middle-east,uptime,/spec-sheets,desktop,self,standard,pooled,false,false,0,4,11700,2024-08-09,false,true
I02599,construction,mid,DE,hot,low,2-shift,Lifter,pro,active,IP65,65,trade-fair,iberia,durability,/contact,mobile,self,none,pooled,false,true,2,,11600,2024-12-17,false,true
I02600,mining,small,FI,temperate,low,2-shift,Lifter,consumer,passive,IP54,35,search,iberia,service,/case-studies,tablet,on-site,standard,pooled,false,false,1,,4100,2025-03-19,false,true
I02601,food,small,AE,hot,low,1-shift,Conveyor,industrial,active,IP65,90,search,benelux,durability,/case-studies,desktop,guided,premium,pooled,false,false,0,,27100,2025-02-26,false,true
I02602,food,small,MA,temperate,high,2-shift,Loader,pro,liquid,IP54,65,referral,nordics,uptime,/case-studies,desktop,on-site,standard,pooled,true,true,1,,11850,2024-06-13,false,true
I02603,food,small,MA,hot,low,3-shift,Hoist,pro,passive,IP66,65,referral,iberia,price,/case-studies,desktop,guided,standard,dedicated,true,false,3,3,23500,2025-03-12,true,false
I02604,logistics,mid,MA,hot,medium,3-shift,Sorter,pro,passive,IP54,65,paid-social,benelux,durability,/pricing,mobile,self,none,pooled,true,true,2,,11850,2024-05-08,false,true
I02605,construction,mid,PL,temperate,high,1-shift,Compactor,pro,active,IP65,65,referral,iberia,price,/contact,tablet,self,none,dedicated,false,false,1,5,34800,2024-04-11,false,true
I02606,food,small,FI,temperate,medium,2-shift,Sorter,pro,passive,IP54,65,paid-social,middle-east,durability,/contact,desktop,guided,standard,pooled,true,true,2,,11850,2025-04-12,true,false
I02607,mining,small,SE,temperate,medium,3-shift,Hoist,pro,liquid,IP65,65,search,middle-east,uptime,/case-studies,tablet,on-site,premium,pooled,false,false,0,5,11250,2025-03-21,false,true
I02608,logistics,small,AE,hot,high,2-shift,Loader,industrial,active,IP66,90,search,dach,service,/case-studies,desktop,guided,standard,pooled,false,false,0,,54100,2024-09-17,true,false
I02609,food,large,SA,hot,medium,3-shift,Hoist,pro,active,IP65,65,search,middle-east,uptime,/pricing,desktop,self,standard,pooled,false,true,1,,11800,2024-10-29,true,false
I02610,construction,mid,MA,hot,low,2-shift,Loader,pro,active,IP66,65,distributor-ME,middle-east,uptime,/case-studies,mobile,self,none,pooled,false,false,0,4,22600,2024-08-03,false,true
I02611,mining,large,AE,hot,medium,3-shift,Hoist,consumer,active,IP66,35,distributor-ME,middle-east,uptime,/case-studies,desktop,guided,none,dedicated,false,false,1,,19250,2024-09-28,false,true
I02612,logistics,large,MA,hot,high,2-shift,Compactor,pro,active,IP65,65,distributor-ME,middle-east,uptime,/products,desktop,self,premium,dedicated,true,false,2,,11600,2024-03-24,false,true
I02613,food,small,FI,temperate,medium,3-shift,Conveyor,pro,liquid,IP65,65,search,middle-east,uptime,/case-studies,desktop,on-site,premium,dedicated,false,false,0,4,23400,2025-04-17,false,true
I02614,food,mid,NO,arctic,medium,3-shift,Compactor,consumer,active,IP54,35,referral,nordics,uptime,/products,mobile,on-site,standard,pooled,false,false,1,,13500,2025-06-10,false,true
I02615,food,small,PL,temperate,low,3-shift,Hoist,industrial,active,IP66,90,paid-social,middle-east,durability,/case-studies,desktop,guided,premium,dedicated,false,false,0,,79200,2024-09-02,false,true
I02616,food,mid,ES,hot,medium,2-shift,Lifter,industrial,active,IP66,90,referral,dach,uptime,/products,mobile,on-site,standard,dedicated,true,false,1,,79800,2025-02-14,false,true
I02617,food,small,PL,temperate,low,1-shift,Compactor,consumer,active,IP54,35,trade-fair,dach,uptime,/case-studies,desktop,on-site,standard,dedicated,false,false,0,5,4500,2025-01-19,false,true
I02618,construction,large,SE,arctic,low,1-shift,Hoist,pro,liquid,IP65,65,referral,nordics,uptime,/case-studies,mobile,guided,none,pooled,false,false,0,,11250,2024-10-07,false,true
I02619,food,mid,SE,temperate,low,3-shift,Loader,industrial,liquid,IP65,90,paid-social,nordics,service,/spec-sheets,desktop,self,premium,pooled,false,false,0,5,53700,2024-07-14,true,false
I02620,construction,small,FI,arctic,medium,1-shift,Loader,consumer,passive,IP66,35,referral,nordics,uptime,/pricing,desktop,self,standard,pooled,false,true,1,,4250,2025-03-19,true,false
I02621,construction,mid,PL,temperate,medium,1-shift,Compactor,consumer,active,IP54,35,search,middle-east,uptime,/products,desktop,on-site,standard,dedicated,false,false,0,4,4500,2025-01-26,false,true
I02622,food,large,PL,temperate,high,1-shift,Loader,pro,passive,IP65,65,referral,iberia,price,/case-studies,desktop,guided,none,dedicated,false,false,0,,22400,2024-06-18,false,true
I02623,food,small,ES,hot,medium,1-shift,Compactor,consumer,active,IP54,35,paid-social,iberia,service,/case-studies,mobile,on-site,standard,dedicated,false,false,0,4,9000,2025-01-03,false,true
I02624,logistics,small,AE,hot,high,2-shift,Lifter,industrial,liquid,IP66,90,paid-social,dach,service,/pricing,desktop,self,none,dedicated,false,false,0,,27000,2024-04-10,false,true
I02625,mining,large,MA,hot,high,1-shift,Loader,consumer,active,IP66,35,paid-social,middle-east,durability,/spec-sheets,desktop,guided,premium,pooled,false,false,0,5,4100,2025-01-19,false,true
I02626,food,small,NO,temperate,low,3-shift,Sorter,consumer,active,IP54,35,referral,dach,uptime,/pricing,desktop,self,premium,pooled,false,true,2,,3850,2024-09-18,false,true
I02627,logistics,mid,PL,temperate,medium,1-shift,Conveyor,consumer,active,IP54,35,search,iberia,service,/contact,desktop,guided,standard,pooled,false,false,0,,4100,2024-05-08,false,true
I02628,logistics,small,FI,arctic,high,3-shift,Sorter,consumer,passive,IP66,35,referral,dach,uptime,/pricing,desktop,guided,standard,pooled,false,true,2,3,7600,2024-11-09,true,false
I02629,mining,mid,SA,temperate,medium,2-shift,Compactor,pro,passive,IP54,65,trade-fair,nordics,service,/case-studies,desktop,guided,premium,pooled,false,false,0,,11300,2025-04-12,false,true
I02630,logistics,small,PL,hot,high,2-shift,Loader,consumer,passive,IP66,35,search,dach,service,/pricing,desktop,self,standard,pooled,true,true,3,,12750,2024-09-30,false,true
I02631,logistics,small,ES,hot,low,2-shift,Loader,consumer,active,IP66,35,distributor-ME,middle-east,uptime,/contact,tablet,guided,standard,dedicated,false,false,0,4,8200,2024-12-17,false,true
I02632,construction,large,SE,arctic,low,3-shift,Lifter,pro,active,IP65,65,referral,iberia,price,/spec-sheets,mobile,self,standard,pooled,true,true,2,,11600,2025-01-14,false,true
I02633,mining,small,SE,arctic,high,2-shift,Lifter,consumer,active,IP65,35,trade-fair,benelux,price,/pricing,desktop,on-site,premium,dedicated,false,false,1,,9000,2025-07-02,false,true
I02634,logistics,small,DE,temperate,high,3-shift,Sorter,pro,active,IP65,65,referral,dach,uptime,/pricing,mobile,guided,standard,dedicated,false,false,1,,34500,2024-11-21,false,true
I02635,food,small,PL,temperate,high,3-shift,Lifter,industrial,active,IP66,90,referral,iberia,price,/pricing,tablet,guided,standard,dedicated,false,false,0,,53200,2024-11-17,false,true
I02636,construction,mid,MA,hot,low,2-shift,Loader,pro,liquid,IP54,65,trade-fair,benelux,price,/spec-sheets,desktop,on-site,premium,dedicated,true,false,2,,59250,2024-06-07,false,true
I02637,construction,large,AE,hot,high,1-shift,Hoist,industrial,active,IP66,90,distributor-ME,middle-east,uptime,/spec-sheets,desktop,self,none,dedicated,false,false,1,4,26400,2024-07-08,false,true
I02638,logistics,mid,ES,hot,high,1-shift,Loader,pro,passive,IP65,65,search,iberia,service,/products,tablet,on-site,none,pooled,true,true,2,,11200,2024-04-28,true,false
I02639,food,mid,DE,temperate,low,3-shift,Loader,consumer,passive,IP66,35,referral,dach,uptime,/spec-sheets,desktop,self,none,pooled,false,true,2,2,8500,2025-03-10,true,false
I02640,food,small,AE,hot,low,1-shift,Lifter,consumer,active,IP65,35,distributor-ME,middle-east,uptime,/case-studies,desktop,on-site,none,pooled,false,false,0,,13500,2024-05-21,false,true
I02641,mining,large,DE,temperate,high,2-shift,Sorter,industrial,liquid,IP54,90,trade-fair,middle-east,uptime,/products,desktop,on-site,premium,dedicated,true,false,2,2,54300,2024-05-03,false,true
I02642,food,large,FI,arctic,medium,2-shift,Sorter,consumer,active,IP54,35,paid-social,iberia,service,/pricing,desktop,on-site,none,pooled,false,false,0,5,11550,2025-04-19,false,true
I02643,logistics,large,MA,hot,medium,1-shift,Hoist,consumer,active,IP66,35,paid-social,middle-east,durability,/contact,desktop,guided,premium,pooled,false,false,0,,7700,2024-05-21,false,true
I02644,construction,small,FI,arctic,low,3-shift,Loader,pro,passive,IP65,65,paid-social,middle-east,durability,/pricing,mobile,on-site,standard,pooled,false,false,0,,11200,2025-01-14,false,true
I02645,logistics,small,MA,hot,low,1-shift,Loader,industrial,liquid,IP65,90,search,dach,service,/case-studies,desktop,guided,standard,dedicated,false,false,1,2,26850,2025-06-19,true,false
I02646,food,small,PL,hot,medium,2-shift,Hoist,industrial,active,IP66,90,distributor-ME,middle-east,uptime,/spec-sheets,desktop,guided,standard,dedicated,true,false,2,,26400,2025-06-12,true,false
I02647,logistics,small,NO,arctic,high,1-shift,Conveyor,pro,passive,IP66,65,referral,benelux,price,/products,mobile,on-site,standard,dedicated,false,false,0,5,23200,2025-03-10,false,true
I02648,construction,small,AE,hot,low,2-shift,Loader,consumer,passive,IP66,35,search,nordics,durability,/pricing,desktop,self,standard,pooled,true,true,1,2,21250,2025-06-01,false,true
I02649,mining,small,SA,hot,high,1-shift,Conveyor,industrial,liquid,IP54,90,referral,benelux,price,/case-studies,desktop,self,standard,dedicated,false,false,0,4,27150,2024-12-10,true,false
I02650,mining,mid,SA,temperate,medium,2-shift,Compactor,industrial,active,IP66,90,referral,middle-east,service,/contact,desktop,self,premium,dedicated,true,false,1,,26600,2024-05-07,false,true
I02651,mining,small,NO,temperate,medium,3-shift,Lifter,pro,liquid,IP54,65,trade-fair,nordics,service,/products,desktop,self,none,dedicated,false,false,1,,23500,2024-10-06,false,true
I02652,logistics,large,PL,temperate,high,3-shift,Lifter,consumer,active,IP65,35,search,benelux,durability,/pricing,mobile,self,premium,dedicated,false,false,1,3,9000,2025-07-29,false,true
I02653,mining,small,SA,temperate,medium,1-shift,Hoist,pro,liquid,IP65,65,paid-social,benelux,durability,/pricing,mobile,self,premium,dedicated,true,false,1,2,11250,2024-10-23,false,true
I02654,food,small,SE,arctic,low,3-shift,Hoist,industrial,liquid,IP66,90,search,middle-east,uptime,/case-studies,tablet,on-site,none,pooled,false,false,0,,53100,2025-02-06,true,false
I02655,logistics,small,MA,hot,high,1-shift,Compactor,consumer,active,IP54,35,paid-social,iberia,service,/products,desktop,on-site,standard,pooled,false,false,0,5,4500,2024-05-11,false,true
I02656,logistics,small,PL,temperate,medium,3-shift,Loader,industrial,liquid,IP65,90,paid-social,middle-east,durability,/case-studies,desktop,self,none,pooled,false,false,0,5,26850,2024-06-30,false,true
I02657,logistics,small,ES,hot,low,2-shift,Sorter,industrial,active,IP54,90,search,iberia,service,/case-studies,desktop,guided,standard,pooled,false,false,0,,81300,2025-07-16,false,true
I02658,construction,mid,SA,temperate,low,1-shift,Loader,pro,passive,IP65,65,trade-fair,benelux,price,/spec-sheets,desktop,self,standard,pooled,false,false,0,5,11200,2025-06-13,false,true
I02659,mining,small,PL,temperate,high,3-shift,Lifter,pro,active,IP65,65,search,middle-east,uptime,/pricing,mobile,self,none,pooled,true,true,2,3,23200,2024-10-14,false,true
I02660,logistics,small,MA,hot,high,1-shift,Conveyor,industrial,active,IP65,90,trade-fair,benelux,price,/pricing,desktop,self,standard,pooled,true,true,2,,27100,2025-03-31,false,true
I02661,food,small,PL,temperate,low,1-shift,Conveyor,consumer,active,IP54,35,referral,dach,uptime,/spec-sheets,desktop,on-site,standard,pooled,false,false,1,,4100,2024-11-18,false,true
I02662,logistics,mid,AE,hot,low,1-shift,Compactor,industrial,liquid,IP66,90,referral,middle-east,service,/case-studies,mobile,on-site,standard,dedicated,false,false,0,,26550,2025-06-09,false,true
I02663,construction,small,PL,temperate,high,1-shift,Compactor,pro,liquid,IP54,65,search,benelux,durability,/case-studies,desktop,on-site,premium,pooled,false,false,0,5,23200,2024-02-03,false,true
I02664,food,small,NO,temperate,high,3-shift,Conveyor,industrial,liquid,IP54,90,referral,dach,uptime,/products,desktop,self,premium,dedicated,true,false,1,,54300,2024-12-20,false,true
I02665,mining,small,AE,hot,medium,1-shift,Hoist,consumer,active,IP66,35,distributor-ME,middle-east,uptime,/contact,mobile,self,none,pooled,false,false,0,,3850,2024-08-31,false,true
I02666,construction,mid,PL,temperate,high,1-shift,Conveyor,pro,active,IP65,65,distributor-ME,middle-east,uptime,/pricing,mobile,on-site,none,dedicated,false,false,1,,35100,2025-02-21,false,true
I02667,construction,small,NO,temperate,medium,3-shift,Loader,pro,passive,IP65,65,referral,middle-east,service,/spec-sheets,desktop,self,standard,dedicated,true,false,1,,11200,2024-02-06,false,true
I02668,construction,small,MA,temperate,high,2-shift,Loader,consumer,passive,IP66,35,referral,iberia,price,/spec-sheets,desktop,self,standard,pooled,true,false,1,,4250,2025-03-11,false,true
I02669,food,small,MA,hot,medium,3-shift,Compactor,consumer,passive,IP66,35,trade-fair,dach,uptime,/case-studies,desktop,on-site,standard,pooled,true,true,3,,4300,2025-02-08,false,true
I02670,logistics,small,NO,temperate,medium,3-shift,Hoist,industrial,liquid,IP66,90,trade-fair,nordics,service,/spec-sheets,desktop,guided,none,pooled,false,true,2,,79650,2025-07-18,false,true
I02671,mining,large,NO,arctic,medium,2-shift,Loader,pro,liquid,IP54,65,paid-social,nordics,service,/contact,desktop,on-site,none,dedicated,false,false,0,4,23700,2025-06-16,false,true
I02672,mining,small,NO,temperate,high,3-shift,Compactor,pro,passive,IP54,65,trade-fair,benelux,price,/case-studies,desktop,guided,none,pooled,false,false,0,,33900,2024-08-28,false,true
I02673,food,small,PL,temperate,high,2-shift,Loader,consumer,active,IP66,35,paid-social,benelux,durability,/case-studies,desktop,on-site,none,dedicated,false,false,1,,4100,2025-02-09,true,false
I02674,construction,mid,NO,temperate,low,2-shift,Conveyor,pro,passive,IP66,65,paid-social,middle-east,durability,/products,desktop,self,none,dedicated,false,false,0,,11600,2024-03-11,false,true
I02675,food,small,AE,hot,medium,3-shift,Sorter,industrial,active,IP54,90,search,nordics,durability,/products,mobile,guided,premium,dedicated,true,false,1,,54200,2024-06-02,false,true
I02676,construction,small,PL,hot,low,2-shift,Loader,industrial,liquid,IP65,90,referral,nordics,uptime,/pricing,desktop,on-site,standard,dedicated,false,false,1,5,134250,2024-10-24,true,false
I02677,logistics,small,MA,hot,high,1-shift,Sorter,industrial,liquid,IP54,90,distributor-ME,middle-east,uptime,/contact,desktop,on-site,premium,dedicated,false,false,1,,27150,2024-04-14,false,true
I02678,mining,mid,PL,temperate,high,3-shift,Conveyor,pro,passive,IP66,65,trade-fair,nordics,service,/case-studies,desktop,self,standard,dedicated,false,false,1,5,23200,2024-07-09,false,true
I02679,mining,large,NO,temperate,medium,2-shift,Conveyor,pro,active,IP65,65,search,iberia,service,/pricing,mobile,guided,premium,pooled,false,false,0,,58500,2025-01-11,false,true
I02680,construction,mid,SE,hot,high,1-shift,Conveyor,pro,liquid,IP65,65,referral,middle-east,service,/pricing,desktop,self,standard,pooled,false,false,2,,11700,2025-01-20,false,true
I02681,food,small,AE,hot,medium,3-shift,Loader,pro,liquid,IP54,65,distributor-ME,middle-east,uptime,/products,desktop,self,standard,pooled,false,true,2,,59250,2025-06-25,false,true
I02682,logistics,small,PL,temperate,low,1-shift,Loader,consumer,passive,IP66,35,search,middle-east,uptime,/spec-sheets,desktop,guided,standard,pooled,false,false,0,5,8500,2025-01-15,false,true
I02683,construction,mid,PL,temperate,high,1-shift,Hoist,pro,passive,IP66,65,trade-fair,middle-east,uptime,/contact,desktop,guided,premium,pooled,false,true,1,4,11750,2024-12-06,false,true
I02684,food,mid,AE,temperate,high,3-shift,Compactor,pro,active,IP65,65,referral,middle-east,service,/contact,mobile,on-site,standard,pooled,true,true,1,,58000,2024-05-07,true,false
I02685,mining,small,SE,hot,high,3-shift,Sorter,industrial,liquid,IP54,90,distributor-ME,middle-east,uptime,/products,desktop,guided,none,dedicated,false,false,1,1,54300,2024-11-15,false,true
I02686,logistics,small,FI,arctic,medium,3-shift,Hoist,industrial,liquid,IP66,90,paid-social,middle-east,durability,/spec-sheets,desktop,on-site,premium,dedicated,false,false,1,,79650,2025-01-30,false,true
I02687,construction,small,AE,hot,low,2-shift,Conveyor,pro,passive,IP66,65,paid-social,nordics,service,/spec-sheets,desktop,on-site,none,dedicated,true,false,2,,11600,2024-11-07,false,true
I02688,mining,small,AE,temperate,medium,3-shift,Hoist,pro,passive,IP66,65,distributor-ME,middle-east,uptime,/contact,desktop,self,premium,pooled,false,false,0,5,35250,2024-04-02,false,true
I02689,logistics,large,SE,temperate,medium,2-shift,Loader,industrial,active,IP66,90,paid-social,dach,service,/contact,desktop,on-site,none,dedicated,true,false,2,,81150,2024-11-10,false,true
I02690,food,small,AE,hot,medium,3-shift,Compactor,industrial,liquid,IP66,90,distributor-ME,middle-east,uptime,/products,mobile,self,none,dedicated,false,false,0,5,79650,2024-09-10,false,true
I02691,logistics,small,MA,hot,low,2-shift,Loader,industrial,liquid,IP65,90,trade-fair,benelux,price,/spec-sheets,desktop,self,standard,dedicated,false,false,0,4,53700,2025-07-02,false,true
I02692,logistics,small,AE,hot,medium,3-shift,Sorter,pro,active,IP65,65,paid-social,nordics,service,/pricing,mobile,guided,standard,dedicated,false,false,0,5,34500,2025-04-02,false,true
I02693,mining,mid,SE,hot,low,3-shift,Sorter,consumer,active,IP54,35,referral,benelux,price,/case-studies,desktop,guided,none,pooled,false,true,1,1,3850,2024-11-05,true,false
I02694,mining,mid,ES,hot,medium,2-shift,Lifter,industrial,active,IP66,90,distributor-ME,middle-east,uptime,/contact,mobile,on-site,standard,pooled,true,true,1,,26600,2024-10-20,false,true
I02695,logistics,mid,FI,temperate,high,1-shift,Compactor,industrial,liquid,IP66,90,trade-fair,dach,uptime,/case-studies,mobile,on-site,none,pooled,false,false,0,,26550,2025-04-22,false,true
I02696,food,small,AE,hot,medium,3-shift,Loader,pro,active,IP66,65,referral,dach,uptime,/case-studies,desktop,on-site,none,dedicated,false,false,0,,11300,2025-02-25,false,true
I02697,food,large,AE,hot,medium,3-shift,Conveyor,pro,active,IP65,65,referral,iberia,price,/products,desktop,on-site,standard,dedicated,false,false,0,,58500,2024-09-03,true,false
I02698,mining,small,NO,temperate,medium,3-shift,Compactor,pro,passive,IP54,65,referral,middle-east,service,/case-studies,mobile,on-site,none,pooled,false,false,0,5,22600,2025-07-05,false,true
I02699,logistics,large,SE,temperate,high,3-shift,Loader,pro,liquid,IP54,65,referral,iberia,price,/products,mobile,guided,none,pooled,true,true,1,,11850,2024-10-14,false,true
I02700,food,small,DE,hot,medium,3-shift,Conveyor,industrial,active,IP65,90,referral,nordics,uptime,/pricing,desktop,on-site,standard,pooled,false,false,1,,54200,2024-07-15,false,true
I02701,logistics,small,AE,hot,high,2-shift,Sorter,pro,liquid,IP66,65,referral,benelux,price,/products,desktop,on-site,standard,dedicated,true,false,1,,23200,2025-07-07,false,true
I02702,logistics,mid,AE,hot,low,1-shift,Conveyor,pro,liquid,IP65,65,paid-social,iberia,service,/products,mobile,self,none,dedicated,false,false,0,,35100,2024-11-23,false,true
I02703,logistics,small,PL,temperate,high,1-shift,Compactor,pro,liquid,IP54,65,paid-social,nordics,service,/products,desktop,on-site,none,pooled,false,false,1,,11600,2024-07-03,false,true
I02704,construction,mid,DE,hot,low,2-shift,Loader,industrial,active,IP66,90,search,benelux,durability,/products,mobile,self,none,dedicated,true,false,2,5,81150,2025-06-14,false,true
I02705,mining,large,DE,temperate,medium,2-shift,Sorter,pro,liquid,IP66,65,trade-fair,middle-east,uptime,/spec-sheets,mobile,self,none,dedicated,true,false,1,,23200,2025-04-20,false,true
I02706,construction,mid,MA,hot,high,1-shift,Loader,pro,passive,IP65,65,search,nordics,durability,/case-studies,desktop,on-site,standard,pooled,true,true,3,,33600,2025-03-06,true,false
I02707,mining,small,SA,hot,medium,2-shift,Compactor,consumer,active,IP54,35,search,iberia,service,/spec-sheets,mobile,guided,none,pooled,false,false,0,5,4500,2024-09-17,false,true
I02708,logistics,small,FI,temperate,high,2-shift,Hoist,pro,liquid,IP65,65,search,benelux,durability,/spec-sheets,desktop,guided,standard,dedicated,false,false,0,5,22500,2024-08-16,false,true
I02709,logistics,mid,AE,hot,low,1-shift,Loader,pro,liquid,IP54,65,paid-social,benelux,durability,/products,desktop,guided,none,dedicated,true,true,1,2,23700,2025-05-02,false,true
I02710,logistics,mid,AE,hot,low,1-shift,Hoist,pro,liquid,IP65,65,paid-social,middle-east,durability,/pricing,desktop,guided,standard,dedicated,false,false,1,,22500,2024-04-02,false,true
I02711,mining,small,MA,hot,medium,1-shift,Conveyor,industrial,liquid,IP54,90,distributor-ME,middle-east,uptime,/contact,mobile,on-site,standard,dedicated,false,false,0,,135750,2025-02-11,false,true
I02712,construction,small,AE,temperate,high,2-shift,Compactor,industrial,liquid,IP66,90,search,iberia,service,/pricing,mobile,guided,premium,dedicated,true,false,1,3,26550,2025-08-19,false,true
I02713,logistics,mid,SA,hot,high,1-shift,Sorter,pro,liquid,IP66,65,trade-fair,iberia,durability,/spec-sheets,desktop,self,premium,pooled,false,true,1,,34800,2024-10-15,false,true
I02714,food,small,PL,temperate,low,3-shift,Hoist,industrial,liquid,IP66,90,paid-social,benelux,durability,/spec-sheets,desktop,on-site,standard,dedicated,false,false,0,,132750,2025-04-13,false,true
I02715,logistics,large,MA,temperate,medium,1-shift,Sorter,pro,liquid,IP66,65,trade-fair,benelux,price,/spec-sheets,desktop,guided,standard,dedicated,false,false,1,,11600,2025-04-17,false,true
I02716,construction,small,MA,temperate,medium,3-shift,Conveyor,industrial,active,IP65,90,referral,iberia,price,/contact,desktop,self,premium,dedicated,false,false,0,,27100,2024-10-23,false,true
I02717,mining,small,DE,temperate,high,3-shift,Sorter,industrial,liquid,IP54,90,referral,benelux,price,/pricing,desktop,on-site,none,dedicated,false,false,1,5,135750,2024-11-21,false,true
I02718,food,mid,PL,arctic,medium,1-shift,Lifter,pro,passive,IP65,65,trade-fair,iberia,durability,/products,mobile,guided,standard,pooled,false,false,0,,11750,2025-05-27,true,false
I02719,construction,small,DE,hot,low,1-shift,Compactor,industrial,active,IP66,90,search,middle-east,uptime,/pricing,desktop,self,standard,pooled,false,false,0,5,53200,2024-12-15,false,true
I02720,food,large,ES,arctic,high,3-shift,Conveyor,industrial,liquid,IP54,90,search,benelux,durability,/pricing,mobile,on-site,standard,dedicated,false,false,0,5,27150,2024-12-30,false,true
I02721,mining,small,MA,hot,medium,3-shift,Hoist,pro,passive,IP66,65,distributor-ME,middle-east,uptime,/contact,desktop,self,standard,pooled,true,true,3,2,11750,2024-05-23,false,true
I02722,food,small,ES,hot,low,3-shift,Loader,pro,active,IP66,65,search,nordics,durability,/products,desktop,self,premium,pooled,false,false,0,4,22600,2024-06-10,false,true
I02723,construction,mid,SE,hot,high,1-shift,Loader,consumer,passive,IP66,35,distributor-ME,middle-east,uptime,/products,desktop,guided,none,dedicated,true,false,4,,4250,2024-11-05,true,false
I02724,logistics,small,FI,temperate,medium,2-shift,Hoist,pro,liquid,IP65,65,referral,nordics,uptime,/case-studies,desktop,self,none,dedicated,false,false,0,5,33750,2024-12-13,false,true
I02725,logistics,mid,FI,temperate,high,1-shift,Lifter,consumer,active,IP65,35,trade-fair,nordics,service,/spec-sheets,desktop,on-site,standard,pooled,false,false,1,,4500,2025-03-28,false,true
I02726,food,large,MA,hot,high,3-shift,Sorter,industrial,active,IP54,90,search,nordics,durability,/contact,mobile,on-site,standard,dedicated,false,false,0,,27100,2025-06-18,false,true
I02727,construction,mid,NO,temperate,low,1-shift,Conveyor,pro,passive,IP66,65,referral,benelux,price,/pricing,desktop,self,standard,dedicated,true,false,1,,23200,2024-10-12,true,false
I02728,construction,small,ES,temperate,high,3-shift,Hoist,industrial,active,IP66,90,paid-social,benelux,durability,/pricing,desktop,self,premium,dedicated,false,false,1,,79200,2024-07-10,false,true
I02729,construction,small,AE,hot,low,2-shift,Sorter,consumer,passive,IP66,35,trade-fair,dach,uptime,/contact,mobile,on-site,premium,dedicated,true,false,3,,3800,2024-04-19,false,true
I02730,mining,mid,SE,hot,low,3-shift,Lifter,industrial,active,IP66,90,distributor-ME,middle-east,uptime,/case-studies,desktop,on-site,none,dedicated,false,false,0,,26600,2024-12-17,true,false
I02731,food,mid,PL,temperate,medium,2-shift,Sorter,industrial,active,IP54,90,paid-social,dach,service,/contact,mobile,guided,premium,pooled,false,false,0,4,54200,2024-04-11,false,true
I02732,mining,small,AE,temperate,medium,3-shift,Lifter,pro,active,IP65,65,paid-social,middle-east,durability,/case-studies,desktop,self,standard,dedicated,false,false,1,,58000,2024-12-29,false,true
I02733,logistics,large,MA,hot,low,1-shift,Loader,pro,passive,IP65,65,distributor-ME,middle-east,uptime,/pricing,mobile,guided,standard,pooled,true,true,3,,11200,2025-02-07,true,false
I02734,food,small,FI,arctic,medium,2-shift,Conveyor,pro,liquid,IP65,65,referral,dach,uptime,/contact,desktop,self,none,dedicated,false,false,0,,11700,2025-05-28,false,true
I02735,logistics,large,MA,hot,low,1-shift,Hoist,industrial,active,IP66,90,trade-fair,middle-east,uptime,/spec-sheets,desktop,guided,standard,dedicated,false,false,0,,52800,2025-04-15,false,true
I02736,logistics,small,PL,temperate,high,1-shift,Loader,industrial,active,IP66,90,trade-fair,middle-east,uptime,/case-studies,mobile,guided,none,dedicated,false,false,0,,27050,2025-06-17,false,true
I02737,logistics,small,DE,temperate,medium,2-shift,Compactor,pro,passive,IP54,65,search,nordics,durability,/case-studies,desktop,on-site,standard,dedicated,false,false,1,4,11300,2024-05-26,false,true
I02738,mining,small,SE,temperate,high,2-shift,Lifter,industrial,active,IP66,90,trade-fair,benelux,price,/case-studies,tablet,self,standard,dedicated,false,false,1,,26600,2025-01-21,false,true
I02739,construction,small,AE,hot,medium,3-shift,Compactor,pro,liquid,IP54,65,distributor-ME,middle-east,uptime,/pricing,tablet,guided,premium,dedicated,false,false,0,,34800,2024-11-20,false,true
I02740,mining,mid,DE,temperate,high,1-shift,Loader,consumer,active,IP66,35,referral,iberia,price,/case-studies,desktop,on-site,standard,pooled,false,false,0,4,12300,2024-08-18,false,true
I02741,construction,large,MA,hot,medium,2-shift,Lifter,pro,passive,IP65,65,trade-fair,middle-east,uptime,/contact,desktop,guided,premium,dedicated,true,false,3,,23500,2024-12-15,false,true
I02742,mining,mid,DE,temperate,medium,2-shift,Sorter,pro,passive,IP54,65,referral,iberia,price,/products,desktop,guided,premium,dedicated,false,false,2,,35550,2024-12-29,true,false
I02743,food,small,AE,hot,medium,2-shift,Sorter,industrial,active,IP54,90,search,dach,service,/products,desktop,self,standard,pooled,true,true,1,,27100,2025-06-08,true,false
I02744,mining,small,SE,arctic,high,2-shift,Lifter,pro,passive,IP65,65,trade-fair,benelux,price,/products,desktop,guided,standard,pooled,false,false,1,,11750,2025-08-02,false,true
I02745,logistics,small,FI,temperate,high,2-shift,Conveyor,industrial,liquid,IP54,90,trade-fair,nordics,service,/contact,desktop,on-site,premium,dedicated,false,false,0,,27150,2025-04-19,false,true
I02746,construction,mid,AE,temperate,medium,2-shift,Lifter,pro,active,IP65,65,referral,benelux,price,/spec-sheets,mobile,self,none,pooled,true,true,2,,11600,2025-07-23,false,true
I02747,logistics,mid,FI,temperate,low,2-shift,Compactor,pro,liquid,IP54,65,trade-fair,benelux,price,/pricing,desktop,on-site,standard,pooled,false,false,0,,11600,2025-02-18,false,true
I02748,food,small,FI,temperate,medium,3-shift,Compactor,consumer,passive,IP66,35,paid-social,iberia,service,/contact,mobile,guided,premium,pooled,false,false,0,,4300,2025-06-18,false,true
I02749,food,small,PL,temperate,low,3-shift,Sorter,pro,passive,IP54,65,trade-fair,iberia,durability,/case-studies,desktop,self,premium,pooled,false,false,0,5,11850,2025-07-05,false,true
I02750,food,mid,MA,hot,low,2-shift,Compactor,pro,liquid,IP54,65,paid-social,iberia,service,/pricing,mobile,on-site,none,dedicated,false,false,1,,34800,2024-09-03,false,true
I02751,food,small,PL,temperate,high,2-shift,Sorter,pro,liquid,IP66,65,trade-fair,benelux,price,/contact,desktop,self,standard,pooled,false,false,0,,11600,2025-02-02,true,false
I02752,mining,large,SA,hot,low,2-shift,Lifter,consumer,passive,IP54,35,distributor-ME,middle-east,uptime,/contact,desktop,guided,none,dedicated,true,true,3,,4100,2024-12-22,true,false
I02753,mining,small,PL,temperate,high,3-shift,Sorter,consumer,active,IP54,35,trade-fair,nordics,service,/case-studies,desktop,guided,standard,pooled,false,true,2,,3850,2024-06-11,false,true
I02754,logistics,large,SE,temperate,low,3-shift,Hoist,pro,active,IP65,65,search,benelux,durability,/products,desktop,self,standard,pooled,false,true,1,4,23600,2025-05-09,true,false
I02755,construction,large,SA,hot,high,1-shift,Lifter,industrial,active,IP66,90,paid-social,middle-east,durability,/contact,mobile,guided,standard,dedicated,false,false,0,,53200,2025-05-17,true,false
I02756,logistics,mid,SA,hot,high,1-shift,Conveyor,industrial,liquid,IP54,90,distributor-ME,middle-east,uptime,/spec-sheets,mobile,guided,standard,dedicated,true,false,1,,54300,2024-04-15,false,true
I02757,food,large,SA,hot,high,1-shift,Loader,pro,active,IP66,65,referral,nordics,uptime,/products,mobile,self,none,dedicated,false,false,1,,22600,2025-04-03,false,true
I02758,logistics,small,MA,hot,high,2-shift,Conveyor,pro,passive,IP66,65,referral,middle-east,service,/pricing,mobile,guided,standard,dedicated,true,false,1,2,11600,2025-04-27,false,true
I02759,construction,mid,AE,hot,high,3-shift,Loader,consumer,passive,IP66,35,distributor-ME,middle-east,uptime,/spec-sheets,desktop,self,standard,pooled,true,true,4,,8500,2024-03-12,true,false
I02760,construction,mid,DE,temperate,medium,3-shift,Lifter,pro,passive,IP65,65,search,iberia,service,/pricing,desktop,on-site,none,pooled,true,true,1,5,35250,2024-05-30,false,true
I02761,mining,large,AE,hot,medium,3-shift,Hoist,industrial,liquid,IP66,90,trade-fair,nordics,service,/contact,desktop,self,none,dedicated,false,false,1,,53100,2024-03-06,false,true
I02762,food,mid,DE,temperate,high,2-shift,Hoist,pro,passive,IP66,65,referral,benelux,price,/case-studies,desktop,on-site,standard,pooled,false,true,1,,11750,2025-01-16,true,false
I02763,logistics,mid,AE,hot,low,1-shift,Conveyor,industrial,liquid,IP54,90,distributor-ME,middle-east,uptime,/pricing,desktop,self,premium,dedicated,false,false,0,4,27150,2024-07-02,false,true
I02764,logistics,small,SA,hot,medium,1-shift,Loader,industrial,liquid,IP65,90,trade-fair,iberia,durability,/contact,mobile,self,standard,dedicated,false,false,2,,26850,2025-05-01,false,true
I02765,construction,large,MA,temperate,low,3-shift,Sorter,pro,liquid,IP66,65,paid-social,benelux,durability,/products,mobile,guided,standard,pooled,false,false,0,,11600,2024-06-14,true,false
I02766,construction,small,AE,hot,high,1-shift,Lifter,industrial,liquid,IP66,90,search,benelux,durability,/case-studies,mobile,on-site,premium,dedicated,true,false,1,3,54000,2024-12-17,false,true
I02767,logistics,mid,PL,temperate,low,2-shift,Compactor,pro,passive,IP54,65,trade-fair,dach,uptime,/contact,desktop,on-site,premium,dedicated,true,false,2,,11300,2025-02-22,false,true
I02768,food,mid,PL,temperate,medium,2-shift,Loader,industrial,liquid,IP65,90,paid-social,iberia,service,/spec-sheets,desktop,guided,none,pooled,false,false,0,,26850,2024-08-09,true,false
I02769,food,mid,ES,temperate,low,3-shift,Compactor,pro,active,IP65,65,paid-social,iberia,service,/pricing,mobile,self,none,pooled,false,false,0,5,11600,2024-03-07,false,true
I02770,food,mid,PL,temperate,medium,2-shift,Conveyor,pro,passive,IP66,65,paid-social,iberia,service,/spec-sheets,mobile,self,premium,pooled,false,false,0,4,11600,2024-03-27,false,true
I02771,logistics,large,MA,hot,medium,2-shift,Loader,industrial,active,IP66,90,distributor-ME,middle-east,uptime,/spec-sheets,mobile,self,none,dedicated,false,false,0,,27050,2024-07-08,false,true
I02772,mining,large,MA,hot,low,2-shift,Compactor,pro,liquid,IP54,65,referral,nordics,uptime,/contact,mobile,guided,standard,pooled,false,false,1,1,11600,2025-06-14,false,true
I02773,logistics,mid,ES,hot,high,2-shift,Lifter,pro,passive,IP65,65,referral,iberia,price,/contact,desktop,guided,standard,dedicated,true,false,3,,35250,2025-05-29,true,false
I02774,food,small,ES,hot,low,3-shift,Sorter,pro,active,IP65,65,search,middle-east,uptime,/products,mobile,guided,standard,pooled,true,true,1,,34500,2025-03-30,false,true
I02775,construction,small,ES,temperate,medium,1-shift,Sorter,pro,active,IP65,65,search,nordics,durability,/spec-sheets,tablet,self,standard,pooled,false,true,1,,11500,2024-09-15,true,false
I02776,mining,large,ES,hot,high,3-shift,Compactor,pro,liquid,IP54,65,trade-fair,iberia,durability,/pricing,desktop,on-site,standard,dedicated,false,false,1,4,58000,2025-02-20,false,true
I02777,mining,small,SE,arctic,medium,3-shift,Loader,pro,active,IP66,65,paid-social,iberia,service,/contact,desktop,guided,premium,pooled,true,false,1,,11300,2024-09-28,false,true
I02778,food,small,FI,temperate,high,3-shift,Lifter,industrial,liquid,IP66,90,search,dach,service,/contact,tablet,guided,premium,dedicated,false,false,0,,81000,2025-04-13,false,true
I02779,food,small,DE,hot,high,2-shift,Loader,consumer,passive,IP66,35,distributor-ME,middle-east,uptime,/contact,desktop,self,premium,pooled,true,true,1,1,12750,2025-07-23,true,false
I02780,food,mid,PL,temperate,medium,3-shift,Sorter,industrial,active,IP54,90,paid-social,nordics,service,/case-studies,mobile,self,standard,dedicated,false,false,0,5,27100,2025-02-20,false,true
I02781,food,large,SA,hot,low,2-shift,Hoist,industrial,liquid,IP66,90,distributor-ME,middle-east,uptime,/products,desktop,self,standard,dedicated,true,false,2,,26550,2025-04-30,false,true
I02782,construction,large,PL,temperate,high,1-shift,Lifter,pro,passive,IP65,65,search,nordics,durability,/contact,mobile,guided,standard,pooled,true,true,2,1,35250,2025-05-13,false,true
I02783,logistics,small,MA,hot,medium,3-shift,Loader,consumer,passive,IP66,35,paid-social,middle-east,durability,/pricing,mobile,on-site,none,pooled,true,true,3,4,4250,2025-05-25,true,false
I02784,food,small,ES,hot,high,3-shift,Lifter,pro,active,IP65,65,paid-social,iberia,service,/products,tablet,guided,none,dedicated,true,false,1,,11600,2024-05-27,false,true
I02785,logistics,small,DE,hot,medium,3-shift,Hoist,pro,liquid,IP65,65,referral,iberia,price,/products,mobile,guided,premium,pooled,false,false,0,5,33750,2025-07-18,false,true
I02786,mining,small,SE,hot,low,1-shift,Hoist,pro,passive,IP66,65,referral,benelux,price,/contact,tablet,on-site,standard,dedicated,true,true,3,1,11750,2025-08-04,true,false
I02787,food,small,ES,temperate,high,2-shift,Loader,consumer,active,IP66,35,trade-fair,nordics,service,/pricing,desktop,self,standard,pooled,false,false,0,5,4100,2024-12-18,false,true
I02788,logistics,mid,PL,temperate,high,2-shift,Sorter,pro,passive,IP54,65,referral,middle-east,service,/products,desktop,guided,standard,pooled,false,false,0,,11850,2024-10-13,false,true
I02789,logistics,large,MA,hot,medium,2-shift,Lifter,industrial,active,IP66,90,referral,nordics,uptime,/pricing,desktop,guided,standard,pooled,false,false,0,5,26600,2025-02-25,false,true
I02790,food,large,SA,hot,low,3-shift,Loader,industrial,active,IP66,90,referral,nordics,uptime,/case-studies,tablet,guided,standard,dedicated,true,false,1,,135250,2024-08-18,true,false
I02791,logistics,small,AE,hot,high,1-shift,Hoist,industrial,active,IP66,90,distributor-ME,middle-east,uptime,/spec-sheets,desktop,self,standard,dedicated,true,false,2,,26400,2025-04-02,false,true
I02792,construction,mid,ES,hot,low,1-shift,Hoist,pro,passive,IP66,65,search,benelux,durability,/products,desktop,self,premium,pooled,true,true,3,3,11750,2025-04-30,true,false
I02793,construction,small,AE,hot,low,2-shift,Lifter,pro,active,IP65,65,distributor-ME,middle-east,uptime,/contact,mobile,on-site,standard,dedicated,true,false,3,,23200,2024-06-08,false,true
I02794,logistics,small,PL,hot,medium,3-shift,Compactor,industrial,liquid,IP66,90,referral,iberia,price,/contact,tablet,on-site,none,dedicated,false,false,0,5,132750,2024-03-28,false,true
I02795,food,small,AE,hot,medium,2-shift,Conveyor,consumer,active,IP54,35,trade-fair,middle-east,uptime,/spec-sheets,tablet,guided,standard,pooled,true,true,1,1,4100,2025-06-29,false,true
I02796,construction,small,AE,hot,medium,1-shift,Conveyor,pro,liquid,IP65,65,search,benelux,durability,/products,desktop,self,standard,pooled,false,false,0,5,23400,2024-05-10,false,true
I02797,logistics,small,DE,temperate,high,2-shift,Conveyor,industrial,active,IP65,90,paid-social,benelux,durability,/products,desktop,self,none,dedicated,false,false,3,2,54200,2025-06-14,false,true
I02798,food,large,PL,temperate,high,3-shift,Lifter,pro,liquid,IP54,65,trade-fair,middle-east,uptime,/case-studies,desktop,self,none,dedicated,false,false,2,,35250,2025-06-11,false,true
I02799,logistics,small,MA,hot,low,2-shift,Loader,pro,active,IP66,65,paid-social,nordics,service,/pricing,mobile,guided,standard,pooled,false,false,0,,11300,2025-05-06,false,true
I02800,mining,mid,SE,arctic,high,1-shift,Sorter,pro,active,IP65,65,trade-fair,middle-east,uptime,/pricing,desktop,self,standard,dedicated,false,false,0,,11500,2025-07-16,false,true
I02801,food,mid,DE,hot,high,3-shift,Conveyor,pro,active,IP65,65,distributor-ME,middle-east,uptime,/spec-sheets,mobile,on-site,none,dedicated,false,false,0,,23400,2024-04-02,false,true
I02802,food,small,FI,temperate,medium,3-shift,Compactor,consumer,passive,IP66,35,referral,middle-east,service,/spec-sheets,tablet,self,standard,pooled,false,true,3,,4300,2025-04-04,false,true
I02803,construction,small,ES,hot,low,1-shift,Hoist,consumer,active,IP66,35,trade-fair,nordics,service,/products,mobile,guided,standard,pooled,false,false,1,,3850,2024-05-18,false,true
I02804,logistics,small,SE,arctic,low,1-shift,Loader,pro,liquid,IP54,65,referral,middle-east,service,/case-studies,desktop,on-site,premium,pooled,false,false,0,,23700,2025-02-12,false,true
I02805,mining,large,ES,hot,high,1-shift,Conveyor,pro,passive,IP66,65,referral,iberia,price,/contact,desktop,on-site,standard,pooled,true,false,2,5,11600,2024-04-27,false,true
I02806,construction,mid,MA,hot,medium,1-shift,Hoist,pro,passive,IP66,65,distributor-ME,middle-east,uptime,/pricing,mobile,on-site,none,pooled,true,true,3,1,35250,2024-02-27,false,true
I02807,construction,small,AE,hot,high,1-shift,Compactor,pro,active,IP65,65,trade-fair,nordics,service,/case-studies,mobile,self,none,pooled,false,false,0,,11600,2024-09-07,false,true
I02808,logistics,mid,SA,hot,medium,1-shift,Conveyor,consumer,passive,IP54,35,distributor-ME,middle-east,uptime,/pricing,desktop,guided,standard,pooled,true,true,3,1,7900,2025-05-11,true,false
I02809,construction,small,MA,hot,high,2-shift,Hoist,pro,active,IP65,65,paid-social,middle-east,durability,/case-studies,mobile,self,premium,dedicated,true,false,1,,11800,2024-07-02,false,true
I02810,food,large,MA,hot,low,1-shift,Loader,consumer,active,IP66,35,distributor-ME,middle-east,uptime,/spec-sheets,desktop,on-site,standard,pooled,false,false,0,,8200,2025-05-28,false,true
I02811,food,mid,DE,temperate,medium,3-shift,Loader,consumer,active,IP66,35,trade-fair,iberia,durability,/pricing,desktop,guided,standard,dedicated,true,false,2,,12300,2025-03-06,true,false
I02812,logistics,large,AE,temperate,medium,2-shift,Compactor,industrial,liquid,IP66,90,search,benelux,durability,/spec-sheets,tablet,self,none,pooled,false,false,0,,26550,2025-03-11,false,true
I02813,food,small,PL,temperate,high,2-shift,Hoist,consumer,passive,IP54,35,paid-social,iberia,service,/pricing,mobile,guided,none,pooled,false,false,0,4,4500,2024-04-17,true,false
I02814,construction,mid,MA,hot,high,1-shift,Compactor,industrial,liquid,IP66,90,referral,nordics,uptime,/pricing,mobile,guided,none,dedicated,false,false,0,,132750,2024-12-14,false,true
I02815,food,small,AE,hot,high,3-shift,Conveyor,industrial,liquid,IP54,90,referral,iberia,price,/pricing,desktop,guided,standard,pooled,true,false,1,2,81450,2024-08-21,false,true
I02816,food,mid,PL,hot,high,1-shift,Loader,industrial,active,IP66,90,search,iberia,service,/pricing,desktop,on-site,standard,dedicated,false,false,1,,27050,2024-09-05,false,true
I02817,food,small,PL,temperate,low,3-shift,Conveyor,consumer,active,IP54,35,paid-social,middle-east,durability,/case-studies,desktop,self,premium,pooled,false,true,3,,12300,2024-03-13,false,true
I02818,construction,small,DE,temperate,high,1-shift,Compactor,consumer,active,IP54,35,trade-fair,middle-east,uptime,/pricing,desktop,on-site,premium,pooled,false,false,0,,4500,2024-07-25,false,true
I02819,logistics,large,MA,hot,high,2-shift,Conveyor,industrial,active,IP65,90,referral,middle-east,service,/products,desktop,on-site,none,dedicated,false,false,0,4,54200,2024-04-04,false,true
I02820,logistics,small,MA,hot,high,1-shift,Compactor,industrial,active,IP66,90,paid-social,nordics,service,/case-studies,desktop,guided,none,pooled,false,false,0,,26600,2024-04-29,true,false
I02821,food,small,PL,temperate,low,3-shift,Sorter,consumer,active,IP54,35,search,dach,service,/spec-sheets,mobile,on-site,none,pooled,false,false,0,4,3850,2025-03-23,false,true
I02822,mining,small,ES,hot,medium,3-shift,Compactor,pro,liquid,IP54,65,referral,benelux,price,/spec-sheets,mobile,on-site,premium,dedicated,true,false,1,2,34800,2025-05-25,false,true
I02823,logistics,small,AE,hot,low,1-shift,Conveyor,pro,active,IP65,65,paid-social,benelux,durability,/products,desktop,guided,none,dedicated,true,true,2,,35100,2025-07-04,true,false
I02824,food,mid,AE,hot,low,3-shift,Conveyor,industrial,liquid,IP54,90,trade-fair,benelux,price,/case-studies,desktop,on-site,none,pooled,false,false,1,,81450,2025-04-16,false,true
I02825,mining,mid,DE,temperate,low,3-shift,Loader,industrial,active,IP66,90,paid-social,nordics,service,/case-studies,desktop,on-site,premium,pooled,true,true,1,,54100,2024-08-07,true,false
I02826,food,small,ES,hot,medium,2-shift,Hoist,consumer,passive,IP54,35,distributor-ME,middle-east,uptime,/contact,mobile,self,premium,pooled,true,true,2,5,4500,2025-06-13,true,false
I02827,logistics,small,AE,hot,high,3-shift,Loader,consumer,active,IP66,35,distributor-ME,middle-east,uptime,/pricing,desktop,guided,standard,dedicated,true,false,3,,12300,2025-01-04,false,true
I02828,food,small,MA,hot,low,3-shift,Sorter,industrial,active,IP54,90,referral,middle-east,service,/spec-sheets,desktop,self,standard,pooled,false,false,0,5,27100,2024-06-11,false,true
I02829,food,small,AE,hot,high,3-shift,Compactor,pro,active,IP65,65,paid-social,benelux,durability,/case-studies,desktop,guided,none,pooled,false,false,0,5,11600,2024-11-18,false,true
I02830,mining,small,ES,hot,high,2-shift,Sorter,pro,active,IP65,65,referral,benelux,price,/case-studies,desktop,guided,standard,pooled,false,false,0,,23000,2024-08-17,false,true
I02831,logistics,small,NO,arctic,medium,2-shift,Compactor,pro,liquid,IP54,65,referral,benelux,price,/products,desktop,self,standard,pooled,false,false,0,,11600,2025-05-01,false,true
I02832,construction,mid,SE,arctic,medium,1-shift,Compactor,industrial,active,IP66,90,trade-fair,nordics,service,/pricing,desktop,guided,premium,dedicated,false,false,1,5,26600,2024-09-17,false,true
I02833,food,small,NO,temperate,low,3-shift,Sorter,pro,liquid,IP66,65,paid-social,iberia,service,/spec-sheets,mobile,guided,premium,dedicated,false,false,1,,23200,2024-11-10,false,true
I02834,food,small,SA,hot,high,3-shift,Sorter,consumer,active,IP54,35,paid-social,middle-east,durability,/pricing,mobile,self,none,dedicated,false,false,1,,7700,2024-08-13,true,false
I02835,logistics,small,DE,hot,medium,2-shift,Loader,pro,passive,IP65,65,trade-fair,middle-east,uptime,/products,desktop,on-site,none,pooled,true,true,2,2,33600,2025-04-14,false,true
I02836,food,small,FI,temperate,low,3-shift,Lifter,pro,active,IP65,65,trade-fair,middle-east,uptime,/pricing,desktop,on-site,premium,dedicated,false,false,0,5,34800,2025-03-11,false,true
I02837,logistics,small,MA,temperate,medium,1-shift,Lifter,consumer,passive,IP54,35,search,benelux,durability,/case-studies,desktop,on-site,standard,dedicated,false,false,1,,12300,2024-05-05,false,true
I02838,mining,small,SE,arctic,high,2-shift,Conveyor,industrial,active,IP65,90,trade-fair,dach,uptime,/spec-sheets,desktop,self,premium,dedicated,false,false,0,,27100,2024-12-28,false,true
I02839,logistics,large,DE,temperate,medium,3-shift,Hoist,pro,active,IP65,65,trade-fair,benelux,price,/case-studies,mobile,on-site,standard,dedicated,false,false,0,,11800,2024-10-06,true,false
I02840,logistics,large,ES,hot,medium,1-shift,Hoist,consumer,passive,IP54,35,referral,iberia,price,/products,desktop,self,premium,pooled,true,true,2,,13500,2024-09-05,true,false
I02841,logistics,large,NO,temperate,low,1-shift,Lifter,consumer,active,IP65,35,referral,nordics,uptime,/products,mobile,on-site,standard,pooled,false,false,0,,4500,2024-07-01,false,true
I02842,logistics,mid,ES,hot,high,2-shift,Lifter,pro,active,IP65,65,paid-social,middle-east,durability,/pricing,desktop,on-site,none,dedicated,false,false,0,4,58000,2024-10-07,true,false
I02843,logistics,large,SE,temperate,medium,1-shift,Loader,pro,liquid,IP54,65,referral,dach,uptime,/contact,desktop,guided,none,dedicated,false,false,0,5,23700,2024-06-25,false,true
I02844,mining,large,ES,hot,high,3-shift,Compactor,industrial,liquid,IP66,90,distributor-ME,middle-east,uptime,/case-studies,desktop,self,standard,dedicated,true,false,1,3,26550,2024-08-26,false,true
I02845,construction,large,FI,temperate,medium,1-shift,Conveyor,pro,passive,IP66,65,paid-social,middle-east,durability,/contact,desktop,guided,standard,pooled,false,false,1,,34800,2024-07-07,false,true
I02846,construction,large,PL,temperate,high,1-shift,Compactor,pro,active,IP65,65,paid-social,dach,service,/products,desktop,guided,premium,dedicated,false,false,1,5,34800,2024-10-19,true,false
I02847,logistics,small,AE,hot,low,1-shift,Conveyor,consumer,active,IP54,35,trade-fair,middle-east,uptime,/spec-sheets,desktop,self,none,pooled,false,false,0,,8200,2025-01-10,false,true
I02848,logistics,small,MA,hot,medium,3-shift,Loader,industrial,liquid,IP65,90,distributor-ME,middle-east,uptime,/case-studies,desktop,guided,none,pooled,false,false,0,,80550,2025-05-28,false,true
I02849,food,large,MA,hot,low,1-shift,Hoist,consumer,passive,IP54,35,distributor-ME,middle-east,uptime,/contact,desktop,self,none,pooled,true,false,3,,4500,2024-03-01,false,true
I02850,mining,small,FI,temperate,low,2-shift,Sorter,pro,liquid,IP66,65,paid-social,iberia,service,/pricing,desktop,on-site,standard,dedicated,false,false,0,,23200,2025-07-13,false,true
I02851,logistics,small,MA,hot,low,1-shift,Lifter,pro,liquid,IP54,65,trade-fair,nordics,service,/case-studies,desktop,guided,none,pooled,false,true,1,2,35250,2025-03-03,false,true
I02852,logistics,mid,AE,hot,low,1-shift,Loader,industrial,active,IP66,90,distributor-ME,middle-east,uptime,/contact,desktop,guided,none,dedicated,true,false,2,5,54100,2025-07-22,false,true
I02853,logistics,small,FI,arctic,medium,3-shift,Sorter,consumer,active,IP54,35,referral,iberia,price,/case-studies,mobile,on-site,standard,pooled,false,true,4,4,3850,2024-09-04,false,true
I02854,construction,mid,DE,temperate,high,3-shift,Lifter,industrial,active,IP66,90,referral,benelux,price,/spec-sheets,desktop,self,standard,dedicated,true,false,1,4,79800,2025-03-11,false,true
I02855,logistics,small,NO,arctic,medium,1-shift,Loader,pro,active,IP66,65,referral,benelux,price,/contact,mobile,self,standard,pooled,false,false,0,,11300,2025-04-10,false,true
I02856,food,mid,MA,hot,low,2-shift,Conveyor,consumer,passive,IP54,35,paid-social,nordics,service,/case-studies,desktop,on-site,standard,pooled,true,false,3,4,3950,2024-09-26,false,true
I02857,construction,small,NO,arctic,medium,1-shift,Hoist,pro,active,IP65,65,paid-social,dach,service,/products,mobile,on-site,none,pooled,false,true,1,,11800,2025-01-26,true,false
I02858,construction,mid,DE,temperate,medium,2-shift,Hoist,pro,liquid,IP65,65,referral,middle-east,service,/contact,desktop,self,none,pooled,false,false,0,5,11250,2025-06-27,false,true
I02859,construction,mid,SE,temperate,high,2-shift,Conveyor,pro,passive,IP66,65,search,dach,service,/case-studies,desktop,on-site,none,pooled,false,false,0,,11600,2024-10-08,false,true
I02860,logistics,mid,PL,temperate,medium,1-shift,Hoist,pro,liquid,IP65,65,referral,middle-east,service,/products,mobile,guided,premium,pooled,false,false,0,,22500,2024-10-07,false,true
I02861,food,mid,MA,hot,low,3-shift,Hoist,industrial,liquid,IP66,90,referral,middle-east,service,/products,desktop,self,premium,dedicated,false,false,1,3,26550,2024-11-11,false,true
I02862,mining,small,SA,hot,high,1-shift,Lifter,pro,active,IP65,65,paid-social,middle-east,durability,/pricing,desktop,self,premium,dedicated,false,false,1,2,58000,2025-05-26,false,true
I02863,logistics,large,MA,hot,medium,1-shift,Hoist,pro,passive,IP66,65,paid-social,iberia,service,/spec-sheets,desktop,guided,standard,pooled,true,true,4,2,11750,2024-11-20,true,false
I02864,construction,mid,NO,arctic,medium,1-shift,Loader,pro,active,IP66,65,paid-social,benelux,durability,/pricing,tablet,self,none,dedicated,false,false,0,,22600,2024-11-02,false,true
I02865,food,small,FI,temperate,high,2-shift,Hoist,industrial,active,IP66,90,referral,dach,uptime,/spec-sheets,desktop,self,none,dedicated,true,false,1,2,26400,2024-10-19,true,false
I02866,logistics,mid,PL,hot,high,3-shift,Sorter,pro,liquid,IP66,65,distributor-ME,middle-east,uptime,/case-studies,desktop,guided,premium,pooled,false,true,1,,11600,2025-08-05,true,false
I02867,food,mid,SE,temperate,medium,3-shift,Compactor,consumer,active,IP54,35,search,middle-east,uptime,/contact,tablet,on-site,none,dedicated,true,false,5,1,4500,2025-07-17,false,true
I02868,mining,mid,DE,temperate,medium,1-shift,Lifter,industrial,active,IP66,90,paid-social,nordics,service,/case-studies,mobile,self,none,dedicated,false,false,0,,26600,2025-05-31,false,true
I02869,food,small,DE,temperate,low,3-shift,Hoist,pro,liquid,IP65,65,search,benelux,durability,/case-studies,desktop,guided,premium,dedicated,false,false,0,,22500,2024-04-05,false,true
I02870,logistics,small,ES,temperate,low,2-shift,Loader,pro,active,IP66,65,paid-social,middle-east,durability,/pricing,desktop,on-site,standard,pooled,false,false,1,2,11300,2024-04-22,false,true
I02871,logistics,mid,AE,hot,low,1-shift,Compactor,pro,active,IP65,65,distributor-ME,middle-east,uptime,/contact,desktop,self,standard,dedicated,false,false,0,,23200,2024-06-18,false,true
I02872,mining,small,FI,temperate,low,2-shift,Hoist,consumer,active,IP66,35,referral,nordics,uptime,/spec-sheets,mobile,guided,none,pooled,false,false,0,,3850,2025-06-21,false,true
I02873,logistics,small,PL,temperate,high,3-shift,Hoist,pro,liquid,IP65,65,search,iberia,service,/contact,desktop,self,standard,dedicated,false,false,0,,22500,2024-04-16,false,true
I02874,food,small,SA,hot,low,3-shift,Conveyor,consumer,passive,IP54,35,trade-fair,nordics,service,/products,desktop,on-site,premium,pooled,true,true,6,4,3950,2025-06-17,true,false
I02875,food,mid,NO,arctic,medium,3-shift,Sorter,industrial,active,IP54,90,search,iberia,service,/case-studies,desktop,on-site,none,dedicated,false,false,1,4,81300,2024-12-13,false,true
I02876,mining,large,SE,temperate,high,3-shift,Compactor,industrial,liquid,IP66,90,paid-social,iberia,service,/products,desktop,on-site,standard,dedicated,true,false,1,4,53100,2024-06-28,false,true
I02877,logistics,small,FI,temperate,high,1-shift,Loader,pro,passive,IP65,65,search,middle-east,uptime,/contact,desktop,guided,standard,pooled,false,false,0,5,22400,2025-03-12,false,true
I02878,food,mid,DE,hot,high,3-shift,Hoist,consumer,active,IP66,35,search,benelux,durability,/pricing,mobile,guided,premium,pooled,false,false,0,,3850,2024-07-29,true,false
I02879,construction,mid,MA,hot,high,2-shift,Loader,pro,liquid,IP54,65,trade-fair,iberia,durability,/contact,desktop,guided,none,dedicated,false,false,2,,11850,2024-08-30,false,true
I02880,mining,large,SA,hot,medium,2-shift,Sorter,industrial,liquid,IP54,90,referral,middle-east,service,/pricing,desktop,on-site,none,dedicated,false,false,0,5,27150,2024-05-29,false,true
I02881,mining,small,SA,hot,medium,2-shift,Compactor,consumer,passive,IP66,35,distributor-ME,middle-east,uptime,/case-studies,desktop,guided,standard,pooled,false,false,0,,8600,2024-06-26,false,true
I02882,logistics,small,AE,hot,high,3-shift,Lifter,consumer,passive,IP54,35,distributor-ME,middle-east,uptime,/case-studies,mobile,on-site,standard,dedicated,true,false,3,,8200,2025-03-24,false,true
I02883,logistics,large,MA,hot,high,2-shift,Conveyor,industrial,liquid,IP54,90,trade-fair,benelux,price,/pricing,mobile,on-site,standard,dedicated,false,false,0,4,135750,2024-03-28,false,true
I02884,logistics,mid,PL,temperate,high,2-shift,Conveyor,consumer,active,IP54,35,referral,nordics,uptime,/products,mobile,on-site,none,pooled,false,false,0,5,8200,2025-07-18,false,true
I02885,logistics,mid,PL,temperate,high,1-shift,Sorter,industrial,active,IP54,90,paid-social,iberia,service,/case-studies,desktop,guided,none,dedicated,false,false,0,4,27100,2024-05-04,true,false
I02886,mining,mid,SA,hot,high,1-shift,Sorter,pro,liquid,IP66,65,distributor-ME,middle-east,uptime,/contact,desktop,self,premium,dedicated,false,false,0,5,11600,2024-03-21,false,true
I02887,logistics,small,AE,hot,high,3-shift,Conveyor,pro,liquid,IP65,65,paid-social,benelux,durability,/pricing,desktop,guided,none,dedicated,true,false,1,1,35100,2024-09-01,false,true
I02888,construction,mid,SE,arctic,medium,1-shift,Conveyor,pro,active,IP65,65,trade-fair,middle-east,uptime,/pricing,desktop,on-site,standard,pooled,true,true,1,,23400,2025-07-20,false,true
I02889,logistics,large,MA,hot,medium,1-shift,Sorter,pro,active,IP65,65,referral,nordics,uptime,/pricing,desktop,on-site,premium,pooled,false,false,0,,11500,2024-12-17,false,true
I02890,logistics,small,MA,temperate,high,1-shift,Compactor,industrial,liquid,IP66,90,trade-fair,dach,uptime,/case-studies,mobile,self,standard,dedicated,false,false,0,,53100,2025-04-04,false,true
I02891,logistics,small,MA,temperate,medium,2-shift,Loader,industrial,active,IP66,90,referral,iberia,price,/pricing,desktop,on-site,none,dedicated,false,false,0,,27050,2024-08-28,false,true
I02892,construction,large,SA,hot,medium,1-shift,Loader,consumer,passive,IP66,35,search,middle-east,uptime,/spec-sheets,desktop,on-site,premium,dedicated,false,false,1,,4250,2024-11-05,false,true
I02893,logistics,small,AE,temperate,high,3-shift,Lifter,consumer,passive,IP54,35,referral,dach,uptime,/spec-sheets,desktop,self,none,pooled,false,false,1,,4100,2024-10-15,false,true
I02894,mining,small,AE,hot,medium,3-shift,Sorter,consumer,active,IP54,35,paid-social,nordics,service,/pricing,desktop,self,premium,dedicated,false,false,0,,11550,2024-12-23,false,true
I02895,logistics,small,MA,hot,high,1-shift,Compactor,industrial,active,IP66,90,referral,iberia,price,/case-studies,desktop,guided,none,dedicated,true,false,2,,26600,2025-04-03,false,true
I02896,mining,mid,SA,hot,low,1-shift,Compactor,pro,liquid,IP54,65,paid-social,iberia,service,/products,desktop,on-site,premium,pooled,false,false,0,,11600,2024-05-17,false,true
I02897,food,small,FI,arctic,medium,2-shift,Sorter,consumer,passive,IP66,35,paid-social,dach,service,/spec-sheets,mobile,guided,none,pooled,false,false,0,,3800,2024-10-23,false,true
I02898,construction,small,DE,temperate,high,1-shift,Lifter,pro,active,IP65,65,trade-fair,iberia,durability,/pricing,desktop,guided,premium,pooled,false,true,1,,23200,2025-04-10,false,true
I02899,food,small,FI,temperate,medium,1-shift,Compactor,industrial,liquid,IP66,90,trade-fair,dach,uptime,/spec-sheets,mobile,guided,none,dedicated,false,false,0,5,26550,2024-09-27,false,true
I02900,mining,mid,NO,temperate,high,2-shift,Lifter,consumer,passive,IP54,35,referral,iberia,price,/contact,desktop,self,standard,pooled,true,true,1,,12300,2024-05-27,false,true
I02901,logistics,large,MA,hot,medium,1-shift,Lifter,industrial,liquid,IP66,90,distributor-ME,middle-east,uptime,/case-studies,desktop,self,premium,pooled,false,true,2,,27000,2024-10-08,false,true
I02902,logistics,mid,PL,temperate,low,2-shift,Conveyor,consumer,active,IP54,35,paid-social,iberia,service,/contact,desktop,guided,premium,pooled,true,true,2,,8200,2025-06-06,false,true
I02903,logistics,large,AE,hot,low,1-shift,Lifter,pro,passive,IP65,65,trade-fair,nordics,service,/case-studies,tablet,guided,standard,dedicated,false,false,0,,35250,2024-07-05,false,true
I02904,logistics,small,NO,arctic,medium,2-shift,Compactor,pro,passive,IP54,65,search,dach,service,/spec-sheets,desktop,on-site,none,dedicated,false,false,1,,11300,2025-03-23,false,true
I02905,construction,large,DE,hot,low,2-shift,Lifter,pro,passive,IP65,65,distributor-ME,middle-east,uptime,/products,desktop,on-site,standard,pooled,true,true,2,,11750,2024-09-30,true,false
I02906,logistics,large,DE,temperate,medium,1-shift,Lifter,industrial,liquid,IP66,90,referral,nordics,uptime,/case-studies,mobile,on-site,standard,dedicated,false,false,1,,81000,2025-02-08,false,true
I02907,logistics,small,AE,hot,high,3-shift,Compactor,industrial,liquid,IP66,90,distributor-ME,middle-east,uptime,/spec-sheets,desktop,guided,standard,pooled,false,false,0,,53100,2024-05-13,false,true
I02908,construction,large,SA,hot,high,1-shift,Compactor,industrial,liquid,IP66,90,distributor-ME,middle-east,uptime,/products,desktop,self,standard,dedicated,true,false,2,,26550,2025-08-26,true,false
I02909,logistics,small,AE,hot,high,3-shift,Lifter,pro,active,IP65,65,trade-fair,nordics,service,/spec-sheets,tablet,self,standard,pooled,true,true,1,3,11600,2024-07-04,false,true
I02910,construction,small,SE,arctic,low,1-shift,Conveyor,pro,liquid,IP65,65,paid-social,dach,service,/spec-sheets,desktop,self,standard,dedicated,false,false,0,,23400,2024-05-08,false,true
I02911,mining,large,NO,arctic,medium,3-shift,Conveyor,industrial,active,IP65,90,search,middle-east,uptime,/contact,desktop,self,standard,dedicated,true,false,1,3,27100,2024-10-19,false,true
I02912,mining,mid,FI,temperate,low,3-shift,Loader,pro,passive,IP65,65,trade-fair,iberia,durability,/contact,desktop,self,none,dedicated,false,false,1,5,22400,2024-04-23,false,true
I02913,food,small,FI,temperate,high,2-shift,Sorter,pro,passive,IP54,65,trade-fair,nordics,service,/products,desktop,on-site,premium,dedicated,false,false,1,,23700,2025-01-19,true,false
I02914,food,small,DE,hot,medium,3-shift,Compactor,consumer,active,IP54,35,referral,benelux,price,/contact,desktop,guided,none,pooled,false,true,2,3,9000,2025-05-30,true,false
I02915,logistics,small,MA,hot,medium,3-shift,Compactor,pro,passive,IP54,65,paid-social,middle-east,durability,/contact,desktop,guided,premium,pooled,true,true,3,2,11300,2024-10-13,false,true
I02916,food,mid,MA,hot,medium,3-shift,Hoist,industrial,liquid,IP66,90,paid-social,iberia,service,/pricing,mobile,self,standard,dedicated,true,false,1,,132750,2024-06-18,false,true
I02917,logistics,large,SE,temperate,high,2-shift,Hoist,consumer,active,IP66,35,search,benelux,durability,/case-studies,mobile,on-site,premium,dedicated,false,false,0,4,3850,2025-02-23,false,true
I02918,mining,large,SE,temperate,high,3-shift,Hoist,industrial,active,IP66,90,paid-social,iberia,service,/case-studies,desktop,on-site,none,dedicated,false,false,0,,52800,2024-06-27,false,true
I02919,food,small,AE,hot,medium,2-shift,Hoist,industrial,liquid,IP66,90,distributor-ME,middle-east,uptime,/contact,desktop,on-site,premium,dedicated,false,false,1,4,26550,2024-11-09,false,true
I02920,mining,small,MA,hot,medium,3-shift,Loader,pro,liquid,IP54,65,distributor-ME,middle-east,uptime,/contact,mobile,guided,standard,dedicated,true,false,1,5,23700,2025-03-21,false,true
I02921,food,small,SE,arctic,low,1-shift,Lifter,consumer,active,IP65,35,trade-fair,iberia,durability,/products,desktop,self,standard,dedicated,false,false,0,,9000,2025-03-28,false,true
I02922,food,small,SA,hot,high,3-shift,Compactor,consumer,active,IP54,35,distributor-ME,middle-east,uptime,/products,desktop,self,standard,dedicated,false,true,3,1,13500,2024-05-08,true,false
I02923,mining,mid,ES,hot,medium,3-shift,Sorter,industrial,liquid,IP54,90,trade-fair,benelux,price,/products,mobile,on-site,standard,dedicated,false,false,0,,27150,2025-07-16,false,true
I02924,food,mid,DE,temperate,medium,3-shift,Sorter,industrial,active,IP54,90,search,dach,service,/contact,tablet,guided,standard,dedicated,true,false,2,,27100,2024-12-26,false,true
I02925,construction,small,DE,temperate,medium,3-shift,Hoist,industrial,liquid,IP66,90,trade-fair,nordics,service,/products,tablet,guided,standard,pooled,false,false,0,4,26550,2024-02-07,true,false
I02926,logistics,small,ES,hot,low,1-shift,Loader,pro,passive,IP65,65,distributor-ME,middle-east,uptime,/pricing,mobile,self,standard,dedicated,true,false,3,,11200,2024-10-25,false,true
I02927,mining,small,AE,hot,medium,3-shift,Sorter,consumer,passive,IP66,35,trade-fair,nordics,service,/pricing,desktop,guided,premium,pooled,true,true,3,,7600,2024-10-18,true,false
I02928,food,mid,PL,temperate,medium,1-shift,Loader,pro,liquid,IP54,65,referral,middle-east,service,/products,desktop,self,premium,pooled,false,false,0,5,11850,2024-06-24,false,true
I02929,logistics,large,MA,hot,medium,1-shift,Sorter,pro,passive,IP54,65,distributor-ME,middle-east,uptime,/pricing,desktop,self,standard,pooled,true,false,3,,11850,2025-04-22,true,false
I02930,construction,small,NO,arctic,medium,1-shift,Conveyor,industrial,active,IP65,90,paid-social,middle-east,durability,/case-studies,desktop,guided,standard,dedicated,false,false,1,5,27100,2025-02-23,false,true
I02931,mining,small,SA,hot,high,1-shift,Hoist,consumer,passive,IP54,35,distributor-ME,middle-east,uptime,/spec-sheets,desktop,on-site,none,pooled,true,true,2,,9000,2025-02-25,true,false
I02932,mining,small,DE,temperate,high,3-shift,Compactor,pro,liquid,IP54,65,search,iberia,service,/contact,mobile,self,none,dedicated,false,false,1,,11600,2024-10-18,false,true
I02933,logistics,small,NO,temperate,medium,1-shift,Hoist,pro,liquid,IP65,65,search,middle-east,uptime,/products,desktop,self,standard,dedicated,true,false,2,5,11250,2025-05-05,false,true
I02934,food,small,AE,hot,medium,2-shift,Loader,industrial,active,IP66,90,referral,nordics,uptime,/case-studies,desktop,guided,premium,pooled,false,false,0,,54100,2024-11-19,false,true
I02935,construction,mid,MA,hot,high,1-shift,Compactor,consumer,passive,IP66,35,referral,middle-east,service,/products,desktop,on-site,premium,pooled,true,true,2,,4300,2024-10-31,false,true
I02936,logistics,large,MA,hot,high,2-shift,Sorter,pro,liquid,IP66,65,search,iberia,service,/case-studies,mobile,self,none,pooled,false,true,1,,23200,2024-05-01,false,true
I02937,logistics,large,AE,hot,low,2-shift,Lifter,pro,active,IP65,65,trade-fair,iberia,durability,/products,desktop,guided,premium,dedicated,true,false,3,3,58000,2025-06-09,false,true
I02938,construction,small,NO,temperate,low,1-shift,Hoist,industrial,active,IP66,90,search,middle-east,uptime,/contact,mobile,self,premium,dedicated,false,false,0,5,132000,2025-04-22,false,true
I02939,logistics,mid,PL,temperate,low,1-shift,Lifter,industrial,liquid,IP66,90,trade-fair,iberia,durability,/contact,desktop,on-site,premium,dedicated,false,false,1,4,81000,2025-01-14,false,true
I02940,food,large,AE,hot,medium,2-shift,Hoist,consumer,active,IP66,35,distributor-ME,middle-east,uptime,/spec-sheets,desktop,on-site,none,pooled,true,true,2,,3850,2025-02-18,false,true
I02941,food,small,ES,hot,low,2-shift,Sorter,consumer,passive,IP66,35,trade-fair,middle-east,uptime,/products,desktop,guided,standard,pooled,true,true,3,3,3800,2025-03-31,true,false
I02942,mining,small,MA,hot,medium,3-shift,Hoist,industrial,liquid,IP66,90,distributor-ME,middle-east,uptime,/spec-sheets,desktop,on-site,premium,pooled,false,false,1,3,53100,2025-07-15,false,true
I02943,construction,large,AE,temperate,low,2-shift,Lifter,pro,passive,IP65,65,referral,dach,uptime,/spec-sheets,desktop,guided,none,pooled,false,false,0,,11750,2024-04-03,true,false
I02944,construction,mid,ES,hot,low,1-shift,Loader,pro,active,IP66,65,paid-social,dach,service,/spec-sheets,mobile,self,standard,dedicated,false,false,0,,22600,2024-12-21,false,true
I02945,construction,small,ES,temperate,medium,1-shift,Sorter,pro,active,IP65,65,paid-social,nordics,service,/case-studies,desktop,guided,premium,pooled,false,false,0,5,57500,2024-05-05,false,true
I02946,logistics,large,MA,hot,low,1-shift,Hoist,pro,active,IP65,65,distributor-ME,middle-east,uptime,/contact,mobile,guided,standard,dedicated,false,false,0,,59000,2024-08-14,false,true
I02947,food,small,SE,temperate,high,3-shift,Hoist,consumer,active,IP66,35,paid-social,iberia,service,/case-studies,desktop,self,standard,pooled,true,true,3,,7700,2024-04-22,true,false
I02948,food,small,AE,hot,high,3-shift,Loader,pro,liquid,IP54,65,trade-fair,benelux,price,/contact,desktop,on-site,premium,dedicated,false,false,0,5,59250,2024-12-19,false,true
I02949,food,small,FI,temperate,medium,3-shift,Lifter,industrial,liquid,IP66,90,trade-fair,iberia,durability,/pricing,desktop,self,standard,dedicated,false,false,1,1,54000,2024-04-10,true,false
I02950,food,mid,AE,hot,medium,2-shift,Compactor,industrial,active,IP66,90,distributor-ME,middle-east,uptime,/contact,tablet,on-site,standard,dedicated,false,false,0,4,53200,2025-07-11,false,true
I02951,food,small,ES,hot,medium,2-shift,Lifter,pro,passive,IP65,65,distributor-ME,middle-east,uptime,/case-studies,desktop,self,standard,pooled,true,true,3,,11750,2024-05-17,true,false
I02952,mining,small,DE,temperate,medium,3-shift,Sorter,industrial,liquid,IP54,90,trade-fair,benelux,price,/contact,desktop,guided,premium,dedicated,false,false,0,,27150,2024-06-20,false,true
I02953,construction,small,AE,hot,low,1-shift,Conveyor,consumer,active,IP54,35,distributor-ME,middle-east,uptime,/pricing,tablet,self,none,dedicated,false,false,0,,4100,2025-01-05,false,true
I02954,logistics,small,MA,hot,high,1-shift,Compactor,consumer,passive,IP66,35,distributor-ME,middle-east,uptime,/contact,desktop,self,standard,dedicated,true,false,3,1,8600,2025-06-03,true,false
I02955,mining,large,DE,temperate,high,2-shift,Compactor,consumer,passive,IP66,35,search,benelux,durability,/pricing,desktop,on-site,standard,dedicated,false,false,1,,4300,2025-07-28,false,true
I02956,food,large,MA,hot,medium,2-shift,Lifter,consumer,passive,IP54,35,referral,benelux,price,/pricing,desktop,guided,standard,dedicated,true,false,3,,8200,2024-12-29,false,true
I02957,food,small,MA,hot,low,3-shift,Sorter,consumer,passive,IP66,35,paid-social,dach,service,/spec-sheets,desktop,self,standard,pooled,true,true,4,1,19000,2024-07-06,true,false
I02958,construction,small,AE,hot,medium,1-shift,Loader,pro,passive,IP65,65,trade-fair,dach,uptime,/products,desktop,self,standard,dedicated,true,false,1,1,22400,2024-11-25,false,true
I02959,mining,large,SA,hot,medium,3-shift,Compactor,industrial,active,IP66,90,distributor-ME,middle-east,uptime,/pricing,desktop,guided,premium,pooled,false,false,0,,26600,2025-06-01,false,true
I02960,logistics,small,MA,hot,medium,2-shift,Lifter,pro,passive,IP65,65,search,iberia,service,/products,desktop,guided,standard,pooled,true,true,2,1,11750,2025-06-10,true,false
I02961,food,small,PL,temperate,medium,3-shift,Lifter,industrial,active,IP66,90,search,nordics,durability,/spec-sheets,mobile,guided,standard,dedicated,false,false,0,,53200,2025-06-23,false,true
I02962,logistics,mid,PL,temperate,low,1-shift,Loader,pro,passive,IP65,65,trade-fair,nordics,service,/contact,desktop,guided,premium,pooled,false,false,0,,11200,2025-04-14,false,true
I02963,food,mid,AE,hot,low,3-shift,Loader,pro,passive,IP65,65,referral,iberia,price,/products,desktop,on-site,standard,pooled,true,true,2,4,56000,2024-01-30,true,false
I02964,construction,small,SA,hot,medium,1-shift,Hoist,pro,active,IP65,65,trade-fair,middle-east,uptime,/spec-sheets,desktop,on-site,none,dedicated,false,false,0,4,11800,2024-12-28,true,false
I02965,logistics,large,AE,hot,low,1-shift,Loader,industrial,active,IP66,90,distributor-ME,middle-east,uptime,/case-studies,desktop,on-site,standard,dedicated,false,false,1,,27050,2025-06-28,false,true
I02966,food,small,AE,temperate,low,1-shift,Compactor,pro,passive,IP54,65,paid-social,middle-east,durability,/products,desktop,on-site,premium,dedicated,false,false,0,,33900,2025-04-27,false,true
I02967,mining,small,AE,hot,low,2-shift,Hoist,pro,liquid,IP65,65,referral,benelux,price,/contact,desktop,guided,standard,dedicated,false,false,0,5,22500,2025-05-11,false,true
I02968,construction,small,PL,temperate,medium,2-shift,Loader,industrial,active,IP66,90,search,benelux,durability,/pricing,mobile,self,standard,dedicated,false,false,0,5,27050,2025-05-10,false,true
I02969,logistics,large,NO,temperate,low,1-shift,Conveyor,industrial,active,IP65,90,trade-fair,iberia,durability,/spec-sheets,mobile,on-site,none,dedicated,false,false,0,,54200,2024-02-21,false,true
I02970,logistics,large,DE,temperate,medium,3-shift,Sorter,consumer,passive,IP66,35,paid-social,benelux,durability,/contact,mobile,on-site,standard,pooled,true,true,3,2,3800,2025-09-04,true,false
I02971,logistics,large,DE,temperate,medium,1-shift,Loader,pro,passive,IP65,65,referral,dach,uptime,/contact,desktop,self,standard,dedicated,false,false,0,,11200,2025-04-10,false,true
I02972,logistics,mid,MA,hot,medium,3-shift,Loader,pro,passive,IP65,65,search,middle-east,uptime,/pricing,desktop,on-site,standard,pooled,false,true,1,3,11200,2024-12-31,false,true
I02973,logistics,small,MA,temperate,low,1-shift,Sorter,consumer,passive,IP66,35,referral,nordics,uptime,/pricing,desktop,guided,premium,pooled,false,false,0,5,3800,2025-08-07,false,true
I02974,food,mid,ES,hot,low,2-shift,Conveyor,pro,active,IP65,65,referral,middle-east,service,/products,tablet,on-site,standard,pooled,true,true,2,,11700,2024-03-29,true,false
I02975,logistics,small,MA,hot,high,1-shift,Lifter,industrial,liquid,IP66,90,distributor-ME,middle-east,uptime,/spec-sheets,desktop,on-site,none,pooled,false,false,0,4,27000,2025-02-12,false,true
I02976,logistics,large,MA,hot,medium,3-shift,Sorter,consumer,passive,IP66,35,trade-fair,benelux,price,/spec-sheets,desktop,self,none,dedicated,true,false,1,,7600,2025-07-15,true,false
I02977,construction,small,MA,hot,medium,1-shift,Compactor,pro,passive,IP54,65,trade-fair,middle-east,uptime,/spec-sheets,mobile,on-site,standard,pooled,true,true,3,,11300,2025-03-24,false,true
I02978,mining,mid,SA,hot,high,1-shift,Loader,consumer,passive,IP66,35,trade-fair,nordics,service,/case-studies,mobile,on-site,standard,pooled,true,true,3,5,4250,2025-02-01,true,false
I02979,food,small,SA,hot,medium,1-shift,Lifter,consumer,active,IP65,35,trade-fair,dach,uptime,/pricing,tablet,on-site,standard,dedicated,false,false,0,,9000,2024-05-29,true,false
I02980,construction,small,NO,arctic,medium,1-shift,Conveyor,consumer,passive,IP54,35,paid-social,iberia,service,/spec-sheets,desktop,on-site,none,pooled,false,true,1,,7900,2025-01-25,false,true
I02981,mining,small,NO,arctic,high,2-shift,Loader,pro,active,IP66,65,search,dach,service,/products,mobile,guided,standard,pooled,false,false,0,4,11300,2025-01-19,false,true
I02982,construction,mid,MA,hot,high,2-shift,Compactor,industrial,liquid,IP66,90,distributor-ME,middle-east,uptime,/products,desktop,on-site,premium,dedicated,false,false,0,,53100,2024-07-06,false,true
I02983,construction,small,DE,hot,low,1-shift,Sorter,consumer,active,IP54,35,referral,iberia,price,/case-studies,tablet,guided,standard,pooled,false,false,0,5,19250,2025-02-26,false,true
I02984,food,small,SA,temperate,medium,2-shift,Lifter,consumer,passive,IP54,35,trade-fair,middle-east,uptime,/products,desktop,guided,standard,pooled,false,false,0,,4100,2025-07-06,false,true
I02985,mining,large,SA,hot,low,2-shift,Hoist,pro,passive,IP66,65,paid-social,dach,service,/pricing,desktop,on-site,premium,pooled,true,true,2,,11750,2024-10-21,true,false
I02986,mining,large,NO,arctic,medium,3-shift,Hoist,pro,passive,IP66,65,search,middle-east,uptime,/pricing,desktop,on-site,standard,pooled,false,false,0,5,11750,2025-03-04,false,true
I02987,food,small,PL,temperate,high,2-shift,Conveyor,pro,passive,IP66,65,paid-social,benelux,durability,/pricing,mobile,guided,standard,pooled,false,true,2,,11600,2024-09-24,true,false
I02988,food,mid,ES,temperate,low,3-shift,Compactor,industrial,active,IP66,90,referral,middle-east,service,/pricing,desktop,guided,standard,dedicated,false,false,0,,53200,2025-04-15,false,true
I02989,food,large,AE,hot,medium,2-shift,Loader,pro,liquid,IP54,65,distributor-ME,middle-east,uptime,/contact,mobile,on-site,premium,dedicated,true,false,1,,23700,2024-05-26,false,true
I02990,food,small,ES,hot,medium,2-shift,Hoist,pro,liquid,IP65,65,distributor-ME,middle-east,uptime,/pricing,desktop,self,standard,dedicated,false,false,0,,33750,2024-11-13,false,true
I02991,food,small,PL,temperate,high,2-shift,Hoist,consumer,passive,IP54,35,referral,dach,uptime,/products,desktop,on-site,premium,pooled,false,false,1,,4500,2025-03-16,false,true
I02992,logistics,small,MA,hot,low,1-shift,Conveyor,industrial,liquid,IP54,90,search,nordics,durability,/spec-sheets,mobile,guided,standard,pooled,false,false,0,4,27150,2025-05-01,false,true
I02993,food,mid,FI,temperate,high,3-shift,Conveyor,consumer,passive,IP54,35,search,dach,service,/spec-sheets,mobile,self,standard,pooled,false,true,2,4,11850,2025-06-07,true,false
I02994,food,mid,ES,hot,low,3-shift,Lifter,pro,passive,IP65,65,trade-fair,iberia,durability,/pricing,desktop,on-site,premium,dedicated,true,false,3,,23500,2024-04-04,false,true
I02995,food,small,MA,hot,medium,3-shift,Lifter,consumer,active,IP65,35,distributor-ME,middle-east,uptime,/case-studies,desktop,guided,none,pooled,false,true,2,,9000,2025-01-14,false,true
I02996,mining,mid,NO,temperate,low,2-shift,Lifter,pro,passive,IP65,65,trade-fair,iberia,durability,/case-studies,desktop,on-site,none,dedicated,true,false,1,,35250,2024-09-25,false,true
I02997,mining,large,SA,temperate,high,2-shift,Sorter,industrial,liquid,IP54,90,distributor-ME,middle-east,uptime,/case-studies,desktop,self,standard,dedicated,false,false,0,,135750,2025-07-06,false,true
I02998,mining,mid,NO,temperate,high,2-shift,Lifter,pro,liquid,IP54,65,paid-social,nordics,service,/contact,mobile,on-site,none,pooled,false,false,0,,58750,2024-12-27,false,true
I02999,mining,large,AE,hot,medium,3-shift,Lifter,pro,active,IP65,65,search,benelux,durability,/contact,desktop,self,standard,pooled,false,false,2,2,23200,2025-04-03,false,true
I03000,mining,mid,ES,hot,medium,3-shift,Compactor,industrial,active,IP66,90,distributor-ME,middle-east,uptime,/pricing,desktop,on-site,standard,dedicated,false,false,0,,53200,2024-07-14,false,true
