install_id,order_p,customer,product,site,session,commissioning,service_plan,support_tier,ts
I00001,O00001,K0222,P027,S02221,E00001,on-site,none,dedicated,2025-03-27
I00002,O00002,K0379,P028,S03792,E00002,on-site,standard,pooled,2025-06-27
I00003,O00003,K0285,P040,S02851,E00003,guided,standard,dedicated,2024-03-31
I00004,O00004,K0371,P006,S03712,E00004,on-site,none,pooled,2024-08-11
I00005,O00005,K0423,P040,S04232,E00005,self,none,dedicated,2025-01-01
I00006,O00006,K0379,P016,S03792,E00006,self,standard,dedicated,2024-08-05
I00007,O00007,K0062,P036,S00622,E00007,on-site,standard,pooled,2025-06-02
I00008,O00008,K0201,P037,S02011,E00008,on-site,standard,pooled,2025-05-30
I00009,O00009,K0225,P038,S02251,E00009,self,none,pooled,2024-04-16
I00010,O00010,K0113,P021,S01131,E00010,self,none,pooled,2025-02-06
I00011,O00011,K0490,P015,S04901,E00011,self,standard,pooled,2025-02-21
I00012,O00012,K0429,P041,S04291,E00012,guided,none,dedicated,2025-04-30
I00013,O00013,K0001,P028,S00011,E00013,self,standard,pooled,2025-02-06
I00014,O00014,K0386,P020,S03861,E00014,self,standard,dedicated,2024-10-02
I00015,O00015,K0325,P026,S03251,E00015,on-site,standard,dedicated,2024-05-14
I00016,O00016,K0209,P039,S02091,E00016,self,standard,dedicated,2024-10-28
I00017,O00017,K0113,P031,S01131,E00017,self,none,pooled,2025-01-11
I00018,O00018,K0181,P001,S01812,E00018,on-site,premium,pooled,2024-03-15
I00019,O00019,K0140,P008,S01401,E00019,self,none,pooled,2024-05-18
I00020,O00020,K0464,P042,S04641,E00020,self,premium,dedicated,2025-07-20
I00021,O00021,K0470,P017,S04701,E00021,guided,standard,dedicated,2025-02-22
I00022,O00022,K0123,P041,S01232,E00022,on-site,none,dedicated,2024-08-15
I00023,O00023,K0018,P027,S00182,E00023,guided,premium,dedicated,2024-05-22
I00024,O00024,K0397,P036,S03972,E00024,self,standard,dedicated,2024-10-31
I00025,O00025,K0404,P041,S04041,E00025,self,standard,dedicated,2024-07-29
I00026,O00026,K0126,P033,S01261,E00026,guided,premium,pooled,2024-08-09
I00027,O00027,K0199,P013,S01991,E00027,on-site,standard,pooled,2024-12-11
I00028,O00028,K0048,P001,S00481,E00028,self,none,dedicated,2025-04-17
I00029,O00029,K0349,P002,S03492,E00029,on-site,premium,pooled,2024-03-06
I00030,O00030,K0062,P003,S00621,E00030,on-site,standard,dedicated,2024-04-17
I00031,O00031,K0159,P007,S01593,E00031,guided,standard,dedicated,2025-07-18
I00032,O00032,K0394,P040,S03941,E00032,on-site,standard,pooled,2024-09-09
I00033,O00033,K0322,P018,S03221,E00033,on-site,standard,dedicated,2024-08-01
I00034,O00034,K0432,P031,S04322,E00034,self,standard,dedicated,2024-10-23
I00035,O00035,K0108,P012,S01082,E00035,guided,standard,dedicated,2024-06-17
I00036,O00036,K0300,P038,S03002,E00036,on-site,standard,pooled,2025-03-14
I00037,O00037,K0112,P010,S01121,E00037,guided,standard,dedicated,2025-04-19
I00038,O00038,K0279,P002,S02791,E00038,on-site,standard,pooled,2024-02-07
I00039,O00039,K0480,P027,S04801,E00039,guided,standard,dedicated,2024-07-30
I00040,O00040,K0006,P010,S00061,E00040,guided,none,pooled,2024-03-28
I00041,O00041,K0135,P037,S01351,E00041,guided,premium,pooled,2024-07-11
I00042,O00042,K0372,P025,S03721,E00042,self,none,dedicated,2024-05-02
I00043,O00043,K0518,P021,S05181,E00043,self,premium,pooled,2025-02-25
I00044,O00044,K0447,P026,S04471,E00044,self,premium,pooled,2024-08-22
I00045,O00045,K0090,P033,S00901,E00045,on-site,none,pooled,2024-05-30
I00046,O00046,K0368,P013,S03681,E00046,guided,standard,pooled,2024-03-14
I00047,O00047,K0065,P007,S00651,E00047,guided,none,dedicated,2024-10-11
I00048,O00048,K0079,P017,S00791,E00048,on-site,standard,dedicated,2024-04-03
I00049,O00049,K0354,P004,S03541,E00049,on-site,none,dedicated,2024-05-26
I00050,O00050,K0329,P002,S03291,E00050,guided,standard,pooled,2024-07-03
I00051,O00051,K0076,P005,S00762,E00051,on-site,none,pooled,2024-04-20
I00052,O00052,K0294,P023,S02941,E00052,on-site,standard,dedicated,2024-05-12
I00053,O00053,K0467,P009,S04673,E00053,on-site,none,pooled,2024-12-11
I00054,O00054,K0351,P010,S03511,E00054,on-site,none,pooled,2025-06-19
I00055,O00055,K0172,P005,S01721,E00055,on-site,standard,dedicated,2024-05-01
I00056,O00056,K0277,P016,S02771,E00056,guided,standard,pooled,2024-07-15
I00057,O00057,K0119,P036,S01191,E00057,guided,none,pooled,2025-07-19
I00058,O00058,K0285,P030,S02851,E00058,on-site,standard,pooled,2024-05-21
I00059,O00059,K0402,P016,S04021,E00059,on-site,standard,pooled,2025-07-07
I00060,O00060,K0190,P011,S01901,E00060,on-site,standard,pooled,2025-03-06
I00061,O00061,K0423,P022,S04231,E00061,self,standard,pooled,2025-08-02
I00062,O00062,K0087,P004,S00871,E00062,guided,none,pooled,2024-04-08
I00063,O00063,K0003,P007,S00031,E00063,guided,standard,pooled,2025-02-17
I00064,O00064,K0306,P006,S03061,E00064,guided,none,pooled,2025-02-05
I00065,O00065,K0140,P014,S01401,E00065,on-site,premium,dedicated,2024-11-29
I00066,O00066,K0360,P009,S03603,E00066,on-site,none,pooled,2024-09-11
I00067,O00067,K0387,P021,S03871,E00067,self,standard,dedicated,2024-07-22
I00068,O00068,K0054,P040,S00541,E00068,self,none,dedicated,2024-10-13
I00069,O00069,K0308,P004,S03083,E00069,on-site,standard,pooled,2025-01-24
I00070,O00070,K0414,P037,S04141,E00070,self,none,pooled,2024-03-29
I00071,O00071,K0449,P031,S04493,E00071,on-site,standard,pooled,2024-07-26
I00072,O00072,K0195,P035,S01951,E00072,guided,none,pooled,2024-04-16
I00073,O00073,K0382,P022,S03821,E00073,on-site,standard,pooled,2025-01-05
I00074,O00074,K0275,P023,S02751,E00074,self,none,pooled,2024-08-28
I00075,O00075,K0072,P019,S00721,E00075,self,standard,pooled,2025-06-24
I00076,O00076,K0251,P024,S02511,E00076,self,none,dedicated,2024-05-17
I00077,O00077,K0321,P023,S03213,E00077,on-site,standard,pooled,2024-04-19
I00078,O00078,K0241,P022,S02411,E00078,on-site,standard,pooled,2024-12-28
I00079,O00079,K0159,P027,S01593,E00079,self,standard,dedicated,2024-08-01
I00080,O00080,K0180,P021,S01801,E00080,on-site,standard,dedicated,2025-07-01
I00081,O00081,K0303,P037,S03032,E00081,on-site,standard,dedicated,2024-11-17
I00082,O00082,K0310,P009,S03101,E00082,on-site,none,dedicated,2024-08-20
I00083,O00083,K0346,P024,S03461,E00083,on-site,standard,dedicated,2025-01-01
I00084,O00084,K0517,P023,S05171,E00084,guided,standard,pooled,2025-08-12
I00085,O00085,K0180,P005,S01801,E00085,guided,none,pooled,2024-08-28
I00086,O00086,K0438,P034,S04381,E00086,self,premium,pooled,2024-08-30
I00087,O00087,K0227,P008,S02271,E00087,self,standard,pooled,2024-10-08
I00088,O00088,K0491,P022,S04911,E00088,self,none,pooled,2024-07-29
I00089,O00089,K0137,P040,S01372,E00089,guided,none,dedicated,2025-05-19
I00090,O00090,K0412,P019,S04122,E00090,on-site,standard,pooled,2024-06-04
I00091,O00091,K0177,P026,S01771,E00091,on-site,premium,dedicated,2025-04-16
I00092,O00092,K0308,P011,S03081,E00092,on-site,standard,pooled,2025-02-23
I00093,O00093,K0366,P036,S03662,E00093,guided,none,pooled,2025-07-28
I00094,O00094,K0413,P024,S04131,E00094,self,standard,pooled,2024-07-04
I00095,O00095,K0458,P020,S04581,E00095,on-site,standard,dedicated,2024-09-22
I00096,O00096,K0098,P010,S00983,E00096,on-site,standard,pooled,2025-07-09
I00097,O00097,K0482,P036,S04821,E00097,self,standard,pooled,2024-06-29
I00098,O00098,K0218,P010,S02181,E00098,self,none,pooled,2024-03-08
I00099,O00099,K0024,P004,S00242,E00099,on-site,premium,dedicated,2024-11-10
I00100,O00100,K0270,P011,S02701,E00100,self,standard,dedicated,2025-01-30
I00101,O00101,K0291,P007,S02913,E00101,on-site,premium,pooled,2024-07-01
I00102,O00102,K0144,P024,S01441,E00102,on-site,none,dedicated,2024-10-13
I00103,O00103,K0308,P013,S03083,E00103,guided,none,dedicated,2025-04-01
I00104,O00104,K0366,P018,S03662,E00104,self,none,dedicated,2025-02-25
I00105,O00105,K0406,P002,S04061,E00105,self,premium,pooled,2024-12-11
I00106,O00106,K0413,P041,S04131,E00106,self,standard,dedicated,2024-04-24
I00107,O00107,K0187,P006,S01872,E00107,self,none,dedicated,2025-04-11
I00108,O00108,K0397,P027,S03971,E00108,on-site,premium,dedicated,2024-06-03
I00109,O00109,K0471,P030,S04712,E00109,on-site,standard,pooled,2024-05-01
I00110,O00110,K0221,P005,S02211,E00110,on-site,standard,pooled,2024-08-21
I00111,O00111,K0292,P039,S02921,E00111,self,none,pooled,2025-04-10
I00112,O00112,K0518,P028,S05181,E00112,on-site,none,pooled,2025-07-25
I00113,O00113,K0181,P021,S01811,E00113,on-site,standard,pooled,2024-04-28
I00114,O00114,K0044,P040,S00441,E00114,guided,standard,dedicated,2025-08-01
I00115,O00115,K0206,P026,S02062,E00115,self,premium,pooled,2024-04-24
I00116,O00116,K0389,P041,S03891,E00116,on-site,premium,dedicated,2025-05-24
I00117,O00117,K0350,P013,S03502,E00117,guided,standard,dedicated,2024-09-29
I00118,O00118,K0038,P033,S00382,E00118,guided,standard,pooled,2024-10-08
I00119,O00119,K0437,P040,S04371,E00119,guided,standard,pooled,2024-03-21
I00120,O00120,K0251,P004,S02511,E00120,self,none,dedicated,2025-01-10
I00121,O00121,K0153,P039,S01531,E00121,on-site,standard,dedicated,2025-04-07
I00122,O00122,K0392,P008,S03921,E00122,on-site,none,pooled,2025-01-27
I00123,O00123,K0401,P034,S04013,E00123,on-site,standard,dedicated,2024-09-20
I00124,O00124,K0334,P018,S03343,E00124,self,standard,pooled,2024-07-18
I00125,O00125,K0311,P003,S03111,E00125,guided,standard,pooled,2025-01-17
I00126,O00126,K0075,P040,S00752,E00126,guided,standard,pooled,2024-08-09
I00127,O00127,K0110,P042,S01101,E00127,on-site,none,dedicated,2024-12-29
I00128,O00128,K0337,P031,S03371,E00128,self,standard,pooled,2024-09-06
I00129,O00129,K0040,P028,S00401,E00129,guided,none,dedicated,2025-04-29
I00130,O00130,K0199,P017,S01991,E00130,guided,standard,dedicated,2025-02-23
I00131,O00131,K0106,P022,S01062,E00131,guided,standard,pooled,2025-06-29
I00132,O00132,K0518,P034,S05181,E00132,self,standard,dedicated,2025-02-26
I00133,O00133,K0114,P028,S01141,E00133,guided,standard,dedicated,2024-08-16
I00134,O00134,K0337,P033,S03371,E00134,self,standard,dedicated,2024-08-16
I00135,O00135,K0206,P008,S02061,E00135,on-site,premium,pooled,2025-04-22
I00136,O00136,K0053,P026,S00531,E00136,guided,standard,dedicated,2024-03-23
I00137,O00137,K0451,P001,S04511,E00137,guided,standard,pooled,2025-08-06
I00138,O00138,K0272,P011,S02721,E00138,on-site,none,dedicated,2024-04-22
I00139,O00139,K0087,P028,S00871,E00139,guided,standard,dedicated,2024-05-20
I00140,O00140,K0221,P019,S02211,E00140,self,premium,dedicated,2025-04-09
I00141,O00141,K0223,P040,S02231,E00141,guided,standard,dedicated,2024-07-12
I00142,O00142,K0036,P034,S00362,E00142,self,none,pooled,2024-12-04
I00143,O00143,K0508,P033,S05081,E00143,on-site,none,pooled,2024-06-03
I00144,O00144,K0120,P041,S01202,E00144,on-site,premium,dedicated,2025-05-19
I00145,O00145,K0193,P020,S01931,E00145,self,standard,dedicated,2024-10-01
I00146,O00146,K0486,P038,S04861,E00146,self,premium,pooled,2025-04-14
I00147,O00147,K0041,P032,S00411,E00147,self,standard,dedicated,2024-04-29
I00148,O00148,K0300,P032,S03001,E00148,guided,premium,pooled,2024-03-06
I00149,O00149,K0153,P030,S01531,E00149,guided,standard,pooled,2024-08-31
I00150,O00150,K0235,P013,S02351,E00150,self,none,dedicated,2025-03-10
I00151,O00151,K0202,P024,S02022,E00151,on-site,standard,dedicated,2024-10-24
I00152,O00152,K0478,P007,S04781,E00152,on-site,none,dedicated,2025-08-03
I00153,O00153,K0022,P023,S00221,E00153,on-site,none,pooled,2025-01-08
I00154,O00154,K0431,P031,S04312,E00154,guided,standard,pooled,2024-05-21
I00155,O00155,K0097,P023,S00972,E00155,on-site,standard,pooled,2024-05-07
I00156,O00156,K0401,P005,S04012,E00156,guided,standard,pooled,2024-05-27
I00157,O00157,K0419,P020,S04191,E00157,guided,standard,dedicated,2024-04-05
I00158,O00158,K0120,P015,S01201,E00158,self,none,pooled,2024-04-16
I00159,O00159,K0050,P010,S00503,E00159,guided,standard,dedicated,2025-02-16
I00160,O00160,K0438,P041,S04381,E00160,self,none,dedicated,2024-09-25
I00161,O00161,K0510,P001,S05101,E00161,self,none,dedicated,2025-05-10
I00162,O00162,K0509,P042,S05093,E00162,guided,none,dedicated,2025-03-26
I00163,O00163,K0230,P036,S02301,E00163,self,standard,pooled,2024-09-05
I00164,O00164,K0258,P024,S02581,E00164,guided,premium,dedicated,2024-07-30
I00165,O00165,K0439,P004,S04392,E00165,self,standard,dedicated,2025-02-06
I00166,O00166,K0180,P029,S01801,E00166,on-site,premium,pooled,2025-05-22
I00167,O00167,K0490,P037,S04902,E00167,on-site,premium,dedicated,2024-12-12
I00168,O00168,K0176,P003,S01761,E00168,on-site,premium,dedicated,2025-03-31
I00169,O00169,K0273,P023,S02732,E00169,guided,premium,pooled,2024-05-07
I00170,O00170,K0390,P001,S03901,E00170,self,standard,pooled,2024-06-08
I00171,O00171,K0278,P025,S02781,E00171,on-site,premium,pooled,2024-07-01
I00172,O00172,K0363,P030,S03631,E00172,self,premium,dedicated,2024-05-31
I00173,O00173,K0087,P007,S00871,E00173,guided,standard,dedicated,2024-09-27
I00174,O00174,K0401,P041,S04011,E00174,on-site,standard,dedicated,2025-01-22
I00175,O00175,K0162,P002,S01621,E00175,on-site,premium,pooled,2025-01-23
I00176,O00176,K0184,P011,S01841,E00176,on-site,standard,pooled,2024-08-05
I00177,O00177,K0483,P024,S04831,E00177,on-site,standard,dedicated,2024-04-16
I00178,O00178,K0485,P019,S04853,E00178,guided,none,dedicated,2024-12-21
I00179,O00179,K0475,P022,S04751,E00179,self,standard,pooled,2025-02-10
I00180,O00180,K0491,P021,S04911,E00180,self,standard,pooled,2025-04-18
I00181,O00181,K0273,P030,S02732,E00181,guided,none,pooled,2024-07-01
I00182,O00182,K0240,P003,S02401,E00182,guided,premium,pooled,2025-04-21
I00183,O00183,K0210,P008,S02101,E00183,guided,standard,pooled,2024-03-20
I00184,O00184,K0019,P038,S00191,E00184,on-site,none,dedicated,2024-03-26
I00185,O00185,K0233,P016,S02331,E00185,on-site,none,dedicated,2024-08-28
I00186,O00186,K0063,P001,S00631,E00186,self,premium,pooled,2025-01-08
I00187,O00187,K0084,P034,S00841,E00187,self,premium,dedicated,2024-12-20
I00188,O00188,K0436,P012,S04361,E00188,guided,standard,dedicated,2025-03-02
I00189,O00189,K0284,P007,S02843,E00189,guided,standard,dedicated,2025-07-16
I00190,O00190,K0447,P025,S04471,E00190,guided,standard,dedicated,2025-06-20
I00191,O00191,K0462,P020,S04622,E00191,on-site,none,dedicated,2025-06-25
I00192,O00192,K0379,P041,S03791,E00192,self,none,pooled,2024-07-01
I00193,O00193,K0417,P019,S04173,E00193,self,standard,dedicated,2024-10-24
I00194,O00194,K0434,P027,S04341,E00194,on-site,none,dedicated,2024-04-06
I00195,O00195,K0233,P006,S02331,E00195,self,standard,pooled,2025-02-25
I00196,O00196,K0490,P040,S04901,E00196,on-site,standard,pooled,2024-09-02
I00197,O00197,K0513,P016,S05131,E00197,self,standard,pooled,2024-11-01
I00198,O00198,K0408,P027,S04081,E00198,self,standard,dedicated,2024-11-14
I00199,O00199,K0425,P007,S04252,E00199,on-site,none,pooled,2024-09-16
I00200,O00200,K0001,P007,S00011,E00200,self,premium,pooled,2024-12-28
I00201,O00201,K0295,P023,S02951,E00201,guided,standard,dedicated,2025-01-15
I00202,O00202,K0105,P016,S01053,E00202,guided,standard,pooled,2024-09-18
I00203,O00203,K0471,P024,S04712,E00203,self,standard,dedicated,2024-11-18
I00204,O00204,K0255,P013,S02551,E00204,on-site,premium,dedicated,2024-08-28
I00205,O00205,K0264,P027,S02641,E00205,self,standard,dedicated,2024-08-12
I00206,O00206,K0362,P009,S03621,E00206,self,standard,dedicated,2025-06-14
I00207,O00207,K0341,P041,S03412,E00207,on-site,standard,dedicated,2024-08-31
I00208,O00208,K0003,P023,S00031,E00208,on-site,standard,pooled,2025-05-02
I00209,O00209,K0312,P040,S03121,E00209,on-site,none,dedicated,2024-03-10
I00210,O00210,K0362,P026,S03622,E00210,on-site,standard,dedicated,2025-06-17
I00211,O00211,K0232,P013,S02321,E00211,self,premium,dedicated,2025-05-03
I00212,O00212,K0202,P020,S02021,E00212,self,standard,pooled,2024-05-12
I00213,O00213,K0370,P006,S03701,E00213,on-site,none,pooled,2024-05-07
I00214,O00214,K0052,P016,S00521,E00214,guided,none,dedicated,2025-03-26
I00215,O00215,K0084,P007,S00841,E00215,on-site,none,dedicated,2024-09-20
I00216,O00216,K0033,P005,S00331,E00216,on-site,none,dedicated,2024-09-30
I00217,O00217,K0220,P032,S02201,E00217,on-site,none,pooled,2025-05-07
I00218,O00218,K0284,P023,S02843,E00218,guided,premium,pooled,2025-03-10
I00219,O00219,K0268,P012,S02681,E00219,self,standard,pooled,2025-07-18
I00220,O00220,K0005,P031,S00052,E00220,guided,standard,pooled,2025-04-11
I00221,O00221,K0021,P021,S00211,E00221,self,standard,dedicated,2024-11-15
I00222,O00222,K0069,P005,S00691,E00222,on-site,premium,pooled,2025-05-26
I00223,O00223,K0271,P008,S02711,E00223,self,standard,pooled,2024-07-19
I00224,O00224,K0331,P013,S03311,E00224,guided,standard,pooled,2025-07-15
I00225,O00225,K0383,P030,S03831,E00225,self,standard,pooled,2025-05-25
I00226,O00226,K0474,P041,S04741,E00226,guided,standard,dedicated,2024-09-24
I00227,O00227,K0303,P029,S03032,E00227,on-site,none,pooled,2024-09-14
I00228,O00228,K0072,P009,S00722,E00228,guided,standard,pooled,2024-06-26
I00229,O00229,K0062,P017,S00621,E00229,on-site,premium,pooled,2024-09-25
I00230,O00230,K0343,P019,S03431,E00230,on-site,none,pooled,2025-02-15
I00231,O00231,K0186,P012,S01861,E00231,on-site,none,pooled,2024-08-23
I00232,O00232,K0459,P008,S04591,E00232,on-site,premium,pooled,2024-08-15
I00233,O00233,K0154,P037,S01541,E00233,self,premium,pooled,2025-06-02
I00234,O00234,K0211,P031,S02111,E00234,guided,standard,pooled,2025-04-20
I00235,O00235,K0260,P024,S02602,E00235,self,standard,pooled,2024-05-21
I00236,O00236,K0179,P010,S01791,E00236,on-site,standard,pooled,2025-01-29
I00237,O00237,K0321,P019,S03211,E00237,on-site,premium,pooled,2024-09-03
I00238,O00238,K0046,P020,S00461,E00238,self,none,pooled,2024-08-26
I00239,O00239,K0066,P012,S00661,E00239,guided,standard,pooled,2024-05-19
I00240,O00240,K0366,P034,S03662,E00240,self,none,pooled,2024-03-25
I00241,O00241,K0425,P002,S04251,E00241,self,premium,dedicated,2025-03-26
I00242,O00242,K0397,P005,S03971,E00242,self,standard,dedicated,2025-08-15
I00243,O00243,K0385,P027,S03853,E00243,self,none,dedicated,2024-09-08
I00244,O00244,K0446,P024,S04461,E00244,on-site,none,pooled,2025-02-02
I00245,O00245,K0276,P016,S02761,E00245,guided,standard,pooled,2024-09-30
I00246,O00246,K0013,P016,S00131,E00246,self,none,pooled,2024-03-10
I00247,O00247,K0235,P014,S02351,E00247,self,premium,dedicated,2025-08-16
I00248,O00248,K0043,P030,S00432,E00248,self,standard,pooled,2024-12-01
I00249,O00249,K0317,P031,S03171,E00249,self,none,dedicated,2024-04-20
I00250,O00250,K0331,P003,S03311,E00250,on-site,standard,pooled,2024-06-08
I00251,O00251,K0275,P022,S02751,E00251,guided,standard,pooled,2025-06-28
I00252,O00252,K0444,P039,S04441,E00252,self,premium,pooled,2025-03-11
I00253,O00253,K0393,P011,S03931,E00253,on-site,standard,pooled,2024-05-24
I00254,O00254,K0452,P005,S04522,E00254,on-site,none,pooled,2024-11-03
I00255,O00255,K0080,P021,S00802,E00255,guided,standard,pooled,2024-10-25
I00256,O00256,K0429,P014,S04291,E00256,on-site,none,pooled,2025-01-09
I00257,O00257,K0282,P027,S02821,E00257,self,premium,dedicated,2024-10-27
I00258,O00258,K0109,P022,S01091,E00258,on-site,none,dedicated,2024-06-27
I00259,O00259,K0184,P001,S01841,E00259,guided,premium,pooled,2025-05-11
I00260,O00260,K0043,P008,S00432,E00260,guided,none,pooled,2025-04-03
I00261,O00261,K0291,P007,S02912,E00261,guided,standard,dedicated,2024-02-29
I00262,O00262,K0102,P024,S01021,E00262,self,standard,pooled,2024-12-08
I00263,O00263,K0098,P026,S00981,E00263,self,standard,dedicated,2024-10-10
I00264,O00264,K0077,P033,S00771,E00264,self,none,pooled,2024-08-25
I00265,O00265,K0341,P035,S03411,E00265,guided,premium,pooled,2025-09-14
I00266,O00266,K0487,P025,S04872,E00266,on-site,premium,pooled,2025-01-15
I00267,O00267,K0437,P040,S04371,E00267,self,standard,pooled,2025-03-24
I00268,O00268,K0358,P034,S03583,E00268,self,none,dedicated,2024-06-10
I00269,O00269,K0376,P021,S03762,E00269,guided,none,dedicated,2024-05-14
I00270,O00270,K0401,P010,S04011,E00270,guided,premium,dedicated,2024-03-09
I00271,O00271,K0469,P002,S04691,E00271,on-site,standard,pooled,2025-03-18
I00272,O00272,K0448,P031,S04482,E00272,on-site,premium,pooled,2024-10-27
I00273,O00273,K0438,P007,S04381,E00273,self,premium,dedicated,2024-04-27
I00274,O00274,K0506,P003,S05061,E00274,on-site,none,pooled,2024-08-26
I00275,O00275,K0257,P008,S02571,E00275,on-site,standard,dedicated,2024-11-24
I00276,O00276,K0335,P012,S03351,E00276,guided,standard,dedicated,2024-04-27
I00277,O00277,K0502,P004,S05021,E00277,self,none,dedicated,2024-05-05
I00278,O00278,K0192,P010,S01921,E00278,self,standard,dedicated,2025-04-15
I00279,O00279,K0363,P006,S03633,E00279,guided,premium,pooled,2024-06-14
I00280,O00280,K0135,P016,S01351,E00280,guided,standard,pooled,2024-10-10
I00281,O00281,K0411,P032,S04111,E00281,on-site,premium,pooled,2024-08-23
I00282,O00282,K0243,P038,S02431,E00282,guided,standard,pooled,2025-02-24
I00283,O00283,K0449,P005,S04492,E00283,guided,standard,pooled,2025-07-10
I00284,O00284,K0109,P032,S01091,E00284,guided,premium,pooled,2024-08-24
I00285,O00285,K0154,P004,S01542,E00285,on-site,none,pooled,2024-05-22
I00286,O00286,K0105,P009,S01051,E00286,on-site,none,dedicated,2024-09-21
I00287,O00287,K0352,P022,S03521,E00287,on-site,none,pooled,2025-05-04
I00288,O00288,K0096,P027,S00961,E00288,guided,standard,dedicated,2024-12-10
I00289,O00289,K0228,P040,S02282,E00289,on-site,premium,dedicated,2025-05-15
I00290,O00290,K0393,P012,S03931,E00290,guided,none,dedicated,2024-12-02
I00291,O00291,K0024,P004,S00243,E00291,guided,none,pooled,2024-08-20
I00292,O00292,K0164,P004,S01641,E00292,on-site,standard,dedicated,2025-02-09
I00293,O00293,K0193,P020,S01932,E00293,on-site,none,dedicated,2024-12-06
I00294,O00294,K0230,P001,S02301,E00294,on-site,premium,pooled,2025-07-15
I00295,O00295,K0426,P022,S04263,E00295,guided,standard,dedicated,2024-12-29
I00296,O00296,K0134,P014,S01342,E00296,self,premium,pooled,2025-05-03
I00297,O00297,K0508,P027,S05082,E00297,guided,none,dedicated,2025-05-05
I00298,O00298,K0255,P029,S02551,E00298,self,none,pooled,2024-08-29
I00299,O00299,K0003,P007,S00031,E00299,on-site,standard,dedicated,2024-06-21
I00300,O00300,K0517,P003,S05172,E00300,on-site,standard,dedicated,2024-11-10
I00301,O00301,K0363,P021,S03632,E00301,guided,standard,pooled,2024-08-31
I00302,O00302,K0038,P003,S00381,E00302,self,standard,dedicated,2024-11-15
I00303,O00303,K0281,P009,S02811,E00303,guided,none,dedicated,2024-12-04
I00304,O00304,K0231,P026,S02311,E00304,on-site,standard,dedicated,2024-04-17
I00305,O00305,K0208,P017,S02081,E00305,on-site,standard,dedicated,2024-06-15
I00306,O00306,K0227,P011,S02271,E00306,on-site,standard,pooled,2025-08-11
I00307,O00307,K0056,P028,S00561,E00307,on-site,premium,dedicated,2024-07-08
I00308,O00308,K0079,P028,S00792,E00308,guided,none,dedicated,2024-03-13
I00309,O00309,K0320,P001,S03201,E00309,on-site,none,pooled,2024-09-20
I00310,O00310,K0327,P030,S03271,E00310,self,standard,pooled,2024-07-27
I00311,O00311,K0183,P022,S01831,E00311,self,none,dedicated,2024-03-24
I00312,O00312,K0117,P033,S01171,E00312,on-site,standard,pooled,2024-12-27
I00313,O00313,K0247,P037,S02471,E00313,guided,none,pooled,2025-07-26
I00314,O00314,K0478,P025,S04783,E00314,self,premium,pooled,2024-04-12
I00315,O00315,K0257,P019,S02571,E00315,self,standard,pooled,2025-01-08
I00316,O00316,K0324,P003,S03241,E00316,guided,standard,dedicated,2024-09-25
I00317,O00317,K0324,P039,S03241,E00317,on-site,none,pooled,2024-09-18
I00318,O00318,K0245,P021,S02452,E00318,self,standard,dedicated,2025-03-06
I00319,O00319,K0005,P005,S00051,E00319,self,premium,pooled,2025-07-01
I00320,O00320,K0101,P039,S01011,E00320,self,premium,dedicated,2025-07-29
I00321,O00321,K0136,P023,S01361,E00321,guided,premium,pooled,2025-01-08
I00322,O00322,K0328,P035,S03281,E00322,guided,none,dedicated,2025-04-19
I00323,O00323,K0285,P013,S02851,E00323,guided,premium,dedicated,2024-08-08
I00324,O00324,K0506,P011,S05062,E00324,on-site,standard,pooled,2024-08-15
I00325,O00325,K0050,P030,S00502,E00325,guided,standard,pooled,2024-05-25
I00326,O00326,K0089,P030,S00892,E00326,on-site,standard,pooled,2024-08-28
I00327,O00327,K0023,P038,S00231,E00327,self,none,dedicated,2024-04-26
I00328,O00328,K0376,P042,S03761,E00328,self,none,dedicated,2024-09-28
I00329,O00329,K0149,P017,S01493,E00329,on-site,premium,pooled,2024-12-04
I00330,O00330,K0079,P031,S00791,E00330,self,none,dedicated,2025-03-29
I00331,O00331,K0425,P024,S04252,E00331,on-site,standard,pooled,2025-02-12
I00332,O00332,K0300,P010,S03003,E00332,self,premium,dedicated,2024-09-01
I00333,O00333,K0047,P017,S00471,E00333,self,none,dedicated,2025-02-09
I00334,O00334,K0321,P031,S03213,E00334,on-site,none,pooled,2025-03-18
I00335,O00335,K0394,P036,S03943,E00335,guided,none,pooled,2024-05-26
I00336,O00336,K0493,P013,S04932,E00336,on-site,premium,dedicated,2025-05-27
I00337,O00337,K0082,P012,S00821,E00337,guided,premium,pooled,2024-05-10
I00338,O00338,K0294,P017,S02941,E00338,on-site,standard,pooled,2024-10-28
I00339,O00339,K0356,P005,S03561,E00339,guided,standard,dedicated,2025-02-12
I00340,O00340,K0024,P036,S00243,E00340,guided,none,dedicated,2025-06-15
I00341,O00341,K0063,P031,S00631,E00341,on-site,standard,dedicated,2024-04-11
I00342,O00342,K0024,P007,S00242,E00342,self,none,dedicated,2025-07-02
I00343,O00343,K0303,P028,S03031,E00343,guided,none,pooled,2024-04-23
I00344,O00344,K0087,P029,S00871,E00344,self,premium,pooled,2024-07-24
I00345,O00345,K0064,P022,S00643,E00345,guided,standard,dedicated,2024-07-11
I00346,O00346,K0288,P033,S02881,E00346,self,none,pooled,2025-06-14
I00347,O00347,K0195,P039,S01951,E00347,self,none,pooled,2025-06-21
I00348,O00348,K0191,P040,S01911,E00348,self,standard,pooled,2025-03-14
I00349,O00349,K0223,P032,S02232,E00349,on-site,premium,dedicated,2024-08-31
I00350,O00350,K0301,P040,S03011,E00350,self,standard,dedicated,2025-03-10
I00351,O00351,K0331,P031,S03311,E00351,self,none,dedicated,2024-08-22
I00352,O00352,K0162,P025,S01621,E00352,self,premium,pooled,2024-03-24
I00353,O00353,K0384,P038,S03841,E00353,on-site,standard,pooled,2024-08-20
I00354,O00354,K0294,P006,S02941,E00354,on-site,none,dedicated,2024-07-03
I00355,O00355,K0153,P001,S01531,E00355,on-site,standard,dedicated,2025-05-22
I00356,O00356,K0161,P028,S01611,E00356,guided,premium,dedicated,2024-04-10
I00357,O00357,K0463,P010,S04632,E00357,self,none,dedicated,2025-03-02
I00358,O00358,K0112,P020,S01121,E00358,on-site,standard,dedicated,2024-11-28
I00359,O00359,K0399,P030,S03991,E00359,self,standard,pooled,2025-05-16
I00360,O00360,K0390,P009,S03902,E00360,guided,none,pooled,2024-02-26
I00361,O00361,K0484,P042,S04841,E00361,guided,standard,dedicated,2024-10-21
I00362,O00362,K0440,P042,S04401,E00362,on-site,standard,dedicated,2025-03-19
I00363,O00363,K0028,P020,S00282,E00363,on-site,premium,dedicated,2024-10-11
I00364,O00364,K0321,P019,S03211,E00364,self,none,dedicated,2025-05-11
I00365,O00365,K0235,P025,S02352,E00365,self,none,dedicated,2024-12-18
I00366,O00366,K0193,P034,S01932,E00366,self,standard,pooled,2024-09-27
I00367,O00367,K0422,P026,S04221,E00367,on-site,standard,pooled,2024-08-10
I00368,O00368,K0062,P023,S00622,E00368,self,none,pooled,2025-03-06
I00369,O00369,K0214,P025,S02141,E00369,self,none,pooled,2025-05-08
I00370,O00370,K0498,P006,S04981,E00370,guided,premium,dedicated,2025-05-02
I00371,O00371,K0021,P025,S00212,E00371,guided,none,pooled,2024-10-20
I00372,O00372,K0260,P018,S02602,E00372,guided,none,pooled,2024-06-28
I00373,O00373,K0209,P029,S02091,E00373,self,standard,dedicated,2024-09-19
I00374,O00374,K0075,P018,S00753,E00374,guided,none,pooled,2024-12-03
I00375,O00375,K0371,P014,S03712,E00375,self,premium,dedicated,2024-10-15
I00376,O00376,K0486,P035,S04861,E00376,self,standard,dedicated,2024-06-16
I00377,O00377,K0094,P007,S00941,E00377,on-site,none,dedicated,2024-05-20
I00378,O00378,K0360,P023,S03603,E00378,on-site,premium,pooled,2025-03-10
I00379,O00379,K0340,P042,S03401,E00379,self,premium,dedicated,2024-09-11
I00380,O00380,K0391,P008,S03911,E00380,self,standard,pooled,2025-03-23
I00381,O00381,K0485,P035,S04851,E00381,on-site,none,pooled,2024-12-27
I00382,O00382,K0438,P032,S04381,E00382,self,premium,dedicated,2024-11-22
I00383,O00383,K0415,P007,S04151,E00383,self,standard,dedicated,2025-02-01
I00384,O00384,K0308,P025,S03081,E00384,self,standard,pooled,2024-11-26
I00385,O00385,K0050,P025,S00501,E00385,guided,standard,pooled,2024-09-07
I00386,O00386,K0119,P007,S01191,E00386,self,premium,dedicated,2025-05-20
I00387,O00387,K0462,P034,S04621,E00387,on-site,premium,dedicated,2024-03-16
I00388,O00388,K0372,P018,S03721,E00388,on-site,premium,dedicated,2024-10-04
I00389,O00389,K0069,P038,S00691,E00389,on-site,premium,pooled,2025-03-25
I00390,O00390,K0428,P023,S04281,E00390,on-site,standard,pooled,2024-07-21
I00391,O00391,K0034,P014,S00343,E00391,self,premium,dedicated,2025-01-25
I00392,O00392,K0125,P012,S01251,E00392,on-site,premium,pooled,2024-04-10
I00393,O00393,K0043,P038,S00432,E00393,on-site,standard,dedicated,2024-04-26
I00394,O00394,K0390,P026,S03901,E00394,guided,none,dedicated,2024-09-02
I00395,O00395,K0086,P001,S00861,E00395,on-site,premium,pooled,2025-06-06
I00396,O00396,K0255,P026,S02551,E00396,self,standard,pooled,2025-07-16
I00397,O00397,K0381,P037,S03811,E00397,self,standard,dedicated,2024-08-16
I00398,O00398,K0396,P035,S03961,E00398,self,standard,pooled,2024-05-19
I00399,O00399,K0362,P002,S03622,E00399,self,standard,pooled,2024-06-21
I00400,O00400,K0427,P017,S04271,E00400,on-site,none,pooled,2025-03-26
I00401,O00401,K0489,P012,S04891,E00401,on-site,none,pooled,2024-11-29
I00402,O00402,K0150,P004,S01501,E00402,self,premium,dedicated,2024-12-09
I00403,O00403,K0436,P036,S04361,E00403,on-site,standard,pooled,2024-07-07
I00404,O00404,K0220,P030,S02202,E00404,on-site,none,pooled,2025-08-07
I00405,O00405,K0396,P021,S03961,E00405,self,none,dedicated,2024-08-01
I00406,O00406,K0152,P027,S01522,E00406,self,none,pooled,2025-08-09
I00407,O00407,K0083,P013,S00832,E00407,guided,none,pooled,2025-01-04
I00408,O00408,K0430,P018,S04301,E00408,guided,none,pooled,2024-05-15
I00409,O00409,K0182,P034,S01821,E00409,on-site,standard,dedicated,2024-02-21
I00410,O00410,K0406,P036,S04061,E00410,on-site,standard,pooled,2024-07-09
I00411,O00411,K0276,P038,S02761,E00411,guided,premium,pooled,2025-02-12
I00412,O00412,K0321,P037,S03212,E00412,self,standard,dedicated,2024-07-27
I00413,O00413,K0342,P029,S03421,E00413,guided,premium,pooled,2025-08-04
I00414,O00414,K0064,P030,S00641,E00414,guided,standard,pooled,2024-07-08
I00415,O00415,K0244,P017,S02441,E00415,self,premium,pooled,2025-03-14
I00416,O00416,K0279,P035,S02791,E00416,on-site,premium,dedicated,2024-11-25
I00417,O00417,K0164,P007,S01642,E00417,self,premium,dedicated,2024-11-20
I00418,O00418,K0279,P025,S02791,E00418,self,premium,pooled,2024-08-09
I00419,O00419,K0164,P015,S01641,E00419,on-site,standard,pooled,2024-05-07
I00420,O00420,K0500,P008,S05001,E00420,self,standard,pooled,2025-06-17
I00421,O00421,K0381,P005,S03811,E00421,self,premium,pooled,2024-04-22
I00422,O00422,K0500,P013,S05001,E00422,self,standard,pooled,2025-06-26
I00423,O00423,K0121,P018,S01211,E00423,guided,none,pooled,2024-05-29
I00424,O00424,K0190,P025,S01901,E00424,guided,standard,dedicated,2024-10-05
I00425,O00425,K0178,P020,S01781,E00425,self,standard,dedicated,2024-03-05
I00426,O00426,K0245,P027,S02451,E00426,guided,premium,dedicated,2025-05-02
I00427,O00427,K0146,P023,S01461,E00427,guided,none,dedicated,2024-08-18
I00428,O00428,K0345,P026,S03451,E00428,on-site,none,dedicated,2024-06-13
I00429,O00429,K0392,P031,S03921,E00429,self,premium,pooled,2024-08-04
I00430,O00430,K0354,P003,S03542,E00430,self,none,pooled,2025-05-09
I00431,O00431,K0062,P010,S00621,E00431,guided,premium,pooled,2024-08-16
I00432,O00432,K0211,P028,S02111,E00432,guided,standard,pooled,2024-08-24
I00433,O00433,K0459,P014,S04591,E00433,guided,premium,pooled,2025-05-16
I00434,O00434,K0439,P021,S04391,E00434,guided,standard,dedicated,2025-01-26
I00435,O00435,K0437,P013,S04371,E00435,self,premium,pooled,2025-08-04
I00436,O00436,K0106,P042,S01062,E00436,on-site,standard,pooled,2025-02-04
I00437,O00437,K0299,P024,S02991,E00437,on-site,none,dedicated,2024-04-03
I00438,O00438,K0393,P016,S03932,E00438,guided,standard,pooled,2024-07-24
I00439,O00439,K0321,P005,S03211,E00439,on-site,standard,pooled,2024-08-18
I00440,O00440,K0022,P024,S00221,E00440,guided,premium,pooled,2024-06-17
I00441,O00441,K0359,P031,S03592,E00441,guided,premium,pooled,2025-01-12
I00442,O00442,K0485,P015,S04851,E00442,guided,premium,pooled,2024-07-14
I00443,O00443,K0052,P039,S00521,E00443,guided,standard,dedicated,2025-03-20
I00444,O00444,K0464,P032,S04641,E00444,guided,none,pooled,2024-10-29
I00445,O00445,K0209,P015,S02091,E00445,self,premium,dedicated,2024-07-07
I00446,O00446,K0374,P020,S03741,E00446,on-site,standard,dedicated,2025-01-28
I00447,O00447,K0202,P001,S02022,E00447,guided,standard,dedicated,2025-01-04
I00448,O00448,K0074,P017,S00741,E00448,on-site,premium,dedicated,2024-05-16
I00449,O00449,K0330,P009,S03301,E00449,on-site,premium,pooled,2025-01-14
I00450,O00450,K0178,P007,S01781,E00450,self,standard,dedicated,2025-03-20
I00451,O00451,K0181,P023,S01811,E00451,self,standard,pooled,2024-07-02
I00452,O00452,K0355,P011,S03551,E00452,guided,none,dedicated,2024-10-11
I00453,O00453,K0478,P028,S04783,E00453,on-site,none,dedicated,2024-07-09
I00454,O00454,K0030,P041,S00301,E00454,self,standard,pooled,2025-01-01
I00455,O00455,K0461,P026,S04613,E00455,guided,standard,pooled,2024-07-08
I00456,O00456,K0057,P017,S00571,E00456,self,none,pooled,2025-06-17
I00457,O00457,K0122,P034,S01222,E00457,on-site,standard,dedicated,2024-04-07
I00458,O00458,K0162,P028,S01621,E00458,on-site,none,pooled,2024-03-25
I00459,O00459,K0174,P040,S01741,E00459,on-site,none,pooled,2024-04-15
I00460,O00460,K0091,P003,S00911,E00460,on-site,none,dedicated,2025-02-19
I00461,O00461,K0174,P020,S01741,E00461,guided,standard,dedicated,2025-01-17
I00462,O00462,K0417,P011,S04173,E00462,guided,none,dedicated,2024-03-05
I00463,O00463,K0400,P039,S04001,E00463,on-site,standard,pooled,2025-04-11
I00464,O00464,K0244,P001,S02441,E00464,self,none,pooled,2025-04-21
I00465,O00465,K0459,P027,S04591,E00465,on-site,standard,dedicated,2025-06-24
I00466,O00466,K0284,P041,S02841,E00466,guided,premium,dedicated,2024-07-31
I00467,O00467,K0245,P032,S02451,E00467,self,standard,pooled,2025-01-05
I00468,O00468,K0456,P002,S04562,E00468,on-site,standard,pooled,2025-04-19
I00469,O00469,K0105,P012,S01053,E00469,on-site,standard,pooled,2025-05-07
I00470,O00470,K0223,P027,S02232,E00470,guided,standard,dedicated,2024-10-03
I00471,O00471,K0284,P022,S02843,E00471,on-site,premium,pooled,2025-01-21
I00472,O00472,K0473,P003,S04731,E00472,guided,premium,pooled,2025-05-24
I00473,O00473,K0310,P018,S03101,E00473,self,standard,pooled,2025-02-14
I00474,O00474,K0290,P040,S02901,E00474,on-site,standard,pooled,2025-07-16
I00475,O00475,K0011,P017,S00111,E00475,on-site,standard,dedicated,2024-09-10
I00476,O00476,K0467,P029,S04671,E00476,guided,none,dedicated,2024-05-07
I00477,O00477,K0194,P005,S01941,E00477,guided,standard,dedicated,2025-08-09
I00478,O00478,K0017,P004,S00171,E00478,self,none,pooled,2024-06-19
I00479,O00479,K0431,P015,S04311,E00479,self,none,dedicated,2024-08-04
I00480,O00480,K0154,P025,S01542,E00480,self,premium,pooled,2024-04-01
I00481,O00481,K0131,P035,S01313,E00481,on-site,standard,dedicated,2024-12-13
I00482,O00482,K0459,P030,S04591,E00482,on-site,standard,dedicated,2025-04-11
I00483,O00483,K0001,P009,S00012,E00483,guided,standard,pooled,2024-04-15
I00484,O00484,K0182,P010,S01821,E00484,self,standard,pooled,2024-09-15
I00485,O00485,K0010,P017,S00101,E00485,self,premium,dedicated,2024-07-16
I00486,O00486,K0324,P037,S03241,E00486,on-site,standard,dedicated,2025-05-18
I00487,O00487,K0319,P029,S03191,E00487,on-site,none,pooled,2024-05-24
I00488,O00488,K0075,P012,S00753,E00488,self,standard,dedicated,2024-11-08
I00489,O00489,K0138,P016,S01382,E00489,guided,none,pooled,2025-06-02
I00490,O00490,K0191,P039,S01911,E00490,guided,none,dedicated,2024-06-10
I00491,O00491,K0422,P001,S04222,E00491,guided,none,pooled,2025-01-31
I00492,O00492,K0309,P003,S03092,E00492,on-site,standard,dedicated,2025-06-25
I00493,O00493,K0393,P037,S03932,E00493,on-site,none,dedicated,2024-12-30
I00494,O00494,K0212,P028,S02121,E00494,self,none,dedicated,2025-01-08
I00495,O00495,K0227,P015,S02271,E00495,self,standard,pooled,2025-03-01
I00496,O00496,K0425,P029,S04252,E00496,guided,standard,dedicated,2025-02-11
I00497,O00497,K0050,P001,S00503,E00497,self,none,dedicated,2025-01-09
I00498,O00498,K0410,P012,S04102,E00498,guided,standard,pooled,2024-09-24
I00499,O00499,K0478,P030,S04783,E00499,on-site,none,dedicated,2024-03-22
I00500,O00500,K0359,P003,S03592,E00500,guided,standard,dedicated,2024-03-15
I00501,O00501,K0493,P041,S04931,E00501,self,none,dedicated,2024-06-20
I00502,O00502,K0140,P027,S01401,E00502,self,none,dedicated,2025-02-19
I00503,O00503,K0135,P006,S01353,E00503,guided,premium,dedicated,2025-05-25
I00504,O00504,K0360,P022,S03603,E00504,on-site,standard,pooled,2025-02-20
I00505,O00505,K0509,P029,S05091,E00505,on-site,premium,dedicated,2025-06-01
I00506,O00506,K0308,P040,S03082,E00506,self,standard,dedicated,2024-06-06
I00507,O00507,K0096,P014,S00961,E00507,on-site,none,dedicated,2024-12-20
I00508,O00508,K0139,P011,S01391,E00508,self,standard,dedicated,2024-10-18
I00509,O00509,K0154,P010,S01542,E00509,on-site,standard,dedicated,2024-12-10
I00510,O00510,K0463,P018,S04632,E00510,self,standard,dedicated,2025-02-12
I00511,O00511,K0033,P038,S00331,E00511,guided,standard,pooled,2025-05-23
I00512,O00512,K0025,P015,S00251,E00512,self,standard,pooled,2024-07-05
I00513,O00513,K0302,P020,S03021,E00513,on-site,premium,dedicated,2024-12-06
I00514,O00514,K0492,P002,S04922,E00514,guided,standard,dedicated,2024-05-31
I00515,O00515,K0360,P037,S03601,E00515,self,standard,pooled,2024-08-10
I00516,O00516,K0493,P036,S04931,E00516,guided,standard,pooled,2024-07-26
I00517,O00517,K0180,P021,S01802,E00517,self,standard,dedicated,2024-12-10
I00518,O00518,K0235,P020,S02353,E00518,guided,standard,dedicated,2024-04-16
I00519,O00519,K0114,P033,S01141,E00519,on-site,standard,pooled,2024-09-13
I00520,O00520,K0415,P029,S04151,E00520,guided,premium,pooled,2025-08-17
I00521,O00521,K0506,P037,S05063,E00521,guided,none,pooled,2025-03-28
I00522,O00522,K0510,P005,S05102,E00522,guided,standard,dedicated,2025-04-01
I00523,O00523,K0385,P033,S03853,E00523,guided,standard,dedicated,2024-09-13
I00524,O00524,K0088,P009,S00882,E00524,guided,none,pooled,2025-07-20
I00525,O00525,K0022,P002,S00221,E00525,guided,standard,dedicated,2024-10-01
I00526,O00526,K0052,P029,S00521,E00526,self,standard,pooled,2025-01-10
I00527,O00527,K0105,P025,S01053,E00527,guided,none,dedicated,2025-02-16
I00528,O00528,K0173,P028,S01732,E00528,guided,none,dedicated,2024-07-10
I00529,O00529,K0228,P022,S02281,E00529,guided,standard,pooled,2024-07-09
I00530,O00530,K0208,P014,S02081,E00530,self,standard,pooled,2025-05-30
I00531,O00531,K0503,P015,S05031,E00531,guided,standard,dedicated,2025-07-03
I00532,O00532,K0194,P015,S01941,E00532,guided,none,pooled,2025-07-31
I00533,O00533,K0034,P009,S00341,E00533,self,standard,pooled,2024-04-05
I00534,O00534,K0489,P010,S04891,E00534,on-site,premium,pooled,2025-04-03
I00535,O00535,K0436,P007,S04361,E00535,on-site,premium,dedicated,2025-01-06
I00536,O00536,K0333,P022,S03332,E00536,self,standard,pooled,2024-03-09
I00537,O00537,K0468,P032,S04681,E00537,on-site,premium,dedicated,2025-05-18
I00538,O00538,K0454,P005,S04541,E00538,guided,none,pooled,2024-07-14
I00539,O00539,K0335,P004,S03351,E00539,on-site,standard,dedicated,2025-02-15
I00540,O00540,K0368,P011,S03681,E00540,on-site,none,pooled,2024-07-31
I00541,O00541,K0237,P003,S02371,E00541,on-site,standard,dedicated,2025-06-20
I00542,O00542,K0129,P016,S01291,E00542,guided,standard,pooled,2025-02-11
I00543,O00543,K0327,P006,S03271,E00543,on-site,standard,pooled,2024-11-11
I00544,O00544,K0346,P035,S03461,E00544,on-site,standard,dedicated,2024-09-14
I00545,O00545,K0003,P028,S00031,E00545,guided,premium,pooled,2024-04-18
I00546,O00546,K0345,P030,S03451,E00546,guided,premium,pooled,2025-01-20
I00547,O00547,K0294,P042,S02941,E00547,guided,none,pooled,2025-03-16
I00548,O00548,K0147,P019,S01471,E00548,guided,standard,pooled,2025-06-13
I00549,O00549,K0067,P022,S00671,E00549,on-site,standard,pooled,2025-03-26
I00550,O00550,K0511,P016,S05112,E00550,on-site,none,dedicated,2025-01-03
I00551,O00551,K0396,P012,S03961,E00551,guided,standard,dedicated,2025-02-02
I00552,O00552,K0499,P003,S04991,E00552,guided,standard,dedicated,2025-02-05
I00553,O00553,K0512,P022,S05121,E00553,on-site,premium,pooled,2025-04-18
I00554,O00554,K0429,P038,S04291,E00554,on-site,standard,pooled,2025-01-11
I00555,O00555,K0507,P015,S05071,E00555,on-site,standard,pooled,2024-10-26
I00556,O00556,K0323,P032,S03231,E00556,guided,standard,dedicated,2024-04-13
I00557,O00557,K0135,P039,S01352,E00557,guided,standard,pooled,2024-07-01
I00558,O00558,K0520,P015,S05201,E00558,guided,none,pooled,2025-04-23
I00559,O00559,K0442,P018,S04421,E00559,self,standard,pooled,2025-04-13
I00560,O00560,K0444,P008,S04441,E00560,on-site,none,dedicated,2025-05-22
I00561,O00561,K0382,P018,S03821,E00561,self,premium,dedicated,2024-06-19
I00562,O00562,K0163,P033,S01631,E00562,self,premium,dedicated,2024-06-05
I00563,O00563,K0318,P037,S03182,E00563,self,standard,dedicated,2024-03-24
I00564,O00564,K0201,P039,S02011,E00564,self,none,pooled,2024-11-25
I00565,O00565,K0376,P037,S03761,E00565,self,standard,pooled,2025-01-31
I00566,O00566,K0119,P041,S01191,E00566,self,standard,dedicated,2025-04-30
I00567,O00567,K0376,P038,S03761,E00567,self,none,pooled,2024-03-25
I00568,O00568,K0157,P009,S01571,E00568,guided,premium,pooled,2024-04-21
I00569,O00569,K0079,P030,S00791,E00569,guided,premium,dedicated,2025-05-22
I00570,O00570,K0024,P026,S00242,E00570,on-site,standard,pooled,2024-09-10
I00571,O00571,K0208,P025,S02081,E00571,guided,premium,pooled,2024-03-09
I00572,O00572,K0203,P036,S02031,E00572,self,premium,dedicated,2024-12-07
I00573,O00573,K0135,P023,S01352,E00573,guided,standard,pooled,2025-06-21
I00574,O00574,K0134,P019,S01341,E00574,on-site,premium,pooled,2024-05-31
I00575,O00575,K0277,P035,S02771,E00575,on-site,premium,dedicated,2024-10-26
I00576,O00576,K0234,P027,S02341,E00576,guided,none,dedicated,2024-08-22
I00577,O00577,K0441,P021,S04411,E00577,guided,none,dedicated,2024-12-20
I00578,O00578,K0392,P027,S03921,E00578,on-site,premium,dedicated,2024-04-15
I00579,O00579,K0385,P035,S03853,E00579,self,none,pooled,2024-10-08
I00580,O00580,K0475,P008,S04751,E00580,guided,standard,pooled,2024-05-03
I00581,O00581,K0268,P009,S02681,E00581,on-site,standard,pooled,2025-08-18
I00582,O00582,K0209,P030,S02091,E00582,self,none,dedicated,2025-07-04
I00583,O00583,K0131,P036,S01311,E00583,self,none,pooled,2025-05-04
I00584,O00584,K0509,P004,S05092,E00584,guided,standard,pooled,2025-02-27
I00585,O00585,K0138,P004,S01382,E00585,on-site,standard,dedicated,2024-02-24
I00586,O00586,K0105,P002,S01052,E00586,guided,standard,dedicated,2024-06-06
I00587,O00587,K0246,P007,S02462,E00587,self,standard,pooled,2024-09-03
I00588,O00588,K0250,P006,S02501,E00588,on-site,premium,dedicated,2025-05-20
I00589,O00589,K0417,P042,S04172,E00589,on-site,standard,dedicated,2024-11-07
I00590,O00590,K0462,P011,S04621,E00590,self,premium,pooled,2024-12-24
I00591,O00591,K0389,P038,S03892,E00591,self,none,pooled,2024-04-19
I00592,O00592,K0200,P001,S02001,E00592,guided,none,pooled,2024-06-13
I00593,O00593,K0178,P035,S01781,E00593,guided,standard,pooled,2025-06-01
I00594,O00594,K0419,P023,S04191,E00594,on-site,standard,dedicated,2025-06-30
I00595,O00595,K0092,P013,S00921,E00595,on-site,standard,dedicated,2024-05-31
I00596,O00596,K0081,P018,S00811,E00596,guided,premium,dedicated,2025-03-23
I00597,O00597,K0509,P025,S05093,E00597,guided,none,pooled,2024-03-04
I00598,O00598,K0257,P007,S02571,E00598,self,premium,dedicated,2025-01-25
I00599,O00599,K0181,P037,S01811,E00599,self,standard,dedicated,2024-03-11
I00600,O00600,K0265,P037,S02651,E00600,guided,standard,dedicated,2024-07-20
I00601,O00601,K0157,P036,S01571,E00601,guided,standard,pooled,2025-06-23
I00602,O00602,K0284,P035,S02843,E00602,self,premium,dedicated,2024-05-05
I00603,O00603,K0441,P033,S04411,E00603,guided,none,pooled,2024-10-09
I00604,O00604,K0106,P035,S01063,E00604,on-site,standard,dedicated,2025-07-22
I00605,O00605,K0308,P038,S03082,E00605,self,premium,pooled,2025-06-15
I00606,O00606,K0050,P042,S00502,E00606,self,standard,pooled,2025-05-21
I00607,O00607,K0291,P026,S02912,E00607,self,premium,dedicated,2025-07-01
I00608,O00608,K0054,P027,S00542,E00608,guided,none,pooled,2025-04-30
I00609,O00609,K0401,P021,S04012,E00609,self,standard,pooled,2024-10-05
I00610,O00610,K0426,P007,S04262,E00610,self,premium,dedicated,2025-04-15
I00611,O00611,K0404,P041,S04041,E00611,guided,standard,pooled,2025-02-07
I00612,O00612,K0457,P017,S04571,E00612,self,standard,dedicated,2024-05-17
I00613,O00613,K0109,P042,S01091,E00613,guided,standard,dedicated,2024-05-15
I00614,O00614,K0473,P035,S04733,E00614,on-site,none,dedicated,2024-09-17
I00615,O00615,K0418,P019,S04181,E00615,self,standard,pooled,2024-09-14
I00616,O00616,K0087,P005,S00871,E00616,self,premium,pooled,2025-01-07
I00617,O00617,K0255,P027,S02551,E00617,self,none,pooled,2024-05-05
I00618,O00618,K0478,P014,S04782,E00618,on-site,standard,dedicated,2024-10-24
I00619,O00619,K0260,P035,S02602,E00619,self,standard,dedicated,2024-10-12
I00620,O00620,K0038,P012,S00382,E00620,on-site,standard,pooled,2024-03-20
I00621,O00621,K0462,P007,S04623,E00621,on-site,standard,pooled,2024-12-05
I00622,O00622,K0164,P026,S01641,E00622,guided,none,pooled,2024-03-12
I00623,O00623,K0371,P018,S03711,E00623,self,standard,dedicated,2024-07-23
I00624,O00624,K0054,P005,S00541,E00624,on-site,standard,pooled,2024-04-09
I00625,O00625,K0406,P015,S04061,E00625,on-site,none,pooled,2024-05-05
I00626,O00626,K0020,P003,S00202,E00626,self,premium,pooled,2024-11-20
I00627,O00627,K0053,P034,S00531,E00627,self,standard,dedicated,2024-03-05
I00628,O00628,K0018,P025,S00181,E00628,on-site,none,dedicated,2025-04-15
I00629,O00629,K0483,P024,S04831,E00629,guided,standard,dedicated,2024-11-15
I00630,O00630,K0325,P036,S03251,E00630,self,standard,pooled,2024-08-26
I00631,O00631,K0205,P028,S02052,E00631,self,standard,dedicated,2024-04-20
I00632,O00632,K0037,P033,S00371,E00632,self,premium,pooled,2025-06-25
I00633,O00633,K0023,P011,S00231,E00633,on-site,premium,dedicated,2025-05-10
I00634,O00634,K0261,P015,S02612,E00634,self,none,pooled,2024-11-30
I00635,O00635,K0480,P009,S04801,E00635,guided,none,dedicated,2025-03-27
I00636,O00636,K0064,P022,S00641,E00636,self,premium,dedicated,2024-11-03
I00637,O00637,K0180,P036,S01802,E00637,guided,standard,pooled,2025-02-22
I00638,O00638,K0450,P004,S04501,E00638,self,none,dedicated,2024-11-24
I00639,O00639,K0094,P021,S00941,E00639,on-site,none,dedicated,2024-12-08
I00640,O00640,K0479,P037,S04791,E00640,on-site,none,dedicated,2025-02-24
I00641,O00641,K0501,P032,S05012,E00641,on-site,standard,pooled,2024-03-30
I00642,O00642,K0515,P007,S05152,E00642,on-site,none,pooled,2024-11-02
I00643,O00643,K0509,P012,S05092,E00643,guided,standard,pooled,2024-07-11
I00644,O00644,K0076,P016,S00762,E00644,guided,none,dedicated,2024-11-16
I00645,O00645,K0056,P007,S00561,E00645,self,standard,dedicated,2025-04-19
I00646,O00646,K0327,P003,S03271,E00646,guided,standard,pooled,2025-01-08
I00647,O00647,K0108,P003,S01082,E00647,on-site,premium,pooled,2024-07-25
I00648,O00648,K0253,P025,S02532,E00648,on-site,none,dedicated,2025-05-02
I00649,O00649,K0408,P033,S04081,E00649,self,none,dedicated,2025-05-01
I00650,O00650,K0246,P021,S02462,E00650,guided,premium,dedicated,2024-09-15
I00651,O00651,K0034,P015,S00342,E00651,on-site,none,pooled,2024-12-18
I00652,O00652,K0410,P025,S04103,E00652,self,standard,dedicated,2025-01-06
I00653,O00653,K0389,P021,S03892,E00653,guided,premium,dedicated,2024-03-13
I00654,O00654,K0214,P027,S02142,E00654,self,standard,dedicated,2024-09-11
I00655,O00655,K0100,P033,S01001,E00655,self,standard,pooled,2025-03-18
I00656,O00656,K0470,P004,S04701,E00656,on-site,none,dedicated,2024-12-03
I00657,O00657,K0333,P030,S03332,E00657,on-site,standard,pooled,2024-07-08
I00658,O00658,K0043,P001,S00432,E00658,self,standard,pooled,2024-06-16
I00659,O00659,K0441,P036,S04411,E00659,guided,standard,dedicated,2025-04-21
I00660,O00660,K0366,P023,S03662,E00660,self,standard,pooled,2025-02-06
I00661,O00661,K0024,P024,S00242,E00661,guided,premium,pooled,2024-10-11
I00662,O00662,K0387,P040,S03871,E00662,self,standard,dedicated,2024-07-14
I00663,O00663,K0407,P042,S04072,E00663,self,premium,dedicated,2024-05-06
I00664,O00664,K0407,P029,S04072,E00664,self,premium,dedicated,2024-07-30
I00665,O00665,K0318,P034,S03181,E00665,on-site,none,pooled,2025-03-23
I00666,O00666,K0514,P009,S05141,E00666,self,premium,dedicated,2025-08-19
I00667,O00667,K0221,P042,S02212,E00667,on-site,standard,pooled,2025-01-01
I00668,O00668,K0229,P036,S02291,E00668,self,standard,pooled,2025-03-05
I00669,O00669,K0048,P002,S00481,E00669,on-site,standard,pooled,2024-06-08
I00670,O00670,K0425,P008,S04252,E00670,self,premium,pooled,2024-03-31
I00671,O00671,K0043,P010,S00432,E00671,self,standard,pooled,2025-02-04
I00672,O00672,K0431,P001,S04313,E00672,guided,standard,pooled,2025-07-04
I00673,O00673,K0181,P036,S01812,E00673,self,none,pooled,2024-06-19
I00674,O00674,K0034,P012,S00341,E00674,self,standard,pooled,2024-05-21
I00675,O00675,K0205,P019,S02051,E00675,on-site,premium,pooled,2024-10-04
I00676,O00676,K0038,P018,S00382,E00676,guided,standard,pooled,2024-09-07
I00677,O00677,K0043,P021,S00431,E00677,guided,standard,dedicated,2025-07-20
I00678,O00678,K0186,P007,S01861,E00678,guided,standard,dedicated,2025-02-01
I00679,O00679,K0405,P013,S04052,E00679,self,standard,dedicated,2024-09-01
I00680,O00680,K0360,P030,S03603,E00680,self,standard,pooled,2024-07-17
I00681,O00681,K0035,P003,S00351,E00681,guided,standard,dedicated,2024-06-13
I00682,O00682,K0112,P032,S01122,E00682,guided,none,pooled,2025-01-24
I00683,O00683,K0012,P012,S00121,E00683,guided,none,dedicated,2025-01-17
I00684,O00684,K0477,P001,S04771,E00684,on-site,standard,pooled,2024-08-20
I00685,O00685,K0152,P013,S01521,E00685,on-site,premium,dedicated,2024-11-14
I00686,O00686,K0200,P004,S02001,E00686,guided,premium,pooled,2025-01-25
I00687,O00687,K0360,P041,S03601,E00687,self,none,pooled,2024-10-31
I00688,O00688,K0407,P006,S04072,E00688,self,none,pooled,2024-07-28
I00689,O00689,K0274,P001,S02741,E00689,guided,standard,dedicated,2025-06-01
I00690,O00690,K0439,P039,S04392,E00690,on-site,none,dedicated,2025-02-20
I00691,O00691,K0100,P005,S01002,E00691,on-site,none,pooled,2024-09-10
I00692,O00692,K0062,P010,S00623,E00692,on-site,standard,pooled,2024-12-20
I00693,O00693,K0265,P031,S02651,E00693,self,standard,dedicated,2025-07-08
I00694,O00694,K0064,P037,S00643,E00694,self,none,pooled,2024-11-03
I00695,O00695,K0390,P028,S03901,E00695,self,standard,dedicated,2024-05-31
I00696,O00696,K0098,P026,S00982,E00696,self,premium,pooled,2025-03-12
I00697,O00697,K0352,P009,S03522,E00697,self,standard,pooled,2024-04-09
I00698,O00698,K0393,P006,S03932,E00698,on-site,none,pooled,2025-04-20
I00699,O00699,K0076,P003,S00762,E00699,guided,none,dedicated,2025-05-08
I00700,O00700,K0485,P001,S04851,E00700,on-site,premium,pooled,2025-08-16
I00701,O00701,K0087,P040,S00871,E00701,on-site,premium,pooled,2025-05-04
I00702,O00702,K0493,P030,S04931,E00702,on-site,standard,dedicated,2024-11-18
I00703,O00703,K0426,P025,S04261,E00703,on-site,premium,pooled,2024-09-06
I00704,O00704,K0186,P018,S01861,E00704,self,none,pooled,2025-01-26
I00705,O00705,K0360,P029,S03603,E00705,on-site,standard,pooled,2024-11-28
I00706,O00706,K0105,P024,S01051,E00706,guided,premium,pooled,2025-09-08
I00707,O00707,K0366,P040,S03661,E00707,self,none,dedicated,2025-07-07
I00708,O00708,K0084,P027,S00842,E00708,self,standard,dedicated,2025-05-10
I00709,O00709,K0449,P004,S04492,E00709,on-site,none,pooled,2025-04-11
I00710,O00710,K0314,P035,S03142,E00710,self,standard,dedicated,2024-03-16
I00711,O00711,K0247,P013,S02471,E00711,guided,premium,dedicated,2024-09-26
I00712,O00712,K0076,P030,S00761,E00712,on-site,standard,pooled,2024-09-29
I00713,O00713,K0357,P038,S03573,E00713,on-site,standard,pooled,2024-10-21
I00714,O00714,K0429,P039,S04291,E00714,on-site,premium,dedicated,2025-01-04
I00715,O00715,K0157,P022,S01571,E00715,guided,standard,pooled,2025-03-23
I00716,O00716,K0496,P004,S04961,E00716,self,standard,dedicated,2025-03-10
I00717,O00717,K0263,P003,S02631,E00717,self,premium,pooled,2024-03-15
I00718,O00718,K0508,P009,S05082,E00718,on-site,standard,pooled,2025-08-19
I00719,O00719,K0474,P032,S04741,E00719,on-site,premium,dedicated,2025-05-11
I00720,O00720,K0487,P041,S04872,E00720,on-site,premium,dedicated,2024-08-16
I00721,O00721,K0498,P035,S04981,E00721,guided,premium,dedicated,2024-09-25
I00722,O00722,K0486,P008,S04862,E00722,self,standard,pooled,2024-06-05
I00723,O00723,K0423,P022,S04231,E00723,self,standard,dedicated,2024-03-09
I00724,O00724,K0203,P016,S02032,E00724,on-site,none,dedicated,2024-12-11
I00725,O00725,K0314,P022,S03141,E00725,self,standard,pooled,2025-05-05
I00726,O00726,K0080,P032,S00801,E00726,on-site,none,pooled,2024-03-18
I00727,O00727,K0393,P033,S03932,E00727,on-site,premium,dedicated,2024-12-18
I00728,O00728,K0502,P003,S05021,E00728,on-site,none,pooled,2025-01-29
I00729,O00729,K0515,P007,S05151,E00729,guided,none,dedicated,2024-10-30
I00730,O00730,K0268,P021,S02681,E00730,self,standard,dedicated,2024-12-17
I00731,O00731,K0220,P015,S02201,E00731,guided,premium,pooled,2024-05-30
I00732,O00732,K0221,P009,S02211,E00732,guided,none,pooled,2024-12-03
I00733,O00733,K0360,P006,S03601,E00733,on-site,standard,pooled,2024-06-12
I00734,O00734,K0061,P021,S00611,E00734,guided,none,dedicated,2025-07-09
I00735,O00735,K0517,P014,S05171,E00735,on-site,none,dedicated,2024-06-14
I00736,O00736,K0432,P016,S04322,E00736,self,premium,dedicated,2025-01-18
I00737,O00737,K0327,P026,S03272,E00737,self,standard,pooled,2025-02-25
I00738,O00738,K0463,P007,S04631,E00738,guided,premium,pooled,2024-04-18
I00739,O00739,K0286,P039,S02861,E00739,self,standard,dedicated,2025-01-07
I00740,O00740,K0255,P012,S02552,E00740,self,standard,pooled,2025-08-14
I00741,O00741,K0517,P025,S05171,E00741,on-site,standard,pooled,2025-06-23
I00742,O00742,K0503,P017,S05032,E00742,on-site,premium,dedicated,2024-12-22
I00743,O00743,K0423,P009,S04231,E00743,guided,standard,dedicated,2024-08-11
I00744,O00744,K0043,P008,S00431,E00744,guided,standard,pooled,2024-12-25
I00745,O00745,K0439,P016,S04391,E00745,self,standard,pooled,2024-10-05
I00746,O00746,K0373,P001,S03731,E00746,self,none,dedicated,2024-04-05
I00747,O00747,K0459,P029,S04591,E00747,self,none,pooled,2024-05-07
I00748,O00748,K0112,P025,S01122,E00748,guided,none,dedicated,2025-03-18
I00749,O00749,K0490,P024,S04902,E00749,guided,premium,pooled,2024-05-05
I00750,O00750,K0047,P029,S00472,E00750,on-site,premium,pooled,2025-07-31
I00751,O00751,K0136,P018,S01361,E00751,self,standard,pooled,2024-07-24
I00752,O00752,K0330,P010,S03302,E00752,on-site,standard,dedicated,2025-06-17
I00753,O00753,K0021,P020,S00211,E00753,self,standard,dedicated,2025-03-14
I00754,O00754,K0517,P026,S05172,E00754,self,standard,pooled,2025-01-23
I00755,O00755,K0438,P023,S04381,E00755,self,none,dedicated,2024-02-26
I00756,O00756,K0089,P014,S00891,E00756,on-site,standard,dedicated,2024-08-04
I00757,O00757,K0032,P015,S00321,E00757,guided,premium,dedicated,2024-11-21
I00758,O00758,K0078,P003,S00781,E00758,self,standard,pooled,2025-08-16
I00759,O00759,K0136,P038,S01362,E00759,guided,standard,dedicated,2024-09-13
I00760,O00760,K0050,P042,S00502,E00760,guided,standard,pooled,2025-07-28
I00761,O00761,K0253,P040,S02532,E00761,self,standard,dedicated,2025-06-11
I00762,O00762,K0342,P014,S03421,E00762,guided,premium,dedicated,2025-04-16
I00763,O00763,K0419,P011,S04192,E00763,guided,premium,pooled,2024-11-25
I00764,O00764,K0451,P004,S04511,E00764,on-site,premium,dedicated,2024-04-02
I00765,O00765,K0050,P006,S00503,E00765,on-site,none,pooled,2025-02-13
I00766,O00766,K0318,P019,S03182,E00766,guided,standard,pooled,2024-02-28
I00767,O00767,K0432,P015,S04322,E00767,on-site,none,pooled,2024-10-16
I00768,O00768,K0417,P026,S04173,E00768,on-site,standard,pooled,2024-06-10
I00769,O00769,K0184,P006,S01841,E00769,self,none,dedicated,2025-01-05
I00770,O00770,K0074,P009,S00741,E00770,self,none,dedicated,2024-03-18
I00771,O00771,K0482,P003,S04821,E00771,on-site,none,dedicated,2024-08-29
I00772,O00772,K0447,P025,S04471,E00772,on-site,premium,pooled,2025-06-11
I00773,O00773,K0464,P031,S04641,E00773,guided,standard,pooled,2024-07-27
I00774,O00774,K0005,P006,S00051,E00774,on-site,standard,pooled,2024-07-17
I00775,O00775,K0085,P027,S00851,E00775,guided,none,dedicated,2025-03-07
I00776,O00776,K0430,P034,S04301,E00776,on-site,none,dedicated,2025-01-20
I00777,O00777,K0449,P021,S04492,E00777,on-site,premium,pooled,2025-05-24
I00778,O00778,K0413,P041,S04131,E00778,on-site,standard,pooled,2024-11-17
I00779,O00779,K0490,P037,S04901,E00779,self,none,pooled,2024-09-10
I00780,O00780,K0431,P024,S04311,E00780,guided,premium,dedicated,2024-08-29
I00781,O00781,K0006,P015,S00061,E00781,self,standard,pooled,2025-03-04
I00782,O00782,K0250,P038,S02501,E00782,self,premium,dedicated,2024-03-23
I00783,O00783,K0299,P003,S02991,E00783,guided,standard,dedicated,2024-10-25
I00784,O00784,K0401,P013,S04013,E00784,on-site,none,dedicated,2024-10-19
I00785,O00785,K0242,P031,S02421,E00785,guided,none,pooled,2024-09-26
I00786,O00786,K0324,P041,S03241,E00786,guided,standard,dedicated,2024-06-07
I00787,O00787,K0187,P035,S01871,E00787,guided,standard,dedicated,2024-12-21
I00788,O00788,K0379,P009,S03792,E00788,guided,premium,dedicated,2024-08-27
I00789,O00789,K0491,P026,S04911,E00789,on-site,standard,pooled,2025-08-01
I00790,O00790,K0047,P006,S00472,E00790,on-site,none,pooled,2025-04-10
I00791,O00791,K0244,P011,S02441,E00791,on-site,premium,dedicated,2025-04-25
I00792,O00792,K0376,P022,S03761,E00792,on-site,premium,pooled,2025-04-28
I00793,O00793,K0315,P013,S03151,E00793,on-site,none,dedicated,2024-11-09
I00794,O00794,K0271,P018,S02713,E00794,on-site,standard,pooled,2024-04-20
I00795,O00795,K0138,P008,S01381,E00795,on-site,premium,pooled,2024-08-16
I00796,O00796,K0197,P005,S01971,E00796,on-site,standard,dedicated,2025-03-01
I00797,O00797,K0404,P019,S04041,E00797,self,standard,dedicated,2024-10-08
I00798,O00798,K0020,P022,S00202,E00798,guided,standard,pooled,2025-08-25
I00799,O00799,K0065,P024,S00652,E00799,guided,standard,pooled,2024-08-08
I00800,O00800,K0005,P008,S00052,E00800,guided,standard,pooled,2025-08-13
I00801,O00801,K0252,P007,S02521,E00801,self,premium,dedicated,2024-04-22
I00802,O00802,K0079,P017,S00793,E00802,self,standard,pooled,2025-04-16
I00803,O00803,K0452,P003,S04522,E00803,on-site,standard,pooled,2024-12-14
I00804,O00804,K0075,P036,S00752,E00804,on-site,standard,dedicated,2024-08-22
I00805,O00805,K0507,P007,S05071,E00805,on-site,standard,dedicated,2025-03-27
I00806,O00806,K0274,P038,S02741,E00806,on-site,none,pooled,2024-05-12
I00807,O00807,K0086,P033,S00862,E00807,on-site,premium,pooled,2024-06-17
I00808,O00808,K0067,P036,S00671,E00808,on-site,standard,dedicated,2024-03-11
I00809,O00809,K0347,P023,S03471,E00809,self,none,pooled,2024-05-26
I00810,O00810,K0186,P022,S01861,E00810,guided,standard,pooled,2024-08-04
I00811,O00811,K0507,P026,S05071,E00811,guided,standard,dedicated,2025-01-04
I00812,O00812,K0022,P029,S00221,E00812,on-site,standard,pooled,2024-12-17
I00813,O00813,K0486,P034,S04863,E00813,guided,none,dedicated,2025-05-29
I00814,O00814,K0474,P030,S04741,E00814,on-site,premium,dedicated,2025-01-12
I00815,O00815,K0296,P006,S02963,E00815,on-site,standard,dedicated,2024-10-05
I00816,O00816,K0224,P015,S02241,E00816,self,standard,pooled,2024-06-07
I00817,O00817,K0205,P027,S02051,E00817,guided,premium,dedicated,2025-02-08
I00818,O00818,K0128,P027,S01281,E00818,self,standard,pooled,2025-05-04
I00819,O00819,K0107,P022,S01071,E00819,on-site,premium,pooled,2024-05-18
I00820,O00820,K0478,P039,S04781,E00820,guided,standard,dedicated,2024-03-04
I00821,O00821,K0348,P021,S03481,E00821,self,standard,dedicated,2025-01-18
I00822,O00822,K0058,P001,S00581,E00822,guided,standard,dedicated,2025-08-15
I00823,O00823,K0091,P032,S00911,E00823,self,none,pooled,2025-01-13
I00824,O00824,K0190,P037,S01901,E00824,on-site,premium,pooled,2024-07-18
I00825,O00825,K0411,P026,S04111,E00825,guided,premium,dedicated,2024-03-28
I00826,O00826,K0135,P013,S01352,E00826,self,none,dedicated,2025-04-20
I00827,O00827,K0512,P006,S05121,E00827,guided,standard,dedicated,2025-04-28
I00828,O00828,K0416,P030,S04161,E00828,guided,standard,pooled,2025-08-05
I00829,O00829,K0444,P016,S04441,E00829,self,none,dedicated,2025-04-28
I00830,O00830,K0336,P004,S03361,E00830,on-site,none,dedicated,2024-11-27
I00831,O00831,K0309,P017,S03092,E00831,guided,standard,dedicated,2024-07-02
I00832,O00832,K0085,P015,S00851,E00832,self,premium,pooled,2025-04-02
I00833,O00833,K0223,P010,S02232,E00833,guided,standard,pooled,2024-02-20
I00834,O00834,K0069,P038,S00691,E00834,self,standard,pooled,2025-04-25
I00835,O00835,K0248,P014,S02481,E00835,self,premium,dedicated,2025-07-06
I00836,O00836,K0317,P037,S03171,E00836,on-site,standard,pooled,2024-04-25
I00837,O00837,K0416,P023,S04161,E00837,self,standard,dedicated,2024-06-12
I00838,O00838,K0181,P026,S01813,E00838,on-site,standard,pooled,2024-04-05
I00839,O00839,K0362,P006,S03622,E00839,guided,premium,dedicated,2024-06-24
I00840,O00840,K0361,P031,S03611,E00840,self,none,dedicated,2025-05-01
I00841,O00841,K0322,P004,S03222,E00841,self,standard,dedicated,2024-12-25
I00842,O00842,K0132,P010,S01321,E00842,self,standard,dedicated,2024-11-13
I00843,O00843,K0256,P035,S02561,E00843,guided,standard,dedicated,2024-06-29
I00844,O00844,K0511,P042,S05111,E00844,on-site,standard,dedicated,2024-10-07
I00845,O00845,K0317,P016,S03171,E00845,guided,standard,dedicated,2024-10-23
I00846,O00846,K0443,P001,S04431,E00846,self,standard,pooled,2024-12-26
I00847,O00847,K0295,P014,S02951,E00847,guided,standard,dedicated,2025-02-03
I00848,O00848,K0099,P014,S00991,E00848,self,none,dedicated,2025-06-15
I00849,O00849,K0487,P030,S04872,E00849,on-site,standard,pooled,2024-09-05
I00850,O00850,K0078,P022,S00781,E00850,self,standard,dedicated,2024-04-08
I00851,O00851,K0159,P002,S01593,E00851,guided,standard,pooled,2025-01-04
I00852,O00852,K0508,P037,S05082,E00852,on-site,premium,pooled,2024-10-13
I00853,O00853,K0257,P009,S02571,E00853,guided,standard,dedicated,2025-06-29
I00854,O00854,K0153,P030,S01531,E00854,guided,premium,dedicated,2025-07-12
I00855,O00855,K0305,P030,S03052,E00855,guided,none,pooled,2025-03-16
I00856,O00856,K0199,P033,S01991,E00856,guided,standard,pooled,2024-05-20
I00857,O00857,K0419,P035,S04192,E00857,guided,standard,pooled,2025-05-06
I00858,O00858,K0015,P025,S00151,E00858,on-site,standard,pooled,2024-04-09
I00859,O00859,K0339,P014,S03392,E00859,guided,none,pooled,2025-02-23
I00860,O00860,K0476,P006,S04761,E00860,guided,premium,pooled,2024-03-23
I00861,O00861,K0218,P017,S02182,E00861,self,premium,dedicated,2025-04-23
I00862,O00862,K0136,P001,S01362,E00862,guided,premium,pooled,2024-11-11
I00863,O00863,K0357,P042,S03571,E00863,on-site,standard,pooled,2024-12-14
I00864,O00864,K0280,P022,S02801,E00864,guided,standard,pooled,2024-08-04
I00865,O00865,K0235,P031,S02353,E00865,on-site,none,dedicated,2024-09-14
I00866,O00866,K0318,P018,S03181,E00866,guided,standard,pooled,2025-07-28
I00867,O00867,K0002,P034,S00021,E00867,self,premium,dedicated,2024-11-04
I00868,O00868,K0138,P001,S01381,E00868,guided,standard,pooled,2024-08-09
I00869,O00869,K0311,P026,S03111,E00869,guided,premium,pooled,2024-12-31
I00870,O00870,K0492,P036,S04922,E00870,guided,standard,pooled,2024-05-04
I00871,O00871,K0074,P027,S00741,E00871,self,none,dedicated,2025-02-01
I00872,O00872,K0080,P019,S00802,E00872,on-site,standard,dedicated,2025-02-17
I00873,O00873,K0115,P002,S01151,E00873,guided,standard,pooled,2024-11-09
I00874,O00874,K0322,P001,S03221,E00874,on-site,premium,dedicated,2025-08-16
I00875,O00875,K0301,P031,S03011,E00875,on-site,standard,pooled,2024-03-03
I00876,O00876,K0508,P025,S05081,E00876,on-site,premium,pooled,2024-09-28
I00877,O00877,K0415,P030,S04153,E00877,self,standard,pooled,2025-01-20
I00878,O00878,K0088,P022,S00881,E00878,self,premium,pooled,2024-08-22
I00879,O00879,K0485,P041,S04853,E00879,on-site,premium,dedicated,2025-03-16
I00880,O00880,K0315,P006,S03151,E00880,self,standard,dedicated,2025-07-17
I00881,O00881,K0352,P040,S03523,E00881,on-site,none,dedicated,2024-03-04
I00882,O00882,K0312,P036,S03123,E00882,on-site,standard,pooled,2024-05-22
I00883,O00883,K0320,P005,S03201,E00883,self,none,dedicated,2024-04-12
I00884,O00884,K0218,P031,S02181,E00884,guided,standard,pooled,2024-07-07
I00885,O00885,K0128,P035,S01281,E00885,on-site,standard,dedicated,2024-10-26
I00886,O00886,K0202,P016,S02022,E00886,guided,standard,dedicated,2024-06-05
I00887,O00887,K0265,P029,S02651,E00887,guided,standard,pooled,2024-08-23
I00888,O00888,K0394,P007,S03943,E00888,guided,premium,dedicated,2025-03-26
I00889,O00889,K0255,P019,S02552,E00889,guided,premium,dedicated,2024-05-28
I00890,O00890,K0080,P013,S00802,E00890,guided,standard,pooled,2025-02-28
I00891,O00891,K0036,P020,S00361,E00891,on-site,standard,dedicated,2024-09-10
I00892,O00892,K0520,P033,S05202,E00892,on-site,standard,dedicated,2025-05-26
I00893,O00893,K0418,P007,S04182,E00893,self,none,pooled,2024-03-15
I00894,O00894,K0084,P029,S00841,E00894,on-site,none,pooled,2024-12-08
I00895,O00895,K0010,P031,S00101,E00895,self,none,dedicated,2025-03-02
I00896,O00896,K0515,P018,S05152,E00896,on-site,none,dedicated,2025-07-16
I00897,O00897,K0442,P028,S04422,E00897,self,none,pooled,2024-07-17
I00898,O00898,K0331,P017,S03311,E00898,self,standard,pooled,2025-05-15
I00899,O00899,K0313,P022,S03131,E00899,on-site,none,pooled,2024-08-10
I00900,O00900,K0038,P014,S00382,E00900,on-site,standard,dedicated,2024-12-14
I00901,O00901,K0493,P021,S04931,E00901,self,standard,pooled,2025-02-07
I00902,O00902,K0357,P034,S03572,E00902,on-site,none,pooled,2024-06-06
I00903,O00903,K0145,P030,S01451,E00903,on-site,premium,dedicated,2025-01-22
I00904,O00904,K0287,P020,S02871,E00904,self,premium,dedicated,2025-07-26
I00905,O00905,K0314,P005,S03142,E00905,self,premium,pooled,2024-11-23
I00906,O00906,K0517,P034,S05171,E00906,guided,standard,dedicated,2024-05-27
I00907,O00907,K0098,P042,S00982,E00907,self,none,dedicated,2025-05-30
I00908,O00908,K0454,P031,S04541,E00908,guided,standard,pooled,2025-06-27
I00909,O00909,K0426,P020,S04261,E00909,guided,standard,dedicated,2024-10-03
I00910,O00910,K0425,P024,S04252,E00910,on-site,standard,pooled,2025-07-17
I00911,O00911,K0371,P037,S03711,E00911,guided,standard,dedicated,2025-07-08
I00912,O00912,K0389,P040,S03891,E00912,guided,none,pooled,2025-02-27
I00913,O00913,K0416,P039,S04162,E00913,self,none,dedicated,2025-03-02
I00914,O00914,K0086,P023,S00861,E00914,on-site,none,pooled,2024-12-30
I00915,O00915,K0366,P034,S03662,E00915,on-site,standard,dedicated,2024-05-11
I00916,O00916,K0417,P034,S04173,E00916,self,none,dedicated,2025-01-14
I00917,O00917,K0149,P013,S01491,E00917,guided,none,dedicated,2025-02-23
I00918,O00918,K0016,P003,S00161,E00918,on-site,none,dedicated,2025-05-31
I00919,O00919,K0440,P007,S04401,E00919,self,standard,dedicated,2024-08-01
I00920,O00920,K0389,P029,S03892,E00920,guided,standard,pooled,2024-10-31
I00921,O00921,K0485,P006,S04853,E00921,on-site,none,dedicated,2024-11-05
I00922,O00922,K0156,P005,S01561,E00922,self,none,pooled,2025-06-25
I00923,O00923,K0431,P042,S04313,E00923,self,none,dedicated,2024-12-02
I00924,O00924,K0329,P035,S03291,E00924,on-site,premium,pooled,2024-07-15
I00925,O00925,K0481,P001,S04813,E00925,on-site,standard,pooled,2025-01-21
I00926,O00926,K0120,P038,S01201,E00926,guided,standard,dedicated,2024-08-08
I00927,O00927,K0344,P041,S03441,E00927,guided,none,dedicated,2025-06-25
I00928,O00928,K0076,P028,S00762,E00928,guided,none,pooled,2025-04-07
I00929,O00929,K0294,P012,S02941,E00929,self,standard,dedicated,2024-02-10
I00930,O00930,K0436,P038,S04361,E00930,guided,standard,pooled,2025-06-14
I00931,O00931,K0433,P039,S04331,E00931,self,premium,dedicated,2025-06-21
I00932,O00932,K0467,P025,S04673,E00932,guided,none,pooled,2024-03-28
I00933,O00933,K0205,P006,S02051,E00933,guided,standard,dedicated,2025-01-01
I00934,O00934,K0398,P014,S03981,E00934,guided,standard,pooled,2025-03-28
I00935,O00935,K0306,P042,S03061,E00935,on-site,standard,pooled,2024-11-14
I00936,O00936,K0135,P001,S01351,E00936,guided,none,dedicated,2024-09-16
I00937,O00937,K0316,P042,S03161,E00937,on-site,premium,dedicated,2025-06-28
I00938,O00938,K0038,P031,S00382,E00938,self,standard,pooled,2024-05-18
I00939,O00939,K0394,P009,S03941,E00939,guided,none,dedicated,2024-03-01
I00940,O00940,K0157,P017,S01571,E00940,on-site,premium,pooled,2025-05-06
I00941,O00941,K0515,P005,S05151,E00941,self,standard,dedicated,2024-09-16
I00942,O00942,K0430,P026,S04301,E00942,on-site,standard,pooled,2025-06-12
I00943,O00943,K0086,P014,S00861,E00943,self,standard,dedicated,2024-06-23
I00944,O00944,K0182,P022,S01821,E00944,on-site,standard,pooled,2024-09-22
I00945,O00945,K0066,P033,S00662,E00945,guided,standard,pooled,2025-07-02
I00946,O00946,K0159,P007,S01592,E00946,guided,standard,pooled,2024-12-20
I00947,O00947,K0332,P025,S03321,E00947,self,standard,pooled,2025-01-07
I00948,O00948,K0366,P010,S03661,E00948,guided,premium,pooled,2025-06-02
I00949,O00949,K0157,P004,S01571,E00949,self,none,dedicated,2025-07-20
I00950,O00950,K0486,P036,S04862,E00950,self,premium,pooled,2024-12-09
I00951,O00951,K0070,P041,S00701,E00951,on-site,none,pooled,2024-05-13
I00952,O00952,K0170,P001,S01702,E00952,on-site,none,dedicated,2025-02-22
I00953,O00953,K0229,P020,S02291,E00953,guided,standard,dedicated,2024-02-22
I00954,O00954,K0192,P014,S01921,E00954,self,standard,dedicated,2024-11-02
I00955,O00955,K0048,P011,S00481,E00955,guided,standard,dedicated,2025-03-22
I00956,O00956,K0475,P029,S04751,E00956,self,standard,pooled,2024-07-10
I00957,O00957,K0461,P026,S04613,E00957,on-site,none,pooled,2025-02-20
I00958,O00958,K0261,P034,S02611,E00958,guided,none,dedicated,2024-04-06
I00959,O00959,K0313,P034,S03132,E00959,self,standard,dedicated,2025-04-18
I00960,O00960,K0448,P011,S04482,E00960,guided,standard,pooled,2025-07-06
I00961,O00961,K0186,P041,S01861,E00961,guided,none,pooled,2024-06-28
I00962,O00962,K0221,P017,S02211,E00962,guided,premium,pooled,2025-01-09
I00963,O00963,K0456,P033,S04562,E00963,guided,standard,pooled,2025-05-11
I00964,O00964,K0434,P038,S04342,E00964,self,standard,pooled,2024-08-23
I00965,O00965,K0065,P036,S00651,E00965,self,standard,pooled,2025-03-20
I00966,O00966,K0339,P013,S03392,E00966,on-site,none,dedicated,2025-03-18
I00967,O00967,K0126,P004,S01261,E00967,on-site,standard,pooled,2024-10-28
I00968,O00968,K0461,P023,S04611,E00968,on-site,standard,pooled,2024-11-15
I00969,O00969,K0393,P033,S03931,E00969,self,premium,dedicated,2024-08-24
I00970,O00970,K0283,P021,S02831,E00970,on-site,none,pooled,2025-06-01
I00971,O00971,K0070,P013,S00701,E00971,guided,standard,dedicated,2024-07-06
I00972,O00972,K0135,P008,S01353,E00972,guided,standard,pooled,2025-01-10
I00973,O00973,K0423,P016,S04232,E00973,self,standard,pooled,2025-03-21
I00974,O00974,K0158,P041,S01581,E00974,guided,premium,dedicated,2024-04-14
I00975,O00975,K0047,P037,S00471,E00975,guided,none,pooled,2025-06-12
I00976,O00976,K0518,P011,S05181,E00976,guided,none,dedicated,2024-10-07
I00977,O00977,K0337,P039,S03372,E00977,on-site,premium,dedicated,2024-07-06
I00978,O00978,K0300,P008,S03002,E00978,on-site,standard,pooled,2024-10-23
I00979,O00979,K0046,P038,S00461,E00979,guided,standard,pooled,2025-06-10
I00980,O00980,K0319,P020,S03192,E00980,on-site,standard,dedicated,2024-11-27
I00981,O00981,K0077,P033,S00771,E00981,self,premium,dedicated,2024-12-06
I00982,O00982,K0461,P013,S04613,E00982,on-site,premium,dedicated,2024-03-15
I00983,O00983,K0314,P023,S03142,E00983,self,none,pooled,2025-04-21
I00984,O00984,K0157,P031,S01571,E00984,on-site,standard,dedicated,2024-11-27
I00985,O00985,K0054,P039,S00541,E00985,guided,standard,pooled,2024-08-03
I00986,O00986,K0271,P007,S02713,E00986,on-site,none,dedicated,2024-08-11
I00987,O00987,K0495,P015,S04951,E00987,guided,standard,dedicated,2025-08-08
I00988,O00988,K0309,P014,S03091,E00988,guided,standard,dedicated,2025-03-09
I00989,O00989,K0092,P040,S00921,E00989,self,standard,pooled,2024-05-21
I00990,O00990,K0259,P035,S02592,E00990,guided,standard,dedicated,2025-01-29
I00991,O00991,K0411,P041,S04111,E00991,on-site,standard,pooled,2025-01-01
I00992,O00992,K0115,P001,S01151,E00992,self,standard,dedicated,2025-04-05
I00993,O00993,K0478,P041,S04781,E00993,on-site,none,dedicated,2025-03-29
I00994,O00994,K0366,P040,S03661,E00994,self,standard,pooled,2024-10-31
I00995,O00995,K0227,P003,S02272,E00995,on-site,none,dedicated,2025-07-14
I00996,O00996,K0378,P009,S03781,E00996,guided,premium,dedicated,2024-07-10
I00997,O00997,K0318,P009,S03181,E00997,self,none,pooled,2024-04-11
I00998,O00998,K0142,P037,S01421,E00998,on-site,premium,pooled,2024-08-03
I00999,O00999,K0077,P030,S00771,E00999,on-site,standard,pooled,2025-05-02
I01000,O01000,K0472,P037,S04721,E01000,guided,none,dedicated,2025-02-26
I01001,O01001,K0451,P036,S04511,E01001,on-site,premium,dedicated,2024-06-26
I01002,O01002,K0246,P031,S02462,E01002,self,premium,pooled,2024-04-23
I01003,O01003,K0426,P038,S04261,E01003,guided,standard,pooled,2025-05-22
I01004,O01004,K0434,P040,S04342,E01004,on-site,premium,dedicated,2024-09-04
I01005,O01005,K0303,P016,S03032,E01005,self,premium,pooled,2025-04-28
I01006,O01006,K0284,P032,S02843,E01006,self,standard,pooled,2025-04-04
I01007,O01007,K0312,P041,S03121,E01007,self,premium,dedicated,2025-01-04
I01008,O01008,K0298,P004,S02981,E01008,guided,none,pooled,2024-07-03
I01009,O01009,K0054,P022,S00541,E01009,on-site,none,pooled,2024-12-09
I01010,O01010,K0246,P014,S02461,E01010,self,none,pooled,2024-02-28
I01011,O01011,K0337,P023,S03372,E01011,guided,none,pooled,2024-07-02
I01012,O01012,K0399,P003,S03991,E01012,on-site,standard,pooled,2025-05-26
I01013,O01013,K0303,P028,S03032,E01013,self,premium,pooled,2025-06-09
I01014,O01014,K0034,P012,S00342,E01014,self,none,dedicated,2025-05-08
I01015,O01015,K0358,P026,S03582,E01015,guided,premium,dedicated,2025-03-05
I01016,O01016,K0332,P042,S03321,E01016,on-site,premium,pooled,2025-03-01
I01017,O01017,K0315,P008,S03151,E01017,self,standard,dedicated,2025-04-21
I01018,O01018,K0114,P027,S01142,E01018,on-site,standard,pooled,2024-10-01
I01019,O01019,K0342,P039,S03421,E01019,self,premium,dedicated,2024-07-09
I01020,O01020,K0336,P042,S03361,E01020,on-site,premium,dedicated,2025-04-16
I01021,O01021,K0253,P027,S02531,E01021,self,premium,pooled,2024-12-29
I01022,O01022,K0367,P025,S03672,E01022,guided,standard,pooled,2024-11-19
I01023,O01023,K0398,P004,S03981,E01023,guided,standard,pooled,2025-07-20
I01024,O01024,K0072,P001,S00722,E01024,on-site,premium,pooled,2024-11-22
I01025,O01025,K0138,P024,S01382,E01025,guided,standard,pooled,2024-12-09
I01026,O01026,K0513,P002,S05131,E01026,guided,standard,dedicated,2025-02-24
I01027,O01027,K0010,P016,S00101,E01027,self,standard,dedicated,2025-06-29
I01028,O01028,K0018,P013,S00181,E01028,self,standard,pooled,2025-01-31
I01029,O01029,K0425,P005,S04252,E01029,self,standard,pooled,2024-02-20
I01030,O01030,K0313,P042,S03133,E01030,self,premium,dedicated,2025-06-27
I01031,O01031,K0417,P003,S04172,E01031,guided,premium,dedicated,2024-07-29
I01032,O01032,K0093,P039,S00931,E01032,guided,none,dedicated,2025-01-10
I01033,O01033,K0100,P038,S01002,E01033,guided,standard,dedicated,2024-05-27
I01034,O01034,K0503,P036,S05032,E01034,self,none,dedicated,2025-07-14
I01035,O01035,K0330,P030,S03301,E01035,on-site,standard,dedicated,2025-08-06
I01036,O01036,K0253,P024,S02532,E01036,guided,none,pooled,2024-11-27
I01037,O01037,K0490,P025,S04902,E01037,self,standard,pooled,2025-02-16
I01038,O01038,K0220,P025,S02201,E01038,on-site,standard,dedicated,2024-03-25
I01039,O01039,K0002,P034,S00022,E01039,on-site,standard,pooled,2025-01-31
I01040,O01040,K0441,P023,S04411,E01040,on-site,none,pooled,2024-11-07
I01041,O01041,K0352,P012,S03523,E01041,on-site,premium,dedicated,2024-03-08
I01042,O01042,K0135,P029,S01352,E01042,self,premium,pooled,2024-05-20
I01043,O01043,K0497,P019,S04971,E01043,on-site,none,pooled,2025-08-05
I01044,O01044,K0380,P026,S03803,E01044,on-site,none,dedicated,2025-03-14
I01045,O01045,K0228,P019,S02281,E01045,guided,none,dedicated,2025-01-11
I01046,O01046,K0380,P022,S03803,E01046,guided,none,dedicated,2025-02-25
I01047,O01047,K0277,P011,S02771,E01047,on-site,premium,pooled,2025-07-08
I01048,O01048,K0142,P031,S01421,E01048,self,standard,pooled,2025-02-12
I01049,O01049,K0056,P017,S00562,E01049,self,premium,pooled,2025-07-31
I01050,O01050,K0306,P015,S03061,E01050,on-site,premium,pooled,2025-06-28
I01051,O01051,K0380,P016,S03801,E01051,guided,premium,pooled,2025-08-14
I01052,O01052,K0400,P011,S04001,E01052,self,premium,pooled,2024-03-22
I01053,O01053,K0438,P015,S04381,E01053,on-site,none,dedicated,2025-02-12
I01054,O01054,K0410,P026,S04102,E01054,on-site,standard,pooled,2025-06-19
I01055,O01055,K0308,P028,S03081,E01055,guided,premium,dedicated,2025-07-14
I01056,O01056,K0052,P022,S00521,E01056,on-site,standard,pooled,2024-09-25
I01057,O01057,K0249,P010,S02491,E01057,self,standard,dedicated,2025-04-05
I01058,O01058,K0245,P001,S02452,E01058,on-site,standard,pooled,2024-05-15
I01059,O01059,K0173,P008,S01731,E01059,self,premium,dedicated,2024-07-13
I01060,O01060,K0290,P033,S02901,E01060,self,standard,pooled,2025-02-13
I01061,O01061,K0266,P041,S02662,E01061,self,none,dedicated,2025-03-10
I01062,O01062,K0180,P023,S01802,E01062,guided,premium,pooled,2024-10-07
I01063,O01063,K0278,P011,S02781,E01063,guided,standard,dedicated,2024-10-19
I01064,O01064,K0272,P031,S02721,E01064,on-site,none,dedicated,2024-10-23
I01065,O01065,K0463,P009,S04631,E01065,self,none,pooled,2025-04-09
I01066,O01066,K0422,P028,S04222,E01066,self,none,dedicated,2024-02-23
I01067,O01067,K0328,P002,S03281,E01067,self,none,pooled,2024-09-24
I01068,O01068,K0376,P008,S03762,E01068,self,none,dedicated,2025-06-30
I01069,O01069,K0087,P034,S00871,E01069,self,none,pooled,2024-07-02
I01070,O01070,K0027,P002,S00271,E01070,guided,standard,pooled,2024-04-13
I01071,O01071,K0106,P025,S01061,E01071,self,standard,pooled,2024-07-10
I01072,O01072,K0028,P032,S00281,E01072,guided,standard,dedicated,2025-03-31
I01073,O01073,K0511,P037,S05111,E01073,on-site,standard,pooled,2025-01-17
I01074,O01074,K0284,P012,S02841,E01074,on-site,none,dedicated,2024-12-24
I01075,O01075,K0321,P025,S03211,E01075,guided,standard,pooled,2024-05-25
I01076,O01076,K0339,P001,S03391,E01076,self,standard,pooled,2025-04-14
I01077,O01077,K0107,P008,S01071,E01077,guided,premium,pooled,2024-03-25
I01078,O01078,K0083,P025,S00832,E01078,guided,standard,dedicated,2025-02-28
I01079,O01079,K0473,P027,S04731,E01079,guided,none,dedicated,2025-07-22
I01080,O01080,K0181,P032,S01813,E01080,guided,standard,dedicated,2025-04-15
I01081,O01081,K0090,P040,S00901,E01081,on-site,none,dedicated,2024-11-17
I01082,O01082,K0184,P034,S01841,E01082,on-site,none,pooled,2024-04-11
I01083,O01083,K0519,P034,S05191,E01083,on-site,none,dedicated,2025-04-03
I01084,O01084,K0234,P025,S02341,E01084,guided,standard,dedicated,2024-04-26
I01085,O01085,K0144,P032,S01441,E01085,self,standard,dedicated,2024-05-07
I01086,O01086,K0288,P013,S02881,E01086,guided,none,dedicated,2024-06-30
I01087,O01087,K0402,P002,S04021,E01087,self,standard,pooled,2024-12-01
I01088,O01088,K0434,P028,S04342,E01088,on-site,standard,dedicated,2024-11-01
I01089,O01089,K0106,P025,S01063,E01089,self,premium,pooled,2024-08-04
I01090,O01090,K0359,P030,S03592,E01090,on-site,standard,pooled,2024-05-06
I01091,O01091,K0388,P025,S03881,E01091,self,premium,pooled,2025-02-06
I01092,O01092,K0503,P011,S05031,E01092,guided,premium,pooled,2024-08-15
I01093,O01093,K0069,P003,S00691,E01093,self,standard,dedicated,2025-05-06
I01094,O01094,K0187,P025,S01872,E01094,guided,premium,dedicated,2024-08-16
I01095,O01095,K0070,P029,S00701,E01095,on-site,standard,pooled,2025-04-14
I01096,O01096,K0486,P011,S04863,E01096,guided,premium,pooled,2024-10-06
I01097,O01097,K0241,P016,S02411,E01097,on-site,premium,pooled,2024-11-24
I01098,O01098,K0098,P038,S00983,E01098,guided,standard,dedicated,2024-12-20
I01099,O01099,K0188,P029,S01881,E01099,guided,standard,pooled,2024-06-06
I01100,O01100,K0497,P038,S04972,E01100,on-site,standard,dedicated,2024-10-22
I01101,O01101,K0431,P031,S04311,E01101,guided,standard,dedicated,2025-06-28
I01102,O01102,K0446,P016,S04461,E01102,self,none,pooled,2024-03-31
I01103,O01103,K0461,P011,S04611,E01103,self,premium,pooled,2024-07-12
I01104,O01104,K0508,P025,S05081,E01104,on-site,none,dedicated,2024-10-22
I01105,O01105,K0373,P018,S03731,E01105,guided,none,dedicated,2025-04-28
I01106,O01106,K0507,P015,S05071,E01106,self,none,pooled,2024-05-11
I01107,O01107,K0517,P001,S05172,E01107,self,none,pooled,2025-04-22
I01108,O01108,K0267,P023,S02671,E01108,self,standard,pooled,2025-02-28
I01109,O01109,K0235,P013,S02352,E01109,on-site,standard,pooled,2024-10-18
I01110,O01110,K0124,P041,S01242,E01110,on-site,none,pooled,2025-01-11
I01111,O01111,K0328,P040,S03281,E01111,on-site,none,pooled,2024-08-07
I01112,O01112,K0227,P016,S02272,E01112,self,standard,pooled,2024-08-30
I01113,O01113,K0394,P019,S03943,E01113,guided,premium,dedicated,2025-04-06
I01114,O01114,K0121,P006,S01211,E01114,guided,standard,dedicated,2025-04-21
I01115,O01115,K0390,P021,S03901,E01115,self,standard,dedicated,2024-05-16
I01116,O01116,K0132,P022,S01321,E01116,on-site,none,dedicated,2025-03-27
I01117,O01117,K0512,P016,S05121,E01117,guided,none,pooled,2025-03-17
I01118,O01118,K0473,P007,S04731,E01118,guided,premium,dedicated,2024-09-12
I01119,O01119,K0477,P029,S04771,E01119,self,none,dedicated,2024-04-02
I01120,O01120,K0227,P030,S02272,E01120,guided,premium,pooled,2024-10-11
I01121,O01121,K0320,P023,S03201,E01121,guided,none,dedicated,2024-02-27
I01122,O01122,K0105,P013,S01053,E01122,guided,standard,dedicated,2024-11-20
I01123,O01123,K0426,P038,S04263,E01123,on-site,premium,dedicated,2024-08-09
I01124,O01124,K0423,P042,S04231,E01124,guided,standard,pooled,2024-10-25
I01125,O01125,K0413,P036,S04131,E01125,on-site,standard,pooled,2024-05-30
I01126,O01126,K0487,P041,S04872,E01126,on-site,standard,dedicated,2025-04-10
I01127,O01127,K0122,P038,S01222,E01127,self,premium,dedicated,2025-06-01
I01128,O01128,K0181,P030,S01811,E01128,guided,standard,pooled,2024-04-03
I01129,O01129,K0297,P016,S02971,E01129,guided,standard,pooled,2025-08-25
I01130,O01130,K0253,P006,S02532,E01130,guided,premium,dedicated,2024-07-25
I01131,O01131,K0384,P039,S03841,E01131,guided,standard,dedicated,2024-04-02
I01132,O01132,K0069,P019,S00691,E01132,guided,standard,dedicated,2024-08-03
I01133,O01133,K0460,P022,S04601,E01133,self,none,pooled,2025-05-12
I01134,O01134,K0442,P040,S04422,E01134,guided,standard,pooled,2024-04-13
I01135,O01135,K0516,P018,S05162,E01135,guided,standard,dedicated,2024-06-14
I01136,O01136,K0164,P039,S01641,E01136,on-site,standard,dedicated,2025-07-18
I01137,O01137,K0446,P005,S04461,E01137,guided,standard,dedicated,2025-01-05
I01138,O01138,K0273,P029,S02731,E01138,self,none,pooled,2025-03-17
I01139,O01139,K0414,P036,S04141,E01139,guided,standard,pooled,2025-03-03
I01140,O01140,K0271,P022,S02713,E01140,guided,standard,pooled,2024-12-22
I01141,O01141,K0291,P036,S02911,E01141,self,standard,pooled,2024-12-25
I01142,O01142,K0225,P007,S02252,E01142,on-site,standard,dedicated,2025-03-23
I01143,O01143,K0443,P036,S04431,E01143,on-site,standard,pooled,2024-11-23
I01144,O01144,K0073,P008,S00731,E01144,on-site,standard,pooled,2024-04-22
I01145,O01145,K0354,P027,S03541,E01145,self,premium,pooled,2024-10-14
I01146,O01146,K0498,P042,S04981,E01146,on-site,standard,pooled,2024-07-02
I01147,O01147,K0234,P002,S02341,E01147,on-site,standard,dedicated,2024-06-13
I01148,O01148,K0022,P033,S00221,E01148,guided,standard,dedicated,2024-05-18
I01149,O01149,K0307,P013,S03071,E01149,self,none,pooled,2024-08-14
I01150,O01150,K0299,P028,S02991,E01150,self,premium,pooled,2025-01-19
I01151,O01151,K0206,P005,S02062,E01151,self,standard,dedicated,2024-10-14
I01152,O01152,K0058,P041,S00582,E01152,on-site,none,dedicated,2024-09-02
I01153,O01153,K0005,P029,S00051,E01153,self,standard,pooled,2024-04-02
I01154,O01154,K0130,P039,S01301,E01154,guided,standard,pooled,2025-06-07
I01155,O01155,K0102,P021,S01021,E01155,self,standard,pooled,2024-09-25
I01156,O01156,K0329,P037,S03291,E01156,on-site,none,pooled,2024-07-22
I01157,O01157,K0189,P036,S01892,E01157,on-site,standard,pooled,2024-09-09
I01158,O01158,K0064,P012,S00641,E01158,self,standard,dedicated,2024-11-18
I01159,O01159,K0257,P034,S02571,E01159,on-site,standard,dedicated,2024-07-07
I01160,O01160,K0109,P029,S01091,E01160,on-site,standard,pooled,2025-07-03
I01161,O01161,K0078,P037,S00781,E01161,on-site,standard,pooled,2024-10-10
I01162,O01162,K0478,P002,S04782,E01162,on-site,standard,pooled,2024-09-14
I01163,O01163,K0105,P017,S01052,E01163,on-site,premium,dedicated,2024-06-07
I01164,O01164,K0321,P025,S03212,E01164,guided,none,pooled,2024-04-16
I01165,O01165,K0084,P023,S00842,E01165,self,standard,dedicated,2025-04-21
I01166,O01166,K0443,P038,S04431,E01166,on-site,none,dedicated,2024-05-25
I01167,O01167,K0427,P019,S04271,E01167,guided,standard,pooled,2024-05-18
I01168,O01168,K0007,P038,S00071,E01168,self,standard,pooled,2025-06-30
I01169,O01169,K0214,P012,S02141,E01169,self,none,dedicated,2024-05-05
I01170,O01170,K0498,P028,S04981,E01170,guided,standard,dedicated,2025-04-14
I01171,O01171,K0131,P035,S01313,E01171,on-site,premium,dedicated,2024-10-05
I01172,O01172,K0391,P038,S03911,E01172,self,none,pooled,2024-11-09
I01173,O01173,K0511,P002,S05111,E01173,self,standard,dedicated,2024-04-04
I01174,O01174,K0497,P006,S04972,E01174,on-site,premium,dedicated,2025-08-12
I01175,O01175,K0251,P024,S02512,E01175,on-site,standard,dedicated,2024-08-01
I01176,O01176,K0261,P024,S02613,E01176,guided,standard,pooled,2024-11-03
I01177,O01177,K0228,P039,S02281,E01177,guided,premium,pooled,2025-01-26
I01178,O01178,K0171,P018,S01711,E01178,self,none,dedicated,2025-03-15
I01179,O01179,K0161,P017,S01612,E01179,guided,standard,pooled,2024-10-08
I01180,O01180,K0435,P012,S04351,E01180,self,standard,pooled,2025-02-16
I01181,O01181,K0129,P007,S01291,E01181,guided,none,dedicated,2024-12-28
I01182,O01182,K0507,P024,S05071,E01182,on-site,standard,pooled,2025-03-17
I01183,O01183,K0006,P041,S00061,E01183,guided,standard,dedicated,2024-03-19
I01184,O01184,K0447,P005,S04471,E01184,on-site,premium,dedicated,2025-01-14
I01185,O01185,K0459,P036,S04591,E01185,guided,none,pooled,2025-05-20
I01186,O01186,K0256,P014,S02562,E01186,on-site,none,dedicated,2025-05-04
I01187,O01187,K0176,P042,S01761,E01187,guided,none,pooled,2025-06-09
I01188,O01188,K0372,P033,S03721,E01188,self,standard,dedicated,2024-11-27
I01189,O01189,K0341,P003,S03412,E01189,self,premium,pooled,2024-11-19
I01190,O01190,K0035,P005,S00351,E01190,self,none,dedicated,2025-01-26
I01191,O01191,K0456,P029,S04561,E01191,guided,none,dedicated,2025-07-30
I01192,O01192,K0152,P017,S01521,E01192,guided,standard,dedicated,2024-04-14
I01193,O01193,K0349,P014,S03492,E01193,on-site,none,dedicated,2025-03-14
I01194,O01194,K0418,P039,S04182,E01194,on-site,premium,dedicated,2025-07-16
I01195,O01195,K0431,P010,S04311,E01195,self,premium,dedicated,2024-07-06
I01196,O01196,K0310,P042,S03101,E01196,self,none,dedicated,2024-08-02
I01197,O01197,K0136,P041,S01363,E01197,guided,none,pooled,2024-08-26
I01198,O01198,K0362,P035,S03621,E01198,self,standard,dedicated,2025-05-06
I01199,O01199,K0028,P008,S00281,E01199,guided,none,dedicated,2024-12-02
I01200,O01200,K0449,P041,S04493,E01200,guided,premium,dedicated,2025-03-27
I01201,O01201,K0186,P001,S01861,E01201,self,standard,pooled,2025-06-06
I01202,O01202,K0247,P029,S02471,E01202,self,standard,dedicated,2024-10-14
I01203,O01203,K0293,P011,S02931,E01203,self,standard,dedicated,2024-09-29
I01204,O01204,K0504,P007,S05041,E01204,guided,standard,pooled,2025-08-01
I01205,O01205,K0495,P026,S04951,E01205,guided,standard,dedicated,2025-07-17
I01206,O01206,K0417,P034,S04172,E01206,self,standard,dedicated,2024-05-11
I01207,O01207,K0104,P009,S01041,E01207,on-site,premium,dedicated,2024-06-17
I01208,O01208,K0123,P035,S01231,E01208,self,standard,dedicated,2024-10-10
I01209,O01209,K0469,P011,S04691,E01209,guided,standard,dedicated,2024-07-14
I01210,O01210,K0033,P001,S00331,E01210,guided,premium,pooled,2024-08-05
I01211,O01211,K0368,P020,S03681,E01211,on-site,none,dedicated,2024-11-04
I01212,O01212,K0185,P006,S01851,E01212,guided,premium,dedicated,2024-12-12
I01213,O01213,K0266,P040,S02661,E01213,guided,none,dedicated,2024-12-04
I01214,O01214,K0179,P029,S01791,E01214,on-site,premium,pooled,2025-04-19
I01215,O01215,K0053,P007,S00531,E01215,on-site,none,dedicated,2024-07-28
I01216,O01216,K0298,P029,S02981,E01216,guided,standard,pooled,2024-08-07
I01217,O01217,K0209,P002,S02091,E01217,guided,none,dedicated,2025-05-22
I01218,O01218,K0425,P033,S04252,E01218,self,standard,dedicated,2024-11-20
I01219,O01219,K0394,P036,S03942,E01219,guided,premium,pooled,2024-08-21
I01220,O01220,K0292,P006,S02922,E01220,guided,premium,pooled,2025-08-23
I01221,O01221,K0023,P014,S00231,E01221,self,premium,dedicated,2024-07-30
I01222,O01222,K0517,P012,S05172,E01222,guided,none,pooled,2024-07-03
I01223,O01223,K0010,P025,S00101,E01223,on-site,standard,dedicated,2024-08-31
I01224,O01224,K0273,P034,S02731,E01224,self,standard,dedicated,2024-09-27
I01225,O01225,K0468,P014,S04681,E01225,on-site,none,pooled,2024-04-16
I01226,O01226,K0401,P035,S04013,E01226,guided,none,dedicated,2024-10-26
I01227,O01227,K0015,P008,S00151,E01227,guided,premium,pooled,2025-07-09
I01228,O01228,K0485,P008,S04852,E01228,guided,standard,pooled,2024-07-25
I01229,O01229,K0127,P014,S01271,E01229,self,none,pooled,2025-07-22
I01230,O01230,K0223,P041,S02232,E01230,guided,premium,dedicated,2025-06-22
I01231,O01231,K0074,P018,S00742,E01231,on-site,standard,dedicated,2024-09-26
I01232,O01232,K0014,P013,S00141,E01232,guided,standard,dedicated,2025-04-05
I01233,O01233,K0171,P041,S01711,E01233,self,standard,dedicated,2024-11-19
I01234,O01234,K0337,P019,S03373,E01234,on-site,standard,pooled,2024-10-11
I01235,O01235,K0235,P034,S02351,E01235,self,none,dedicated,2025-03-25
I01236,O01236,K0516,P011,S05161,E01236,on-site,standard,dedicated,2024-12-08
I01237,O01237,K0065,P030,S00651,E01237,on-site,none,pooled,2025-03-14
I01238,O01238,K0199,P019,S01991,E01238,on-site,premium,dedicated,2024-04-15
I01239,O01239,K0431,P027,S04311,E01239,guided,none,dedicated,2024-08-20
I01240,O01240,K0114,P032,S01142,E01240,on-site,standard,dedicated,2025-03-11
I01241,O01241,K0417,P008,S04171,E01241,on-site,standard,dedicated,2024-04-27
I01242,O01242,K0207,P040,S02071,E01242,guided,none,pooled,2024-04-06
I01243,O01243,K0175,P039,S01751,E01243,guided,standard,pooled,2025-05-15
I01244,O01244,K0170,P014,S01702,E01244,self,premium,pooled,2025-03-12
I01245,O01245,K0341,P041,S03412,E01245,self,standard,pooled,2024-01-26
I01246,O01246,K0104,P039,S01041,E01246,self,standard,dedicated,2024-04-24
I01247,O01247,K0018,P008,S00181,E01247,guided,none,pooled,2025-03-12
I01248,O01248,K0315,P025,S03151,E01248,guided,standard,pooled,2025-04-23
I01249,O01249,K0346,P022,S03461,E01249,self,none,pooled,2024-05-30
I01250,O01250,K0319,P037,S03191,E01250,guided,none,pooled,2024-10-28
I01251,O01251,K0517,P025,S05171,E01251,self,standard,dedicated,2024-12-04
I01252,O01252,K0438,P036,S04381,E01252,self,standard,pooled,2025-07-03
I01253,O01253,K0225,P031,S02251,E01253,guided,premium,pooled,2025-02-24
I01254,O01254,K0296,P020,S02962,E01254,on-site,none,dedicated,2024-07-20
I01255,O01255,K0056,P014,S00562,E01255,guided,none,dedicated,2025-03-19
I01256,O01256,K0397,P028,S03972,E01256,guided,standard,dedicated,2024-10-23
I01257,O01257,K0214,P021,S02141,E01257,on-site,none,pooled,2025-04-27
I01258,O01258,K0421,P033,S04211,E01258,on-site,none,pooled,2024-07-15
I01259,O01259,K0358,P014,S03582,E01259,self,none,dedicated,2024-08-19
I01260,O01260,K0196,P002,S01961,E01260,guided,premium,pooled,2024-05-22
I01261,O01261,K0516,P041,S05161,E01261,self,standard,dedicated,2024-03-01
I01262,O01262,K0161,P033,S01611,E01262,on-site,none,dedicated,2025-05-09
I01263,O01263,K0214,P003,S02141,E01263,on-site,standard,pooled,2024-05-31
I01264,O01264,K0462,P001,S04622,E01264,on-site,none,pooled,2025-05-21
I01265,O01265,K0485,P041,S04851,E01265,self,standard,pooled,2024-08-30
I01266,O01266,K0106,P040,S01063,E01266,guided,standard,dedicated,2024-03-25
I01267,O01267,K0389,P018,S03893,E01267,guided,premium,pooled,2025-04-05
I01268,O01268,K0014,P027,S00141,E01268,guided,none,dedicated,2024-08-25
I01269,O01269,K0444,P031,S04441,E01269,guided,standard,pooled,2025-07-11
I01270,O01270,K0515,P037,S05151,E01270,guided,standard,pooled,2024-08-20
I01271,O01271,K0371,P007,S03711,E01271,guided,premium,pooled,2024-07-14
I01272,O01272,K0314,P020,S03142,E01272,on-site,standard,pooled,2024-04-12
I01273,O01273,K0054,P021,S00542,E01273,self,standard,pooled,2025-03-04
I01274,O01274,K0520,P001,S05202,E01274,on-site,standard,pooled,2024-06-11
I01275,O01275,K0031,P017,S00311,E01275,self,standard,dedicated,2024-09-08
I01276,O01276,K0356,P006,S03561,E01276,self,standard,dedicated,2025-01-07
I01277,O01277,K0407,P031,S04072,E01277,on-site,premium,dedicated,2025-06-08
I01278,O01278,K0168,P042,S01681,E01278,on-site,standard,pooled,2024-11-26
I01279,O01279,K0034,P026,S00341,E01279,self,none,pooled,2025-03-18
I01280,O01280,K0170,P019,S01702,E01280,guided,standard,dedicated,2025-03-13
I01281,O01281,K0187,P037,S01872,E01281,guided,none,dedicated,2025-04-10
I01282,O01282,K0456,P008,S04561,E01282,on-site,none,pooled,2025-01-02
I01283,O01283,K0376,P018,S03762,E01283,on-site,none,pooled,2024-07-31
I01284,O01284,K0144,P022,S01441,E01284,on-site,none,pooled,2024-12-19
I01285,O01285,K0356,P031,S03562,E01285,on-site,none,dedicated,2025-03-06
I01286,O01286,K0449,P025,S04493,E01286,on-site,standard,dedicated,2025-03-09
I01287,O01287,K0124,P027,S01241,E01287,self,premium,pooled,2024-11-18
I01288,O01288,K0333,P039,S03332,E01288,self,standard,pooled,2024-11-28
I01289,O01289,K0078,P011,S00781,E01289,self,standard,pooled,2025-04-16
I01290,O01290,K0417,P037,S04172,E01290,on-site,none,pooled,2024-08-19
I01291,O01291,K0291,P021,S02911,E01291,self,none,dedicated,2024-09-05
I01292,O01292,K0054,P028,S00541,E01292,self,none,dedicated,2024-11-23
I01293,O01293,K0391,P037,S03911,E01293,guided,standard,pooled,2025-06-18
I01294,O01294,K0062,P019,S00621,E01294,guided,standard,pooled,2024-12-29
I01295,O01295,K0056,P019,S00561,E01295,on-site,standard,dedicated,2025-06-07
I01296,O01296,K0484,P017,S04841,E01296,guided,premium,dedicated,2025-04-27
I01297,O01297,K0124,P015,S01241,E01297,guided,standard,dedicated,2025-06-29
I01298,O01298,K0163,P028,S01632,E01298,self,premium,dedicated,2025-02-14
I01299,O01299,K0483,P018,S04831,E01299,guided,none,dedicated,2025-01-12
I01300,O01300,K0380,P013,S03802,E01300,on-site,none,pooled,2025-01-01
I01301,O01301,K0211,P042,S02111,E01301,guided,none,dedicated,2024-10-25
I01302,O01302,K0296,P036,S02962,E01302,guided,standard,dedicated,2025-02-09
I01303,O01303,K0264,P006,S02641,E01303,guided,standard,dedicated,2025-01-10
I01304,O01304,K0419,P017,S04191,E01304,on-site,standard,dedicated,2025-07-09
I01305,O01305,K0075,P008,S00752,E01305,self,standard,dedicated,2024-10-10
I01306,O01306,K0504,P027,S05041,E01306,guided,premium,dedicated,2025-05-28
I01307,O01307,K0309,P030,S03092,E01307,on-site,standard,dedicated,2025-03-19
I01308,O01308,K0161,P030,S01611,E01308,self,standard,pooled,2024-10-27
I01309,O01309,K0148,P013,S01481,E01309,self,none,pooled,2024-05-27
I01310,O01310,K0015,P013,S00151,E01310,self,standard,dedicated,2024-09-13
I01311,O01311,K0342,P025,S03421,E01311,guided,standard,dedicated,2024-10-23
I01312,O01312,K0277,P013,S02771,E01312,self,none,dedicated,2025-04-18
I01313,O01313,K0316,P004,S03161,E01313,on-site,premium,dedicated,2025-04-04
I01314,O01314,K0105,P015,S01052,E01314,on-site,premium,pooled,2024-04-26
I01315,O01315,K0171,P012,S01711,E01315,self,standard,pooled,2025-02-03
I01316,O01316,K0438,P022,S04381,E01316,self,standard,dedicated,2025-04-22
I01317,O01317,K0120,P042,S01202,E01317,on-site,premium,dedicated,2025-05-24
I01318,O01318,K0422,P005,S04221,E01318,self,standard,dedicated,2024-12-07
I01319,O01319,K0182,P037,S01821,E01319,self,premium,pooled,2024-05-16
I01320,O01320,K0364,P015,S03641,E01320,self,standard,dedicated,2025-01-16
I01321,O01321,K0318,P030,S03182,E01321,on-site,none,pooled,2024-03-17
I01322,O01322,K0243,P007,S02431,E01322,on-site,standard,pooled,2024-08-26
I01323,O01323,K0416,P042,S04162,E01323,self,standard,pooled,2024-09-19
I01324,O01324,K0154,P033,S01541,E01324,on-site,none,dedicated,2025-04-14
I01325,O01325,K0342,P034,S03421,E01325,self,none,dedicated,2025-02-06
I01326,O01326,K0048,P042,S00481,E01326,on-site,none,pooled,2025-03-15
I01327,O01327,K0516,P003,S05162,E01327,self,standard,pooled,2024-08-18
I01328,O01328,K0359,P019,S03592,E01328,guided,standard,pooled,2024-06-29
I01329,O01329,K0350,P015,S03502,E01329,guided,premium,pooled,2024-06-05
I01330,O01330,K0328,P004,S03281,E01330,on-site,none,dedicated,2025-05-12
I01331,O01331,K0339,P001,S03392,E01331,guided,standard,pooled,2025-06-06
I01332,O01332,K0360,P042,S03602,E01332,self,standard,pooled,2025-02-28
I01333,O01333,K0333,P022,S03332,E01333,guided,none,pooled,2024-05-06
I01334,O01334,K0307,P004,S03071,E01334,on-site,none,pooled,2024-08-04
I01335,O01335,K0030,P022,S00301,E01335,self,standard,dedicated,2025-06-03
I01336,O01336,K0466,P010,S04661,E01336,on-site,standard,pooled,2024-06-03
I01337,O01337,K0401,P017,S04011,E01337,on-site,none,dedicated,2024-10-08
I01338,O01338,K0431,P025,S04311,E01338,guided,none,pooled,2024-07-17
I01339,O01339,K0404,P023,S04041,E01339,on-site,standard,pooled,2024-08-01
I01340,O01340,K0261,P028,S02613,E01340,on-site,none,pooled,2025-02-27
I01341,O01341,K0062,P009,S00621,E01341,on-site,standard,pooled,2025-01-28
I01342,O01342,K0446,P036,S04461,E01342,self,standard,pooled,2025-01-18
I01343,O01343,K0006,P007,S00061,E01343,on-site,none,dedicated,2024-07-19
I01344,O01344,K0291,P008,S02912,E01344,guided,none,pooled,2024-04-16
I01345,O01345,K0246,P004,S02461,E01345,on-site,standard,dedicated,2025-05-17
I01346,O01346,K0479,P027,S04791,E01346,guided,none,pooled,2024-12-14
I01347,O01347,K0497,P040,S04971,E01347,on-site,standard,dedicated,2024-04-20
I01348,O01348,K0105,P004,S01051,E01348,self,none,dedicated,2024-05-17
I01349,O01349,K0419,P028,S04192,E01349,on-site,standard,pooled,2024-12-30
I01350,O01350,K0422,P032,S04222,E01350,guided,standard,pooled,2025-02-15
I01351,O01351,K0318,P012,S03181,E01351,guided,standard,dedicated,2024-12-20
I01352,O01352,K0390,P020,S03902,E01352,guided,standard,dedicated,2025-07-03
I01353,O01353,K0100,P040,S01001,E01353,self,premium,dedicated,2025-08-08
I01354,O01354,K0005,P042,S00051,E01354,self,premium,dedicated,2025-05-04
I01355,O01355,K0400,P038,S04001,E01355,guided,standard,pooled,2025-03-23
I01356,O01356,K0255,P031,S02552,E01356,self,standard,pooled,2024-04-08
I01357,O01357,K0515,P035,S05152,E01357,on-site,none,dedicated,2024-09-16
I01358,O01358,K0219,P015,S02191,E01358,on-site,none,pooled,2025-02-26
I01359,O01359,K0269,P007,S02692,E01359,self,none,dedicated,2025-01-16
I01360,O01360,K0473,P005,S04732,E01360,on-site,standard,pooled,2025-03-05
I01361,O01361,K0106,P020,S01063,E01361,self,none,dedicated,2025-06-20
I01362,O01362,K0243,P022,S02431,E01362,guided,none,pooled,2025-03-03
I01363,O01363,K0124,P034,S01242,E01363,self,none,dedicated,2025-01-05
I01364,O01364,K0448,P020,S04482,E01364,guided,premium,dedicated,2025-02-21
I01365,O01365,K0321,P007,S03213,E01365,self,premium,pooled,2025-07-19
I01366,O01366,K0379,P031,S03792,E01366,on-site,standard,dedicated,2025-07-05
I01367,O01367,K0474,P035,S04741,E01367,guided,none,dedicated,2024-08-24
I01368,O01368,K0261,P032,S02613,E01368,on-site,premium,pooled,2025-01-05
I01369,O01369,K0175,P018,S01751,E01369,guided,none,dedicated,2025-05-08
I01370,O01370,K0485,P006,S04851,E01370,guided,standard,pooled,2025-05-21
I01371,O01371,K0154,P005,S01541,E01371,on-site,standard,dedicated,2025-06-05
I01372,O01372,K0386,P027,S03861,E01372,guided,none,pooled,2024-11-29
I01373,O01373,K0255,P009,S02552,E01373,on-site,premium,pooled,2025-07-16
I01374,O01374,K0360,P019,S03601,E01374,on-site,none,pooled,2025-01-19
I01375,O01375,K0050,P041,S00502,E01375,self,none,dedicated,2025-03-15
I01376,O01376,K0292,P039,S02921,E01376,on-site,premium,dedicated,2025-07-25
I01377,O01377,K0035,P032,S00352,E01377,self,none,dedicated,2025-04-14
I01378,O01378,K0167,P034,S01671,E01378,self,standard,pooled,2024-12-24
I01379,O01379,K0381,P018,S03812,E01379,on-site,standard,pooled,2025-07-28
I01380,O01380,K0313,P029,S03132,E01380,on-site,standard,pooled,2025-01-04
I01381,O01381,K0312,P026,S03123,E01381,on-site,none,dedicated,2025-05-29
I01382,O01382,K0074,P002,S00741,E01382,self,standard,dedicated,2024-11-05
I01383,O01383,K0165,P025,S01651,E01383,guided,premium,pooled,2024-05-31
I01384,O01384,K0228,P018,S02281,E01384,on-site,standard,pooled,2025-02-12
I01385,O01385,K0143,P019,S01431,E01385,on-site,none,pooled,2025-05-03
I01386,O01386,K0390,P040,S03901,E01386,on-site,standard,dedicated,2025-05-05
I01387,O01387,K0057,P026,S00571,E01387,on-site,none,pooled,2024-11-01
I01388,O01388,K0347,P040,S03471,E01388,guided,premium,dedicated,2025-03-29
I01389,O01389,K0283,P033,S02831,E01389,self,standard,pooled,2024-12-02
I01390,O01390,K0482,P039,S04821,E01390,on-site,premium,pooled,2024-06-03
I01391,O01391,K0108,P024,S01083,E01391,on-site,none,dedicated,2024-05-31
I01392,O01392,K0261,P029,S02613,E01392,guided,premium,pooled,2025-01-20
I01393,O01393,K0495,P005,S04951,E01393,self,standard,pooled,2024-07-04
I01394,O01394,K0233,P032,S02331,E01394,on-site,standard,dedicated,2024-12-25
I01395,O01395,K0394,P020,S03941,E01395,on-site,standard,pooled,2024-09-08
I01396,O01396,K0354,P025,S03542,E01396,on-site,none,dedicated,2025-02-19
I01397,O01397,K0105,P017,S01053,E01397,on-site,standard,pooled,2025-01-14
I01398,O01398,K0131,P022,S01313,E01398,self,standard,pooled,2025-08-04
I01399,O01399,K0393,P029,S03931,E01399,guided,none,pooled,2025-01-10
I01400,O01400,K0484,P025,S04841,E01400,guided,standard,pooled,2024-12-11
I01401,O01401,K0322,P009,S03221,E01401,on-site,none,dedicated,2025-03-05
I01402,O01402,K0092,P005,S00921,E01402,self,none,dedicated,2024-03-13
I01403,O01403,K0090,P040,S00901,E01403,self,standard,pooled,2025-01-02
I01404,O01404,K0462,P016,S04623,E01404,guided,standard,pooled,2024-05-01
I01405,O01405,K0300,P001,S03003,E01405,on-site,none,pooled,2024-11-25
I01406,O01406,K0348,P017,S03481,E01406,on-site,none,dedicated,2024-10-04
I01407,O01407,K0224,P017,S02241,E01407,self,none,pooled,2024-12-27
I01408,O01408,K0503,P041,S05032,E01408,on-site,none,pooled,2024-12-22
I01409,O01409,K0259,P023,S02591,E01409,self,premium,pooled,2025-05-16
I01410,O01410,K0435,P026,S04351,E01410,self,standard,dedicated,2024-12-05
I01411,O01411,K0426,P016,S04261,E01411,self,none,pooled,2024-05-30
I01412,O01412,K0068,P015,S00682,E01412,self,standard,pooled,2025-03-13
I01413,O01413,K0239,P019,S02391,E01413,on-site,none,dedicated,2025-06-12
I01414,O01414,K0003,P007,S00032,E01414,on-site,standard,dedicated,2024-12-03
I01415,O01415,K0510,P042,S05102,E01415,on-site,standard,pooled,2025-02-24
I01416,O01416,K0300,P002,S03003,E01416,guided,standard,pooled,2024-09-15
I01417,O01417,K0335,P036,S03351,E01417,guided,none,pooled,2025-02-23
I01418,O01418,K0036,P017,S00361,E01418,guided,standard,dedicated,2025-02-19
I01419,O01419,K0018,P026,S00181,E01419,guided,premium,pooled,2025-06-20
I01420,O01420,K0360,P008,S03603,E01420,self,none,pooled,2024-05-12
I01421,O01421,K0236,P033,S02362,E01421,guided,standard,pooled,2024-09-28
I01422,O01422,K0235,P018,S02353,E01422,self,none,dedicated,2025-03-28
I01423,O01423,K0422,P041,S04221,E01423,on-site,standard,pooled,2025-04-13
I01424,O01424,K0100,P023,S01003,E01424,guided,premium,pooled,2025-03-08
I01425,O01425,K0291,P033,S02913,E01425,guided,none,pooled,2025-05-18
I01426,O01426,K0355,P021,S03553,E01426,guided,standard,dedicated,2024-10-31
I01427,O01427,K0108,P032,S01082,E01427,on-site,none,pooled,2025-02-16
I01428,O01428,K0069,P038,S00691,E01428,guided,premium,dedicated,2024-04-15
I01429,O01429,K0466,P017,S04661,E01429,on-site,none,pooled,2024-08-24
I01430,O01430,K0036,P039,S00362,E01430,self,none,pooled,2025-03-09
I01431,O01431,K0072,P022,S00721,E01431,guided,standard,pooled,2024-05-30
I01432,O01432,K0183,P027,S01831,E01432,self,standard,dedicated,2024-06-03
I01433,O01433,K0142,P002,S01422,E01433,on-site,none,pooled,2025-07-11
I01434,O01434,K0238,P031,S02381,E01434,self,none,dedicated,2025-08-03
I01435,O01435,K0326,P038,S03261,E01435,on-site,standard,pooled,2025-05-25
I01436,O01436,K0341,P019,S03411,E01436,on-site,premium,pooled,2025-05-30
I01437,O01437,K0326,P013,S03261,E01437,guided,standard,pooled,2025-04-15
I01438,O01438,K0350,P015,S03501,E01438,self,standard,pooled,2024-07-19
I01439,O01439,K0146,P025,S01461,E01439,self,standard,dedicated,2024-07-28
I01440,O01440,K0265,P019,S02651,E01440,on-site,standard,dedicated,2024-08-30
I01441,O01441,K0180,P037,S01801,E01441,self,standard,pooled,2025-02-16
I01442,O01442,K0080,P036,S00801,E01442,guided,premium,pooled,2025-04-18
I01443,O01443,K0137,P011,S01371,E01443,self,premium,dedicated,2024-03-28
I01444,O01444,K0063,P001,S00631,E01444,guided,standard,pooled,2024-11-26
I01445,O01445,K0227,P010,S02271,E01445,guided,standard,dedicated,2024-07-13
I01446,O01446,K0220,P020,S02201,E01446,self,standard,pooled,2024-08-26
I01447,O01447,K0272,P013,S02721,E01447,guided,premium,pooled,2024-12-24
I01448,O01448,K0068,P006,S00682,E01448,guided,none,dedicated,2024-04-30
I01449,O01449,K0511,P003,S05112,E01449,on-site,none,dedicated,2025-05-03
I01450,O01450,K0447,P002,S04472,E01450,guided,premium,dedicated,2025-03-23
I01451,O01451,K0450,P021,S04501,E01451,on-site,standard,pooled,2024-07-13
I01452,O01452,K0456,P039,S04561,E01452,guided,standard,pooled,2025-05-31
I01453,O01453,K0245,P022,S02451,E01453,guided,none,pooled,2024-04-27
I01454,O01454,K0332,P015,S03321,E01454,self,none,pooled,2024-03-25
I01455,O01455,K0247,P020,S02471,E01455,on-site,standard,dedicated,2024-04-15
I01456,O01456,K0281,P016,S02811,E01456,on-site,premium,pooled,2024-05-08
I01457,O01457,K0474,P007,S04741,E01457,guided,none,pooled,2024-04-30
I01458,O01458,K0467,P008,S04673,E01458,guided,none,dedicated,2024-02-15
I01459,O01459,K0451,P016,S04511,E01459,guided,standard,pooled,2024-09-10
I01460,O01460,K0435,P004,S04351,E01460,self,none,dedicated,2025-02-07
I01461,O01461,K0301,P007,S03011,E01461,on-site,premium,dedicated,2025-01-27
I01462,O01462,K0106,P021,S01061,E01462,self,premium,dedicated,2025-02-25
I01463,O01463,K0008,P004,S00081,E01463,on-site,standard,dedicated,2025-06-17
I01464,O01464,K0451,P002,S04512,E01464,guided,standard,pooled,2025-03-12
I01465,O01465,K0285,P040,S02851,E01465,guided,standard,pooled,2025-05-08
I01466,O01466,K0297,P025,S02971,E01466,on-site,standard,pooled,2024-12-22
I01467,O01467,K0516,P019,S05161,E01467,guided,premium,dedicated,2025-07-14
I01468,O01468,K0181,P005,S01812,E01468,self,premium,dedicated,2025-07-30
I01469,O01469,K0517,P034,S05172,E01469,self,none,dedicated,2024-07-21
I01470,O01470,K0080,P027,S00801,E01470,on-site,premium,dedicated,2024-09-04
I01471,O01471,K0218,P041,S02182,E01471,guided,none,dedicated,2024-08-31
I01472,O01472,K0277,P038,S02771,E01472,self,premium,dedicated,2025-05-17
I01473,O01473,K0266,P041,S02662,E01473,guided,none,dedicated,2024-11-28
I01474,O01474,K0034,P042,S00343,E01474,guided,standard,dedicated,2025-03-19
I01475,O01475,K0095,P002,S00951,E01475,guided,none,pooled,2025-04-16
I01476,O01476,K0312,P001,S03121,E01476,on-site,premium,pooled,2025-05-01
I01477,O01477,K0062,P038,S00623,E01477,guided,premium,pooled,2024-08-27
I01478,O01478,K0473,P036,S04731,E01478,guided,standard,pooled,2024-11-03
I01479,O01479,K0280,P004,S02801,E01479,on-site,standard,pooled,2024-12-10
I01480,O01480,K0285,P026,S02851,E01480,on-site,none,dedicated,2025-02-08
I01481,O01481,K0138,P028,S01382,E01481,self,premium,dedicated,2024-03-05
I01482,O01482,K0519,P013,S05191,E01482,guided,none,dedicated,2024-11-07
I01483,O01483,K0108,P028,S01082,E01483,guided,premium,dedicated,2024-04-18
I01484,O01484,K0515,P038,S05152,E01484,guided,none,dedicated,2024-04-30
I01485,O01485,K0380,P030,S03803,E01485,on-site,none,pooled,2025-05-02
I01486,O01486,K0324,P036,S03241,E01486,on-site,standard,pooled,2024-12-15
I01487,O01487,K0013,P010,S00132,E01487,guided,standard,pooled,2024-07-10
I01488,O01488,K0335,P029,S03351,E01488,on-site,standard,pooled,2024-12-22
I01489,O01489,K0137,P026,S01372,E01489,self,none,dedicated,2024-02-21
I01490,O01490,K0132,P007,S01321,E01490,guided,none,dedicated,2025-01-12
I01491,O01491,K0427,P034,S04271,E01491,guided,none,dedicated,2024-08-01
I01492,O01492,K0231,P009,S02311,E01492,on-site,premium,pooled,2024-10-09
I01493,O01493,K0074,P018,S00742,E01493,on-site,standard,pooled,2025-05-17
I01494,O01494,K0456,P039,S04561,E01494,on-site,none,pooled,2025-02-27
I01495,O01495,K0319,P022,S03191,E01495,self,standard,pooled,2025-06-07
I01496,O01496,K0465,P028,S04651,E01496,guided,none,dedicated,2024-02-17
I01497,O01497,K0501,P030,S05012,E01497,self,standard,pooled,2025-01-07
I01498,O01498,K0140,P028,S01401,E01498,on-site,none,dedicated,2025-06-11
I01499,O01499,K0165,P038,S01651,E01499,self,standard,dedicated,2025-01-09
I01500,O01500,K0411,P026,S04111,E01500,self,standard,pooled,2024-03-14
I01501,O01501,K0260,P038,S02601,E01501,on-site,premium,pooled,2025-04-19
I01502,O01502,K0266,P026,S02662,E01502,self,none,dedicated,2024-08-20
I01503,O01503,K0117,P021,S01171,E01503,guided,standard,pooled,2025-06-30
I01504,O01504,K0478,P008,S04783,E01504,guided,standard,pooled,2024-06-09
I01505,O01505,K0214,P038,S02142,E01505,guided,none,pooled,2025-02-12
I01506,O01506,K0327,P024,S03271,E01506,on-site,none,dedicated,2025-01-25
I01507,O01507,K0457,P042,S04571,E01507,guided,premium,dedicated,2025-03-26
I01508,O01508,K0338,P003,S03381,E01508,guided,standard,dedicated,2025-04-06
I01509,O01509,K0426,P009,S04263,E01509,self,premium,dedicated,2025-03-14
I01510,O01510,K0120,P033,S01201,E01510,on-site,none,pooled,2025-03-25
I01511,O01511,K0291,P034,S02913,E01511,guided,standard,dedicated,2025-06-27
I01512,O01512,K0478,P034,S04782,E01512,on-site,none,dedicated,2025-03-31
I01513,O01513,K0357,P029,S03571,E01513,guided,none,pooled,2024-04-24
I01514,O01514,K0296,P042,S02961,E01514,guided,standard,dedicated,2024-05-06
I01515,O01515,K0068,P025,S00682,E01515,on-site,none,pooled,2025-04-17
I01516,O01516,K0490,P014,S04901,E01516,on-site,standard,dedicated,2025-04-21
I01517,O01517,K0474,P038,S04741,E01517,self,premium,pooled,2024-12-08
I01518,O01518,K0060,P010,S00601,E01518,on-site,none,pooled,2024-11-28
I01519,O01519,K0218,P033,S02181,E01519,self,standard,dedicated,2024-04-06
I01520,O01520,K0330,P025,S03302,E01520,guided,standard,pooled,2025-02-11
I01521,O01521,K0108,P024,S01081,E01521,on-site,standard,dedicated,2025-02-11
I01522,O01522,K0023,P030,S00231,E01522,on-site,standard,dedicated,2024-10-02
I01523,O01523,K0206,P037,S02061,E01523,guided,premium,dedicated,2024-03-08
I01524,O01524,K0438,P002,S04381,E01524,guided,none,pooled,2024-05-27
I01525,O01525,K0148,P006,S01481,E01525,on-site,standard,pooled,2024-05-01
I01526,O01526,K0412,P021,S04122,E01526,guided,standard,pooled,2024-12-25
I01527,O01527,K0422,P035,S04221,E01527,guided,standard,dedicated,2024-11-27
I01528,O01528,K0519,P009,S05191,E01528,on-site,standard,dedicated,2024-09-13
I01529,O01529,K0157,P007,S01571,E01529,self,premium,dedicated,2025-03-26
I01530,O01530,K0157,P042,S01571,E01530,self,standard,dedicated,2025-01-03
I01531,O01531,K0141,P011,S01411,E01531,on-site,standard,dedicated,2024-08-21
I01532,O01532,K0247,P006,S02471,E01532,self,standard,dedicated,2024-11-08
I01533,O01533,K0041,P040,S00411,E01533,on-site,standard,pooled,2025-03-16
I01534,O01534,K0141,P018,S01411,E01534,on-site,premium,dedicated,2025-06-19
I01535,O01535,K0110,P016,S01101,E01535,guided,none,dedicated,2024-07-21
I01536,O01536,K0008,P020,S00081,E01536,on-site,premium,pooled,2025-05-18
I01537,O01537,K0021,P016,S00211,E01537,on-site,standard,pooled,2024-07-17
I01538,O01538,K0273,P009,S02731,E01538,self,standard,pooled,2025-07-21
I01539,O01539,K0149,P019,S01493,E01539,on-site,standard,pooled,2024-09-14
I01540,O01540,K0322,P022,S03221,E01540,self,none,pooled,2024-09-18
I01541,O01541,K0080,P002,S00802,E01541,guided,none,dedicated,2025-02-01
I01542,O01542,K0423,P041,S04233,E01542,on-site,none,dedicated,2025-04-07
I01543,O01543,K0467,P026,S04671,E01543,self,none,dedicated,2025-03-10
I01544,O01544,K0349,P031,S03491,E01544,guided,standard,pooled,2025-01-23
I01545,O01545,K0418,P013,S04181,E01545,guided,standard,pooled,2024-05-04
I01546,O01546,K0486,P010,S04862,E01546,self,standard,pooled,2025-05-22
I01547,O01547,K0044,P039,S00442,E01547,guided,none,pooled,2024-11-04
I01548,O01548,K0038,P041,S00382,E01548,self,none,dedicated,2024-07-21
I01549,O01549,K0434,P019,S04341,E01549,self,none,pooled,2025-08-23
I01550,O01550,K0244,P014,S02441,E01550,on-site,premium,dedicated,2025-01-25
I01551,O01551,K0098,P025,S00982,E01551,guided,standard,pooled,2024-12-26
I01552,O01552,K0451,P013,S04512,E01552,guided,none,dedicated,2025-04-18
I01553,O01553,K0003,P004,S00032,E01553,on-site,none,dedicated,2024-12-24
I01554,O01554,K0336,P023,S03361,E01554,guided,standard,dedicated,2024-03-31
I01555,O01555,K0256,P037,S02562,E01555,guided,premium,pooled,2025-06-13
I01556,O01556,K0085,P013,S00851,E01556,guided,premium,dedicated,2024-05-02
I01557,O01557,K0156,P012,S01561,E01557,guided,standard,pooled,2025-01-18
I01558,O01558,K0183,P029,S01831,E01558,self,standard,pooled,2025-05-17
I01559,O01559,K0282,P038,S02821,E01559,guided,premium,dedicated,2024-11-03
I01560,O01560,K0356,P028,S03561,E01560,self,standard,dedicated,2024-02-01
I01561,O01561,K0350,P005,S03501,E01561,on-site,standard,pooled,2025-05-19
I01562,O01562,K0300,P013,S03002,E01562,on-site,standard,dedicated,2024-03-22
I01563,O01563,K0259,P012,S02592,E01563,self,premium,dedicated,2025-08-20
I01564,O01564,K0224,P025,S02242,E01564,on-site,standard,pooled,2025-03-09
I01565,O01565,K0278,P025,S02781,E01565,self,standard,dedicated,2025-05-23
I01566,O01566,K0036,P034,S00362,E01566,guided,standard,pooled,2024-10-12
I01567,O01567,K0189,P010,S01892,E01567,guided,standard,dedicated,2024-10-31
I01568,O01568,K0431,P007,S04311,E01568,on-site,standard,pooled,2024-09-04
I01569,O01569,K0235,P003,S02353,E01569,guided,none,dedicated,2024-03-09
I01570,O01570,K0176,P026,S01761,E01570,guided,standard,dedicated,2025-03-03
I01571,O01571,K0166,P002,S01661,E01571,on-site,none,pooled,2025-01-31
I01572,O01572,K0381,P009,S03812,E01572,guided,standard,pooled,2025-02-15
I01573,O01573,K0409,P031,S04091,E01573,on-site,none,dedicated,2025-03-31
I01574,O01574,K0515,P002,S05151,E01574,self,premium,dedicated,2025-07-27
I01575,O01575,K0415,P042,S04151,E01575,self,standard,pooled,2025-02-13
I01576,O01576,K0473,P004,S04731,E01576,self,none,pooled,2024-10-13
I01577,O01577,K0005,P028,S00052,E01577,on-site,none,dedicated,2024-08-10
I01578,O01578,K0179,P036,S01791,E01578,self,none,dedicated,2024-05-11
I01579,O01579,K0362,P020,S03622,E01579,self,premium,dedicated,2024-06-25
I01580,O01580,K0084,P004,S00841,E01580,on-site,premium,pooled,2024-09-19
I01581,O01581,K0278,P039,S02781,E01581,self,premium,dedicated,2024-11-17
I01582,O01582,K0394,P007,S03941,E01582,guided,standard,pooled,2025-02-18
I01583,O01583,K0462,P012,S04621,E01583,on-site,standard,pooled,2025-06-14
I01584,O01584,K0492,P014,S04921,E01584,on-site,standard,dedicated,2024-05-05
I01585,O01585,K0415,P042,S04153,E01585,on-site,standard,dedicated,2024-03-19
I01586,O01586,K0497,P017,S04972,E01586,self,none,pooled,2024-06-04
I01587,O01587,K0366,P026,S03661,E01587,on-site,standard,dedicated,2025-01-12
I01588,O01588,K0041,P009,S00411,E01588,self,premium,pooled,2025-01-02
I01589,O01589,K0382,P007,S03821,E01589,self,standard,pooled,2024-06-23
I01590,O01590,K0074,P034,S00742,E01590,on-site,none,dedicated,2024-11-29
I01591,O01591,K0354,P010,S03542,E01591,guided,standard,pooled,2024-05-05
I01592,O01592,K0371,P032,S03711,E01592,self,standard,pooled,2025-07-30
I01593,O01593,K0134,P005,S01342,E01593,guided,standard,pooled,2024-06-02
I01594,O01594,K0421,P029,S04211,E01594,on-site,standard,dedicated,2024-06-02
I01595,O01595,K0389,P024,S03892,E01595,self,standard,dedicated,2024-10-14
I01596,O01596,K0235,P011,S02351,E01596,guided,standard,dedicated,2024-04-26
I01597,O01597,K0480,P011,S04801,E01597,on-site,none,pooled,2025-04-11
I01598,O01598,K0304,P035,S03041,E01598,self,standard,pooled,2025-01-03
I01599,O01599,K0368,P003,S03681,E01599,on-site,standard,dedicated,2025-03-12
I01600,O01600,K0273,P023,S02731,E01600,on-site,premium,pooled,2025-03-25
I01601,O01601,K0422,P026,S04222,E01601,guided,standard,dedicated,2025-07-15
I01602,O01602,K0511,P036,S05112,E01602,guided,standard,pooled,2024-07-25
I01603,O01603,K0407,P030,S04071,E01603,on-site,standard,dedicated,2024-07-07
I01604,O01604,K0095,P037,S00951,E01604,on-site,standard,pooled,2024-07-27
I01605,O01605,K0506,P017,S05062,E01605,guided,none,pooled,2024-05-22
I01606,O01606,K0168,P026,S01681,E01606,self,premium,pooled,2024-07-31
I01607,O01607,K0454,P005,S04541,E01607,on-site,none,dedicated,2025-03-17
I01608,O01608,K0389,P001,S03892,E01608,self,standard,pooled,2024-11-22
I01609,O01609,K0310,P014,S03102,E01609,guided,none,dedicated,2024-12-19
I01610,O01610,K0180,P017,S01802,E01610,self,standard,dedicated,2024-04-21
I01611,O01611,K0319,P009,S03191,E01611,on-site,standard,dedicated,2025-05-24
I01612,O01612,K0290,P006,S02901,E01612,guided,standard,dedicated,2025-05-24
I01613,O01613,K0373,P025,S03731,E01613,on-site,none,dedicated,2024-09-17
I01614,O01614,K0411,P018,S04111,E01614,guided,standard,dedicated,2025-03-09
I01615,O01615,K0141,P042,S01411,E01615,self,standard,pooled,2025-05-14
I01616,O01616,K0034,P005,S00341,E01616,guided,standard,dedicated,2024-05-07
I01617,O01617,K0339,P008,S03391,E01617,on-site,none,dedicated,2025-08-19
I01618,O01618,K0092,P011,S00921,E01618,guided,premium,dedicated,2025-04-25
I01619,O01619,K0229,P019,S02291,E01619,on-site,premium,dedicated,2025-05-27
I01620,O01620,K0337,P016,S03373,E01620,on-site,standard,pooled,2024-11-03
I01621,O01621,K0223,P025,S02231,E01621,self,none,pooled,2025-06-19
I01622,O01622,K0156,P002,S01561,E01622,self,none,pooled,2024-07-03
I01623,O01623,K0376,P015,S03761,E01623,self,none,dedicated,2025-02-25
I01624,O01624,K0060,P029,S00601,E01624,self,premium,pooled,2024-10-20
I01625,O01625,K0084,P010,S00841,E01625,self,standard,pooled,2025-02-18
I01626,O01626,K0400,P035,S04001,E01626,self,premium,dedicated,2024-10-12
I01627,O01627,K0506,P004,S05061,E01627,on-site,standard,dedicated,2024-08-05
I01628,O01628,K0380,P002,S03801,E01628,on-site,none,pooled,2024-12-04
I01629,O01629,K0105,P031,S01051,E01629,on-site,premium,dedicated,2024-12-21
I01630,O01630,K0509,P024,S05092,E01630,on-site,standard,dedicated,2024-06-03
I01631,O01631,K0290,P010,S02901,E01631,self,none,dedicated,2024-10-01
I01632,O01632,K0016,P026,S00161,E01632,guided,standard,pooled,2025-06-22
I01633,O01633,K0483,P010,S04831,E01633,self,standard,pooled,2024-09-23
I01634,O01634,K0456,P042,S04561,E01634,on-site,premium,dedicated,2024-10-02
I01635,O01635,K0454,P006,S04541,E01635,self,none,pooled,2025-04-24
I01636,O01636,K0416,P028,S04161,E01636,guided,none,pooled,2025-02-07
I01637,O01637,K0416,P018,S04161,E01637,guided,standard,dedicated,2024-10-27
I01638,O01638,K0092,P010,S00921,E01638,guided,premium,dedicated,2024-06-12
I01639,O01639,K0269,P027,S02691,E01639,self,none,dedicated,2024-12-10
I01640,O01640,K0462,P014,S04621,E01640,on-site,standard,pooled,2025-07-27
I01641,O01641,K0086,P038,S00862,E01641,self,standard,pooled,2024-12-03
I01642,O01642,K0034,P005,S00341,E01642,on-site,none,dedicated,2025-07-31
I01643,O01643,K0162,P008,S01621,E01643,self,none,pooled,2025-01-08
I01644,O01644,K0415,P011,S04152,E01644,guided,standard,pooled,2025-02-13
I01645,O01645,K0189,P017,S01891,E01645,self,premium,dedicated,2024-12-03
I01646,O01646,K0386,P016,S03861,E01646,self,premium,pooled,2024-09-07
I01647,O01647,K0127,P011,S01271,E01647,self,none,pooled,2025-05-21
I01648,O01648,K0098,P038,S00982,E01648,on-site,premium,dedicated,2024-11-12
I01649,O01649,K0089,P034,S00892,E01649,on-site,standard,dedicated,2025-02-18
I01650,O01650,K0180,P013,S01801,E01650,self,standard,dedicated,2024-10-14
I01651,O01651,K0366,P006,S03662,E01651,guided,none,dedicated,2025-03-02
I01652,O01652,K0333,P007,S03331,E01652,guided,standard,dedicated,2024-08-10
I01653,O01653,K0403,P028,S04031,E01653,on-site,premium,pooled,2024-09-29
I01654,O01654,K0016,P030,S00161,E01654,on-site,none,dedicated,2025-01-01
I01655,O01655,K0503,P006,S05032,E01655,on-site,standard,dedicated,2025-07-29
I01656,O01656,K0129,P019,S01291,E01656,self,standard,pooled,2025-03-04
I01657,O01657,K0235,P016,S02352,E01657,self,premium,pooled,2025-03-04
I01658,O01658,K0100,P005,S01003,E01658,guided,none,dedicated,2024-04-08
I01659,O01659,K0119,P041,S01191,E01659,guided,none,pooled,2024-12-18
I01660,O01660,K0465,P025,S04651,E01660,on-site,standard,pooled,2025-06-19
I01661,O01661,K0341,P006,S03412,E01661,self,premium,pooled,2025-05-09
I01662,O01662,K0307,P029,S03071,E01662,guided,standard,pooled,2024-07-07
I01663,O01663,K0097,P040,S00972,E01663,guided,none,dedicated,2025-06-16
I01664,O01664,K0150,P039,S01501,E01664,self,standard,pooled,2024-04-16
I01665,O01665,K0508,P039,S05081,E01665,guided,premium,dedicated,2025-01-14
I01666,O01666,K0033,P003,S00331,E01666,guided,standard,dedicated,2025-06-24
I01667,O01667,K0056,P026,S00562,E01667,self,none,dedicated,2025-06-13
I01668,O01668,K0474,P034,S04741,E01668,guided,premium,dedicated,2024-06-24
I01669,O01669,K0077,P010,S00771,E01669,guided,standard,dedicated,2025-05-17
I01670,O01670,K0114,P039,S01142,E01670,guided,standard,dedicated,2025-01-01
I01671,O01671,K0236,P021,S02361,E01671,on-site,standard,pooled,2024-04-15
I01672,O01672,K0499,P034,S04991,E01672,guided,none,pooled,2024-04-29
I01673,O01673,K0354,P002,S03541,E01673,self,none,dedicated,2024-12-29
I01674,O01674,K0107,P019,S01071,E01674,on-site,standard,dedicated,2025-04-30
I01675,O01675,K0135,P022,S01352,E01675,guided,none,pooled,2024-12-15
I01676,O01676,K0086,P042,S00862,E01676,on-site,premium,dedicated,2024-10-15
I01677,O01677,K0084,P042,S00842,E01677,guided,premium,dedicated,2025-05-09
I01678,O01678,K0438,P010,S04381,E01678,on-site,none,pooled,2025-01-31
I01679,O01679,K0509,P022,S05091,E01679,self,standard,dedicated,2024-04-12
I01680,O01680,K0432,P017,S04321,E01680,guided,standard,dedicated,2024-12-21
I01681,O01681,K0028,P017,S00281,E01681,on-site,standard,dedicated,2025-03-29
I01682,O01682,K0356,P031,S03562,E01682,self,standard,pooled,2025-03-06
I01683,O01683,K0161,P018,S01611,E01683,guided,standard,pooled,2024-03-05
I01684,O01684,K0261,P024,S02611,E01684,guided,standard,dedicated,2024-03-30
I01685,O01685,K0486,P013,S04861,E01685,on-site,standard,dedicated,2025-03-09
I01686,O01686,K0086,P024,S00861,E01686,self,standard,pooled,2024-04-10
I01687,O01687,K0430,P022,S04301,E01687,on-site,premium,pooled,2024-12-03
I01688,O01688,K0283,P013,S02831,E01688,on-site,premium,pooled,2024-09-25
I01689,O01689,K0324,P006,S03241,E01689,self,standard,dedicated,2024-03-24
I01690,O01690,K0410,P038,S04102,E01690,guided,none,dedicated,2025-03-08
I01691,O01691,K0300,P025,S03003,E01691,on-site,premium,pooled,2024-05-25
I01692,O01692,K0271,P017,S02711,E01692,on-site,standard,dedicated,2024-06-07
I01693,O01693,K0260,P025,S02601,E01693,self,premium,dedicated,2024-09-26
I01694,O01694,K0158,P018,S01581,E01694,on-site,standard,dedicated,2025-03-22
I01695,O01695,K0168,P029,S01681,E01695,self,none,pooled,2024-12-30
I01696,O01696,K0267,P024,S02671,E01696,on-site,standard,dedicated,2025-05-11
I01697,O01697,K0360,P012,S03603,E01697,guided,none,dedicated,2025-05-13
I01698,O01698,K0054,P019,S00542,E01698,guided,standard,pooled,2024-11-18
I01699,O01699,K0124,P037,S01242,E01699,self,none,pooled,2025-02-11
I01700,O01700,K0112,P035,S01122,E01700,on-site,none,dedicated,2024-04-11
I01701,O01701,K0513,P033,S05131,E01701,on-site,standard,dedicated,2024-07-02
I01702,O01702,K0307,P040,S03071,E01702,guided,premium,dedicated,2025-02-14
I01703,O01703,K0181,P019,S01813,E01703,guided,standard,pooled,2024-08-27
I01704,O01704,K0035,P038,S00352,E01704,guided,standard,pooled,2024-04-01
I01705,O01705,K0071,P030,S00711,E01705,on-site,none,pooled,2024-03-28
I01706,O01706,K0192,P012,S01921,E01706,on-site,standard,dedicated,2025-07-10
I01707,O01707,K0439,P042,S04392,E01707,self,standard,pooled,2024-08-22
I01708,O01708,K0171,P032,S01711,E01708,on-site,standard,pooled,2025-04-27
I01709,O01709,K0394,P016,S03941,E01709,on-site,standard,pooled,2025-01-11
I01710,O01710,K0067,P003,S00671,E01710,self,standard,pooled,2024-05-30
I01711,O01711,K0105,P019,S01051,E01711,on-site,none,pooled,2024-11-09
I01712,O01712,K0223,P034,S02231,E01712,guided,none,dedicated,2024-04-11
I01713,O01713,K0060,P033,S00601,E01713,self,standard,pooled,2025-01-04
I01714,O01714,K0131,P033,S01311,E01714,guided,none,pooled,2024-05-24
I01715,O01715,K0474,P024,S04741,E01715,self,none,dedicated,2024-09-05
I01716,O01716,K0485,P018,S04853,E01716,self,standard,pooled,2025-06-08
I01717,O01717,K0454,P013,S04541,E01717,guided,premium,dedicated,2024-12-28
I01718,O01718,K0472,P040,S04721,E01718,guided,none,dedicated,2024-03-26
I01719,O01719,K0036,P007,S00362,E01719,on-site,standard,dedicated,2024-07-04
I01720,O01720,K0080,P005,S00801,E01720,guided,standard,dedicated,2024-09-27
I01721,O01721,K0277,P005,S02771,E01721,self,none,dedicated,2024-09-21
I01722,O01722,K0509,P039,S05092,E01722,on-site,premium,dedicated,2025-04-20
I01723,O01723,K0511,P001,S05112,E01723,self,none,pooled,2025-01-07
I01724,O01724,K0146,P018,S01461,E01724,guided,standard,pooled,2025-06-16
I01725,O01725,K0291,P018,S02912,E01725,guided,standard,pooled,2025-06-19
I01726,O01726,K0389,P032,S03892,E01726,on-site,premium,dedicated,2025-01-01
I01727,O01727,K0009,P001,S00091,E01727,guided,premium,dedicated,2024-05-12
I01728,O01728,K0100,P032,S01001,E01728,guided,standard,pooled,2024-08-25
I01729,O01729,K0287,P027,S02871,E01729,self,none,pooled,2024-07-22
I01730,O01730,K0351,P038,S03511,E01730,on-site,none,pooled,2025-05-22
I01731,O01731,K0492,P021,S04921,E01731,on-site,premium,dedicated,2024-11-29
I01732,O01732,K0133,P005,S01331,E01732,on-site,standard,dedicated,2024-09-24
I01733,O01733,K0012,P005,S00121,E01733,guided,premium,pooled,2024-05-29
I01734,O01734,K0328,P010,S03281,E01734,self,standard,dedicated,2024-04-01
I01735,O01735,K0432,P024,S04321,E01735,on-site,standard,pooled,2024-09-21
I01736,O01736,K0461,P006,S04611,E01736,self,standard,dedicated,2025-01-14
I01737,O01737,K0207,P026,S02071,E01737,on-site,none,pooled,2024-04-10
I01738,O01738,K0350,P005,S03501,E01738,self,none,pooled,2024-10-04
I01739,O01739,K0040,P038,S00401,E01739,on-site,none,dedicated,2024-10-05
I01740,O01740,K0110,P014,S01101,E01740,on-site,standard,pooled,2025-03-16
I01741,O01741,K0349,P042,S03491,E01741,on-site,standard,dedicated,2024-09-23
I01742,O01742,K0075,P039,S00751,E01742,self,standard,dedicated,2025-02-02
I01743,O01743,K0193,P020,S01931,E01743,on-site,premium,dedicated,2024-05-09
I01744,O01744,K0455,P040,S04551,E01744,self,none,dedicated,2024-12-07
I01745,O01745,K0340,P026,S03401,E01745,on-site,premium,dedicated,2024-12-16
I01746,O01746,K0044,P038,S00442,E01746,guided,none,dedicated,2025-02-22
I01747,O01747,K0113,P013,S01131,E01747,on-site,none,dedicated,2025-05-22
I01748,O01748,K0155,P007,S01551,E01748,guided,standard,dedicated,2025-05-02
I01749,O01749,K0416,P037,S04161,E01749,on-site,none,dedicated,2025-03-20
I01750,O01750,K0112,P001,S01123,E01750,self,standard,pooled,2025-07-19
I01751,O01751,K0080,P004,S00801,E01751,self,standard,dedicated,2025-06-13
I01752,O01752,K0050,P037,S00503,E01752,guided,standard,pooled,2025-05-07
I01753,O01753,K0084,P002,S00842,E01753,guided,none,pooled,2025-06-18
I01754,O01754,K0485,P001,S04851,E01754,self,premium,dedicated,2024-11-21
I01755,O01755,K0033,P024,S00331,E01755,on-site,standard,pooled,2025-03-29
I01756,O01756,K0083,P019,S00831,E01756,self,standard,dedicated,2025-07-15
I01757,O01757,K0458,P028,S04581,E01757,on-site,none,pooled,2024-05-08
I01758,O01758,K0322,P015,S03222,E01758,on-site,standard,dedicated,2024-10-11
I01759,O01759,K0075,P014,S00753,E01759,self,none,dedicated,2025-01-05
I01760,O01760,K0294,P018,S02941,E01760,on-site,none,pooled,2024-10-21
I01761,O01761,K0077,P028,S00771,E01761,on-site,premium,dedicated,2024-07-09
I01762,O01762,K0484,P023,S04841,E01762,self,none,pooled,2025-04-23
I01763,O01763,K0427,P033,S04271,E01763,guided,standard,pooled,2025-02-23
I01764,O01764,K0131,P027,S01312,E01764,on-site,standard,dedicated,2024-05-01
I01765,O01765,K0354,P027,S03541,E01765,self,none,dedicated,2025-01-22
I01766,O01766,K0485,P026,S04852,E01766,guided,standard,pooled,2025-04-15
I01767,O01767,K0295,P024,S02951,E01767,guided,standard,pooled,2024-07-04
I01768,O01768,K0138,P016,S01382,E01768,self,standard,pooled,2024-04-13
I01769,O01769,K0352,P031,S03522,E01769,on-site,none,dedicated,2025-02-06
I01770,O01770,K0308,P025,S03083,E01770,guided,premium,pooled,2025-02-09
I01771,O01771,K0385,P032,S03851,E01771,guided,standard,dedicated,2024-10-04
I01772,O01772,K0324,P034,S03241,E01772,guided,none,pooled,2024-05-07
I01773,O01773,K0295,P035,S02951,E01773,on-site,premium,dedicated,2024-06-24
I01774,O01774,K0351,P001,S03511,E01774,on-site,premium,dedicated,2025-07-24
I01775,O01775,K0166,P011,S01661,E01775,self,none,dedicated,2024-12-29
I01776,O01776,K0470,P024,S04701,E01776,guided,standard,pooled,2025-03-27
I01777,O01777,K0034,P032,S00341,E01777,guided,standard,dedicated,2025-08-02
I01778,O01778,K0401,P037,S04011,E01778,on-site,standard,pooled,2024-04-19
I01779,O01779,K0038,P018,S00381,E01779,self,standard,pooled,2024-08-01
I01780,O01780,K0461,P024,S04611,E01780,self,none,pooled,2024-04-10
I01781,O01781,K0119,P029,S01192,E01781,self,standard,dedicated,2025-04-11
I01782,O01782,K0352,P018,S03523,E01782,self,standard,pooled,2025-05-18
I01783,O01783,K0281,P023,S02811,E01783,self,standard,dedicated,2024-03-11
I01784,O01784,K0186,P035,S01861,E01784,on-site,standard,pooled,2024-10-20
I01785,O01785,K0237,P023,S02371,E01785,on-site,standard,dedicated,2024-06-10
I01786,O01786,K0363,P002,S03633,E01786,self,standard,pooled,2025-05-01
I01787,O01787,K0024,P002,S00242,E01787,on-site,standard,pooled,2024-07-06
I01788,O01788,K0234,P021,S02341,E01788,guided,none,pooled,2024-10-13
I01789,O01789,K0485,P023,S04852,E01789,guided,standard,dedicated,2025-07-06
I01790,O01790,K0064,P036,S00641,E01790,guided,premium,pooled,2025-07-23
I01791,O01791,K0022,P017,S00221,E01791,on-site,premium,pooled,2024-09-17
I01792,O01792,K0367,P039,S03671,E01792,on-site,premium,dedicated,2024-06-06
I01793,O01793,K0093,P004,S00931,E01793,guided,standard,dedicated,2024-10-20
I01794,O01794,K0317,P029,S03171,E01794,self,standard,pooled,2025-01-05
I01795,O01795,K0078,P001,S00781,E01795,self,standard,dedicated,2025-05-07
I01796,O01796,K0309,P012,S03091,E01796,on-site,none,pooled,2025-09-03
I01797,O01797,K0087,P018,S00871,E01797,on-site,standard,dedicated,2024-03-31
I01798,O01798,K0405,P030,S04051,E01798,guided,standard,pooled,2024-10-04
I01799,O01799,K0357,P035,S03573,E01799,guided,standard,pooled,2025-03-15
I01800,O01800,K0312,P002,S03121,E01800,self,none,dedicated,2025-03-12
I01801,O01801,K0395,P037,S03951,E01801,on-site,premium,dedicated,2024-10-07
I01802,O01802,K0313,P017,S03131,E01802,self,premium,dedicated,2024-08-27
I01803,O01803,K0368,P025,S03681,E01803,guided,standard,dedicated,2024-04-07
I01804,O01804,K0425,P037,S04252,E01804,guided,premium,pooled,2024-08-03
I01805,O01805,K0222,P038,S02221,E01805,self,standard,dedicated,2024-06-24
I01806,O01806,K0213,P011,S02131,E01806,guided,none,pooled,2024-03-12
I01807,O01807,K0001,P031,S00012,E01807,on-site,none,pooled,2024-04-15
I01808,O01808,K0153,P024,S01531,E01808,on-site,standard,dedicated,2025-06-29
I01809,O01809,K0208,P039,S02081,E01809,on-site,premium,dedicated,2025-02-12
I01810,O01810,K0181,P002,S01813,E01810,on-site,standard,dedicated,2025-07-26
I01811,O01811,K0112,P041,S01122,E01811,on-site,none,dedicated,2024-05-25
I01812,O01812,K0385,P016,S03851,E01812,guided,standard,pooled,2024-12-03
I01813,O01813,K0067,P042,S00671,E01813,guided,standard,dedicated,2024-06-30
I01814,O01814,K0069,P001,S00691,E01814,on-site,standard,pooled,2025-02-06
I01815,O01815,K0478,P009,S04782,E01815,self,standard,pooled,2024-07-28
I01816,O01816,K0172,P040,S01721,E01816,guided,none,dedicated,2025-02-08
I01817,O01817,K0482,P040,S04821,E01817,guided,standard,pooled,2024-08-30
I01818,O01818,K0284,P025,S02841,E01818,on-site,none,pooled,2024-11-02
I01819,O01819,K0022,P006,S00221,E01819,self,standard,dedicated,2024-05-19
I01820,O01820,K0365,P033,S03651,E01820,self,premium,dedicated,2024-09-30
I01821,O01821,K0344,P001,S03441,E01821,self,none,dedicated,2025-07-24
I01822,O01822,K0267,P012,S02671,E01822,self,none,dedicated,2025-05-13
I01823,O01823,K0339,P019,S03391,E01823,on-site,none,dedicated,2025-03-02
I01824,O01824,K0401,P031,S04012,E01824,guided,none,pooled,2025-08-08
I01825,O01825,K0313,P031,S03133,E01825,self,premium,dedicated,2025-04-01
I01826,O01826,K0086,P024,S00861,E01826,guided,standard,dedicated,2024-11-05
I01827,O01827,K0343,P013,S03431,E01827,on-site,standard,dedicated,2024-06-16
I01828,O01828,K0067,P029,S00671,E01828,self,premium,pooled,2025-05-14
I01829,O01829,K0428,P002,S04281,E01829,guided,premium,pooled,2025-03-20
I01830,O01830,K0057,P039,S00571,E01830,self,standard,pooled,2025-01-13
I01831,O01831,K0436,P035,S04361,E01831,guided,premium,dedicated,2025-02-14
I01832,O01832,K0181,P034,S01811,E01832,self,none,dedicated,2025-07-05
I01833,O01833,K0189,P014,S01891,E01833,guided,none,pooled,2025-04-09
I01834,O01834,K0470,P020,S04701,E01834,on-site,standard,pooled,2024-05-19
I01835,O01835,K0337,P040,S03373,E01835,guided,standard,dedicated,2024-03-08
I01836,O01836,K0079,P024,S00792,E01836,self,standard,pooled,2025-03-07
I01837,O01837,K0514,P017,S05141,E01837,guided,standard,dedicated,2024-10-15
I01838,O01838,K0047,P035,S00471,E01838,guided,premium,dedicated,2025-04-24
I01839,O01839,K0311,P023,S03111,E01839,self,standard,dedicated,2025-06-18
I01840,O01840,K0358,P019,S03582,E01840,on-site,standard,pooled,2024-07-25
I01841,O01841,K0354,P037,S03541,E01841,on-site,standard,pooled,2024-04-24
I01842,O01842,K0393,P027,S03932,E01842,guided,premium,dedicated,2024-08-26
I01843,O01843,K0380,P037,S03801,E01843,on-site,none,pooled,2024-04-16
I01844,O01844,K0116,P040,S01161,E01844,on-site,none,pooled,2024-09-28
I01845,O01845,K0495,P003,S04951,E01845,self,standard,dedicated,2025-01-03
I01846,O01846,K0427,P010,S04271,E01846,guided,none,pooled,2024-03-31
I01847,O01847,K0167,P010,S01671,E01847,self,none,dedicated,2024-11-09
I01848,O01848,K0492,P014,S04921,E01848,on-site,standard,pooled,2025-01-10
I01849,O01849,K0334,P034,S03341,E01849,self,standard,dedicated,2024-05-08
I01850,O01850,K0454,P024,S04541,E01850,guided,none,dedicated,2024-10-23
I01851,O01851,K0149,P036,S01491,E01851,self,none,dedicated,2024-11-18
I01852,O01852,K0492,P006,S04922,E01852,guided,premium,pooled,2024-05-01
I01853,O01853,K0286,P035,S02861,E01853,guided,standard,dedicated,2024-05-21
I01854,O01854,K0365,P007,S03651,E01854,on-site,none,pooled,2025-06-06
I01855,O01855,K0245,P042,S02451,E01855,on-site,standard,pooled,2025-08-12
I01856,O01856,K0214,P031,S02141,E01856,self,standard,pooled,2025-06-28
I01857,O01857,K0067,P011,S00672,E01857,guided,standard,pooled,2025-06-16
I01858,O01858,K0432,P026,S04321,E01858,self,none,dedicated,2024-09-09
I01859,O01859,K0343,P029,S03431,E01859,self,standard,pooled,2024-07-28
I01860,O01860,K0358,P022,S03583,E01860,guided,standard,pooled,2024-11-18
I01861,O01861,K0278,P034,S02781,E01861,guided,none,dedicated,2025-02-04
I01862,O01862,K0519,P013,S05191,E01862,guided,premium,dedicated,2024-11-16
I01863,O01863,K0450,P020,S04501,E01863,on-site,none,dedicated,2025-01-16
I01864,O01864,K0311,P007,S03111,E01864,guided,standard,pooled,2024-06-13
I01865,O01865,K0195,P041,S01951,E01865,guided,none,pooled,2024-11-14
I01866,O01866,K0457,P003,S04572,E01866,on-site,standard,pooled,2024-10-11
I01867,O01867,K0423,P019,S04232,E01867,on-site,premium,pooled,2024-08-16
I01868,O01868,K0089,P020,S00892,E01868,on-site,standard,dedicated,2024-07-31
I01869,O01869,K0200,P026,S02001,E01869,guided,none,pooled,2025-01-15
I01870,O01870,K0310,P012,S03101,E01870,self,none,pooled,2024-07-05
I01871,O01871,K0021,P019,S00211,E01871,guided,standard,dedicated,2024-08-01
I01872,O01872,K0081,P013,S00811,E01872,guided,standard,dedicated,2025-07-09
I01873,O01873,K0053,P016,S00531,E01873,guided,standard,pooled,2024-05-08
I01874,O01874,K0249,P035,S02491,E01874,self,none,pooled,2024-10-30
I01875,O01875,K0119,P023,S01191,E01875,self,premium,dedicated,2024-04-08
I01876,O01876,K0426,P019,S04261,E01876,on-site,standard,pooled,2025-05-03
I01877,O01877,K0390,P038,S03901,E01877,guided,none,pooled,2025-06-21
I01878,O01878,K0300,P009,S03003,E01878,on-site,premium,dedicated,2024-12-04
I01879,O01879,K0081,P003,S00811,E01879,self,premium,pooled,2025-05-22
I01880,O01880,K0251,P041,S02512,E01880,self,standard,dedicated,2024-10-01
I01881,O01881,K0458,P029,S04581,E01881,self,premium,pooled,2024-04-29
I01882,O01882,K0246,P041,S02462,E01882,self,premium,dedicated,2025-03-06
I01883,O01883,K0167,P035,S01671,E01883,guided,standard,dedicated,2025-04-18
I01884,O01884,K0067,P013,S00672,E01884,guided,none,dedicated,2025-05-23
I01885,O01885,K0363,P016,S03633,E01885,on-site,standard,dedicated,2025-06-13
I01886,O01886,K0137,P029,S01371,E01886,on-site,premium,dedicated,2024-05-24
I01887,O01887,K0246,P010,S02463,E01887,guided,standard,dedicated,2025-04-30
I01888,O01888,K0024,P032,S00241,E01888,guided,standard,dedicated,2024-04-01
I01889,O01889,K0425,P009,S04251,E01889,guided,standard,dedicated,2025-07-03
I01890,O01890,K0357,P014,S03573,E01890,guided,premium,dedicated,2024-11-28
I01891,O01891,K0181,P010,S01811,E01891,self,standard,dedicated,2025-03-15
I01892,O01892,K0413,P033,S04131,E01892,self,none,dedicated,2024-09-30
I01893,O01893,K0266,P039,S02662,E01893,guided,standard,dedicated,2025-03-07
I01894,O01894,K0189,P032,S01891,E01894,guided,premium,pooled,2025-05-25
I01895,O01895,K0297,P003,S02971,E01895,guided,standard,dedicated,2025-01-16
I01896,O01896,K0448,P010,S04482,E01896,on-site,none,dedicated,2024-11-28
I01897,O01897,K0155,P008,S01551,E01897,on-site,standard,pooled,2025-03-17
I01898,O01898,K0136,P010,S01363,E01898,self,standard,pooled,2025-01-02
I01899,O01899,K0389,P002,S03893,E01899,self,premium,pooled,2025-07-17
I01900,O01900,K0355,P022,S03553,E01900,self,standard,dedicated,2025-03-22
I01901,O01901,K0369,P013,S03691,E01901,guided,none,dedicated,2024-05-03
I01902,O01902,K0106,P007,S01063,E01902,self,standard,dedicated,2024-05-08
I01903,O01903,K0162,P020,S01621,E01903,guided,none,pooled,2024-08-11
I01904,O01904,K0163,P028,S01631,E01904,on-site,none,dedicated,2024-05-30
I01905,O01905,K0077,P015,S00771,E01905,on-site,premium,pooled,2024-04-24
I01906,O01906,K0500,P023,S05001,E01906,guided,standard,dedicated,2025-03-13
I01907,O01907,K0187,P001,S01871,E01907,on-site,premium,pooled,2024-05-07
I01908,O01908,K0362,P029,S03622,E01908,guided,standard,dedicated,2024-02-27
I01909,O01909,K0235,P009,S02353,E01909,guided,none,dedicated,2024-06-01
I01910,O01910,K0004,P019,S00041,E01910,guided,standard,dedicated,2025-05-03
I01911,O01911,K0299,P020,S02991,E01911,guided,standard,dedicated,2024-11-05
I01912,O01912,K0105,P025,S01052,E01912,guided,none,dedicated,2024-03-09
I01913,O01913,K0447,P016,S04472,E01913,on-site,standard,pooled,2024-06-14
I01914,O01914,K0271,P020,S02712,E01914,guided,standard,dedicated,2024-04-04
I01915,O01915,K0235,P014,S02352,E01915,on-site,standard,dedicated,2024-06-06
I01916,O01916,K0223,P034,S02231,E01916,guided,none,dedicated,2024-12-20
I01917,O01917,K0452,P038,S04521,E01917,guided,standard,dedicated,2024-03-05
I01918,O01918,K0194,P023,S01941,E01918,guided,premium,dedicated,2025-01-03
I01919,O01919,K0181,P013,S01812,E01919,on-site,standard,pooled,2025-08-13
I01920,O01920,K0339,P007,S03392,E01920,on-site,none,dedicated,2024-10-08
I01921,O01921,K0074,P027,S00742,E01921,on-site,premium,dedicated,2024-07-19
I01922,O01922,K0482,P021,S04821,E01922,on-site,none,pooled,2025-06-10
I01923,O01923,K0159,P037,S01592,E01923,on-site,standard,dedicated,2025-04-15
I01924,O01924,K0203,P007,S02031,E01924,self,none,pooled,2024-07-01
I01925,O01925,K0419,P036,S04192,E01925,self,standard,pooled,2024-04-10
I01926,O01926,K0432,P038,S04321,E01926,guided,premium,pooled,2025-04-28
I01927,O01927,K0185,P042,S01851,E01927,guided,none,dedicated,2025-03-05
I01928,O01928,K0341,P027,S03412,E01928,on-site,none,pooled,2025-03-26
I01929,O01929,K0363,P035,S03631,E01929,on-site,standard,dedicated,2024-04-01
I01930,O01930,K0253,P027,S02532,E01930,self,standard,dedicated,2024-08-19
I01931,O01931,K0045,P033,S00451,E01931,self,none,pooled,2025-02-07
I01932,O01932,K0328,P015,S03281,E01932,guided,none,dedicated,2024-11-06
I01933,O01933,K0506,P025,S05061,E01933,self,none,dedicated,2024-08-03
I01934,O01934,K0137,P002,S01372,E01934,on-site,premium,pooled,2025-04-30
I01935,O01935,K0066,P006,S00662,E01935,on-site,premium,dedicated,2024-06-24
I01936,O01936,K0403,P038,S04031,E01936,guided,none,pooled,2024-04-10
I01937,O01937,K0426,P015,S04262,E01937,guided,none,pooled,2024-11-28
I01938,O01938,K0319,P020,S03191,E01938,guided,standard,dedicated,2024-07-10
I01939,O01939,K0294,P029,S02941,E01939,on-site,standard,pooled,2024-07-22
I01940,O01940,K0119,P024,S01191,E01940,on-site,standard,pooled,2024-09-06
I01941,O01941,K0396,P035,S03961,E01941,self,premium,dedicated,2025-03-22
I01942,O01942,K0431,P040,S04312,E01942,guided,premium,dedicated,2025-06-28
I01943,O01943,K0276,P025,S02761,E01943,self,standard,dedicated,2025-07-22
I01944,O01944,K0141,P027,S01411,E01944,guided,premium,dedicated,2025-06-25
I01945,O01945,K0131,P035,S01312,E01945,guided,standard,pooled,2025-04-19
I01946,O01946,K0337,P042,S03372,E01946,on-site,standard,pooled,2025-04-24
I01947,O01947,K0422,P002,S04221,E01947,self,premium,pooled,2024-09-27
I01948,O01948,K0471,P013,S04712,E01948,guided,standard,pooled,2024-03-23
I01949,O01949,K0136,P015,S01362,E01949,self,none,dedicated,2024-09-10
I01950,O01950,K0356,P010,S03562,E01950,guided,premium,dedicated,2024-04-17
I01951,O01951,K0173,P042,S01732,E01951,guided,none,pooled,2024-06-14
I01952,O01952,K0287,P004,S02871,E01952,on-site,none,pooled,2025-07-03
I01953,O01953,K0518,P021,S05181,E01953,self,none,dedicated,2025-08-05
I01954,O01954,K0501,P032,S05012,E01954,guided,standard,pooled,2024-10-04
I01955,O01955,K0185,P027,S01851,E01955,on-site,standard,dedicated,2024-08-28
I01956,O01956,K0275,P042,S02751,E01956,guided,premium,dedicated,2024-09-06
I01957,O01957,K0058,P032,S00582,E01957,self,premium,pooled,2025-02-25
I01958,O01958,K0119,P021,S01191,E01958,guided,standard,dedicated,2024-05-07
I01959,O01959,K0068,P042,S00682,E01959,self,standard,dedicated,2025-07-03
I01960,O01960,K0045,P001,S00451,E01960,self,premium,pooled,2024-07-17
I01961,O01961,K0312,P022,S03123,E01961,on-site,standard,pooled,2025-01-04
I01962,O01962,K0337,P029,S03372,E01962,self,none,pooled,2024-10-29
I01963,O01963,K0350,P010,S03501,E01963,guided,premium,pooled,2025-05-17
I01964,O01964,K0413,P006,S04131,E01964,self,none,dedicated,2024-04-23
I01965,O01965,K0179,P007,S01791,E01965,self,standard,dedicated,2025-05-19
I01966,O01966,K0160,P017,S01601,E01966,guided,none,dedicated,2025-03-26
I01967,O01967,K0389,P003,S03892,E01967,self,premium,pooled,2024-08-19
I01968,O01968,K0243,P019,S02431,E01968,guided,none,pooled,2024-08-07
I01969,O01969,K0341,P014,S03412,E01969,guided,standard,dedicated,2025-04-11
I01970,O01970,K0410,P008,S04103,E01970,on-site,none,pooled,2025-04-27
I01971,O01971,K0310,P019,S03102,E01971,self,standard,dedicated,2025-03-08
I01972,O01972,K0390,P030,S03901,E01972,on-site,standard,dedicated,2025-05-24
I01973,O01973,K0197,P002,S01971,E01973,on-site,standard,dedicated,2025-03-03
I01974,O01974,K0242,P036,S02422,E01974,on-site,standard,pooled,2024-11-04
I01975,O01975,K0434,P011,S04341,E01975,on-site,none,pooled,2024-12-10
I01976,O01976,K0307,P023,S03071,E01976,self,premium,pooled,2024-09-08
I01977,O01977,K0266,P036,S02661,E01977,guided,standard,pooled,2025-03-14
I01978,O01978,K0393,P031,S03931,E01978,self,standard,dedicated,2025-03-30
I01979,O01979,K0481,P042,S04811,E01979,guided,none,dedicated,2024-11-13
I01980,O01980,K0043,P007,S00432,E01980,guided,premium,dedicated,2024-04-07
I01981,O01981,K0429,P009,S04291,E01981,on-site,standard,pooled,2024-11-17
I01982,O01982,K0061,P019,S00611,E01982,guided,standard,dedicated,2024-11-23
I01983,O01983,K0183,P018,S01831,E01983,self,none,pooled,2024-10-18
I01984,O01984,K0168,P009,S01681,E01984,self,none,pooled,2024-03-04
I01985,O01985,K0247,P030,S02471,E01985,guided,premium,pooled,2025-06-10
I01986,O01986,K0122,P029,S01221,E01986,guided,premium,pooled,2024-11-14
I01987,O01987,K0394,P011,S03942,E01987,on-site,none,pooled,2025-01-11
I01988,O01988,K0407,P001,S04072,E01988,guided,none,pooled,2024-09-15
I01989,O01989,K0079,P024,S00791,E01989,on-site,none,pooled,2024-07-14
I01990,O01990,K0253,P029,S02532,E01990,on-site,premium,dedicated,2025-04-19
I01991,O01991,K0233,P028,S02331,E01991,self,premium,dedicated,2024-06-27
I01992,O01992,K0327,P006,S03271,E01992,self,premium,dedicated,2024-04-03
I01993,O01993,K0506,P033,S05062,E01993,guided,none,pooled,2024-05-12
I01994,O01994,K0003,P039,S00031,E01994,guided,premium,pooled,2025-07-14
I01995,O01995,K0325,P009,S03251,E01995,guided,premium,dedicated,2024-08-27
I01996,O01996,K0303,P016,S03031,E01996,self,premium,pooled,2024-06-01
I01997,O01997,K0459,P028,S04591,E01997,guided,premium,dedicated,2024-06-29
I01998,O01998,K0191,P038,S01911,E01998,guided,standard,pooled,2024-04-28
I01999,O01999,K0218,P040,S02181,E01999,guided,standard,pooled,2024-08-20
I02000,O02000,K0443,P018,S04431,E02000,self,premium,dedicated,2024-12-03
I02001,O02001,K0250,P041,S02501,E02001,guided,standard,dedicated,2025-03-08
I02002,O02002,K0228,P027,S02282,E02002,self,none,dedicated,2024-12-31
I02003,O02003,K0448,P009,S04482,E02003,guided,none,dedicated,2024-05-09
I02004,O02004,K0356,P028,S03561,E02004,self,standard,dedicated,2024-04-24
I02005,O02005,K0176,P023,S01761,E02005,guided,standard,pooled,2025-07-16
I02006,O02006,K0064,P004,S00643,E02006,guided,standard,pooled,2024-05-02
I02007,O02007,K0484,P028,S04841,E02007,guided,premium,dedicated,2025-02-09
I02008,O02008,K0404,P003,S04041,E02008,on-site,none,dedicated,2024-10-17
I02009,O02009,K0386,P041,S03861,E02009,self,none,dedicated,2025-05-06
I02010,O02010,K0045,P014,S00451,E02010,self,standard,dedicated,2025-05-08
I02011,O02011,K0438,P016,S04381,E02011,self,standard,dedicated,2025-06-19
I02012,O02012,K0500,P020,S05001,E02012,on-site,none,dedicated,2024-05-28
I02013,O02013,K0434,P022,S04341,E02013,self,premium,pooled,2024-12-13
I02014,O02014,K0062,P007,S00621,E02014,guided,none,dedicated,2025-06-29
I02015,O02015,K0321,P007,S03211,E02015,self,none,dedicated,2024-04-19
I02016,O02016,K0020,P008,S00202,E02016,guided,standard,dedicated,2024-05-12
I02017,O02017,K0132,P036,S01321,E02017,on-site,standard,pooled,2024-08-18
I02018,O02018,K0279,P024,S02792,E02018,self,standard,pooled,2024-05-09
I02019,O02019,K0097,P024,S00972,E02019,self,premium,pooled,2025-08-04
I02020,O02020,K0472,P024,S04721,E02020,on-site,standard,dedicated,2025-05-03
I02021,O02021,K0218,P042,S02182,E02021,on-site,none,dedicated,2025-08-04
I02022,O02022,K0030,P010,S00302,E02022,on-site,standard,dedicated,2024-04-08
I02023,O02023,K0460,P020,S04601,E02023,on-site,standard,dedicated,2024-06-06
I02024,O02024,K0173,P002,S01731,E02024,self,premium,pooled,2024-12-18
I02025,O02025,K0393,P012,S03932,E02025,guided,standard,pooled,2024-06-13
I02026,O02026,K0265,P018,S02651,E02026,on-site,standard,dedicated,2024-03-01
I02027,O02027,K0194,P025,S01941,E02027,guided,standard,dedicated,2025-05-12
I02028,O02028,K0135,P024,S01351,E02028,self,none,dedicated,2025-06-28
I02029,O02029,K0308,P013,S03083,E02029,self,none,pooled,2025-06-06
I02030,O02030,K0010,P019,S00101,E02030,guided,premium,dedicated,2025-05-09
I02031,O02031,K0465,P026,S04651,E02031,guided,standard,dedicated,2024-12-17
I02032,O02032,K0310,P029,S03102,E02032,self,standard,pooled,2024-06-08
I02033,O02033,K0223,P016,S02232,E02033,on-site,standard,pooled,2024-10-07
I02034,O02034,K0029,P015,S00291,E02034,on-site,standard,pooled,2025-01-10
I02035,O02035,K0218,P008,S02182,E02035,self,standard,pooled,2024-07-29
I02036,O02036,K0389,P024,S03893,E02036,on-site,standard,dedicated,2025-05-24
I02037,O02037,K0451,P012,S04511,E02037,guided,none,pooled,2025-07-01
I02038,O02038,K0100,P030,S01002,E02038,guided,none,pooled,2024-10-20
I02039,O02039,K0075,P013,S00752,E02039,guided,none,dedicated,2024-08-27
I02040,O02040,K0518,P015,S05181,E02040,guided,standard,pooled,2024-09-04
I02041,O02041,K0278,P017,S02781,E02041,on-site,none,pooled,2024-10-19
I02042,O02042,K0095,P016,S00951,E02042,guided,none,pooled,2024-08-22
I02043,O02043,K0350,P041,S03502,E02043,self,standard,pooled,2024-09-12
I02044,O02044,K0341,P006,S03411,E02044,on-site,standard,dedicated,2025-01-15
I02045,O02045,K0217,P027,S02171,E02045,self,standard,dedicated,2025-04-08
I02046,O02046,K0394,P036,S03943,E02046,guided,premium,pooled,2024-08-22
I02047,O02047,K0419,P041,S04191,E02047,on-site,none,dedicated,2025-03-25
I02048,O02048,K0507,P030,S05071,E02048,on-site,none,dedicated,2025-07-15
I02049,O02049,K0311,P022,S03111,E02049,guided,standard,pooled,2024-03-25
I02050,O02050,K0065,P019,S00651,E02050,self,premium,pooled,2024-12-24
I02051,O02051,K0050,P028,S00502,E02051,on-site,none,dedicated,2025-05-01
I02052,O02052,K0245,P040,S02451,E02052,self,premium,dedicated,2024-04-30
I02053,O02053,K0131,P014,S01311,E02053,self,standard,dedicated,2024-06-05
I02054,O02054,K0478,P007,S04783,E02054,on-site,premium,dedicated,2025-01-02
I02055,O02055,K0360,P013,S03601,E02055,self,none,dedicated,2024-07-29
I02056,O02056,K0266,P031,S02662,E02056,guided,standard,dedicated,2025-04-30
I02057,O02057,K0410,P005,S04102,E02057,guided,standard,dedicated,2024-07-06
I02058,O02058,K0287,P029,S02871,E02058,on-site,premium,pooled,2024-06-22
I02059,O02059,K0393,P008,S03931,E02059,guided,standard,pooled,2024-04-09
I02060,O02060,K0217,P020,S02171,E02060,self,standard,dedicated,2025-05-02
I02061,O02061,K0511,P015,S05112,E02061,on-site,premium,dedicated,2024-05-04
I02062,O02062,K0308,P003,S03083,E02062,guided,none,pooled,2024-06-12
I02063,O02063,K0220,P035,S02202,E02063,self,premium,dedicated,2024-11-15
I02064,O02064,K0238,P040,S02381,E02064,on-site,none,dedicated,2024-07-05
I02065,O02065,K0310,P019,S03102,E02065,on-site,standard,pooled,2025-04-18
I02066,O02066,K0115,P005,S01151,E02066,guided,standard,dedicated,2024-12-01
I02067,O02067,K0496,P010,S04961,E02067,self,standard,dedicated,2025-05-03
I02068,O02068,K0092,P024,S00921,E02068,guided,standard,dedicated,2024-04-01
I02069,O02069,K0135,P003,S01353,E02069,guided,standard,pooled,2025-03-29
I02070,O02070,K0164,P009,S01643,E02070,on-site,none,dedicated,2025-05-29
I02071,O02071,K0415,P002,S04151,E02071,on-site,premium,dedicated,2025-07-06
I02072,O02072,K0516,P025,S05162,E02072,on-site,standard,pooled,2024-11-04
I02073,O02073,K0231,P005,S02311,E02073,guided,standard,pooled,2025-05-01
I02074,O02074,K0166,P015,S01661,E02074,self,none,dedicated,2025-05-13
I02075,O02075,K0348,P031,S03481,E02075,self,standard,pooled,2024-04-01
I02076,O02076,K0461,P034,S04613,E02076,guided,none,dedicated,2025-01-01
I02077,O02077,K0340,P035,S03401,E02077,on-site,standard,dedicated,2025-05-25
I02078,O02078,K0416,P011,S04162,E02078,self,none,dedicated,2024-06-11
I02079,O02079,K0138,P029,S01382,E02079,on-site,standard,dedicated,2024-06-13
I02080,O02080,K0362,P028,S03622,E02080,on-site,standard,pooled,2025-03-26
I02081,O02081,K0325,P005,S03251,E02081,self,none,pooled,2024-05-19
I02082,O02082,K0043,P007,S00431,E02082,on-site,standard,dedicated,2024-04-23
I02083,O02083,K0064,P017,S00642,E02083,self,none,dedicated,2024-09-02
I02084,O02084,K0089,P027,S00892,E02084,on-site,none,dedicated,2025-02-08
I02085,O02085,K0072,P004,S00722,E02085,self,premium,dedicated,2024-12-19
I02086,O02086,K0264,P039,S02641,E02086,guided,premium,dedicated,2024-10-29
I02087,O02087,K0509,P029,S05091,E02087,self,standard,pooled,2025-05-07
I02088,O02088,K0137,P013,S01372,E02088,guided,premium,dedicated,2024-11-30
I02089,O02089,K0284,P001,S02842,E02089,self,standard,pooled,2025-03-20
I02090,O02090,K0296,P012,S02962,E02090,on-site,standard,dedicated,2025-03-26
I02091,O02091,K0439,P041,S04392,E02091,on-site,standard,dedicated,2024-09-26
I02092,O02092,K0110,P002,S01101,E02092,self,premium,pooled,2024-06-19
I02093,O02093,K0380,P009,S03802,E02093,self,premium,dedicated,2024-07-20
I02094,O02094,K0235,P031,S02352,E02094,guided,standard,pooled,2025-01-20
I02095,O02095,K0228,P020,S02281,E02095,self,premium,pooled,2024-10-09
I02096,O02096,K0251,P012,S02511,E02096,guided,premium,dedicated,2024-12-25
I02097,O02097,K0488,P016,S04881,E02097,on-site,standard,pooled,2025-06-17
I02098,O02098,K0454,P039,S04541,E02098,on-site,premium,dedicated,2024-04-18
I02099,O02099,K0383,P016,S03831,E02099,self,standard,dedicated,2025-05-22
I02100,O02100,K0163,P002,S01632,E02100,guided,none,pooled,2024-08-07
I02101,O02101,K0202,P038,S02021,E02101,on-site,standard,pooled,2025-03-08
I02102,O02102,K0478,P038,S04781,E02102,self,standard,pooled,2025-03-07
I02103,O02103,K0460,P029,S04601,E02103,on-site,standard,dedicated,2025-03-28
I02104,O02104,K0054,P001,S00542,E02104,guided,none,pooled,2025-02-24
I02105,O02105,K0186,P009,S01861,E02105,self,none,pooled,2025-02-17
I02106,O02106,K0075,P022,S00753,E02106,on-site,none,dedicated,2024-06-16
I02107,O02107,K0307,P027,S03071,E02107,on-site,standard,dedicated,2025-06-17
I02108,O02108,K0439,P038,S04391,E02108,self,standard,dedicated,2025-05-14
I02109,O02109,K0288,P027,S02881,E02109,self,none,dedicated,2025-07-09
I02110,O02110,K0255,P005,S02552,E02110,self,standard,dedicated,2025-07-09
I02111,O02111,K0089,P017,S00891,E02111,guided,standard,pooled,2025-08-03
I02112,O02112,K0064,P015,S00643,E02112,guided,standard,pooled,2025-06-30
I02113,O02113,K0425,P002,S04252,E02113,guided,none,pooled,2024-06-03
I02114,O02114,K0193,P035,S01932,E02114,guided,premium,dedicated,2025-02-05
I02115,O02115,K0114,P003,S01142,E02115,self,standard,pooled,2024-07-30
I02116,O02116,K0080,P007,S00802,E02116,guided,none,dedicated,2024-07-10
I02117,O02117,K0352,P032,S03523,E02117,self,none,dedicated,2025-04-19
I02118,O02118,K0105,P038,S01051,E02118,self,standard,dedicated,2024-09-30
I02119,O02119,K0312,P042,S03121,E02119,guided,premium,dedicated,2024-08-02
I02120,O02120,K0370,P014,S03701,E02120,on-site,standard,dedicated,2024-07-31
I02121,O02121,K0499,P018,S04991,E02121,on-site,standard,pooled,2024-08-15
I02122,O02122,K0262,P001,S02621,E02122,guided,none,pooled,2024-05-07
I02123,O02123,K0164,P041,S01641,E02123,on-site,premium,dedicated,2024-04-21
I02124,O02124,K0326,P038,S03261,E02124,guided,standard,pooled,2024-09-11
I02125,O02125,K0485,P033,S04851,E02125,self,premium,dedicated,2025-05-25
I02126,O02126,K0271,P028,S02713,E02126,self,premium,dedicated,2025-02-02
I02127,O02127,K0173,P021,S01732,E02127,self,none,dedicated,2025-05-27
I02128,O02128,K0312,P037,S03123,E02128,guided,standard,dedicated,2024-12-03
I02129,O02129,K0467,P042,S04671,E02129,on-site,standard,dedicated,2025-05-12
I02130,O02130,K0326,P041,S03261,E02130,guided,none,dedicated,2024-05-21
I02131,O02131,K0417,P015,S04173,E02131,on-site,premium,dedicated,2024-12-17
I02132,O02132,K0180,P012,S01801,E02132,self,premium,pooled,2025-04-25
I02133,O02133,K0223,P014,S02232,E02133,self,standard,dedicated,2024-05-02
I02134,O02134,K0086,P007,S00861,E02134,guided,standard,dedicated,2024-04-19
I02135,O02135,K0224,P031,S02242,E02135,self,standard,dedicated,2025-05-31
I02136,O02136,K0108,P003,S01081,E02136,self,standard,pooled,2024-10-20
I02137,O02137,K0295,P024,S02951,E02137,guided,none,pooled,2025-01-24
I02138,O02138,K0363,P015,S03633,E02138,self,standard,dedicated,2024-04-13
I02139,O02139,K0486,P036,S04863,E02139,guided,none,pooled,2025-02-22
I02140,O02140,K0356,P039,S03562,E02140,guided,none,pooled,2024-10-17
I02141,O02141,K0062,P042,S00622,E02141,self,standard,dedicated,2024-04-20
I02142,O02142,K0186,P040,S01861,E02142,guided,standard,pooled,2024-03-05
I02143,O02143,K0162,P002,S01621,E02143,on-site,standard,pooled,2025-01-16
I02144,O02144,K0296,P033,S02961,E02144,guided,none,pooled,2025-08-17
I02145,O02145,K0466,P023,S04661,E02145,self,standard,pooled,2024-09-20
I02146,O02146,K0314,P014,S03142,E02146,self,standard,dedicated,2024-12-06
I02147,O02147,K0398,P039,S03981,E02147,guided,standard,dedicated,2024-05-23
I02148,O02148,K0397,P038,S03971,E02148,on-site,standard,pooled,2025-06-19
I02149,O02149,K0393,P026,S03932,E02149,self,standard,dedicated,2025-06-11
I02150,O02150,K0376,P002,S03761,E02150,guided,standard,pooled,2025-04-28
I02151,O02151,K0059,P021,S00591,E02151,self,standard,dedicated,2024-08-07
I02152,O02152,K0113,P012,S01131,E02152,on-site,premium,dedicated,2025-06-11
I02153,O02153,K0242,P023,S02421,E02153,self,premium,dedicated,2024-12-26
I02154,O02154,K0446,P041,S04461,E02154,self,none,dedicated,2024-12-19
I02155,O02155,K0230,P004,S02301,E02155,self,premium,dedicated,2025-01-23
I02156,O02156,K0072,P037,S00722,E02156,guided,none,pooled,2025-05-15
I02157,O02157,K0385,P034,S03852,E02157,self,none,pooled,2024-05-03
I02158,O02158,K0362,P011,S03622,E02158,on-site,standard,pooled,2024-12-19
I02159,O02159,K0184,P009,S01841,E02159,self,none,pooled,2024-06-29
I02160,O02160,K0300,P015,S03001,E02160,guided,standard,pooled,2025-04-01
I02161,O02161,K0453,P042,S04531,E02161,on-site,none,dedicated,2024-10-22
I02162,O02162,K0396,P018,S03961,E02162,self,standard,pooled,2025-06-20
I02163,O02163,K0375,P019,S03751,E02163,on-site,premium,dedicated,2024-04-18
I02164,O02164,K0448,P012,S04482,E02164,self,none,pooled,2024-11-01
I02165,O02165,K0079,P002,S00792,E02165,guided,standard,pooled,2025-03-27
I02166,O02166,K0510,P027,S05101,E02166,guided,none,dedicated,2025-07-17
I02167,O02167,K0011,P032,S00111,E02167,guided,standard,pooled,2024-03-16
I02168,O02168,K0300,P010,S03002,E02168,on-site,standard,dedicated,2025-02-14
I02169,O02169,K0109,P018,S01091,E02169,self,premium,pooled,2025-02-19
I02170,O02170,K0306,P022,S03061,E02170,self,standard,dedicated,2024-03-14
I02171,O02171,K0242,P033,S02421,E02171,guided,standard,pooled,2024-04-14
I02172,O02172,K0227,P017,S02272,E02172,guided,standard,dedicated,2024-11-18
I02173,O02173,K0376,P006,S03761,E02173,self,standard,dedicated,2025-05-19
I02174,O02174,K0285,P021,S02851,E02174,on-site,standard,dedicated,2025-05-27
I02175,O02175,K0368,P013,S03682,E02175,self,standard,dedicated,2024-04-26
I02176,O02176,K0235,P034,S02351,E02176,guided,standard,pooled,2024-04-28
I02177,O02177,K0406,P042,S04061,E02177,self,standard,dedicated,2025-03-20
I02178,O02178,K0193,P020,S01931,E02178,on-site,standard,dedicated,2025-07-10
I02179,O02179,K0201,P026,S02011,E02179,on-site,standard,dedicated,2024-11-22
I02180,O02180,K0473,P026,S04733,E02180,on-site,standard,dedicated,2025-04-23
I02181,O02181,K0449,P019,S04493,E02181,on-site,none,pooled,2025-06-22
I02182,O02182,K0045,P020,S00451,E02182,on-site,none,dedicated,2024-02-19
I02183,O02183,K0075,P015,S00753,E02183,self,standard,pooled,2024-11-17
I02184,O02184,K0318,P032,S03181,E02184,guided,premium,dedicated,2024-07-01
I02185,O02185,K0432,P015,S04322,E02185,guided,premium,pooled,2024-08-05
I02186,O02186,K0159,P021,S01592,E02186,guided,standard,dedicated,2025-05-16
I02187,O02187,K0097,P002,S00972,E02187,guided,standard,dedicated,2024-09-19
I02188,O02188,K0385,P028,S03851,E02188,guided,none,dedicated,2025-02-09
I02189,O02189,K0447,P018,S04471,E02189,on-site,standard,dedicated,2025-03-20
I02190,O02190,K0481,P003,S04812,E02190,self,premium,dedicated,2024-10-15
I02191,O02191,K0488,P009,S04881,E02191,on-site,standard,pooled,2024-08-31
I02192,O02192,K0030,P008,S00301,E02192,guided,premium,pooled,2024-05-27
I02193,O02193,K0418,P027,S04182,E02193,on-site,standard,dedicated,2024-08-09
I02194,O02194,K0362,P025,S03622,E02194,self,standard,pooled,2025-07-26
I02195,O02195,K0144,P028,S01441,E02195,self,premium,pooled,2025-07-14
I02196,O02196,K0485,P025,S04852,E02196,on-site,none,pooled,2024-08-27
I02197,O02197,K0469,P017,S04692,E02197,self,standard,pooled,2024-12-22
I02198,O02198,K0341,P037,S03412,E02198,guided,none,pooled,2024-10-30
I02199,O02199,K0516,P018,S05162,E02199,self,none,dedicated,2025-08-11
I02200,O02200,K0459,P031,S04591,E02200,self,none,pooled,2024-04-07
I02201,O02201,K0068,P014,S00682,E02201,on-site,standard,pooled,2024-04-27
I02202,O02202,K0141,P020,S01411,E02202,self,premium,pooled,2024-07-01
I02203,O02203,K0498,P026,S04981,E02203,guided,premium,dedicated,2025-06-29
I02204,O02204,K0287,P040,S02871,E02204,on-site,standard,pooled,2025-04-04
I02205,O02205,K0517,P012,S05171,E02205,self,premium,dedicated,2024-06-02
I02206,O02206,K0294,P026,S02941,E02206,on-site,none,pooled,2025-08-04
I02207,O02207,K0085,P034,S00851,E02207,guided,standard,dedicated,2024-06-26
I02208,O02208,K0142,P033,S01422,E02208,self,standard,dedicated,2024-09-20
I02209,O02209,K0166,P014,S01661,E02209,self,none,dedicated,2025-02-16
I02210,O02210,K0079,P013,S00792,E02210,on-site,premium,dedicated,2024-12-16
I02211,O02211,K0398,P036,S03981,E02211,on-site,standard,dedicated,2025-05-20
I02212,O02212,K0195,P027,S01951,E02212,self,premium,pooled,2024-06-25
I02213,O02213,K0253,P016,S02532,E02213,guided,premium,dedicated,2025-06-12
I02214,O02214,K0264,P019,S02641,E02214,self,none,pooled,2025-07-12
I02215,O02215,K0203,P039,S02031,E02215,guided,standard,dedicated,2024-04-25
I02216,O02216,K0043,P035,S00432,E02216,self,standard,dedicated,2024-11-01
I02217,O02217,K0412,P026,S04121,E02217,guided,premium,dedicated,2024-04-15
I02218,O02218,K0380,P007,S03802,E02218,self,standard,pooled,2025-04-05
I02219,O02219,K0078,P032,S00781,E02219,on-site,premium,pooled,2024-03-17
I02220,O02220,K0155,P027,S01551,E02220,self,none,dedicated,2024-10-08
I02221,O02221,K0235,P015,S02351,E02221,on-site,premium,pooled,2024-09-29
I02222,O02222,K0328,P023,S03281,E02222,on-site,standard,pooled,2025-01-27
I02223,O02223,K0336,P015,S03361,E02223,on-site,standard,pooled,2025-05-02
I02224,O02224,K0089,P021,S00891,E02224,self,premium,dedicated,2025-02-02
I02225,O02225,K0446,P041,S04461,E02225,on-site,premium,dedicated,2025-05-15
I02226,O02226,K0367,P004,S03671,E02226,on-site,standard,dedicated,2024-05-29
I02227,O02227,K0047,P018,S00471,E02227,on-site,none,pooled,2024-09-01
I02228,O02228,K0054,P029,S00541,E02228,on-site,premium,pooled,2024-07-05
I02229,O02229,K0005,P021,S00051,E02229,guided,standard,dedicated,2025-05-11
I02230,O02230,K0441,P013,S04411,E02230,guided,standard,dedicated,2024-12-20
I02231,O02231,K0165,P009,S01651,E02231,self,standard,pooled,2024-12-05
I02232,O02232,K0338,P001,S03381,E02232,guided,none,pooled,2024-12-19
I02233,O02233,K0002,P030,S00021,E02233,guided,premium,pooled,2025-07-03
I02234,O02234,K0193,P027,S01932,E02234,on-site,none,pooled,2025-06-29
I02235,O02235,K0187,P012,S01871,E02235,guided,standard,pooled,2024-03-06
I02236,O02236,K0368,P042,S03681,E02236,self,standard,dedicated,2024-10-03
I02237,O02237,K0469,P021,S04691,E02237,guided,standard,dedicated,2025-03-19
I02238,O02238,K0317,P027,S03171,E02238,on-site,standard,dedicated,2025-02-04
I02239,O02239,K0408,P022,S04082,E02239,guided,none,dedicated,2024-09-05
I02240,O02240,K0332,P022,S03321,E02240,guided,none,dedicated,2025-03-21
I02241,O02241,K0143,P019,S01431,E02241,guided,standard,pooled,2024-09-12
I02242,O02242,K0183,P024,S01831,E02242,guided,none,pooled,2025-03-13
I02243,O02243,K0180,P028,S01801,E02243,on-site,none,dedicated,2024-06-02
I02244,O02244,K0295,P023,S02951,E02244,self,premium,pooled,2025-05-20
I02245,O02245,K0382,P039,S03821,E02245,self,standard,dedicated,2025-07-19
I02246,O02246,K0440,P032,S04401,E02246,on-site,standard,pooled,2025-01-21
I02247,O02247,K0423,P012,S04232,E02247,guided,none,dedicated,2024-09-26
I02248,O02248,K0352,P036,S03523,E02248,guided,standard,pooled,2025-05-07
I02249,O02249,K0306,P024,S03061,E02249,on-site,premium,dedicated,2025-08-09
I02250,O02250,K0323,P007,S03231,E02250,self,none,pooled,2024-05-13
I02251,O02251,K0200,P026,S02001,E02251,on-site,premium,dedicated,2025-01-04
I02252,O02252,K0392,P027,S03921,E02252,guided,standard,dedicated,2024-02-28
I02253,O02253,K0243,P020,S02431,E02253,on-site,standard,dedicated,2025-06-16
I02254,O02254,K0160,P040,S01601,E02254,on-site,standard,pooled,2024-11-08
I02255,O02255,K0442,P023,S04422,E02255,guided,standard,pooled,2025-05-05
I02256,O02256,K0198,P018,S01981,E02256,self,standard,dedicated,2024-05-30
I02257,O02257,K0428,P003,S04281,E02257,self,none,dedicated,2024-12-04
I02258,O02258,K0321,P010,S03211,E02258,self,none,dedicated,2025-06-18
I02259,O02259,K0386,P018,S03861,E02259,guided,premium,dedicated,2024-07-16
I02260,O02260,K0437,P027,S04371,E02260,on-site,none,dedicated,2025-03-19
I02261,O02261,K0327,P014,S03271,E02261,on-site,none,pooled,2024-11-25
I02262,O02262,K0396,P036,S03961,E02262,on-site,none,pooled,2025-03-10
I02263,O02263,K0076,P014,S00761,E02263,guided,standard,dedicated,2024-07-26
I02264,O02264,K0038,P022,S00382,E02264,guided,standard,pooled,2024-05-11
I02265,O02265,K0088,P036,S00882,E02265,on-site,none,dedicated,2024-08-31
I02266,O02266,K0360,P033,S03602,E02266,on-site,standard,pooled,2024-04-11
I02267,O02267,K0350,P037,S03502,E02267,self,standard,pooled,2025-05-20
I02268,O02268,K0361,P024,S03611,E02268,on-site,none,pooled,2025-06-13
I02269,O02269,K0275,P032,S02752,E02269,guided,standard,pooled,2025-06-19
I02270,O02270,K0304,P032,S03042,E02270,self,none,pooled,2024-05-09
I02271,O02271,K0509,P004,S05091,E02271,on-site,standard,pooled,2024-12-27
I02272,O02272,K0429,P003,S04291,E02272,self,premium,pooled,2025-07-21
I02273,O02273,K0284,P018,S02843,E02273,guided,none,dedicated,2024-05-21
I02274,O02274,K0514,P042,S05141,E02274,guided,standard,pooled,2024-07-23
I02275,O02275,K0473,P009,S04733,E02275,on-site,standard,pooled,2024-05-14
I02276,O02276,K0431,P038,S04312,E02276,on-site,standard,dedicated,2024-07-30
I02277,O02277,K0439,P020,S04391,E02277,self,none,dedicated,2025-06-26
I02278,O02278,K0260,P009,S02601,E02278,guided,standard,pooled,2024-08-28
I02279,O02279,K0285,P022,S02851,E02279,guided,standard,pooled,2025-01-10
I02280,O02280,K0346,P034,S03461,E02280,on-site,none,pooled,2024-06-04
I02281,O02281,K0246,P037,S02463,E02281,self,none,pooled,2024-09-11
I02282,O02282,K0339,P042,S03391,E02282,on-site,none,dedicated,2024-06-18
I02283,O02283,K0094,P016,S00942,E02283,self,premium,pooled,2024-08-11
I02284,O02284,K0483,P032,S04831,E02284,self,standard,dedicated,2024-04-23
I02285,O02285,K0221,P019,S02212,E02285,self,premium,pooled,2025-06-04
I02286,O02286,K0183,P013,S01831,E02286,self,standard,dedicated,2024-09-06
I02287,O02287,K0239,P010,S02391,E02287,self,standard,dedicated,2024-04-20
I02288,O02288,K0191,P033,S01911,E02288,on-site,premium,pooled,2024-12-21
I02289,O02289,K0511,P002,S05112,E02289,on-site,none,pooled,2025-07-27
I02290,O02290,K0109,P005,S01091,E02290,on-site,premium,pooled,2024-05-20
I02291,O02291,K0460,P007,S04602,E02291,self,standard,pooled,2025-05-04
I02292,O02292,K0440,P017,S04401,E02292,self,standard,pooled,2024-04-15
I02293,O02293,K0401,P041,S04013,E02293,on-site,standard,dedicated,2024-08-26
I02294,O02294,K0056,P021,S00563,E02294,self,none,dedicated,2025-06-29
I02295,O02295,K0416,P018,S04161,E02295,guided,none,pooled,2025-03-30
I02296,O02296,K0270,P033,S02701,E02296,on-site,standard,pooled,2025-05-23
I02297,O02297,K0374,P036,S03741,E02297,self,standard,pooled,2024-11-09
I02298,O02298,K0137,P022,S01371,E02298,on-site,standard,pooled,2024-04-16
I02299,O02299,K0119,P025,S01191,E02299,on-site,standard,dedicated,2025-03-04
I02300,O02300,K0181,P040,S01811,E02300,self,none,pooled,2025-03-16
I02301,O02301,K0020,P041,S00202,E02301,guided,none,dedicated,2024-04-26
I02302,O02302,K0422,P019,S04222,E02302,on-site,premium,pooled,2024-07-22
I02303,O02303,K0039,P023,S00391,E02303,guided,none,pooled,2025-04-06
I02304,O02304,K0009,P012,S00091,E02304,on-site,premium,dedicated,2024-12-03
I02305,O02305,K0356,P019,S03561,E02305,self,premium,pooled,2024-08-09
I02306,O02306,K0308,P017,S03082,E02306,self,standard,dedicated,2024-11-22
I02307,O02307,K0426,P003,S04262,E02307,on-site,standard,dedicated,2024-05-07
I02308,O02308,K0352,P008,S03522,E02308,self,standard,pooled,2025-02-15
I02309,O02309,K0280,P005,S02801,E02309,self,premium,pooled,2024-08-28
I02310,O02310,K0025,P036,S00251,E02310,on-site,standard,pooled,2024-11-22
I02311,O02311,K0154,P027,S01542,E02311,self,standard,dedicated,2024-04-20
I02312,O02312,K0462,P029,S04623,E02312,guided,standard,pooled,2024-10-25
I02313,O02313,K0121,P040,S01211,E02313,on-site,standard,dedicated,2025-04-05
I02314,O02314,K0306,P004,S03061,E02314,guided,standard,pooled,2024-06-07
I02315,O02315,K0499,P011,S04991,E02315,self,standard,dedicated,2024-03-28
I02316,O02316,K0080,P034,S00801,E02316,self,standard,dedicated,2024-03-28
I02317,O02317,K0255,P031,S02552,E02317,on-site,standard,pooled,2025-07-18
I02318,O02318,K0125,P042,S01251,E02318,guided,standard,dedicated,2024-04-05
I02319,O02319,K0223,P038,S02231,E02319,self,premium,pooled,2024-11-02
I02320,O02320,K0422,P008,S04222,E02320,on-site,premium,dedicated,2024-04-02
I02321,O02321,K0340,P042,S03401,E02321,self,standard,dedicated,2025-02-09
I02322,O02322,K0429,P002,S04291,E02322,self,premium,pooled,2025-06-01
I02323,O02323,K0311,P023,S03111,E02323,on-site,premium,pooled,2025-01-20
I02324,O02324,K0257,P034,S02571,E02324,on-site,standard,pooled,2025-01-10
I02325,O02325,K0164,P014,S01642,E02325,on-site,standard,dedicated,2024-07-11
I02326,O02326,K0508,P042,S05081,E02326,on-site,none,dedicated,2024-05-07
I02327,O02327,K0143,P017,S01431,E02327,on-site,premium,dedicated,2024-09-28
I02328,O02328,K0379,P034,S03792,E02328,on-site,standard,dedicated,2024-05-29
I02329,O02329,K0313,P001,S03131,E02329,guided,none,dedicated,2024-06-27
I02330,O02330,K0090,P013,S00901,E02330,on-site,premium,dedicated,2025-06-03
I02331,O02331,K0354,P021,S03541,E02331,guided,standard,dedicated,2024-02-13
I02332,O02332,K0416,P020,S04162,E02332,self,standard,dedicated,2025-07-22
I02333,O02333,K0471,P001,S04711,E02333,self,none,dedicated,2024-12-12
I02334,O02334,K0179,P040,S01791,E02334,on-site,premium,dedicated,2024-12-30
I02335,O02335,K0285,P037,S02851,E02335,self,standard,pooled,2025-06-07
I02336,O02336,K0321,P018,S03212,E02336,on-site,standard,pooled,2024-03-26
I02337,O02337,K0072,P032,S00721,E02337,on-site,none,pooled,2024-10-17
I02338,O02338,K0281,P041,S02811,E02338,self,standard,pooled,2025-05-21
I02339,O02339,K0485,P018,S04852,E02339,self,standard,dedicated,2024-12-29
I02340,O02340,K0510,P008,S05101,E02340,on-site,none,pooled,2025-01-09
I02341,O02341,K0306,P002,S03061,E02341,on-site,none,pooled,2024-03-08
I02342,O02342,K0366,P030,S03662,E02342,self,premium,pooled,2025-05-17
I02343,O02343,K0278,P025,S02781,E02343,on-site,none,dedicated,2024-02-02
I02344,O02344,K0255,P020,S02551,E02344,on-site,standard,dedicated,2025-02-11
I02345,O02345,K0100,P010,S01001,E02345,on-site,none,pooled,2024-08-03
I02346,O02346,K0507,P006,S05071,E02346,self,none,dedicated,2024-07-23
I02347,O02347,K0272,P004,S02721,E02347,on-site,premium,pooled,2024-08-16
I02348,O02348,K0517,P032,S05172,E02348,self,standard,dedicated,2025-02-18
I02349,O02349,K0312,P004,S03121,E02349,on-site,none,dedicated,2025-03-05
I02350,O02350,K0367,P002,S03671,E02350,guided,none,dedicated,2025-06-16
I02351,O02351,K0293,P040,S02931,E02351,on-site,standard,dedicated,2025-03-20
I02352,O02352,K0002,P015,S00022,E02352,self,standard,pooled,2025-05-10
I02353,O02353,K0425,P028,S04251,E02353,on-site,standard,dedicated,2024-11-16
I02354,O02354,K0369,P001,S03691,E02354,on-site,standard,pooled,2025-01-10
I02355,O02355,K0171,P035,S01711,E02355,guided,premium,dedicated,2025-03-30
I02356,O02356,K0375,P023,S03751,E02356,on-site,standard,pooled,2025-03-23
I02357,O02357,K0057,P015,S00571,E02357,guided,premium,pooled,2024-08-05
I02358,O02358,K0352,P034,S03522,E02358,on-site,standard,dedicated,2024-12-11
I02359,O02359,K0369,P015,S03691,E02359,self,standard,dedicated,2024-07-17
I02360,O02360,K0375,P017,S03751,E02360,on-site,standard,dedicated,2024-05-12
I02361,O02361,K0351,P017,S03511,E02361,on-site,standard,dedicated,2024-06-19
I02362,O02362,K0226,P025,S02261,E02362,guided,standard,pooled,2024-03-07
I02363,O02363,K0461,P019,S04613,E02363,on-site,standard,pooled,2024-11-19
I02364,O02364,K0165,P026,S01651,E02364,on-site,premium,dedicated,2025-07-10
I02365,O02365,K0352,P025,S03523,E02365,guided,premium,dedicated,2025-04-19
I02366,O02366,K0300,P031,S03001,E02366,guided,standard,pooled,2025-04-15
I02367,O02367,K0330,P041,S03302,E02367,guided,none,pooled,2025-01-03
I02368,O02368,K0004,P012,S00041,E02368,self,standard,pooled,2024-06-12
I02369,O02369,K0431,P018,S04312,E02369,guided,standard,dedicated,2025-01-09
I02370,O02370,K0194,P041,S01941,E02370,on-site,standard,dedicated,2024-10-09
I02371,O02371,K0288,P034,S02881,E02371,self,none,dedicated,2024-04-12
I02372,O02372,K0129,P020,S01292,E02372,self,none,dedicated,2024-09-18
I02373,O02373,K0238,P002,S02381,E02373,self,standard,pooled,2024-11-17
I02374,O02374,K0449,P011,S04493,E02374,guided,none,dedicated,2024-06-03
I02375,O02375,K0509,P032,S05092,E02375,on-site,standard,pooled,2024-05-02
I02376,O02376,K0252,P035,S02521,E02376,on-site,standard,pooled,2024-07-05
I02377,O02377,K0485,P034,S04851,E02377,guided,standard,pooled,2024-03-16
I02378,O02378,K0249,P010,S02491,E02378,on-site,standard,dedicated,2025-07-18
I02379,O02379,K0193,P027,S01932,E02379,self,none,pooled,2024-04-05
I02380,O02380,K0451,P028,S04512,E02380,guided,standard,dedicated,2025-01-18
I02381,O02381,K0284,P003,S02842,E02381,self,standard,pooled,2025-06-09
I02382,O02382,K0261,P023,S02611,E02382,on-site,none,dedicated,2025-08-23
I02383,O02383,K0131,P023,S01313,E02383,on-site,standard,pooled,2025-02-10
I02384,O02384,K0196,P015,S01961,E02384,self,standard,pooled,2024-09-01
I02385,O02385,K0251,P029,S02511,E02385,on-site,none,pooled,2025-02-05
I02386,O02386,K0228,P037,S02282,E02386,on-site,none,pooled,2025-05-16
I02387,O02387,K0146,P026,S01461,E02387,on-site,standard,dedicated,2025-05-15
I02388,O02388,K0278,P025,S02781,E02388,on-site,standard,pooled,2025-02-22
I02389,O02389,K0363,P007,S03632,E02389,self,premium,dedicated,2025-07-06
I02390,O02390,K0505,P007,S05051,E02390,guided,standard,dedicated,2025-08-20
I02391,O02391,K0228,P010,S02281,E02391,guided,standard,dedicated,2024-08-25
I02392,O02392,K0358,P035,S03582,E02392,self,standard,dedicated,2024-10-16
I02393,O02393,K0235,P015,S02352,E02393,guided,standard,pooled,2025-01-17
I02394,O02394,K0337,P023,S03372,E02394,on-site,premium,dedicated,2025-01-14
I02395,O02395,K0272,P013,S02721,E02395,self,none,pooled,2025-04-08
I02396,O02396,K0180,P020,S01801,E02396,on-site,standard,dedicated,2025-04-27
I02397,O02397,K0420,P015,S04201,E02397,self,none,pooled,2024-08-07
I02398,O02398,K0036,P042,S00361,E02398,self,none,pooled,2024-12-05
I02399,O02399,K0095,P001,S00951,E02399,guided,none,dedicated,2024-12-11
I02400,O02400,K0212,P033,S02121,E02400,guided,none,dedicated,2025-06-25
I02401,O02401,K0131,P031,S01313,E02401,self,standard,dedicated,2024-03-05
I02402,O02402,K0512,P001,S05121,E02402,on-site,standard,dedicated,2025-04-30
I02403,O02403,K0454,P028,S04541,E02403,on-site,premium,dedicated,2024-04-07
I02404,O02404,K0024,P010,S00243,E02404,on-site,none,pooled,2024-03-16
I02405,O02405,K0026,P009,S00261,E02405,self,premium,pooled,2024-08-26
I02406,O02406,K0360,P024,S03603,E02406,guided,standard,dedicated,2024-03-28
I02407,O02407,K0259,P031,S02592,E02407,self,standard,dedicated,2025-03-27
I02408,O02408,K0225,P014,S02252,E02408,on-site,none,dedicated,2025-01-12
I02409,O02409,K0416,P026,S04161,E02409,on-site,none,pooled,2024-04-21
I02410,O02410,K0010,P001,S00101,E02410,self,standard,pooled,2024-07-01
I02411,O02411,K0209,P011,S02091,E02411,on-site,none,dedicated,2024-12-12
I02412,O02412,K0195,P020,S01951,E02412,self,premium,dedicated,2025-03-12
I02413,O02413,K0336,P015,S03361,E02413,self,premium,dedicated,2024-06-21
I02414,O02414,K0061,P029,S00611,E02414,guided,none,dedicated,2024-04-12
I02415,O02415,K0159,P032,S01592,E02415,self,premium,dedicated,2024-07-07
I02416,O02416,K0216,P018,S02161,E02416,on-site,standard,dedicated,2025-01-29
I02417,O02417,K0504,P040,S05041,E02417,self,premium,dedicated,2024-09-28
I02418,O02418,K0226,P019,S02261,E02418,self,premium,pooled,2024-11-29
I02419,O02419,K0159,P014,S01593,E02419,self,none,pooled,2024-09-12
I02420,O02420,K0176,P012,S01761,E02420,guided,none,pooled,2024-11-25
I02421,O02421,K0313,P002,S03131,E02421,guided,standard,dedicated,2024-08-04
I02422,O02422,K0088,P041,S00882,E02422,guided,none,pooled,2024-11-20
I02423,O02423,K0085,P001,S00851,E02423,self,none,pooled,2024-08-19
I02424,O02424,K0422,P017,S04221,E02424,on-site,none,dedicated,2024-03-27
I02425,O02425,K0050,P038,S00501,E02425,guided,standard,pooled,2024-07-14
I02426,O02426,K0218,P019,S02181,E02426,on-site,standard,dedicated,2025-03-10
I02427,O02427,K0363,P011,S03631,E02427,guided,standard,pooled,2024-06-17
I02428,O02428,K0408,P001,S04081,E02428,guided,premium,pooled,2024-11-18
I02429,O02429,K0135,P014,S01352,E02429,guided,standard,dedicated,2025-05-12
I02430,O02430,K0257,P027,S02571,E02430,self,standard,pooled,2024-08-13
I02431,O02431,K0187,P040,S01871,E02431,on-site,standard,pooled,2025-06-10
I02432,O02432,K0476,P027,S04761,E02432,on-site,standard,dedicated,2024-08-29
I02433,O02433,K0360,P039,S03603,E02433,guided,premium,dedicated,2025-01-27
I02434,O02434,K0426,P038,S04262,E02434,guided,standard,dedicated,2024-05-15
I02435,O02435,K0275,P006,S02752,E02435,on-site,standard,pooled,2024-11-14
I02436,O02436,K0373,P011,S03731,E02436,self,standard,dedicated,2024-11-09
I02437,O02437,K0385,P026,S03852,E02437,guided,standard,dedicated,2025-04-02
I02438,O02438,K0104,P026,S01041,E02438,self,premium,pooled,2024-07-09
I02439,O02439,K0472,P022,S04721,E02439,guided,standard,pooled,2025-05-12
I02440,O02440,K0438,P017,S04381,E02440,on-site,premium,pooled,2025-01-31
I02441,O02441,K0181,P021,S01811,E02441,guided,standard,dedicated,2024-09-26
I02442,O02442,K0171,P041,S01711,E02442,self,none,dedicated,2025-06-25
I02443,O02443,K0485,P041,S04853,E02443,guided,standard,pooled,2024-12-20
I02444,O02444,K0368,P030,S03681,E02444,guided,premium,dedicated,2024-10-15
I02445,O02445,K0264,P030,S02641,E02445,self,none,pooled,2025-06-08
I02446,O02446,K0003,P026,S00032,E02446,on-site,standard,pooled,2024-08-17
I02447,O02447,K0200,P002,S02001,E02447,self,premium,pooled,2024-06-20
I02448,O02448,K0370,P012,S03701,E02448,guided,standard,dedicated,2024-05-17
I02449,O02449,K0108,P023,S01082,E02449,on-site,none,pooled,2024-06-29
I02450,O02450,K0235,P008,S02352,E02450,on-site,none,dedicated,2025-05-17
I02451,O02451,K0483,P038,S04831,E02451,self,premium,dedicated,2024-10-08
I02452,O02452,K0377,P022,S03771,E02452,guided,standard,dedicated,2024-02-11
I02453,O02453,K0129,P033,S01292,E02453,on-site,none,dedicated,2024-08-27
I02454,O02454,K0491,P028,S04911,E02454,self,standard,dedicated,2024-03-08
I02455,O02455,K0014,P008,S00141,E02455,on-site,premium,pooled,2024-03-18
I02456,O02456,K0062,P031,S00621,E02456,on-site,none,pooled,2025-02-11
I02457,O02457,K0189,P034,S01891,E02457,self,standard,dedicated,2024-11-21
I02458,O02458,K0129,P038,S01291,E02458,on-site,standard,pooled,2025-01-14
I02459,O02459,K0471,P015,S04712,E02459,self,standard,pooled,2024-06-02
I02460,O02460,K0056,P002,S00563,E02460,guided,standard,dedicated,2024-09-25
I02461,O02461,K0445,P026,S04451,E02461,on-site,standard,dedicated,2024-05-03
I02462,O02462,K0309,P022,S03091,E02462,self,premium,dedicated,2025-04-15
I02463,O02463,K0287,P034,S02871,E02463,guided,none,dedicated,2024-12-19
I02464,O02464,K0024,P013,S00241,E02464,self,none,dedicated,2025-06-15
I02465,O02465,K0501,P012,S05011,E02465,self,none,pooled,2024-05-01
I02466,O02466,K0207,P037,S02071,E02466,guided,premium,pooled,2024-06-10
I02467,O02467,K0429,P018,S04291,E02467,on-site,none,pooled,2025-05-05
I02468,O02468,K0224,P021,S02241,E02468,guided,none,dedicated,2025-01-01
I02469,O02469,K0159,P031,S01593,E02469,self,standard,dedicated,2024-09-08
I02470,O02470,K0082,P004,S00821,E02470,on-site,standard,dedicated,2024-07-24
I02471,O02471,K0481,P006,S04811,E02471,on-site,standard,dedicated,2024-02-21
I02472,O02472,K0408,P016,S04081,E02472,on-site,none,pooled,2024-05-09
I02473,O02473,K0319,P012,S03191,E02473,self,none,dedicated,2024-05-31
I02474,O02474,K0390,P016,S03901,E02474,guided,none,dedicated,2025-06-04
I02475,O02475,K0220,P022,S02201,E02475,self,standard,dedicated,2025-02-14
I02476,O02476,K0360,P035,S03603,E02476,on-site,standard,dedicated,2024-11-25
I02477,O02477,K0426,P024,S04263,E02477,guided,standard,pooled,2025-01-03
I02478,O02478,K0060,P032,S00601,E02478,guided,standard,pooled,2024-10-24
I02479,O02479,K0476,P030,S04761,E02479,guided,standard,pooled,2024-05-12
I02480,O02480,K0246,P012,S02462,E02480,guided,standard,dedicated,2024-06-15
I02481,O02481,K0242,P033,S02422,E02481,on-site,standard,pooled,2024-04-27
I02482,O02482,K0467,P039,S04672,E02482,self,none,pooled,2024-12-13
I02483,O02483,K0342,P030,S03421,E02483,guided,standard,pooled,2025-04-19
I02484,O02484,K0442,P037,S04422,E02484,guided,premium,dedicated,2025-01-25
I02485,O02485,K0236,P009,S02361,E02485,on-site,standard,pooled,2025-06-23
I02486,O02486,K0125,P039,S01251,E02486,guided,standard,pooled,2024-06-24
I02487,O02487,K0478,P007,S04783,E02487,on-site,none,dedicated,2024-04-03
I02488,O02488,K0431,P018,S04311,E02488,guided,premium,pooled,2024-05-20
I02489,O02489,K0097,P029,S00971,E02489,on-site,none,dedicated,2024-02-22
I02490,O02490,K0092,P017,S00921,E02490,guided,standard,pooled,2024-09-23
I02491,O02491,K0265,P037,S02651,E02491,self,standard,pooled,2024-05-14
I02492,O02492,K0382,P020,S03821,E02492,on-site,premium,dedicated,2024-11-27
I02493,O02493,K0487,P030,S04872,E02493,self,none,pooled,2024-09-20
I02494,O02494,K0368,P010,S03682,E02494,self,standard,pooled,2024-08-24
I02495,O02495,K0233,P027,S02331,E02495,guided,standard,dedicated,2025-05-10
I02496,O02496,K0121,P014,S01211,E02496,on-site,standard,pooled,2025-06-06
I02497,O02497,K0229,P023,S02291,E02497,self,none,pooled,2025-06-22
I02498,O02498,K0010,P025,S00101,E02498,on-site,standard,dedicated,2024-05-09
I02499,O02499,K0446,P003,S04461,E02499,on-site,premium,pooled,2025-06-22
I02500,O02500,K0363,P028,S03632,E02500,on-site,standard,dedicated,2025-08-15
I02501,O02501,K0228,P017,S02281,E02501,self,standard,dedicated,2024-03-10
I02502,O02502,K0303,P030,S03032,E02502,self,premium,pooled,2024-11-03
I02503,O02503,K0385,P002,S03852,E02503,on-site,standard,pooled,2024-09-21
I02504,O02504,K0316,P008,S03161,E02504,guided,premium,pooled,2024-10-28
I02505,O02505,K0293,P006,S02932,E02505,on-site,none,dedicated,2024-07-18
I02506,O02506,K0431,P012,S04313,E02506,on-site,none,dedicated,2025-04-01
I02507,O02507,K0114,P040,S01142,E02507,guided,standard,dedicated,2024-05-17
I02508,O02508,K0164,P034,S01641,E02508,on-site,none,dedicated,2024-07-24
I02509,O02509,K0446,P018,S04461,E02509,guided,none,pooled,2024-10-05
I02510,O02510,K0318,P014,S03182,E02510,self,premium,dedicated,2025-06-25
I02511,O02511,K0342,P016,S03421,E02511,self,standard,pooled,2025-07-19
I02512,O02512,K0169,P015,S01691,E02512,self,none,pooled,2024-04-08
I02513,O02513,K0449,P005,S04492,E02513,on-site,none,dedicated,2024-08-15
I02514,O02514,K0333,P030,S03331,E02514,self,standard,dedicated,2025-06-16
I02515,O02515,K0516,P039,S05162,E02515,guided,standard,dedicated,2024-10-05
I02516,O02516,K0452,P024,S04523,E02516,on-site,standard,dedicated,2024-04-26
I02517,O02517,K0284,P027,S02843,E02517,on-site,none,dedicated,2024-09-18
I02518,O02518,K0134,P028,S01341,E02518,guided,standard,dedicated,2024-04-17
I02519,O02519,K0260,P042,S02602,E02519,self,none,dedicated,2024-05-03
I02520,O02520,K0329,P039,S03291,E02520,guided,standard,pooled,2024-02-26
I02521,O02521,K0135,P003,S01352,E02521,on-site,premium,pooled,2025-03-04
I02522,O02522,K0478,P031,S04782,E02522,on-site,standard,pooled,2024-07-02
I02523,O02523,K0119,P003,S01192,E02523,on-site,premium,dedicated,2024-12-31
I02524,O02524,K0137,P014,S01372,E02524,self,none,pooled,2024-12-15
I02525,O02525,K0223,P036,S02231,E02525,self,standard,pooled,2024-11-22
I02526,O02526,K0506,P038,S05062,E02526,self,none,dedicated,2025-06-08
I02527,O02527,K0388,P042,S03881,E02527,guided,premium,dedicated,2024-11-30
I02528,O02528,K0428,P008,S04281,E02528,guided,none,pooled,2024-04-27
I02529,O02529,K0181,P014,S01813,E02529,guided,none,dedicated,2024-07-06
I02530,O02530,K0330,P025,S03302,E02530,guided,standard,dedicated,2024-07-14
I02531,O02531,K0050,P029,S00502,E02531,self,standard,pooled,2024-12-16
I02532,O02532,K0270,P029,S02701,E02532,on-site,premium,pooled,2024-08-22
I02533,O02533,K0423,P037,S04232,E02533,self,none,pooled,2024-12-11
I02534,O02534,K0335,P018,S03351,E02534,on-site,standard,dedicated,2024-08-07
I02535,O02535,K0312,P014,S03121,E02535,guided,standard,dedicated,2025-01-12
I02536,O02536,K0078,P018,S00781,E02536,self,standard,pooled,2025-04-26
I02537,O02537,K0332,P041,S03321,E02537,guided,standard,dedicated,2025-06-23
I02538,O02538,K0122,P019,S01221,E02538,on-site,none,pooled,2025-03-02
I02539,O02539,K0129,P032,S01291,E02539,on-site,premium,pooled,2025-01-25
I02540,O02540,K0124,P032,S01241,E02540,guided,standard,dedicated,2025-05-08
I02541,O02541,K0236,P012,S02362,E02541,guided,none,pooled,2025-01-06
I02542,O02542,K0001,P008,S00012,E02542,on-site,standard,dedicated,2025-06-18
I02543,O02543,K0337,P018,S03373,E02543,on-site,premium,dedicated,2025-06-29
I02544,O02544,K0042,P040,S00421,E02544,self,premium,dedicated,2025-03-14
I02545,O02545,K0293,P010,S02932,E02545,on-site,standard,dedicated,2025-07-15
I02546,O02546,K0190,P010,S01901,E02546,guided,standard,pooled,2024-09-04
I02547,O02547,K0096,P040,S00961,E02547,self,none,pooled,2025-02-16
I02548,O02548,K0490,P004,S04902,E02548,on-site,none,dedicated,2024-11-20
I02549,O02549,K0429,P040,S04291,E02549,self,premium,pooled,2024-08-01
I02550,O02550,K0409,P010,S04091,E02550,guided,none,dedicated,2024-12-03
I02551,O02551,K0435,P006,S04351,E02551,self,standard,dedicated,2024-11-07
I02552,O02552,K0074,P030,S00741,E02552,on-site,premium,pooled,2025-02-25
I02553,O02553,K0054,P005,S00541,E02553,on-site,standard,pooled,2024-06-23
I02554,O02554,K0128,P042,S01281,E02554,self,premium,dedicated,2024-07-07
I02555,O02555,K0119,P040,S01191,E02555,guided,none,dedicated,2025-02-24
I02556,O02556,K0270,P021,S02701,E02556,guided,none,dedicated,2025-07-08
I02557,O02557,K0103,P025,S01031,E02557,self,standard,pooled,2024-11-04
I02558,O02558,K0433,P035,S04331,E02558,on-site,none,pooled,2024-05-31
I02559,O02559,K0131,P031,S01312,E02559,guided,standard,dedicated,2024-05-13
I02560,O02560,K0105,P006,S01053,E02560,guided,premium,pooled,2025-02-09
I02561,O02561,K0227,P008,S02272,E02561,self,premium,pooled,2025-04-08
I02562,O02562,K0407,P029,S04072,E02562,on-site,standard,pooled,2024-05-02
I02563,O02563,K0054,P018,S00541,E02563,on-site,standard,dedicated,2025-04-10
I02564,O02564,K0511,P008,S05111,E02564,guided,standard,dedicated,2025-06-22
I02565,O02565,K0309,P019,S03091,E02565,self,none,pooled,2024-10-20
I02566,O02566,K0333,P009,S03332,E02566,guided,none,pooled,2025-07-12
I02567,O02567,K0086,P041,S00863,E02567,self,standard,pooled,2024-06-05
I02568,O02568,K0474,P016,S04741,E02568,self,standard,pooled,2024-10-18
I02569,O02569,K0285,P034,S02851,E02569,guided,none,dedicated,2024-11-28
I02570,O02570,K0027,P005,S00271,E02570,self,none,dedicated,2024-10-29
I02571,O02571,K0394,P038,S03941,E02571,guided,standard,pooled,2024-04-12
I02572,O02572,K0517,P031,S05172,E02572,guided,standard,pooled,2024-04-28
I02573,O02573,K0228,P002,S02281,E02573,self,standard,pooled,2024-03-07
I02574,O02574,K0321,P018,S03212,E02574,self,standard,dedicated,2025-01-27
I02575,O02575,K0179,P022,S01791,E02575,self,none,dedicated,2024-03-19
I02576,O02576,K0072,P021,S00722,E02576,self,standard,pooled,2025-05-16
I02577,O02577,K0390,P009,S03902,E02577,on-site,none,pooled,2024-12-27
I02578,O02578,K0305,P023,S03052,E02578,self,none,pooled,2024-11-27
I02579,O02579,K0129,P026,S01291,E02579,guided,premium,pooled,2024-04-29
I02580,O02580,K0486,P026,S04863,E02580,on-site,standard,pooled,2024-09-01
I02581,O02581,K0442,P027,S04421,E02581,on-site,standard,dedicated,2025-06-24
I02582,O02582,K0497,P002,S04971,E02582,self,none,pooled,2024-06-10
I02583,O02583,K0406,P010,S04061,E02583,self,standard,dedicated,2025-01-16
I02584,O02584,K0236,P001,S02361,E02584,on-site,standard,dedicated,2024-10-07
I02585,O02585,K0394,P033,S03941,E02585,on-site,standard,dedicated,2025-02-11
I02586,O02586,K0207,P015,S02071,E02586,guided,premium,pooled,2025-03-26
I02587,O02587,K0333,P034,S03332,E02587,guided,none,dedicated,2025-05-05
I02588,O02588,K0386,P025,S03861,E02588,self,premium,dedicated,2025-06-01
I02589,O02589,K0182,P003,S01822,E02589,on-site,none,dedicated,2024-10-17
I02590,O02590,K0058,P033,S00581,E02590,guided,none,dedicated,2024-11-05
I02591,O02591,K0056,P023,S00562,E02591,guided,standard,dedicated,2025-06-03
I02592,O02592,K0003,P012,S00031,E02592,self,standard,pooled,2025-04-27
I02593,O02593,K0511,P025,S05112,E02593,on-site,standard,dedicated,2024-07-27
I02594,O02594,K0313,P014,S03131,E02594,self,standard,dedicated,2025-01-16
I02595,O02595,K0486,P038,S04861,E02595,self,premium,dedicated,2024-12-04
I02596,O02596,K0159,P034,S01593,E02596,guided,standard,pooled,2025-07-24
I02597,O02597,K0485,P005,S04852,E02597,self,standard,pooled,2025-07-19
I02598,O02598,K0352,P012,S03522,E02598,self,standard,pooled,2024-08-09
I02599,O02599,K0350,P004,S03502,E02599,self,none,pooled,2024-12-17
I02600,O02600,K0417,P001,S04171,E02600,on-site,standard,pooled,2025-03-19
I02601,O02601,K0406,P013,S04061,E02601,guided,premium,pooled,2025-02-26
I02602,O02602,K0254,P040,S02541,E02602,on-site,standard,pooled,2024-06-13
I02603,O02603,K0429,P024,S04291,E02603,guided,standard,dedicated,2025-03-12
I02604,O02604,K0366,P031,S03662,E02604,self,none,pooled,2024-05-08
I02605,O02605,K0117,P018,S01171,E02605,self,none,dedicated,2024-04-11
I02606,O02606,K0337,P031,S03373,E02606,guided,standard,pooled,2025-04-12
I02607,O02607,K0058,P026,S00581,E02607,on-site,premium,pooled,2025-03-21
I02608,O02608,K0180,P041,S01801,E02608,guided,standard,pooled,2024-09-17
I02609,O02609,K0218,P025,S02181,E02609,self,standard,pooled,2024-10-29
I02610,O02610,K0507,P039,S05071,E02610,self,none,pooled,2024-08-03
I02611,O02611,K0067,P023,S00672,E02611,guided,none,dedicated,2024-09-28
I02612,O02612,K0310,P018,S03102,E02612,self,premium,dedicated,2024-03-24
I02613,O02613,K0337,P012,S03371,E02613,on-site,premium,dedicated,2025-04-17
I02614,O02614,K0315,P016,S03151,E02614,on-site,standard,pooled,2025-06-10
I02615,O02615,K0113,P027,S01131,E02615,guided,premium,dedicated,2024-09-02
I02616,O02616,K0050,P006,S00502,E02616,on-site,standard,dedicated,2025-02-14
I02617,O02617,K0145,P016,S01451,E02617,on-site,standard,dedicated,2025-01-19
I02618,O02618,K0143,P026,S01431,E02618,guided,none,pooled,2024-10-07
I02619,O02619,K0333,P042,S03331,E02619,self,premium,pooled,2024-07-14
I02620,O02620,K0246,P036,S02462,E02620,self,standard,pooled,2025-03-19
I02621,O02621,K0428,P016,S04281,E02621,on-site,standard,dedicated,2025-01-26
I02622,O02622,K0304,P038,S03041,E02622,guided,none,dedicated,2024-06-18
I02623,O02623,K0085,P016,S00851,E02623,on-site,standard,dedicated,2025-01-03
I02624,O02624,K0180,P007,S01801,E02624,self,none,dedicated,2024-04-10
I02625,O02625,K0321,P037,S03213,E02625,guided,premium,pooled,2025-01-19
I02626,O02626,K0002,P030,S00021,E02626,self,premium,pooled,2024-09-18
I02627,O02627,K0131,P009,S01311,E02627,guided,standard,pooled,2024-05-08
I02628,O02628,K0120,P029,S01201,E02628,guided,standard,pooled,2024-11-09
I02629,O02629,K0227,P017,S02271,E02629,guided,premium,pooled,2025-04-12
I02630,O02630,K0255,P036,S02552,E02630,self,standard,pooled,2024-09-30
I02631,O02631,K0251,P037,S02511,E02631,guided,standard,dedicated,2024-12-17
I02632,O02632,K0463,P004,S04632,E02632,self,standard,pooled,2025-01-14
I02633,O02633,K0061,P002,S00611,E02633,on-site,premium,dedicated,2025-07-02
I02634,O02634,K0401,P032,S04011,E02634,guided,standard,dedicated,2024-11-21
I02635,O02635,K0112,P006,S01123,E02635,guided,standard,dedicated,2024-11-17
I02636,O02636,K0507,P040,S05071,E02636,on-site,premium,dedicated,2024-06-07
I02637,O02637,K0013,P027,S00131,E02637,self,none,dedicated,2024-07-08
I02638,O02638,K0407,P038,S04072,E02638,on-site,none,pooled,2024-04-28
I02639,O02639,K0394,P036,S03942,E02639,self,none,pooled,2025-03-10
I02640,O02640,K0406,P002,S04061,E02640,on-site,none,pooled,2024-05-21
I02641,O02641,K0279,P035,S02791,E02641,on-site,premium,dedicated,2024-05-03
I02642,O02642,K0032,P030,S00321,E02642,on-site,none,pooled,2025-04-19
I02643,O02643,K0159,P023,S01593,E02643,guided,premium,pooled,2024-05-21
I02644,O02644,K0246,P038,S02461,E02644,on-site,standard,pooled,2025-01-14
I02645,O02645,K0434,P042,S04341,E02645,guided,standard,dedicated,2025-06-19
I02646,O02646,K0189,P027,S01891,E02646,guided,standard,dedicated,2025-06-12
I02647,O02647,K0290,P010,S02901,E02647,on-site,standard,dedicated,2025-03-10
I02648,O02648,K0454,P036,S04541,E02648,self,standard,pooled,2025-06-01
I02649,O02649,K0161,P014,S01611,E02649,self,standard,dedicated,2024-12-10
I02650,O02650,K0227,P020,S02271,E02650,self,premium,dedicated,2024-05-07
I02651,O02651,K0089,P005,S00891,E02651,self,none,dedicated,2024-10-06
I02652,O02652,K0014,P002,S00141,E02652,self,premium,dedicated,2025-07-29
I02653,O02653,K0118,P026,S01181,E02653,self,premium,dedicated,2024-10-23
I02654,O02654,K0314,P028,S03142,E02654,on-site,none,pooled,2025-02-06
I02655,O02655,K0317,P016,S03171,E02655,on-site,standard,pooled,2024-05-11
I02656,O02656,K0220,P042,S02202,E02656,self,none,pooled,2024-06-30
I02657,O02657,K0251,P034,S02511,E02657,guided,standard,pooled,2025-07-16
I02658,O02658,K0283,P038,S02831,E02658,self,standard,pooled,2025-06-13
I02659,O02659,K0259,P004,S02592,E02659,self,none,pooled,2024-10-14
I02660,O02660,K0461,P013,S04612,E02660,self,standard,pooled,2025-03-31
I02661,O02661,K0048,P009,S00481,E02661,on-site,standard,pooled,2024-11-18
I02662,O02662,K0005,P021,S00052,E02662,on-site,standard,dedicated,2025-06-09
I02663,O02663,K0018,P019,S00181,E02663,on-site,premium,pooled,2024-02-03
I02664,O02664,K0436,P014,S04361,E02664,self,premium,dedicated,2024-12-20
I02665,O02665,K0480,P023,S04801,E02665,self,none,pooled,2024-08-31
I02666,O02666,K0250,P011,S02501,E02666,on-site,none,dedicated,2025-02-21
I02667,O02667,K0111,P038,S01111,E02667,self,standard,dedicated,2024-02-06
I02668,O02668,K0478,P036,S04783,E02668,self,standard,pooled,2025-03-11
I02669,O02669,K0422,P015,S04221,E02669,on-site,standard,pooled,2025-02-08
I02670,O02670,K0040,P028,S00401,E02670,guided,none,pooled,2025-07-18
I02671,O02671,K0372,P040,S03721,E02671,on-site,none,dedicated,2025-06-16
I02672,O02672,K0044,P017,S00442,E02672,guided,none,pooled,2024-08-28
I02673,O02673,K0452,P037,S04521,E02673,on-site,none,dedicated,2025-02-09
I02674,O02674,K0451,P010,S04511,E02674,self,none,dedicated,2024-03-11
I02675,O02675,K0280,P034,S02801,E02675,guided,premium,dedicated,2024-06-02
I02676,O02676,K0483,P042,S04831,E02676,on-site,standard,dedicated,2024-10-24
I02677,O02677,K0411,P035,S04111,E02677,on-site,premium,dedicated,2024-04-14
I02678,O02678,K0164,P010,S01642,E02678,self,standard,dedicated,2024-07-09
I02679,O02679,K0124,P011,S01242,E02679,guided,premium,pooled,2025-01-11
I02680,O02680,K0129,P012,S01291,E02680,self,standard,pooled,2025-01-20
I02681,O02681,K0242,P040,S02422,E02681,self,standard,pooled,2025-06-25
I02682,O02682,K0255,P036,S02551,E02682,guided,standard,pooled,2025-01-15
I02683,O02683,K0117,P024,S01171,E02683,guided,premium,pooled,2024-12-06
I02684,O02684,K0506,P018,S05063,E02684,on-site,standard,pooled,2024-05-07
I02685,O02685,K0244,P035,S02441,E02685,guided,none,dedicated,2024-11-15
I02686,O02686,K0206,P028,S02062,E02686,on-site,premium,dedicated,2025-01-30
I02687,O02687,K0311,P010,S03111,E02687,on-site,none,dedicated,2024-11-07
I02688,O02688,K0192,P024,S01921,E02688,self,premium,pooled,2024-04-02
I02689,O02689,K0447,P041,S04472,E02689,on-site,none,dedicated,2024-11-10
I02690,O02690,K0389,P021,S03891,E02690,self,none,dedicated,2024-09-10
I02691,O02691,K0277,P042,S02771,E02691,self,standard,dedicated,2025-07-02
I02692,O02692,K0105,P032,S01052,E02692,guided,standard,dedicated,2025-04-02
I02693,O02693,K0229,P030,S02291,E02693,guided,none,pooled,2024-11-05
I02694,O02694,K0026,P006,S00261,E02694,on-site,standard,pooled,2024-10-20
I02695,O02695,K0462,P021,S04622,E02695,on-site,none,pooled,2025-04-22
I02696,O02696,K0242,P039,S02422,E02696,on-site,none,dedicated,2025-02-25
I02697,O02697,K0501,P011,S05011,E02697,on-site,standard,dedicated,2024-09-03
I02698,O02698,K0089,P017,S00891,E02698,on-site,none,pooled,2025-07-05
I02699,O02699,K0403,P040,S04031,E02699,guided,none,pooled,2024-10-14
I02700,O02700,K0273,P013,S02732,E02700,on-site,standard,pooled,2024-07-15
I02701,O02701,K0105,P033,S01053,E02701,on-site,standard,dedicated,2025-07-07
I02702,O02702,K0005,P012,S00052,E02702,self,none,dedicated,2024-11-23
I02703,O02703,K0049,P019,S00491,E02703,on-site,none,pooled,2024-07-03
I02704,O02704,K0350,P041,S03502,E02704,self,none,dedicated,2025-06-14
I02705,O02705,K0362,P033,S03621,E02705,self,none,dedicated,2025-04-20
I02706,O02706,K0033,P038,S00331,E02706,on-site,standard,pooled,2025-03-06
I02707,O02707,K0161,P016,S01612,E02707,guided,none,pooled,2024-09-17
I02708,O02708,K0064,P026,S00642,E02708,guided,standard,dedicated,2024-08-16
I02709,O02709,K0005,P040,S00052,E02709,guided,none,dedicated,2025-05-02
I02710,O02710,K0005,P026,S00052,E02710,guided,standard,dedicated,2024-04-02
I02711,O02711,K0199,P014,S01991,E02711,on-site,standard,dedicated,2025-02-11
I02712,O02712,K0181,P021,S01812,E02712,guided,premium,dedicated,2025-08-19
I02713,O02713,K0036,P033,S00362,E02713,self,premium,pooled,2024-10-15
I02714,O02714,K0113,P028,S01131,E02714,on-site,standard,dedicated,2025-04-13
I02715,O02715,K0159,P033,S01591,E02715,guided,standard,dedicated,2025-04-17
I02716,O02716,K0025,P013,S00251,E02716,self,premium,dedicated,2024-10-23
I02717,O02717,K0520,P035,S05201,E02717,on-site,none,dedicated,2024-11-21
I02718,O02718,K0046,P003,S00461,E02718,guided,standard,pooled,2025-05-27
I02719,O02719,K0284,P020,S02841,E02719,self,standard,pooled,2024-12-15
I02720,O02720,K0207,P014,S02071,E02720,on-site,standard,dedicated,2024-12-30
I02721,O02721,K0233,P024,S02331,E02721,self,standard,pooled,2024-05-23
I02722,O02722,K0006,P039,S00061,E02722,self,premium,pooled,2024-06-10
I02723,O02723,K0129,P036,S01291,E02723,guided,none,dedicated,2024-11-05
I02724,O02724,K0120,P026,S01202,E02724,self,none,dedicated,2024-12-13
I02725,O02725,K0462,P002,S04622,E02725,on-site,standard,pooled,2025-03-28
I02726,O02726,K0162,P034,S01621,E02726,on-site,standard,dedicated,2025-06-18
I02727,O02727,K0349,P010,S03492,E02727,self,standard,dedicated,2024-10-12
I02728,O02728,K0030,P027,S00302,E02728,self,premium,dedicated,2024-07-10
I02729,O02729,K0311,P029,S03111,E02729,on-site,premium,dedicated,2024-04-19
I02730,O02730,K0229,P006,S02291,E02730,on-site,none,dedicated,2024-12-17
I02731,O02731,K0305,P034,S03051,E02731,guided,premium,pooled,2024-04-11
I02732,O02732,K0192,P004,S01921,E02732,self,standard,dedicated,2024-12-29
I02733,O02733,K0310,P038,S03101,E02733,guided,standard,pooled,2025-02-07
I02734,O02734,K0337,P012,S03372,E02734,self,none,dedicated,2025-05-28
I02735,O02735,K0310,P027,S03101,E02735,guided,standard,dedicated,2025-04-15
I02736,O02736,K0469,P041,S04692,E02736,guided,none,dedicated,2025-06-17
I02737,O02737,K0100,P017,S01001,E02737,on-site,standard,dedicated,2024-05-26
I02738,O02738,K0058,P006,S00582,E02738,self,standard,dedicated,2025-01-21
I02739,O02739,K0267,P019,S02671,E02739,guided,premium,dedicated,2024-11-20
I02740,O02740,K0136,P037,S01363,E02740,on-site,standard,pooled,2024-08-18
I02741,O02741,K0423,P003,S04233,E02741,guided,premium,dedicated,2024-12-15
I02742,O02742,K0173,P031,S01732,E02742,guided,premium,dedicated,2024-12-29
I02743,O02743,K0176,P034,S01761,E02743,self,standard,pooled,2025-06-08
I02744,O02744,K0061,P003,S00611,E02744,guided,standard,pooled,2025-08-02
I02745,O02745,K0281,P014,S02811,E02745,on-site,premium,dedicated,2025-04-19
I02746,O02746,K0023,P004,S00231,E02746,self,none,pooled,2025-07-23
I02747,O02747,K0235,P019,S02351,E02747,on-site,standard,pooled,2025-02-18
I02748,O02748,K0337,P015,S03371,E02748,guided,premium,pooled,2025-06-18
I02749,O02749,K0509,P031,S05092,E02749,self,premium,pooled,2025-07-05
I02750,O02750,K0054,P019,S00542,E02750,on-site,none,dedicated,2024-09-03
I02751,O02751,K0509,P033,S05093,E02751,self,standard,pooled,2025-02-02
I02752,O02752,K0379,P001,S03792,E02752,guided,none,dedicated,2024-12-22
I02753,O02753,K0259,P030,S02592,E02753,guided,standard,pooled,2024-06-11
I02754,O02754,K0388,P025,S03881,E02754,self,standard,pooled,2025-05-09
I02755,O02755,K0313,P006,S03132,E02755,guided,standard,dedicated,2025-05-17
I02756,O02756,K0393,P014,S03932,E02756,guided,standard,dedicated,2024-04-15
I02757,O02757,K0154,P039,S01541,E02757,self,none,dedicated,2025-04-03
I02758,O02758,K0461,P010,S04613,E02758,guided,standard,dedicated,2025-04-27
I02759,O02759,K0219,P036,S02191,E02759,self,standard,pooled,2024-03-12
I02760,O02760,K0350,P003,S03501,E02760,on-site,none,pooled,2024-05-30
I02761,O02761,K0067,P028,S00672,E02761,self,none,dedicated,2024-03-06
I02762,O02762,K0408,P024,S04082,E02762,on-site,standard,pooled,2025-01-16
I02763,O02763,K0005,P014,S00051,E02763,self,premium,dedicated,2024-07-02
I02764,O02764,K0332,P042,S03321,E02764,self,standard,dedicated,2025-05-01
I02765,O02765,K0086,P033,S00863,E02765,guided,standard,pooled,2024-06-14
I02766,O02766,K0308,P007,S03083,E02766,on-site,premium,dedicated,2024-12-17
I02767,O02767,K0123,P017,S01232,E02767,on-site,premium,dedicated,2025-02-22
I02768,O02768,K0415,P042,S04153,E02768,guided,none,pooled,2024-08-09
I02769,O02769,K0057,P018,S00571,E02769,self,none,pooled,2024-03-07
I02770,O02770,K0305,P010,S03051,E02770,self,premium,pooled,2024-03-27
I02771,O02771,K0360,P041,S03601,E02771,self,none,dedicated,2024-07-08
I02772,O02772,K0486,P019,S04861,E02772,guided,standard,pooled,2025-06-14
I02773,O02773,K0135,P003,S01351,E02773,guided,standard,dedicated,2025-05-29
I02774,O02774,K0006,P032,S00061,E02774,guided,standard,pooled,2025-03-30
I02775,O02775,K0331,P032,S03311,E02775,self,standard,pooled,2024-09-15
I02776,O02776,K0341,P019,S03411,E02776,on-site,standard,dedicated,2025-02-20
I02777,O02777,K0458,P039,S04581,E02777,guided,premium,pooled,2024-09-28
I02778,O02778,K0318,P007,S03181,E02778,guided,premium,dedicated,2025-04-13
I02779,O02779,K0273,P036,S02731,E02779,self,premium,pooled,2025-07-23
I02780,O02780,K0106,P034,S01061,E02780,self,standard,dedicated,2025-02-20
I02781,O02781,K0339,P028,S03391,E02781,self,standard,dedicated,2025-04-30
I02782,O02782,K0498,P003,S04981,E02782,guided,standard,pooled,2025-05-13
I02783,O02783,K0256,P036,S02561,E02783,on-site,none,pooled,2025-05-25
I02784,O02784,K0363,P004,S03633,E02784,guided,none,dedicated,2024-05-27
I02785,O02785,K0022,P026,S00221,E02785,guided,premium,pooled,2025-07-18
I02786,O02786,K0069,P024,S00691,E02786,on-site,standard,dedicated,2025-08-04
I02787,O02787,K0453,P037,S04531,E02787,self,standard,pooled,2024-12-18
I02788,O02788,K0380,P031,S03802,E02788,guided,standard,pooled,2024-10-13
I02789,O02789,K0510,P006,S05101,E02789,guided,standard,pooled,2025-02-25
I02790,O02790,K0218,P041,S02182,E02790,guided,standard,dedicated,2024-08-18
I02791,O02791,K0105,P027,S01051,E02791,self,standard,dedicated,2025-04-02
I02792,O02792,K0068,P024,S00682,E02792,self,premium,pooled,2025-04-30
I02793,O02793,K0311,P004,S03111,E02793,on-site,standard,dedicated,2024-06-08
I02794,O02794,K0487,P021,S04872,E02794,on-site,none,dedicated,2024-03-28
I02795,O02795,K0226,P009,S02261,E02795,guided,standard,pooled,2025-06-29
I02796,O02796,K0181,P012,S01813,E02796,self,standard,pooled,2024-05-10
I02797,O02797,K0024,P013,S00243,E02797,self,none,dedicated,2025-06-14
I02798,O02798,K0231,P005,S02311,E02798,self,none,dedicated,2025-06-11
I02799,O02799,K0277,P039,S02771,E02799,guided,standard,pooled,2025-05-06
I02800,O02800,K0282,P032,S02821,E02800,self,standard,dedicated,2025-07-16
I02801,O02801,K0400,P011,S04001,E02801,on-site,none,dedicated,2024-04-02
I02802,O02802,K0019,P015,S00192,E02802,self,standard,pooled,2025-04-04
I02803,O02803,K0495,P023,S04951,E02803,guided,standard,pooled,2024-05-18
I02804,O02804,K0083,P040,S00832,E02804,on-site,premium,pooled,2025-02-12
I02805,O02805,K0324,P010,S03241,E02805,on-site,standard,pooled,2024-04-27
I02806,O02806,K0518,P024,S05181,E02806,on-site,none,pooled,2024-02-27
I02807,O02807,K0308,P018,S03083,E02807,self,none,pooled,2024-09-07
I02808,O02808,K0109,P008,S01091,E02808,guided,standard,pooled,2025-05-11
I02809,O02809,K0396,P025,S03961,E02809,self,premium,dedicated,2024-07-02
I02810,O02810,K0092,P037,S00921,E02810,on-site,standard,pooled,2025-05-28
I02811,O02811,K0394,P037,S03943,E02811,guided,standard,dedicated,2025-03-06
I02812,O02812,K0066,P021,S00662,E02812,self,none,pooled,2025-03-11
I02813,O02813,K0112,P022,S01122,E02813,guided,none,pooled,2024-04-17
I02814,O02814,K0033,P021,S00331,E02814,guided,none,dedicated,2024-12-14
I02815,O02815,K0389,P014,S03893,E02815,guided,standard,pooled,2024-08-21
I02816,O02816,K0106,P041,S01063,E02816,on-site,standard,dedicated,2024-09-05
I02817,O02817,K0096,P009,S00961,E02817,self,premium,pooled,2024-03-13
I02818,O02818,K0212,P016,S02121,E02818,on-site,premium,pooled,2024-07-25
I02819,O02819,K0310,P013,S03102,E02819,on-site,none,dedicated,2024-04-04
I02820,O02820,K0438,P020,S04381,E02820,guided,none,pooled,2024-04-29
I02821,O02821,K0096,P030,S00961,E02821,on-site,none,pooled,2025-03-23
I02822,O02822,K0354,P019,S03542,E02822,on-site,premium,dedicated,2025-05-25
I02823,O02823,K0082,P011,S00821,E02823,guided,none,dedicated,2025-07-04
I02824,O02824,K0474,P014,S04741,E02824,on-site,none,pooled,2025-04-16
I02825,O02825,K0136,P041,S01361,E02825,on-site,premium,pooled,2024-08-07
I02826,O02826,K0363,P022,S03632,E02826,self,premium,pooled,2025-06-13
I02827,O02827,K0020,P037,S00202,E02827,guided,standard,dedicated,2025-01-04
I02828,O02828,K0114,P034,S01142,E02828,self,standard,pooled,2024-06-11
I02829,O02829,K0490,P018,S04902,E02829,guided,none,pooled,2024-11-18
I02830,O02830,K0224,P032,S02242,E02830,guided,standard,pooled,2024-08-17
I02831,O02831,K0076,P019,S00761,E02831,self,standard,pooled,2025-05-01
I02832,O02832,K0056,P020,S00563,E02832,guided,premium,dedicated,2024-09-17
I02833,O02833,K0002,P033,S00021,E02833,guided,premium,dedicated,2024-11-10
I02834,O02834,K0261,P030,S02611,E02834,self,none,dedicated,2024-08-13
I02835,O02835,K0034,P038,S00342,E02835,on-site,none,pooled,2025-04-14
I02836,O02836,K0500,P004,S05001,E02836,on-site,premium,dedicated,2025-03-11
I02837,O02837,K0230,P001,S02301,E02837,on-site,standard,dedicated,2024-05-05
I02838,O02838,K0442,P013,S04421,E02838,self,premium,dedicated,2024-12-28
I02839,O02839,K0149,P025,S01491,E02839,on-site,standard,dedicated,2024-10-06
I02840,O02840,K0010,P022,S00101,E02840,self,premium,pooled,2024-09-05
I02841,O02841,K0127,P002,S01271,E02841,on-site,standard,pooled,2024-07-01
I02842,O02842,K0135,P004,S01351,E02842,on-site,none,dedicated,2024-10-07
I02843,O02843,K0352,P040,S03521,E02843,guided,none,dedicated,2024-06-25
I02844,O02844,K0341,P021,S03411,E02844,self,standard,dedicated,2024-08-26
I02845,O02845,K0264,P010,S02641,E02845,guided,standard,pooled,2024-07-07
I02846,O02846,K0498,P018,S04981,E02846,guided,premium,dedicated,2024-10-19
I02847,O02847,K0038,P009,S00381,E02847,self,none,pooled,2025-01-10
I02848,O02848,K0256,P042,S02561,E02848,guided,none,pooled,2025-05-28
I02849,O02849,K0092,P022,S00921,E02849,self,none,pooled,2024-03-01
I02850,O02850,K0417,P033,S04171,E02850,on-site,standard,dedicated,2025-07-13
I02851,O02851,K0312,P005,S03121,E02851,guided,none,pooled,2025-03-03
I02852,O02852,K0005,P041,S00052,E02852,guided,none,dedicated,2025-07-22
I02853,O02853,K0206,P030,S02062,E02853,on-site,standard,pooled,2024-09-04
I02854,O02854,K0240,P006,S02401,E02854,self,standard,dedicated,2025-03-11
I02855,O02855,K0076,P039,S00762,E02855,self,standard,pooled,2025-04-10
I02856,O02856,K0054,P008,S00542,E02856,on-site,standard,pooled,2024-09-26
I02857,O02857,K0405,P025,S04052,E02857,on-site,none,pooled,2025-01-26
I02858,O02858,K0213,P026,S02131,E02858,self,none,pooled,2025-06-27
I02859,O02859,K0237,P010,S02371,E02859,on-site,none,pooled,2024-10-08
I02860,O02860,K0131,P026,S01311,E02860,guided,premium,pooled,2024-10-07
I02861,O02861,K0398,P028,S03981,E02861,self,premium,dedicated,2024-11-11
I02862,O02862,K0515,P004,S05151,E02862,self,premium,dedicated,2025-05-26
I02863,O02863,K0360,P024,S03603,E02863,guided,standard,pooled,2024-11-20
I02864,O02864,K0421,P039,S04211,E02864,self,none,dedicated,2024-11-02
I02865,O02865,K0309,P027,S03092,E02865,self,none,dedicated,2024-10-19
I02866,O02866,K0108,P033,S01082,E02866,guided,premium,pooled,2025-08-05
I02867,O02867,K0234,P016,S02341,E02867,on-site,none,dedicated,2025-07-17
I02868,O02868,K0173,P006,S01731,E02868,self,none,dedicated,2025-05-31
I02869,O02869,K0427,P026,S04271,E02869,guided,premium,dedicated,2024-04-05
I02870,O02870,K0251,P039,S02512,E02870,on-site,standard,pooled,2024-04-22
I02871,O02871,K0005,P018,S00051,E02871,self,standard,dedicated,2024-06-18
I02872,O02872,K0508,P023,S05082,E02872,guided,none,pooled,2025-06-21
I02873,O02873,K0220,P026,S02201,E02873,self,standard,dedicated,2024-04-16
I02874,O02874,K0266,P008,S02662,E02874,on-site,premium,pooled,2025-06-17
I02875,O02875,K0315,P034,S03151,E02875,on-site,none,dedicated,2024-12-13
I02876,O02876,K0088,P021,S00881,E02876,on-site,standard,dedicated,2024-06-28
I02877,O02877,K0263,P038,S02631,E02877,guided,standard,pooled,2025-03-12
I02878,O02878,K0400,P023,S04001,E02878,guided,premium,pooled,2024-07-29
I02879,O02879,K0065,P040,S00651,E02879,guided,none,dedicated,2024-08-30
I02880,O02880,K0045,P035,S00451,E02880,on-site,none,dedicated,2024-05-29
I02881,O02881,K0161,P015,S01612,E02881,guided,standard,pooled,2024-06-26
I02882,O02882,K0020,P001,S00202,E02882,on-site,standard,dedicated,2025-03-24
I02883,O02883,K0310,P014,S03102,E02883,on-site,standard,dedicated,2024-03-28
I02884,O02884,K0380,P009,S03802,E02884,on-site,none,pooled,2025-07-18
I02885,O02885,K0123,P034,S01231,E02885,guided,none,dedicated,2024-05-04
I02886,O02886,K0142,P033,S01422,E02886,self,premium,dedicated,2024-03-21
I02887,O02887,K0062,P012,S00623,E02887,guided,none,dedicated,2024-09-01
I02888,O02888,K0056,P011,S00563,E02888,on-site,standard,pooled,2025-07-20
I02889,O02889,K0510,P032,S05102,E02889,on-site,premium,pooled,2024-12-17
I02890,O02890,K0443,P021,S04431,E02890,self,standard,dedicated,2025-04-04
I02891,O02891,K0461,P041,S04611,E02891,on-site,none,dedicated,2024-08-28
I02892,O02892,K0456,P036,S04561,E02892,on-site,premium,dedicated,2024-11-05
I02893,O02893,K0020,P001,S00201,E02893,self,none,pooled,2024-10-15
I02894,O02894,K0287,P030,S02871,E02894,self,premium,dedicated,2024-12-23
I02895,O02895,K0317,P020,S03171,E02895,guided,none,dedicated,2025-04-03
I02896,O02896,K0262,P019,S02621,E02896,on-site,premium,pooled,2024-05-17
I02897,O02897,K0337,P029,S03372,E02897,guided,none,pooled,2024-10-23
I02898,O02898,K0212,P004,S02121,E02898,guided,premium,pooled,2025-04-10
I02899,O02899,K0328,P021,S03281,E02899,guided,none,dedicated,2024-09-27
I02900,O02900,K0144,P001,S01441,E02900,self,standard,pooled,2024-05-27
I02901,O02901,K0043,P007,S00432,E02901,self,premium,pooled,2024-10-08
I02902,O02902,K0108,P009,S01081,E02902,guided,premium,pooled,2025-06-06
I02903,O02903,K0484,P003,S04841,E02903,guided,standard,dedicated,2024-07-05
I02904,O02904,K0076,P017,S00761,E02904,on-site,none,dedicated,2025-03-23
I02905,O02905,K0439,P003,S04392,E02905,on-site,standard,pooled,2024-09-30
I02906,O02906,K0149,P007,S01492,E02906,on-site,standard,dedicated,2025-02-08
I02907,O02907,K0062,P021,S00623,E02907,guided,standard,pooled,2024-05-13
I02908,O02908,K0313,P021,S03132,E02908,self,standard,dedicated,2025-08-26
I02909,O02909,K0020,P004,S00202,E02909,self,standard,pooled,2024-07-04
I02910,O02910,K0371,P012,S03712,E02910,self,standard,dedicated,2024-05-08
I02911,O02911,K0124,P013,S01241,E02911,self,standard,dedicated,2024-10-19
I02912,O02912,K0155,P038,S01552,E02912,self,none,dedicated,2024-04-23
I02913,O02913,K0309,P031,S03092,E02913,on-site,premium,dedicated,2025-01-19
I02914,O02914,K0416,P016,S04161,E02914,guided,none,pooled,2025-05-30
I02915,O02915,K0256,P017,S02561,E02915,guided,premium,pooled,2024-10-13
I02916,O02916,K0054,P028,S00541,E02916,self,standard,dedicated,2024-06-18
I02917,O02917,K0352,P023,S03522,E02917,on-site,premium,dedicated,2025-02-23
I02918,O02918,K0088,P027,S00881,E02918,on-site,none,dedicated,2024-06-27
I02919,O02919,K0176,P028,S01761,E02919,on-site,premium,dedicated,2024-11-09
I02920,O02920,K0233,P040,S02331,E02920,guided,standard,dedicated,2025-03-21
I02921,O02921,K0097,P002,S00971,E02921,self,standard,dedicated,2025-03-28
I02922,O02922,K0261,P016,S02611,E02922,self,standard,dedicated,2024-05-08
I02923,O02923,K0473,P035,S04731,E02923,on-site,standard,dedicated,2025-07-16
I02924,O02924,K0394,P034,S03943,E02924,guided,standard,dedicated,2024-12-26
I02925,O02925,K0104,P028,S01041,E02925,guided,standard,pooled,2024-02-07
I02926,O02926,K0204,P038,S02041,E02926,self,standard,dedicated,2024-10-25
I02927,O02927,K0287,P029,S02871,E02927,guided,premium,pooled,2024-10-18
I02928,O02928,K0198,P040,S01981,E02928,self,premium,pooled,2024-06-24
I02929,O02929,K0159,P031,S01593,E02929,self,standard,pooled,2025-04-22
I02930,O02930,K0405,P013,S04052,E02930,guided,standard,dedicated,2025-02-23
I02931,O02931,K0515,P022,S05151,E02931,on-site,none,pooled,2025-02-25
I02932,O02932,K0520,P019,S05201,E02932,self,none,dedicated,2024-10-18
I02933,O02933,K0271,P026,S02712,E02933,self,standard,dedicated,2025-05-05
I02934,O02934,K0226,P041,S02261,E02934,guided,premium,pooled,2024-11-19
I02935,O02935,K0033,P015,S00331,E02935,on-site,premium,pooled,2024-10-31
I02936,O02936,K0310,P033,S03102,E02936,self,none,pooled,2024-05-01
I02937,O02937,K0066,P004,S00661,E02937,guided,premium,dedicated,2025-06-09
I02938,O02938,K0063,P027,S00631,E02938,self,premium,dedicated,2025-04-22
I02939,O02939,K0131,P007,S01312,E02939,on-site,premium,dedicated,2025-01-14
I02940,O02940,K0501,P023,S05012,E02940,on-site,none,pooled,2025-02-18
I02941,O02941,K0346,P029,S03461,E02941,guided,standard,pooled,2025-03-31
I02942,O02942,K0243,P028,S02431,E02942,on-site,premium,pooled,2025-07-15
I02943,O02943,K0075,P003,S00751,E02943,guided,none,pooled,2024-04-03
I02944,O02944,K0068,P039,S00682,E02944,self,standard,dedicated,2024-12-21
I02945,O02945,K0331,P032,S03311,E02945,guided,premium,pooled,2024-05-05
I02946,O02946,K0043,P025,S00431,E02946,guided,standard,dedicated,2024-08-14
I02947,O02947,K0433,P023,S04331,E02947,self,standard,pooled,2024-04-22
I02948,O02948,K0490,P040,S04902,E02948,on-site,premium,dedicated,2024-12-19
I02949,O02949,K0019,P007,S00192,E02949,self,standard,dedicated,2024-04-10
I02950,O02950,K0506,P020,S05062,E02950,on-site,standard,dedicated,2025-07-11
I02951,O02951,K0363,P003,S03632,E02951,self,standard,pooled,2024-05-17
I02952,O02952,K0299,P035,S02991,E02952,guided,premium,dedicated,2024-06-20
I02953,O02953,K0340,P009,S03401,E02953,self,none,dedicated,2025-01-05
I02954,O02954,K0317,P015,S03171,E02954,self,standard,dedicated,2025-06-03
I02955,O02955,K0205,P015,S02051,E02955,on-site,standard,dedicated,2025-07-28
I02956,O02956,K0031,P001,S00311,E02956,guided,standard,dedicated,2024-12-29
I02957,O02957,K0114,P029,S01142,E02957,self,standard,pooled,2024-07-06
I02958,O02958,K0342,P038,S03421,E02958,self,standard,dedicated,2024-11-25
I02959,O02959,K0327,P020,S03271,E02959,guided,premium,pooled,2025-06-01
I02960,O02960,K0027,P003,S00271,E02960,guided,standard,pooled,2025-06-10
I02961,O02961,K0445,P006,S04451,E02961,guided,standard,dedicated,2025-06-23
I02962,O02962,K0355,P038,S03552,E02962,guided,premium,pooled,2025-04-14
I02963,O02963,K0474,P038,S04741,E02963,on-site,standard,pooled,2024-01-30
I02964,O02964,K0370,P025,S03701,E02964,on-site,none,dedicated,2024-12-28
I02965,O02965,K0484,P041,S04841,E02965,on-site,standard,dedicated,2025-06-28
I02966,O02966,K0288,P017,S02882,E02966,on-site,premium,dedicated,2025-04-27
I02967,O02967,K0126,P026,S01261,E02967,guided,standard,dedicated,2025-05-11
I02968,O02968,K0018,P041,S00182,E02968,self,standard,dedicated,2025-05-10
I02969,O02969,K0127,P013,S01271,E02969,on-site,none,dedicated,2024-02-21
I02970,O02970,K0012,P029,S00121,E02970,on-site,standard,pooled,2025-09-04
I02971,O02971,K0430,P038,S04301,E02971,self,standard,dedicated,2025-04-10
I02972,O02972,K0366,P038,S03662,E02972,on-site,standard,pooled,2024-12-31
I02973,O02973,K0465,P029,S04651,E02973,guided,premium,pooled,2025-08-07
I02974,O02974,K0351,P011,S03511,E02974,on-site,standard,pooled,2024-03-29
I02975,O02975,K0317,P007,S03171,E02975,on-site,none,pooled,2025-02-12
I02976,O02976,K0360,P029,S03602,E02976,self,none,dedicated,2025-07-15
I02977,O02977,K0431,P017,S04313,E02977,on-site,standard,pooled,2025-03-24
I02978,O02978,K0142,P036,S01422,E02978,on-site,standard,pooled,2025-02-01
I02979,O02979,K0512,P002,S05121,E02979,on-site,standard,dedicated,2024-05-29
I02980,O02980,K0405,P008,S04052,E02980,on-site,none,pooled,2025-01-25
I02981,O02981,K0089,P039,S00892,E02981,guided,standard,pooled,2025-01-19
I02982,O02982,K0065,P021,S00651,E02982,on-site,premium,dedicated,2024-07-06
I02983,O02983,K0284,P030,S02841,E02983,guided,standard,pooled,2025-02-26
I02984,O02984,K0387,P001,S03871,E02984,guided,standard,pooled,2025-07-06
I02985,O02985,K0379,P024,S03792,E02985,on-site,premium,pooled,2024-10-21
I02986,O02986,K0124,P024,S01241,E02986,on-site,standard,pooled,2025-03-04
I02987,O02987,K0509,P010,S05093,E02987,guided,standard,pooled,2024-09-24
I02988,O02988,K0330,P020,S03301,E02988,guided,standard,dedicated,2025-04-15
I02989,O02989,K0501,P040,S05012,E02989,on-site,premium,dedicated,2024-05-26
I02990,O02990,K0363,P026,S03632,E02990,self,standard,dedicated,2024-11-13
I02991,O02991,K0452,P022,S04521,E02991,on-site,premium,pooled,2025-03-16
I02992,O02992,K0312,P014,S03121,E02992,guided,standard,pooled,2025-05-01
I02993,O02993,K0491,P008,S04911,E02993,self,standard,pooled,2025-06-07
I02994,O02994,K0050,P003,S00503,E02994,on-site,premium,dedicated,2024-04-04
I02995,O02995,K0422,P002,S04221,E02995,guided,none,pooled,2025-01-14
I02996,O02996,K0375,P003,S03751,E02996,on-site,none,dedicated,2024-09-25
I02997,O02997,K0327,P035,S03272,E02997,self,standard,dedicated,2025-07-06
I02998,O02998,K0144,P005,S01441,E02998,on-site,none,pooled,2024-12-27
I02999,O02999,K0067,P004,S00672,E02999,self,standard,pooled,2025-04-03
I03000,O03000,K0473,P020,S04731,E03000,on-site,standard,dedicated,2024-07-14
