order_id,customer,session,product,qty,value,ts
O00001,K0222,E00001,P027,3,79200,2025-03-10
O00002,K0379,E00002,P028,2,53100,2025-05-18
O00003,K0285,E00003,P040,3,35550,2024-03-20
O00004,K0371,E00004,P006,1,26600,2024-07-21
O00005,K0423,E00005,P040,1,11850,2024-11-18
O00006,K0379,E00006,P016,3,13500,2024-06-14
O00007,K0062,E00007,P036,5,21250,2025-05-12
O00008,K0201,E00008,P037,1,4100,2025-05-01
O00009,K0225,E00009,P038,3,33600,2024-04-05
O00010,K0113,E00010,P021,1,26550,2025-01-20
O00011,K0490,E00011,P015,5,21500,2025-01-01
O00012,K0429,E00012,P041,1,27050,2025-03-27
O00013,K0001,E00013,P028,1,26550,2025-01-07
O00014,K0386,E00014,P020,1,26600,2024-08-04
O00015,K0325,E00015,P026,2,22500,2024-04-11
O00016,K0209,E00016,P039,1,11300,2024-09-11
O00017,K0113,E00017,P031,1,11850,2024-12-18
O00018,K0181,E00018,P001,1,4100,2024-02-17
O00019,K0140,E00019,P008,1,3950,2024-04-23
O00020,K0464,E00020,P042,1,26850,2025-06-07
O00021,K0470,E00021,P017,1,11300,2025-01-06
O00022,K0123,E00022,P041,1,27050,2024-07-24
O00023,K0018,E00023,P027,1,26400,2024-05-04
O00024,K0397,E00024,P036,2,8500,2024-09-27
O00025,K0404,E00025,P041,3,81150,2024-07-19
O00026,K0126,E00026,P033,1,11600,2024-06-14
O00027,K0199,E00027,P013,2,54200,2024-11-21
O00028,K0048,E00028,P001,1,4100,2025-03-02
O00029,K0349,E00029,P002,1,4500,2024-02-10
O00030,K0062,E00030,P003,3,35250,2024-03-20
O00031,K0159,E00031,P007,1,27000,2025-06-23
O00032,K0394,E00032,P040,1,11850,2024-08-06
O00033,K0322,E00033,P018,2,23200,2024-07-21
O00034,K0432,E00034,P031,1,11850,2024-09-29
O00035,K0108,E00035,P012,2,23400,2024-04-28
O00036,K0300,E00036,P038,1,11200,2025-01-30
O00037,K0112,E00037,P010,3,34800,2025-03-20
O00038,K0279,E00038,P002,2,9000,2024-01-22
O00039,K0480,E00039,P027,1,26400,2024-07-01
O00040,K0006,E00040,P010,1,11600,2024-02-16
O00041,K0135,E00041,P037,1,4100,2024-07-04
O00042,K0372,E00042,P025,2,23600,2024-03-22
O00043,K0518,E00043,P021,3,79650,2025-02-14
O00044,K0447,E00044,P026,1,11250,2024-07-05
O00045,K0090,E00045,P033,1,11600,2024-05-09
O00046,K0368,E00046,P013,1,27100,2024-03-07
O00047,K0065,E00047,P007,1,27000,2024-09-24
O00048,K0079,E00048,P017,5,56500,2024-02-24
O00049,K0354,E00049,P004,2,23200,2024-04-16
O00050,K0329,E00050,P002,2,9000,2024-06-04
O00051,K0076,E00051,P005,1,11750,2024-03-21
O00052,K0294,E00052,P023,2,7700,2024-05-02
O00053,K0467,E00053,P009,1,4100,2024-11-16
O00054,K0351,E00054,P010,1,11600,2025-06-03
O00055,K0172,E00055,P005,3,35250,2024-03-13
O00056,K0277,E00056,P016,1,4500,2024-06-19
O00057,K0119,E00057,P036,1,4250,2025-06-30
O00058,K0285,E00058,P030,2,7700,2024-05-14
O00059,K0402,E00059,P016,2,9000,2025-05-30
O00060,K0190,E00060,P011,1,11700,2025-02-06
O00061,K0423,E00061,P022,1,4500,2025-06-22
O00062,K0087,E00062,P004,1,11600,2024-03-06
O00063,K0003,E00063,P007,2,54000,2024-12-24
O00064,K0306,E00064,P006,1,26600,2025-01-26
O00065,K0140,E00065,P014,1,27150,2024-11-21
O00066,K0360,E00066,P009,2,8200,2024-08-23
O00067,K0387,E00067,P021,2,53100,2024-06-03
O00068,K0054,E00068,P040,1,11850,2024-10-06
O00069,K0308,E00069,P004,5,58000,2025-01-16
O00070,K0414,E00070,P037,1,4100,2024-03-15
O00071,K0449,E00071,P031,1,11850,2024-06-25
O00072,K0195,E00072,P035,2,54300,2024-02-18
O00073,K0382,E00073,P022,3,13500,2024-12-28
O00074,K0275,E00074,P023,1,3850,2024-07-13
O00075,K0072,E00075,P019,3,34800,2025-06-12
O00076,K0251,E00076,P024,3,35250,2024-04-27
O00077,K0321,E00077,P023,2,7700,2024-03-07
O00078,K0241,E00078,P022,2,9000,2024-11-25
O00079,K0159,E00079,P027,1,26400,2024-06-25
O00080,K0180,E00080,P021,2,53100,2025-06-12
O00081,K0303,E00081,P037,1,4100,2024-10-31
O00082,K0310,E00082,P009,2,8200,2024-06-28
O00083,K0346,E00083,P024,3,35250,2024-11-10
O00084,K0517,E00084,P023,1,3850,2025-07-01
O00085,K0180,E00085,P005,1,11750,2024-08-02
O00086,K0438,E00086,P034,2,54200,2024-07-15
O00087,K0227,E00087,P008,3,11850,2024-08-31
O00088,K0491,E00088,P022,2,9000,2024-05-31
O00089,K0137,E00089,P040,2,23700,2025-04-12
O00090,K0412,E00090,P019,5,58000,2024-05-12
O00091,K0177,E00091,P026,3,33750,2025-03-09
O00092,K0308,E00092,P011,1,11700,2025-02-08
O00093,K0366,E00093,P036,3,12750,2025-06-18
O00094,K0413,E00094,P024,1,11750,2024-05-10
O00095,K0458,E00095,P020,1,26600,2024-08-15
O00096,K0098,E00096,P010,1,11600,2025-06-19
O00097,K0482,E00097,P036,1,4250,2024-06-15
O00098,K0218,E00098,P010,1,11600,2024-01-16
O00099,K0024,E00099,P004,1,11600,2024-11-03
O00100,K0270,E00100,P011,2,23400,2024-12-09
O00101,K0291,E00101,P007,2,54000,2024-05-21
O00102,K0144,E00102,P024,3,35250,2024-08-28
O00103,K0308,E00103,P013,1,27100,2025-03-09
O00104,K0366,E00104,P018,5,58000,2025-02-13
O00105,K0406,E00105,P002,2,9000,2024-11-07
O00106,K0413,E00106,P041,3,81150,2024-04-10
O00107,K0187,E00107,P006,1,26600,2025-03-14
O00108,K0397,E00108,P027,5,132000,2024-04-12
O00109,K0471,E00109,P030,2,7700,2024-03-05
O00110,K0221,E00110,P005,2,23500,2024-07-15
O00111,K0292,E00111,P039,1,11300,2025-02-11
O00112,K0518,E00112,P028,5,132750,2025-05-31
O00113,K0181,E00113,P021,3,79650,2024-03-02
O00114,K0044,E00114,P040,3,35550,2025-06-06
O00115,K0206,E00115,P026,2,22500,2024-04-12
O00116,K0389,E00116,P041,1,27050,2025-04-12
O00117,K0350,E00117,P013,1,27100,2024-08-29
O00118,K0038,E00118,P033,1,11600,2024-09-27
O00119,K0437,E00119,P040,5,59250,2024-02-28
O00120,K0251,E00120,P004,5,58000,2024-11-18
O00121,K0153,E00121,P039,2,22600,2025-03-28
O00122,K0392,E00122,P008,1,3950,2024-12-31
O00123,K0401,E00123,P034,1,27100,2024-09-13
O00124,K0334,E00124,P018,1,11600,2024-07-10
O00125,K0311,E00125,P003,1,11750,2024-12-16
O00126,K0075,E00126,P040,2,23700,2024-07-28
O00127,K0110,E00127,P042,1,26850,2024-12-02
O00128,K0337,E00128,P031,2,23700,2024-08-08
O00129,K0040,E00129,P028,2,53100,2025-04-09
O00130,K0199,E00130,P017,5,56500,2025-02-15
O00131,K0106,E00131,P022,1,4500,2025-05-24
O00132,K0518,E00132,P034,1,27100,2025-02-17
O00133,K0114,E00133,P028,2,53100,2024-08-05
O00134,K0337,E00134,P033,3,34800,2024-06-18
O00135,K0206,E00135,P008,1,3950,2025-04-06
O00136,K0053,E00136,P026,1,11250,2024-03-16
O00137,K0451,E00137,P001,1,4100,2025-06-12
O00138,K0272,E00138,P011,3,35100,2024-03-27
O00139,K0087,E00139,P028,3,79650,2024-04-16
O00140,K0221,E00140,P019,5,58000,2025-02-18
O00141,K0223,E00141,P040,1,11850,2024-05-25
O00142,K0036,E00142,P034,5,135500,2024-11-08
O00143,K0508,E00143,P033,1,11600,2024-05-06
O00144,K0120,E00144,P041,1,27050,2025-05-10
O00145,K0193,E00145,P020,2,53200,2024-08-31
O00146,K0486,E00146,P038,1,11200,2025-02-27
O00147,K0041,E00147,P032,5,57500,2024-04-02
O00148,K0300,E00148,P032,3,34500,2024-02-28
O00149,K0153,E00149,P030,1,3850,2024-08-03
O00150,K0235,E00150,P013,3,81300,2025-02-10
O00151,K0202,E00151,P024,2,23500,2024-09-14
O00152,K0478,E00152,P007,3,81000,2025-06-27
O00153,K0022,E00153,P023,1,3850,2024-12-01
O00154,K0431,E00154,P031,1,11850,2024-04-03
O00155,K0097,E00155,P023,1,3850,2024-03-15
O00156,K0401,E00156,P005,1,11750,2024-05-09
O00157,K0419,E00157,P020,3,79800,2024-03-17
O00158,K0120,E00158,P015,2,8600,2024-03-01
O00159,K0050,E00159,P010,1,11600,2025-02-02
O00160,K0438,E00160,P041,1,27050,2024-08-10
O00161,K0510,E00161,P001,2,8200,2025-03-31
O00162,K0509,E00162,P042,3,80550,2025-01-28
O00163,K0230,E00163,P036,1,4250,2024-08-20
O00164,K0258,E00164,P024,2,23500,2024-07-07
O00165,K0439,E00165,P004,1,11600,2025-01-12
O00166,K0180,E00166,P029,3,11400,2025-04-29
O00167,K0490,E00167,P037,5,20500,2024-10-18
O00168,K0176,E00168,P003,2,23500,2025-03-12
O00169,K0273,E00169,P023,2,7700,2024-04-24
O00170,K0390,E00170,P001,3,12300,2024-05-10
O00171,K0278,E00171,P025,3,35400,2024-05-29
O00172,K0363,E00172,P030,1,3850,2024-04-03
O00173,K0087,E00173,P007,3,81000,2024-08-03
O00174,K0401,E00174,P041,5,135250,2024-12-27
O00175,K0162,E00175,P002,1,4500,2024-12-18
O00176,K0184,E00176,P011,2,23400,2024-06-23
O00177,K0483,E00177,P024,1,11750,2024-03-26
O00178,K0485,E00178,P019,2,23200,2024-12-14
O00179,K0475,E00179,P022,1,4500,2025-01-28
O00180,K0491,E00180,P021,3,79650,2025-04-07
O00181,K0273,E00181,P030,1,3850,2024-06-16
O00182,K0240,E00182,P003,2,23500,2025-04-07
O00183,K0210,E00183,P008,1,3950,2024-03-10
O00184,K0019,E00184,P038,3,33600,2024-03-17
O00185,K0233,E00185,P016,1,4500,2024-07-15
O00186,K0063,E00186,P001,1,4100,2024-12-01
O00187,K0084,E00187,P034,1,27100,2024-12-08
O00188,K0436,E00188,P012,2,23400,2025-02-06
O00189,K0284,E00189,P007,3,81000,2025-06-25
O00190,K0447,E00190,P025,1,11800,2025-04-22
O00191,K0462,E00191,P020,1,26600,2025-05-18
O00192,K0379,E00192,P041,1,27050,2024-05-11
O00193,K0417,E00193,P019,3,34800,2024-09-07
O00194,K0434,E00194,P027,1,26400,2024-02-19
O00195,K0233,E00195,P006,1,26600,2025-01-10
O00196,K0490,E00196,P040,3,35550,2024-08-14
O00197,K0513,E00197,P016,2,9000,2024-09-09
O00198,K0408,E00198,P027,3,79200,2024-10-21
O00199,K0425,E00199,P007,1,27000,2024-07-28
O00200,K0001,E00200,P007,5,135000,2024-12-11
O00201,K0295,E00201,P023,5,19250,2024-11-18
O00202,K0105,E00202,P016,3,13500,2024-09-09
O00203,K0471,E00203,P024,1,11750,2024-11-05
O00204,K0255,E00204,P013,2,54200,2024-07-18
O00205,K0264,E00205,P027,1,26400,2024-07-11
O00206,K0362,E00206,P009,5,20500,2025-04-24
O00207,K0341,E00207,P041,2,54100,2024-07-16
O00208,K0003,E00208,P023,2,7700,2025-03-05
O00209,K0312,E00209,P040,2,23700,2024-02-01
O00210,K0362,E00210,P026,2,22500,2025-05-28
O00211,K0232,E00211,P013,3,81300,2025-03-29
O00212,K0202,E00212,P020,5,133000,2024-04-02
O00213,K0370,E00213,P006,1,26600,2024-03-12
O00214,K0052,E00214,P016,5,22500,2025-02-13
O00215,K0084,E00215,P007,3,81000,2024-08-15
O00216,K0033,E00216,P005,1,11750,2024-08-22
O00217,K0220,E00217,P032,1,11500,2025-03-21
O00218,K0284,E00218,P023,3,11550,2025-02-05
O00219,K0268,E00219,P012,1,11700,2025-06-07
O00220,K0005,E00220,P031,3,35550,2025-02-12
O00221,K0021,E00221,P021,2,53100,2024-10-15
O00222,K0069,E00222,P005,1,11750,2025-04-05
O00223,K0271,E00223,P008,1,3950,2024-06-30
O00224,K0331,E00224,P013,2,54200,2025-06-12
O00225,K0383,E00225,P030,1,3850,2025-05-08
O00226,K0474,E00226,P041,1,27050,2024-09-15
O00227,K0303,E00227,P029,2,7600,2024-07-24
O00228,K0072,E00228,P009,3,12300,2024-05-14
O00229,K0062,E00229,P017,3,33900,2024-09-08
O00230,K0343,E00230,P019,1,11600,2025-01-07
O00231,K0186,E00231,P012,1,11700,2024-07-19
O00232,K0459,E00232,P008,2,7900,2024-06-26
O00233,K0154,E00233,P037,3,12300,2025-05-09
O00234,K0211,E00234,P031,5,59250,2025-03-15
O00235,K0260,E00235,P024,1,11750,2024-04-11
O00236,K0179,E00236,P010,3,34800,2024-12-30
O00237,K0321,E00237,P019,2,23200,2024-08-17
O00238,K0046,E00238,P020,1,26600,2024-08-14
O00239,K0066,E00239,P012,2,23400,2024-04-08
O00240,K0366,E00240,P034,1,27100,2024-02-26
O00241,K0425,E00241,P002,1,4500,2025-02-06
O00242,K0397,E00242,P005,2,23500,2025-06-29
O00243,K0385,E00243,P027,2,52800,2024-07-17
O00244,K0446,E00244,P024,1,11750,2025-01-14
O00245,K0276,E00245,P016,1,4500,2024-09-08
O00246,K0013,E00246,P016,1,4500,2024-03-02
O00247,K0235,E00247,P014,1,27150,2025-07-03
O00248,K0043,E00248,P030,1,3850,2024-11-06
O00249,K0317,E00249,P031,2,23700,2024-02-28
O00250,K0331,E00250,P003,1,11750,2024-04-30
O00251,K0275,E00251,P022,1,4500,2025-05-02
O00252,K0444,E00252,P039,2,22600,2025-02-02
O00253,K0393,E00253,P011,1,11700,2024-04-10
O00254,K0452,E00254,P005,5,58750,2024-10-06
O00255,K0080,E00255,P021,3,79650,2024-09-06
O00256,K0429,E00256,P014,5,135750,2024-12-12
O00257,K0282,E00257,P027,3,79200,2024-10-17
O00258,K0109,E00258,P022,5,22500,2024-06-06
O00259,K0184,E00259,P001,2,8200,2025-04-19
O00260,K0043,E00260,P008,2,7900,2025-02-25
O00261,K0291,E00261,P007,1,27000,2024-02-08
O00262,K0102,E00262,P024,2,23500,2024-11-25
O00263,K0098,E00263,P026,3,33750,2024-09-09
O00264,K0077,E00264,P033,1,11600,2024-08-15
O00265,K0341,E00265,P035,1,27150,2025-07-21
O00266,K0487,E00266,P025,1,11800,2025-01-05
O00267,K0437,E00267,P040,1,11850,2025-02-19
O00268,K0358,E00268,P034,1,27100,2024-04-28
O00269,K0376,E00269,P021,1,26550,2024-04-28
O00270,K0401,E00270,P010,2,23200,2024-03-01
O00271,K0469,E00271,P002,2,9000,2025-02-13
O00272,K0448,E00272,P031,1,11850,2024-09-20
O00273,K0438,E00273,P007,3,81000,2024-04-08
O00274,K0506,E00274,P003,1,11750,2024-08-10
O00275,K0257,E00275,P008,2,7900,2024-11-12
O00276,K0335,E00276,P012,3,35100,2024-03-23
O00277,K0502,E00277,P004,3,34800,2024-04-06
O00278,K0192,E00278,P010,3,34800,2025-04-03
O00279,K0363,E00279,P006,1,26600,2024-04-29
O00280,K0135,E00280,P016,1,4500,2024-08-20
O00281,K0411,E00281,P032,3,34500,2024-07-22
O00282,K0243,E00282,P038,1,11200,2025-01-06
O00283,K0449,E00283,P005,1,11750,2025-05-14
O00284,K0109,E00284,P032,1,11500,2024-07-25
O00285,K0154,E00285,P004,1,11600,2024-05-01
O00286,K0105,E00286,P009,2,8200,2024-07-25
O00287,K0352,E00287,P022,2,9000,2025-03-10
O00288,K0096,E00288,P027,1,26400,2024-10-26
O00289,K0228,E00289,P040,3,35550,2025-04-10
O00290,K0393,E00290,P012,2,23400,2024-11-18
O00291,K0024,E00291,P004,1,11600,2024-07-13
O00292,K0164,E00292,P004,5,58000,2025-01-08
O00293,K0193,E00293,P020,2,53200,2024-10-24
O00294,K0230,E00294,P001,1,4100,2025-06-30
O00295,K0426,E00295,P022,2,9000,2024-11-10
O00296,K0134,E00296,P014,1,27150,2025-03-11
O00297,K0508,E00297,P027,3,79200,2025-03-16
O00298,K0255,E00298,P029,1,3800,2024-07-19
O00299,K0003,E00299,P007,3,81000,2024-05-22
O00300,K0517,E00300,P003,2,23500,2024-10-15
O00301,K0363,E00301,P021,1,26550,2024-08-21
O00302,K0038,E00302,P003,2,23500,2024-10-29
O00303,K0281,E00303,P009,5,20500,2024-11-11
O00304,K0231,E00304,P026,3,33750,2024-03-05
O00305,K0208,E00305,P017,3,33900,2024-06-01
O00306,K0227,E00306,P011,3,35100,2025-06-16
O00307,K0056,E00307,P028,1,26550,2024-05-11
O00308,K0079,E00308,P028,1,26550,2024-01-30
O00309,K0320,E00309,P001,1,4100,2024-09-11
O00310,K0327,E00310,P030,2,7700,2024-06-20
O00311,K0183,E00311,P022,2,9000,2024-01-27
O00312,K0117,E00312,P033,1,11600,2024-12-20
O00313,K0247,E00313,P037,2,8200,2025-06-28
O00314,K0478,E00314,P025,1,11800,2024-02-16
O00315,K0257,E00315,P019,1,11600,2024-11-15
O00316,K0324,E00316,P003,2,23500,2024-09-10
O00317,K0324,E00317,P039,1,11300,2024-08-15
O00318,K0245,E00318,P021,1,26550,2025-01-16
O00319,K0005,E00319,P005,1,11750,2025-06-23
O00320,K0101,E00320,P039,3,33900,2025-06-04
O00321,K0136,E00321,P023,3,11550,2024-11-17
O00322,K0328,E00322,P035,5,135750,2025-04-10
O00323,K0285,E00323,P013,1,27100,2024-07-31
O00324,K0506,E00324,P011,1,11700,2024-07-13
O00325,K0050,E00325,P030,2,7700,2024-05-13
O00326,K0089,E00326,P030,2,7700,2024-08-18
O00327,K0023,E00327,P038,2,22400,2024-03-29
O00328,K0376,E00328,P042,1,26850,2024-09-02
O00329,K0149,E00329,P017,3,33900,2024-11-04
O00330,K0079,E00330,P031,5,59250,2025-02-23
O00331,K0425,E00331,P024,1,11750,2025-01-29
O00332,K0300,E00332,P010,3,34800,2024-08-12
O00333,K0047,E00333,P017,1,11300,2025-01-12
O00334,K0321,E00334,P031,3,35550,2025-03-08
O00335,K0394,E00335,P036,3,12750,2024-04-28
O00336,K0493,E00336,P013,1,27100,2025-05-08
O00337,K0082,E00337,P012,1,11700,2024-04-14
O00338,K0294,E00338,P017,1,11300,2024-09-24
O00339,K0356,E00339,P005,5,58750,2025-01-24
O00340,K0024,E00340,P036,2,8500,2025-04-17
O00341,K0063,E00341,P031,5,59250,2024-03-22
O00342,K0024,E00342,P007,2,54000,2025-05-14
O00343,K0303,E00343,P028,1,26550,2024-03-19
O00344,K0087,E00344,P029,2,7600,2024-05-26
O00345,K0064,E00345,P022,2,9000,2024-05-26
O00346,K0288,E00346,P033,2,23200,2025-05-09
O00347,K0195,E00347,P039,1,11300,2025-05-09
O00348,K0191,E00348,P040,1,11850,2025-01-25
O00349,K0223,E00349,P032,1,11500,2024-08-14
O00350,K0301,E00350,P040,3,35550,2025-01-14
O00351,K0331,E00351,P031,3,35550,2024-06-25
O00352,K0162,E00352,P025,3,35400,2024-02-12
O00353,K0384,E00353,P038,1,11200,2024-06-29
O00354,K0294,E00354,P006,1,26600,2024-06-05
O00355,K0153,E00355,P001,1,4100,2025-04-04
O00356,K0161,E00356,P028,1,26550,2024-03-15
O00357,K0463,E00357,P010,2,23200,2025-01-28
O00358,K0112,E00358,P020,3,79800,2024-10-18
O00359,K0399,E00359,P030,1,3850,2025-03-20
O00360,K0390,E00360,P009,5,20500,2024-02-08
O00361,K0484,E00361,P042,2,53700,2024-08-26
O00362,K0440,E00362,P042,2,53700,2025-01-27
O00363,K0028,E00363,P020,3,79800,2024-08-14
O00364,K0321,E00364,P019,2,23200,2025-04-24
O00365,K0235,E00365,P025,1,11800,2024-11-28
O00366,K0193,E00366,P034,1,27100,2024-08-26
O00367,K0422,E00367,P026,2,22500,2024-06-28
O00368,K0062,E00368,P023,1,3850,2025-01-18
O00369,K0214,E00369,P025,5,59000,2025-03-19
O00370,K0498,E00370,P006,2,53200,2025-04-06
O00371,K0021,E00371,P025,1,11800,2024-09-16
O00372,K0260,E00372,P018,1,11600,2024-06-06
O00373,K0209,E00373,P029,5,19000,2024-08-16
O00374,K0075,E00374,P018,2,23200,2024-10-20
O00375,K0371,E00375,P014,1,27150,2024-10-07
O00376,K0486,E00376,P035,2,54300,2024-05-25
O00377,K0094,E00377,P007,2,54000,2024-03-26
O00378,K0360,E00378,P023,3,11550,2025-02-15
O00379,K0340,E00379,P042,3,80550,2024-07-21
O00380,K0391,E00380,P008,2,7900,2025-02-24
O00381,K0485,E00381,P035,1,27150,2024-11-21
O00382,K0438,E00382,P032,2,23000,2024-11-09
O00383,K0415,E00383,P007,1,27000,2024-12-17
O00384,K0308,E00384,P025,2,23600,2024-11-03
O00385,K0050,E00385,P025,1,11800,2024-08-25
O00386,K0119,E00386,P007,1,27000,2025-04-28
O00387,K0462,E00387,P034,2,54200,2024-02-21
O00388,K0372,E00388,P018,2,23200,2024-08-14
O00389,K0069,E00389,P038,2,22400,2025-02-24
O00390,K0428,E00390,P023,1,3850,2024-07-13
O00391,K0034,E00391,P014,3,81450,2025-01-05
O00392,K0125,E00392,P012,1,11700,2024-03-16
O00393,K0043,E00393,P038,2,22400,2024-03-08
O00394,K0390,E00394,P026,2,22500,2024-07-31
O00395,K0086,E00395,P001,2,8200,2025-04-12
O00396,K0255,E00396,P026,2,22500,2025-05-21
O00397,K0381,E00397,P037,1,4100,2024-08-08
O00398,K0396,E00398,P035,1,27150,2024-04-21
O00399,K0362,E00399,P002,2,9000,2024-05-22
O00400,K0427,E00400,P017,1,11300,2025-02-14
O00401,K0489,E00401,P012,1,11700,2024-10-19
O00402,K0150,E00402,P004,2,23200,2024-10-25
O00403,K0436,E00403,P036,1,4250,2024-06-22
O00404,K0220,E00404,P030,1,3850,2025-06-15
O00405,K0396,E00405,P021,2,53100,2024-06-26
O00406,K0152,E00406,P027,1,26400,2025-07-05
O00407,K0083,E00407,P013,1,27100,2024-11-25
O00408,K0430,E00408,P018,1,11600,2024-04-12
O00409,K0182,E00409,P034,2,54200,2024-01-21
O00410,K0406,E00410,P036,1,4250,2024-06-05
O00411,K0276,E00411,P038,3,33600,2024-12-27
O00412,K0321,E00412,P037,1,4100,2024-06-09
O00413,K0342,E00413,P029,1,3800,2025-06-23
O00414,K0064,E00414,P030,1,3850,2024-06-05
O00415,K0244,E00415,P017,3,33900,2025-01-14
O00416,K0279,E00416,P035,3,81450,2024-10-24
O00417,K0164,E00417,P007,1,27000,2024-10-18
O00418,K0279,E00418,P025,3,35400,2024-06-22
O00419,K0164,E00419,P015,2,8600,2024-03-12
O00420,K0500,E00420,P008,1,3950,2025-05-08
O00421,K0381,E00421,P005,1,11750,2024-03-23
O00422,K0500,E00422,P013,1,27100,2025-05-18
O00423,K0121,E00423,P018,3,34800,2024-05-22
O00424,K0190,E00424,P025,3,35400,2024-09-17
O00425,K0178,E00425,P020,1,26600,2024-02-04
O00426,K0245,E00426,P027,3,79200,2025-03-08
O00427,K0146,E00427,P023,2,7700,2024-07-01
O00428,K0345,E00428,P026,1,11250,2024-04-29
O00429,K0392,E00429,P031,2,23700,2024-07-13
O00430,K0354,E00430,P003,1,11750,2025-03-13
O00431,K0062,E00431,P010,1,11600,2024-07-26
O00432,K0211,E00432,P028,1,26550,2024-07-20
O00433,K0459,E00433,P014,2,54300,2025-05-08
O00434,K0439,E00434,P021,2,53100,2024-12-05
O00435,K0437,E00435,P013,1,27100,2025-06-09
O00436,K0106,E00436,P042,1,26850,2025-01-18
O00437,K0299,E00437,P024,1,11750,2024-03-15
O00438,K0393,E00438,P016,1,4500,2024-06-06
O00439,K0321,E00439,P005,1,11750,2024-06-23
O00440,K0022,E00440,P024,2,23500,2024-06-02
O00441,K0359,E00441,P031,2,23700,2024-12-21
O00442,K0485,E00442,P015,1,4300,2024-06-22
O00443,K0052,E00443,P039,3,33900,2025-03-02
O00444,K0464,E00444,P032,1,11500,2024-10-11
O00445,K0209,E00445,P015,3,12900,2024-05-13
O00446,K0374,E00446,P020,3,79800,2024-12-06
O00447,K0202,E00447,P001,2,8200,2024-11-16
O00448,K0074,E00448,P017,5,56500,2024-04-03
O00449,K0330,E00449,P009,1,4100,2024-12-09
O00450,K0178,E00450,P007,2,54000,2025-01-22
O00451,K0181,E00451,P023,1,3850,2024-06-03
O00452,K0355,E00452,P011,5,58500,2024-08-17
O00453,K0478,E00453,P028,1,26550,2024-06-27
O00454,K0030,E00454,P041,2,54100,2024-11-10
O00455,K0461,E00455,P026,1,11250,2024-06-19
O00456,K0057,E00456,P017,1,11300,2025-06-10
O00457,K0122,E00457,P034,2,54200,2024-03-14
O00458,K0162,E00458,P028,1,26550,2024-02-22
O00459,K0174,E00459,P040,1,11850,2024-02-23
O00460,K0091,E00460,P003,3,35250,2024-12-31
O00461,K0174,E00461,P020,3,79800,2024-12-20
O00462,K0417,E00462,P011,3,35100,2024-02-25
O00463,K0400,E00463,P039,1,11300,2025-03-10
O00464,K0244,E00464,P001,1,4100,2025-03-26
O00465,K0459,E00465,P027,3,79200,2025-05-11
O00466,K0284,E00466,P041,5,135250,2024-06-04
O00467,K0245,E00467,P032,1,11500,2024-11-26
O00468,K0456,E00468,P002,1,4500,2025-03-10
O00469,K0105,E00469,P012,1,11700,2025-03-30
O00470,K0223,E00470,P027,1,26400,2024-09-19
O00471,K0284,E00471,P022,2,9000,2024-11-25
O00472,K0473,E00472,P003,3,35250,2025-03-28
O00473,K0310,E00473,P018,3,34800,2025-01-05
O00474,K0290,E00474,P040,1,11850,2025-06-06
O00475,K0011,E00475,P017,3,33900,2024-08-12
O00476,K0467,E00476,P029,5,19000,2024-04-09
O00477,K0194,E00477,P005,2,23500,2025-07-12
O00478,K0017,E00478,P004,1,11600,2024-04-25
O00479,K0431,E00479,P015,2,8600,2024-07-07
O00480,K0154,E00480,P025,1,11800,2024-02-15
O00481,K0131,E00481,P035,2,54300,2024-10-28
O00482,K0459,E00482,P030,2,7700,2025-03-15
O00483,K0001,E00483,P009,3,12300,2024-03-05
O00484,K0182,E00484,P010,2,23200,2024-08-22
O00485,K0010,E00485,P017,1,11300,2024-05-24
O00486,K0324,E00486,P037,2,8200,2025-04-03
O00487,K0319,E00487,P029,1,3800,2024-05-10
O00488,K0075,E00488,P012,1,11700,2024-09-22
O00489,K0138,E00489,P016,1,4500,2025-05-13
O00490,K0191,E00490,P039,5,56500,2024-04-20
O00491,K0422,E00491,P001,1,4100,2024-12-29
O00492,K0309,E00492,P003,3,35250,2025-05-19
O00493,K0393,E00493,P037,3,12300,2024-11-10
O00494,K0212,E00494,P028,3,79650,2024-12-23
O00495,K0227,E00495,P015,1,4300,2025-02-10
O00496,K0425,E00496,P029,1,3800,2024-12-28
O00497,K0050,E00497,P001,5,20500,2024-12-16
O00498,K0410,E00498,P012,1,11700,2024-09-06
O00499,K0478,E00499,P030,1,3850,2024-03-14
O00500,K0359,E00500,P003,2,23500,2024-02-14
O00501,K0493,E00501,P041,1,27050,2024-06-02
O00502,K0140,E00502,P027,2,52800,2025-01-31
O00503,K0135,E00503,P006,2,53200,2025-04-17
O00504,K0360,E00504,P022,2,9000,2025-01-22
O00505,K0509,E00505,P029,1,3800,2025-04-24
O00506,K0308,E00506,P040,1,11850,2024-04-13
O00507,K0096,E00507,P014,5,135750,2024-10-27
O00508,K0139,E00508,P011,1,11700,2024-08-27
O00509,K0154,E00509,P010,3,34800,2024-10-17
O00510,K0463,E00510,P018,2,23200,2024-12-24
O00511,K0033,E00511,P038,1,11200,2025-04-10
O00512,K0025,E00512,P015,3,12900,2024-05-09
O00513,K0302,E00513,P020,3,79800,2024-11-06
O00514,K0492,E00514,P002,5,22500,2024-05-22
O00515,K0360,E00515,P037,1,4100,2024-06-28
O00516,K0493,E00516,P036,1,4250,2024-06-17
O00517,K0180,E00517,P021,3,79650,2024-10-31
O00518,K0235,E00518,P020,1,26600,2024-03-16
O00519,K0114,E00519,P033,1,11600,2024-08-18
O00520,K0415,E00520,P029,3,11400,2025-07-01
O00521,K0506,E00521,P037,1,4100,2025-02-13
O00522,K0510,E00522,P005,2,23500,2025-03-02
O00523,K0385,E00523,P033,1,11600,2024-08-16
O00524,K0088,E00524,P009,2,8200,2025-05-29
O00525,K0022,E00525,P002,2,9000,2024-09-11
O00526,K0052,E00526,P029,1,3800,2024-11-13
O00527,K0105,E00527,P025,2,23600,2025-01-28
O00528,K0173,E00528,P028,2,53100,2024-06-06
O00529,K0228,E00529,P022,5,22500,2024-05-17
O00530,K0208,E00530,P014,3,81450,2025-04-30
O00531,K0503,E00531,P015,2,8600,2025-06-10
O00532,K0194,E00532,P015,1,4300,2025-06-03
O00533,K0034,E00533,P009,2,8200,2024-02-21
O00534,K0489,E00534,P010,2,23200,2025-02-06
O00535,K0436,E00535,P007,1,27000,2024-12-01
O00536,K0333,E00536,P022,1,4500,2024-02-20
O00537,K0468,E00537,P032,1,11500,2025-03-27
O00538,K0454,E00538,P005,1,11750,2024-05-29
O00539,K0335,E00539,P004,3,34800,2025-01-24
O00540,K0368,E00540,P011,1,11700,2024-07-23
O00541,K0237,E00541,P003,3,35250,2025-05-15
O00542,K0129,E00542,P016,2,9000,2025-01-01
O00543,K0327,E00543,P006,2,53200,2024-10-03
O00544,K0346,E00544,P035,1,27150,2024-07-19
O00545,K0003,E00545,P028,1,26550,2024-03-29
O00546,K0345,E00546,P030,1,3850,2025-01-02
O00547,K0294,E00547,P042,2,53700,2025-02-12
O00548,K0147,E00548,P019,1,11600,2025-05-16
O00549,K0067,E00549,P022,1,4500,2025-02-23
O00550,K0511,E00550,P016,2,9000,2024-12-16
O00551,K0396,E00551,P012,1,11700,2025-01-17
O00552,K0499,E00552,P003,2,23500,2024-12-28
O00553,K0512,E00553,P022,1,4500,2025-03-14
O00554,K0429,E00554,P038,1,11200,2024-12-01
O00555,K0507,E00555,P015,1,4300,2024-09-22
O00556,K0323,E00556,P032,1,11500,2024-02-17
O00557,K0135,E00557,P039,1,11300,2024-05-12
O00558,K0520,E00558,P015,3,12900,2025-03-16
O00559,K0442,E00559,P018,1,11600,2025-03-06
O00560,K0444,E00560,P008,2,7900,2025-05-05
O00561,K0382,E00561,P018,5,58000,2024-05-16
O00562,K0163,E00562,P033,1,11600,2024-05-04
O00563,K0318,E00563,P037,5,20500,2024-02-09
O00564,K0201,E00564,P039,5,56500,2024-10-09
O00565,K0376,E00565,P037,1,4100,2024-12-04
O00566,K0119,E00566,P041,2,54100,2025-03-06
O00567,K0376,E00567,P038,1,11200,2024-02-12
O00568,K0157,E00568,P009,1,4100,2024-04-04
O00569,K0079,E00569,P030,3,11550,2025-03-25
O00570,K0024,E00570,P026,1,11250,2024-08-29
O00571,K0208,E00571,P025,1,11800,2024-02-21
O00572,K0203,E00572,P036,3,12750,2024-11-18
O00573,K0135,E00573,P023,1,3850,2025-05-07
O00574,K0134,E00574,P019,1,11600,2024-05-21
O00575,K0277,E00575,P035,1,27150,2024-09-01
O00576,K0234,E00576,P027,1,26400,2024-07-07
O00577,K0441,E00577,P021,5,132750,2024-12-12
O00578,K0392,E00578,P027,2,52800,2024-04-07
O00579,K0385,E00579,P035,1,27150,2024-08-15
O00580,K0475,E00580,P008,1,3950,2024-04-15
O00581,K0268,E00581,P009,1,4100,2025-07-05
O00582,K0209,E00582,P030,1,3850,2025-06-07
O00583,K0131,E00583,P036,1,4250,2025-03-30
O00584,K0509,E00584,P004,1,11600,2025-01-17
O00585,K0138,E00585,P004,2,23200,2024-02-08
O00586,K0105,E00586,P002,3,13500,2024-05-13
O00587,K0246,E00587,P007,3,81000,2024-08-26
O00588,K0250,E00588,P006,1,26600,2025-03-28
O00589,K0417,E00589,P042,3,80550,2024-09-18
O00590,K0462,E00590,P011,3,35100,2024-12-04
O00591,K0389,E00591,P038,1,11200,2024-03-11
O00592,K0200,E00592,P001,1,4100,2024-05-12
O00593,K0178,E00593,P035,1,27150,2025-04-17
O00594,K0419,E00594,P023,1,3850,2025-05-12
O00595,K0092,E00595,P013,1,27100,2024-04-15
O00596,K0081,E00596,P018,2,23200,2025-02-17
O00597,K0509,E00597,P025,1,11800,2024-02-18
O00598,K0257,E00598,P007,1,27000,2024-12-02
O00599,K0181,E00599,P037,2,8200,2024-02-28
O00600,K0265,E00600,P037,1,4100,2024-07-01
O00601,K0157,E00601,P036,1,4250,2025-04-27
O00602,K0284,E00602,P035,2,54300,2024-04-03
O00603,K0441,E00603,P033,1,11600,2024-10-02
O00604,K0106,E00604,P035,2,54300,2025-06-05
O00605,K0308,E00605,P038,1,11200,2025-05-06
O00606,K0050,E00606,P042,5,134250,2025-04-02
O00607,K0291,E00607,P026,3,33750,2025-06-19
O00608,K0054,E00608,P027,2,52800,2025-04-06
O00609,K0401,E00609,P021,2,53100,2024-08-13
O00610,K0426,E00610,P007,1,27000,2025-03-22
O00611,K0404,E00611,P041,1,27050,2025-01-27
O00612,K0457,E00612,P017,5,56500,2024-04-20
O00613,K0109,E00613,P042,1,26850,2024-04-15
O00614,K0473,E00614,P035,3,81450,2024-08-07
O00615,K0418,E00615,P019,2,23200,2024-07-21
O00616,K0087,E00616,P005,1,11750,2024-12-25
O00617,K0255,E00617,P027,1,26400,2024-04-17
O00618,K0478,E00618,P014,3,81450,2024-08-26
O00619,K0260,E00619,P035,1,27150,2024-08-29
O00620,K0038,E00620,P012,1,11700,2024-02-10
O00621,K0462,E00621,P007,3,81000,2024-10-24
O00622,K0164,E00622,P026,1,11250,2024-03-01
O00623,K0371,E00623,P018,5,58000,2024-07-15
O00624,K0054,E00624,P005,1,11750,2024-03-08
O00625,K0406,E00625,P015,1,4300,2024-04-27
O00626,K0020,E00626,P003,1,11750,2024-11-04
O00627,K0053,E00627,P034,1,27100,2024-01-20
O00628,K0018,E00628,P025,2,23600,2025-02-16
O00629,K0483,E00629,P024,2,23500,2024-09-23
O00630,K0325,E00630,P036,1,4250,2024-08-07
O00631,K0205,E00631,P028,1,26550,2024-04-12
O00632,K0037,E00632,P033,1,11600,2025-06-02
O00633,K0023,E00633,P011,2,23400,2025-03-24
O00634,K0261,E00634,P015,2,8600,2024-11-04
O00635,K0480,E00635,P009,1,4100,2025-02-23
O00636,K0064,E00636,P022,5,22500,2024-09-12
O00637,K0180,E00637,P036,2,8500,2025-02-11
O00638,K0450,E00638,P004,3,34800,2024-11-09
O00639,K0094,E00639,P021,2,53100,2024-11-09
O00640,K0479,E00640,P037,2,8200,2025-01-30
O00641,K0501,E00641,P032,1,11500,2024-03-05
O00642,K0515,E00642,P007,1,27000,2024-10-11
O00643,K0509,E00643,P012,1,11700,2024-06-23
O00644,K0076,E00644,P016,2,9000,2024-10-20
O00645,K0056,E00645,P007,5,135000,2025-04-03
O00646,K0327,E00646,P003,1,11750,2024-11-29
O00647,K0108,E00647,P003,1,11750,2024-05-28
O00648,K0253,E00648,P025,1,11800,2025-03-19
O00649,K0408,E00649,P033,3,34800,2025-04-20
O00650,K0246,E00650,P021,2,53100,2024-09-04
O00651,K0034,E00651,P015,1,4300,2024-11-18
O00652,K0410,E00652,P025,1,11800,2024-12-16
O00653,K0389,E00653,P021,2,53100,2024-02-21
O00654,K0214,E00654,P027,3,79200,2024-08-05
O00655,K0100,E00655,P033,1,11600,2025-02-04
O00656,K0470,E00656,P004,3,34800,2024-11-07
O00657,K0333,E00657,P030,1,3850,2024-05-13
O00658,K0043,E00658,P001,3,12300,2024-04-18
O00659,K0441,E00659,P036,1,4250,2025-04-12
O00660,K0366,E00660,P023,1,3850,2024-12-27
O00661,K0024,E00661,P024,2,23500,2024-09-06
O00662,K0387,E00662,P040,2,23700,2024-07-05
O00663,K0407,E00663,P042,1,26850,2024-03-30
O00664,K0407,E00664,P029,1,3800,2024-06-22
O00665,K0318,E00665,P034,1,27100,2025-02-04
O00666,K0514,E00666,P009,1,4100,2025-06-21
O00667,K0221,E00667,P042,2,53700,2024-11-05
O00668,K0229,E00668,P036,1,4250,2025-01-08
O00669,K0048,E00669,P002,2,9000,2024-05-11
O00670,K0425,E00670,P008,1,3950,2024-02-05
O00671,K0043,E00671,P010,1,11600,2025-01-01
O00672,K0431,E00672,P001,2,8200,2025-05-14
O00673,K0181,E00673,P036,3,12750,2024-05-09
O00674,K0034,E00674,P012,1,11700,2024-04-06
O00675,K0205,E00675,P019,1,11600,2024-09-19
O00676,K0038,E00676,P018,5,58000,2024-08-10
O00677,K0043,E00677,P021,3,79650,2025-06-08
O00678,K0186,E00678,P007,1,27000,2025-01-11
O00679,K0405,E00679,P013,1,27100,2024-07-17
O00680,K0360,E00680,P030,1,3850,2024-06-29
O00681,K0035,E00681,P003,5,58750,2024-05-27
O00682,K0112,E00682,P032,1,11500,2024-12-20
O00683,K0012,E00683,P012,2,23400,2024-12-25
O00684,K0477,E00684,P001,2,8200,2024-07-14
O00685,K0152,E00685,P013,3,81300,2024-10-02
O00686,K0200,E00686,P004,1,11600,2024-12-30
O00687,K0360,E00687,P041,1,27050,2024-09-12
O00688,K0407,E00688,P006,2,53200,2024-06-16
O00689,K0274,E00689,P001,2,8200,2025-04-25
O00690,K0439,E00690,P039,2,22600,2024-12-29
O00691,K0100,E00691,P005,1,11750,2024-08-17
O00692,K0062,E00692,P010,1,11600,2024-11-07
O00693,K0265,E00693,P031,3,35550,2025-06-13
O00694,K0064,E00694,P037,1,4100,2024-09-24
O00695,K0390,E00695,P028,1,26550,2024-04-08
O00696,K0098,E00696,P026,1,11250,2025-01-19
O00697,K0352,E00697,P009,1,4100,2024-03-29
O00698,K0393,E00698,P006,1,26600,2025-03-07
O00699,K0076,E00699,P003,5,58750,2025-04-20
O00700,K0485,E00700,P001,1,4100,2025-06-20
O00701,K0087,E00701,P040,1,11850,2025-04-15
O00702,K0493,E00702,P030,1,3850,2024-10-07
O00703,K0426,E00703,P025,1,11800,2024-08-18
O00704,K0186,E00704,P018,1,11600,2024-12-13
O00705,K0360,E00705,P029,2,7600,2024-10-15
O00706,K0105,E00706,P024,1,11750,2025-07-12
O00707,K0366,E00707,P040,5,59250,2025-06-16
O00708,K0084,E00708,P027,2,52800,2025-04-07
O00709,K0449,E00709,P004,1,11600,2025-02-27
O00710,K0314,E00710,P035,1,27150,2024-02-18
O00711,K0247,E00711,P013,2,54200,2024-09-13
O00712,K0076,E00712,P030,1,3850,2024-08-03
O00713,K0357,E00713,P038,1,11200,2024-08-30
O00714,K0429,E00714,P039,2,22600,2024-11-18
O00715,K0157,E00715,P022,1,4500,2025-02-12
O00716,K0496,E00716,P004,5,58000,2025-02-14
O00717,K0263,E00717,P003,5,58750,2024-02-27
O00718,K0508,E00718,P009,2,8200,2025-06-25
O00719,K0474,E00719,P032,5,57500,2025-04-11
O00720,K0487,E00720,P041,1,27050,2024-08-08
O00721,K0498,E00721,P035,1,27150,2024-07-29
O00722,K0486,E00722,P008,1,3950,2024-04-20
O00723,K0423,E00723,P022,1,4500,2024-02-13
O00724,K0203,E00724,P016,1,4500,2024-10-28
O00725,K0314,E00725,P022,1,4500,2025-04-19
O00726,K0080,E00726,P032,1,11500,2024-03-07
O00727,K0393,E00727,P033,1,11600,2024-10-29
O00728,K0502,E00728,P003,1,11750,2024-12-26
O00729,K0515,E00729,P007,3,81000,2024-10-03
O00730,K0268,E00730,P021,1,26550,2024-11-11
O00731,K0220,E00731,P015,3,12900,2024-04-16
O00732,K0221,E00732,P009,2,8200,2024-10-06
O00733,K0360,E00733,P006,2,53200,2024-06-01
O00734,K0061,E00734,P021,1,26550,2025-05-14
O00735,K0517,E00735,P014,2,54300,2024-06-03
O00736,K0432,E00736,P016,1,4500,2024-12-01
O00737,K0327,E00737,P026,1,11250,2025-01-06
O00738,K0463,E00738,P007,1,27000,2024-02-26
O00739,K0286,E00739,P039,1,11300,2024-11-21
O00740,K0255,E00740,P012,1,11700,2025-06-17
O00741,K0517,E00741,P025,1,11800,2025-05-26
O00742,K0503,E00742,P017,5,56500,2024-12-10
O00743,K0423,E00743,P009,2,8200,2024-07-14
O00744,K0043,E00744,P008,1,3950,2024-12-01
O00745,K0439,E00745,P016,1,4500,2024-09-12
O00746,K0373,E00746,P001,2,8200,2024-03-10
O00747,K0459,E00747,P029,2,7600,2024-04-07
O00748,K0112,E00748,P025,1,11800,2025-03-09
O00749,K0490,E00749,P024,2,23500,2024-03-27
O00750,K0047,E00750,P029,1,3800,2025-06-03
O00751,K0136,E00751,P018,1,11600,2024-07-02
O00752,K0330,E00752,P010,2,23200,2025-06-04
O00753,K0021,E00753,P020,2,53200,2025-03-05
O00754,K0517,E00754,P026,2,22500,2025-01-14
O00755,K0438,E00755,P023,1,3850,2024-01-31
O00756,K0089,E00756,P014,2,54300,2024-07-20
O00757,K0032,E00757,P015,5,21500,2024-10-13
O00758,K0078,E00758,P003,1,11750,2025-06-20
O00759,K0136,E00759,P038,2,22400,2024-07-18
O00760,K0050,E00760,P042,2,53700,2025-06-20
O00761,K0253,E00761,P040,5,59250,2025-04-30
O00762,K0342,E00762,P014,2,54300,2025-03-29
O00763,K0419,E00763,P011,3,35100,2024-11-10
O00764,K0451,E00764,P004,1,11600,2024-03-05
O00765,K0050,E00765,P006,2,53200,2024-12-17
O00766,K0318,E00766,P019,1,11600,2024-02-01
O00767,K0432,E00767,P015,2,8600,2024-08-20
O00768,K0417,E00768,P026,2,22500,2024-05-05
O00769,K0184,E00769,P006,2,53200,2024-12-20
O00770,K0074,E00770,P009,1,4100,2024-01-30
O00771,K0482,E00771,P003,1,11750,2024-07-28
O00772,K0447,E00772,P025,1,11800,2025-05-19
O00773,K0464,E00773,P031,1,11850,2024-06-25
O00774,K0005,E00774,P006,3,79800,2024-06-11
O00775,K0085,E00775,P027,2,52800,2025-01-17
O00776,K0430,E00776,P034,3,81300,2025-01-04
O00777,K0449,E00777,P021,1,26550,2025-04-11
O00778,K0413,E00778,P041,1,27050,2024-10-18
O00779,K0490,E00779,P037,2,8200,2024-07-20
O00780,K0431,E00780,P024,3,35250,2024-08-11
O00781,K0006,E00781,P015,1,4300,2025-01-10
O00782,K0250,E00782,P038,1,11200,2024-02-07
O00783,K0299,E00783,P003,3,35250,2024-08-29
O00784,K0401,E00784,P013,1,27100,2024-09-29
O00785,K0242,E00785,P031,1,11850,2024-09-02
O00786,K0324,E00786,P041,1,27050,2024-05-27
O00787,K0187,E00787,P035,1,27150,2024-11-12
O00788,K0379,E00788,P009,1,4100,2024-07-20
O00789,K0491,E00789,P026,1,11250,2025-06-26
O00790,K0047,E00790,P006,5,133000,2025-03-03
O00791,K0244,E00791,P011,1,11700,2025-04-11
O00792,K0376,E00792,P022,5,22500,2025-04-02
O00793,K0315,E00793,P013,2,54200,2024-09-21
O00794,K0271,E00794,P018,1,11600,2024-03-04
O00795,K0138,E00795,P008,5,19750,2024-07-03
O00796,K0197,E00796,P005,5,58750,2025-02-06
O00797,K0404,E00797,P019,5,58000,2024-08-25
O00798,K0020,E00798,P022,2,9000,2025-07-10
O00799,K0065,E00799,P024,2,23500,2024-06-29
O00800,K0005,E00800,P008,5,19750,2025-06-25
O00801,K0252,E00801,P007,1,27000,2024-04-07
O00802,K0079,E00802,P017,1,11300,2025-03-06
O00803,K0452,E00803,P003,3,35250,2024-11-20
O00804,K0075,E00804,P036,5,21250,2024-07-31
O00805,K0507,E00805,P007,3,81000,2025-02-10
O00806,K0274,E00806,P038,3,33600,2024-03-25
O00807,K0086,E00807,P033,1,11600,2024-05-16
O00808,K0067,E00808,P036,1,4250,2024-01-26
O00809,K0347,E00809,P023,1,3850,2024-05-15
O00810,K0186,E00810,P022,3,13500,2024-06-08
O00811,K0507,E00811,P026,1,11250,2024-11-12
O00812,K0022,E00812,P029,5,19000,2024-11-27
O00813,K0486,E00813,P034,1,27100,2025-03-31
O00814,K0474,E00814,P030,5,19250,2024-11-16
O00815,K0296,E00815,P006,2,53200,2024-08-31
O00816,K0224,E00816,P015,3,12900,2024-04-15
O00817,K0205,E00817,P027,1,26400,2025-01-12
O00818,K0128,E00818,P027,3,79200,2025-03-30
O00819,K0107,E00819,P022,1,4500,2024-04-22
O00820,K0478,E00820,P039,2,22600,2024-02-13
O00821,K0348,E00821,P021,3,79650,2024-12-16
O00822,K0058,E00822,P001,5,20500,2025-06-28
O00823,K0091,E00823,P032,1,11500,2024-12-30
O00824,K0190,E00824,P037,1,4100,2024-06-13
O00825,K0411,E00825,P026,5,56250,2024-03-12
O00826,K0135,E00826,P013,3,81300,2025-03-26
O00827,K0512,E00827,P006,1,26600,2025-03-07
O00828,K0416,E00828,P030,1,3850,2025-06-29
O00829,K0444,E00829,P016,3,13500,2025-03-03
O00830,K0336,E00830,P004,1,11600,2024-11-09
O00831,K0309,E00831,P017,1,11300,2024-05-30
O00832,K0085,E00832,P015,2,8600,2025-03-17
O00833,K0223,E00833,P010,1,11600,2024-01-20
O00834,K0069,E00834,P038,2,22400,2025-03-12
O00835,K0248,E00835,P014,1,27150,2025-05-28
O00836,K0317,E00836,P037,2,8200,2024-04-04
O00837,K0416,E00837,P023,3,11550,2024-05-16
O00838,K0181,E00838,P026,3,33750,2024-03-07
O00839,K0362,E00839,P006,3,79800,2024-06-07
O00840,K0361,E00840,P031,2,23700,2025-03-03
O00841,K0322,E00841,P004,2,23200,2024-11-14
O00842,K0132,E00842,P010,3,34800,2024-10-05
O00843,K0256,E00843,P035,1,27150,2024-06-02
O00844,K0511,E00844,P042,2,53700,2024-08-20
O00845,K0317,E00845,P016,1,4500,2024-09-22
O00846,K0443,E00846,P001,2,8200,2024-12-03
O00847,K0295,E00847,P014,1,27150,2024-12-17
O00848,K0099,E00848,P014,2,54300,2025-06-05
O00849,K0487,E00849,P030,1,3850,2024-08-20
O00850,K0078,E00850,P022,1,4500,2024-03-24
O00851,K0159,E00851,P002,1,4500,2024-11-12
O00852,K0508,E00852,P037,1,4100,2024-08-19
O00853,K0257,E00853,P009,1,4100,2025-05-26
O00854,K0153,E00854,P030,1,3850,2025-05-30
O00855,K0305,E00855,P030,1,3850,2025-02-19
O00856,K0199,E00856,P033,1,11600,2024-04-06
O00857,K0419,E00857,P035,1,27150,2025-04-12
O00858,K0015,E00858,P025,1,11800,2024-03-26
O00859,K0339,E00859,P014,2,54300,2025-02-15
O00860,K0476,E00860,P006,1,26600,2024-02-28
O00861,K0218,E00861,P017,5,56500,2025-03-07
O00862,K0136,E00862,P001,1,4100,2024-09-22
O00863,K0357,E00863,P042,5,134250,2024-11-03
O00864,K0280,E00864,P022,5,22500,2024-06-30
O00865,K0235,E00865,P031,1,11850,2024-08-07
O00866,K0318,E00866,P018,2,23200,2025-05-30
O00867,K0002,E00867,P034,1,27100,2024-09-06
O00868,K0138,E00868,P001,3,12300,2024-06-27
O00869,K0311,E00869,P026,1,11250,2024-11-10
O00870,K0492,E00870,P036,3,12750,2024-03-25
O00871,K0074,E00871,P027,1,26400,2025-01-03
O00872,K0080,E00872,P019,1,11600,2024-12-20
O00873,K0115,E00873,P002,1,4500,2024-10-01
O00874,K0322,E00874,P001,3,12300,2025-07-11
O00875,K0301,E00875,P031,1,11850,2024-02-25
O00876,K0508,E00876,P025,2,23600,2024-08-19
O00877,K0415,E00877,P030,5,19250,2024-11-28
O00878,K0088,E00878,P022,2,9000,2024-08-02
O00879,K0485,E00879,P041,5,135250,2025-02-13
O00880,K0315,E00880,P006,1,26600,2025-06-29
O00881,K0352,E00881,P040,3,35550,2024-02-15
O00882,K0312,E00882,P036,1,4250,2024-05-02
O00883,K0320,E00883,P005,1,11750,2024-03-11
O00884,K0218,E00884,P031,1,11850,2024-06-14
O00885,K0128,E00885,P035,2,54300,2024-10-18
O00886,K0202,E00886,P016,2,9000,2024-04-28
O00887,K0265,E00887,P029,2,7600,2024-07-16
O00888,K0394,E00888,P007,1,27000,2025-03-16
O00889,K0255,E00889,P019,5,58000,2024-05-02
O00890,K0080,E00890,P013,5,135500,2025-02-06
O00891,K0036,E00891,P020,2,53200,2024-08-22
O00892,K0520,E00892,P033,1,11600,2025-05-02
O00893,K0418,E00893,P007,1,27000,2024-03-06
O00894,K0084,E00894,P029,5,19000,2024-11-09
O00895,K0010,E00895,P031,5,59250,2025-01-09
O00896,K0515,E00896,P018,5,58000,2025-05-24
O00897,K0442,E00897,P028,1,26550,2024-07-10
O00898,K0331,E00898,P017,1,11300,2025-05-04
O00899,K0313,E00899,P022,5,22500,2024-07-19
O00900,K0038,E00900,P014,3,81450,2024-10-21
O00901,K0493,E00901,P021,1,26550,2024-12-16
O00902,K0357,E00902,P034,1,27100,2024-04-09
O00903,K0145,E00903,P030,1,3850,2024-12-24
O00904,K0287,E00904,P020,1,26600,2025-07-06
O00905,K0314,E00905,P005,3,35250,2024-10-08
O00906,K0517,E00906,P034,5,135500,2024-05-19
O00907,K0098,E00907,P042,2,53700,2025-04-12
O00908,K0454,E00908,P031,1,11850,2025-06-11
O00909,K0426,E00909,P020,3,79800,2024-08-12
O00910,K0425,E00910,P024,1,11750,2025-05-24
O00911,K0371,E00911,P037,1,4100,2025-06-07
O00912,K0389,E00912,P040,1,11850,2025-02-04
O00913,K0416,E00913,P039,1,11300,2025-02-23
O00914,K0086,E00914,P023,1,3850,2024-11-20
O00915,K0366,E00915,P034,1,27100,2024-04-17
O00916,K0417,E00916,P034,1,27100,2024-11-19
O00917,K0149,E00917,P013,1,27100,2025-02-16
O00918,K0016,E00918,P003,1,11750,2025-05-09
O00919,K0440,E00919,P007,1,27000,2024-06-07
O00920,K0389,E00920,P029,3,11400,2024-10-22
O00921,K0485,E00921,P006,1,26600,2024-10-17
O00922,K0156,E00922,P005,1,11750,2025-06-13
O00923,K0431,E00923,P042,1,26850,2024-11-06
O00924,K0329,E00924,P035,1,27150,2024-06-30
O00925,K0481,E00925,P001,5,20500,2024-12-25
O00926,K0120,E00926,P038,2,22400,2024-07-20
O00927,K0344,E00927,P041,3,81150,2025-05-05
O00928,K0076,E00928,P028,3,79650,2025-03-06
O00929,K0294,E00929,P012,2,23400,2024-01-23
O00930,K0436,E00930,P038,1,11200,2025-04-17
O00931,K0433,E00931,P039,1,11300,2025-04-27
O00932,K0467,E00932,P025,1,11800,2024-02-12
O00933,K0205,E00933,P006,1,26600,2024-12-12
O00934,K0398,E00934,P014,1,27150,2025-02-20
O00935,K0306,E00935,P042,2,53700,2024-10-10
O00936,K0135,E00936,P001,2,8200,2024-08-28
O00937,K0316,E00937,P042,1,26850,2025-06-02
O00938,K0038,E00938,P031,1,11850,2024-04-19
O00939,K0394,E00939,P009,3,12300,2024-02-17
O00940,K0157,E00940,P017,1,11300,2025-04-19
O00941,K0515,E00941,P005,3,35250,2024-08-28
O00942,K0430,E00942,P026,1,11250,2025-04-17
O00943,K0086,E00943,P014,3,81450,2024-05-06
O00944,K0182,E00944,P022,1,4500,2024-08-17
O00945,K0066,E00945,P033,1,11600,2025-06-09
O00946,K0159,E00946,P007,2,54000,2024-11-13
O00947,K0332,E00947,P025,1,11800,2024-12-05
O00948,K0366,E00948,P010,2,23200,2025-05-03
O00949,K0157,E00949,P004,1,11600,2025-06-09
O00950,K0486,E00950,P036,1,4250,2024-10-28
O00951,K0070,E00951,P041,1,27050,2024-04-24
O00952,K0170,E00952,P001,2,8200,2025-02-12
O00953,K0229,E00953,P020,1,26600,2024-01-26
O00954,K0192,E00954,P014,2,54300,2024-09-18
O00955,K0048,E00955,P011,2,23400,2025-03-04
O00956,K0475,E00956,P029,1,3800,2024-05-26
O00957,K0461,E00957,P026,3,33750,2025-02-13
O00958,K0261,E00958,P034,1,27100,2024-02-15
O00959,K0313,E00959,P034,1,27100,2025-04-11
O00960,K0448,E00960,P011,3,35100,2025-05-11
O00961,K0186,E00961,P041,1,27050,2024-05-26
O00962,K0221,E00962,P017,1,11300,2024-11-26
O00963,K0456,E00963,P033,3,34800,2025-05-04
O00964,K0434,E00964,P038,1,11200,2024-08-07
O00965,K0065,E00965,P036,1,4250,2025-03-11
O00966,K0339,E00966,P013,3,81300,2025-02-25
O00967,K0126,E00967,P004,1,11600,2024-09-08
O00968,K0461,E00968,P023,1,3850,2024-10-27
O00969,K0393,E00969,P033,2,23200,2024-08-02
O00970,K0283,E00970,P021,2,53100,2025-05-17
O00971,K0070,E00971,P013,3,81300,2024-05-18
O00972,K0135,E00972,P008,1,3950,2024-11-20
O00973,K0423,E00973,P016,1,4500,2025-02-27
O00974,K0158,E00974,P041,3,81150,2024-03-05
O00975,K0047,E00975,P037,1,4100,2025-04-17
O00976,K0518,E00976,P011,3,35100,2024-08-13
O00977,K0337,E00977,P039,1,11300,2024-06-22
O00978,K0300,E00978,P008,3,11850,2024-10-04
O00979,K0046,E00979,P038,3,33600,2025-05-07
O00980,K0319,E00980,P020,1,26600,2024-10-01
O00981,K0077,E00981,P033,5,58000,2024-10-31
O00982,K0461,E00982,P013,1,27100,2024-02-24
O00983,K0314,E00983,P023,1,3850,2025-03-01
O00984,K0157,E00984,P031,3,35550,2024-10-13
O00985,K0054,E00985,P039,1,11300,2024-07-22
O00986,K0271,E00986,P007,3,81000,2024-07-24
O00987,K0495,E00987,P015,2,8600,2025-06-12
O00988,K0309,E00988,P014,1,27150,2025-02-13
O00989,K0092,E00989,P040,2,23700,2024-04-17
O00990,K0259,E00990,P035,5,135750,2025-01-02
O00991,K0411,E00991,P041,2,54100,2024-11-25
O00992,K0115,E00992,P001,1,4100,2025-03-12
O00993,K0478,E00993,P041,5,135250,2025-03-03
O00994,K0366,E00994,P040,3,35550,2024-09-30
O00995,K0227,E00995,P003,3,35250,2025-05-30
O00996,K0378,E00996,P009,1,4100,2024-05-14
O00997,K0318,E00997,P009,3,12300,2024-02-18
O00998,K0142,E00998,P037,1,4100,2024-07-25
O00999,K0077,E00999,P030,1,3850,2025-04-06
O01000,K0472,E01000,P037,5,20500,2025-02-15
O01001,K0451,E01001,P036,1,4250,2024-04-30
O01002,K0246,E01002,P031,2,23700,2024-04-08
O01003,K0426,E01003,P038,1,11200,2025-04-22
O01004,K0434,E01004,P040,5,59250,2024-07-12
O01005,K0303,E01005,P016,2,9000,2025-03-21
O01006,K0284,E01006,P032,1,11500,2025-03-20
O01007,K0312,E01007,P041,3,81150,2024-12-14
O01008,K0298,E01008,P004,2,23200,2024-06-23
O01009,K0054,E01009,P022,3,13500,2024-10-18
O01010,K0246,E01010,P014,1,27150,2024-02-02
O01011,K0337,E01011,P023,1,3850,2024-06-16
O01012,K0399,E01012,P003,1,11750,2025-04-11
O01013,K0303,E01013,P028,2,53100,2025-05-02
O01014,K0034,E01014,P012,2,23400,2025-04-25
O01015,K0358,E01015,P026,2,22500,2025-02-13
O01016,K0332,E01016,P042,3,80550,2025-01-12
O01017,K0315,E01017,P008,3,11850,2025-03-13
O01018,K0114,E01018,P027,5,132000,2024-08-15
O01019,K0342,E01019,P039,2,22600,2024-06-21
O01020,K0336,E01020,P042,1,26850,2025-02-19
O01021,K0253,E01021,P027,2,52800,2024-12-06
O01022,K0367,E01022,P025,1,11800,2024-10-22
O01023,K0398,E01023,P004,1,11600,2025-06-04
O01024,K0072,E01024,P001,2,8200,2024-10-30
O01025,K0138,E01025,P024,1,11750,2024-11-17
O01026,K0513,E01026,P002,1,4500,2025-02-02
O01027,K0010,E01027,P016,5,22500,2025-06-12
O01028,K0018,E01028,P013,1,27100,2024-12-14
O01029,K0425,E01029,P005,1,11750,2024-02-09
O01030,K0313,E01030,P042,1,26850,2025-05-10
O01031,K0417,E01031,P003,5,58750,2024-06-01
O01032,K0093,E01032,P039,2,22600,2024-11-22
O01033,K0100,E01033,P038,2,22400,2024-04-03
O01034,K0503,E01034,P036,2,8500,2025-06-23
O01035,K0330,E01035,P030,1,3850,2025-06-28
O01036,K0253,E01036,P024,2,23500,2024-11-14
O01037,K0490,E01037,P025,5,59000,2024-12-30
O01038,K0220,E01038,P025,3,35400,2024-02-10
O01039,K0002,E01039,P034,1,27100,2025-01-04
O01040,K0441,E01040,P023,1,3850,2024-10-13
O01041,K0352,E01041,P012,1,11700,2024-02-09
O01042,K0135,E01042,P029,1,3800,2024-05-13
O01043,K0497,E01043,P019,3,34800,2025-07-13
O01044,K0380,E01044,P026,1,11250,2025-03-05
O01045,K0228,E01045,P019,5,58000,2024-12-02
O01046,K0380,E01046,P022,2,9000,2024-12-28
O01047,K0277,E01047,P011,3,35100,2025-06-26
O01048,K0142,E01048,P031,1,11850,2024-12-15
O01049,K0056,E01049,P017,1,11300,2025-06-10
O01050,K0306,E01050,P015,3,12900,2025-06-19
O01051,K0380,E01051,P016,2,9000,2025-06-30
O01052,K0400,E01052,P011,1,11700,2024-03-04
O01053,K0438,E01053,P015,1,4300,2024-12-16
O01054,K0410,E01054,P026,1,11250,2025-06-01
O01055,K0308,E01055,P028,1,26550,2025-06-01
O01056,K0052,E01056,P022,3,13500,2024-08-15
O01057,K0249,E01057,P010,5,58000,2025-02-06
O01058,K0245,E01058,P001,1,4100,2024-04-06
O01059,K0173,E01059,P008,1,3950,2024-05-28
O01060,K0290,E01060,P033,1,11600,2024-12-24
O01061,K0266,E01061,P041,1,27050,2025-01-10
O01062,K0180,E01062,P023,3,11550,2024-09-11
O01063,K0278,E01063,P011,1,11700,2024-08-24
O01064,K0272,E01064,P031,5,59250,2024-09-29
O01065,K0463,E01065,P009,1,4100,2025-02-17
O01066,K0422,E01066,P028,2,53100,2024-01-29
O01067,K0328,E01067,P002,1,4500,2024-08-02
O01068,K0376,E01068,P008,2,7900,2025-05-19
O01069,K0087,E01069,P034,1,27100,2024-06-10
O01070,K0027,E01070,P002,2,9000,2024-03-08
O01071,K0106,E01071,P025,1,11800,2024-06-24
O01072,K0028,E01072,P032,3,34500,2025-02-16
O01073,K0511,E01073,P037,1,4100,2024-11-23
O01074,K0284,E01074,P012,3,35100,2024-11-06
O01075,K0321,E01075,P025,2,23600,2024-04-16
O01076,K0339,E01076,P001,2,8200,2025-03-10
O01077,K0107,E01077,P008,2,7900,2024-02-05
O01078,K0083,E01078,P025,2,23600,2025-02-01
O01079,K0473,E01079,P027,1,26400,2025-05-26
O01080,K0181,E01080,P032,3,34500,2025-03-02
O01081,K0090,E01081,P040,5,59250,2024-10-16
O01082,K0184,E01082,P034,2,54200,2024-04-04
O01083,K0519,E01083,P034,1,27100,2025-03-09
O01084,K0234,E01084,P025,2,23600,2024-04-11
O01085,K0144,E01085,P032,3,34500,2024-03-23
O01086,K0288,E01086,P013,1,27100,2024-06-11
O01087,K0402,E01087,P002,1,4500,2024-11-22
O01088,K0434,E01088,P028,3,79650,2024-09-09
O01089,K0106,E01089,P025,2,23600,2024-07-07
O01090,K0359,E01090,P030,2,7700,2024-04-27
O01091,K0388,E01091,P025,1,11800,2025-01-04
O01092,K0503,E01092,P011,1,11700,2024-06-19
O01093,K0069,E01093,P003,1,11750,2025-03-18
O01094,K0187,E01094,P025,5,59000,2024-06-24
O01095,K0070,E01095,P029,2,7600,2025-02-18
O01096,K0486,E01096,P011,1,11700,2024-09-16
O01097,K0241,E01097,P016,1,4500,2024-10-10
O01098,K0098,E01098,P038,2,22400,2024-12-11
O01099,K0188,E01099,P029,1,3800,2024-05-14
O01100,K0497,E01100,P038,2,22400,2024-09-02
O01101,K0431,E01101,P031,2,23700,2025-05-14
O01102,K0446,E01102,P016,1,4500,2024-03-13
O01103,K0461,E01103,P011,1,11700,2024-06-20
O01104,K0508,E01104,P025,2,23600,2024-10-02
O01105,K0373,E01105,P018,2,23200,2025-03-11
O01106,K0507,E01106,P015,1,4300,2024-04-06
O01107,K0517,E01107,P001,5,20500,2025-03-27
O01108,K0267,E01108,P023,2,7700,2025-02-12
O01109,K0235,E01109,P013,1,27100,2024-09-20
O01110,K0124,E01110,P041,2,54100,2024-11-23
O01111,K0328,E01111,P040,1,11850,2024-06-23
O01112,K0227,E01112,P016,2,9000,2024-07-15
O01113,K0394,E01113,P019,2,23200,2025-03-30
O01114,K0121,E01114,P006,1,26600,2025-04-12
O01115,K0390,E01115,P021,2,53100,2024-05-02
O01116,K0132,E01116,P022,1,4500,2025-02-19
O01117,K0512,E01117,P016,3,13500,2025-02-10
O01118,K0473,E01118,P007,1,27000,2024-08-02
O01119,K0477,E01119,P029,3,11400,2024-02-25
O01120,K0227,E01120,P030,3,11550,2024-08-24
O01121,K0320,E01121,P023,3,11550,2024-02-16
O01122,K0105,E01122,P013,3,81300,2024-10-14
O01123,K0426,E01123,P038,3,33600,2024-06-15
O01124,K0423,E01124,P042,1,26850,2024-09-11
O01125,K0413,E01125,P036,1,4250,2024-04-05
O01126,K0487,E01126,P041,1,27050,2025-02-20
O01127,K0122,E01127,P038,1,11200,2025-04-12
O01128,K0181,E01128,P030,1,3850,2024-03-10
O01129,K0297,E01129,P016,3,13500,2025-07-11
O01130,K0253,E01130,P006,1,26600,2024-06-18
O01131,K0384,E01131,P039,3,33900,2024-03-16
O01132,K0069,E01132,P019,2,23200,2024-06-18
O01133,K0460,E01133,P022,1,4500,2025-04-23
O01134,K0442,E01134,P040,2,23700,2024-04-05
O01135,K0516,E01135,P018,1,11600,2024-04-30
O01136,K0164,E01136,P039,3,33900,2025-06-13
O01137,K0446,E01137,P005,3,35250,2024-11-28
O01138,K0273,E01138,P029,1,3800,2025-02-12
O01139,K0414,E01139,P036,1,4250,2025-01-07
O01140,K0271,E01140,P022,2,9000,2024-12-03
O01141,K0291,E01141,P036,1,4250,2024-11-19
O01142,K0225,E01142,P007,1,27000,2025-03-08
O01143,K0443,E01143,P036,1,4250,2024-10-25
O01144,K0073,E01144,P008,1,3950,2024-02-27
O01145,K0354,E01145,P027,1,26400,2024-09-02
O01146,K0498,E01146,P042,1,26850,2024-06-04
O01147,K0234,E01147,P002,2,9000,2024-04-28
O01148,K0022,E01148,P033,3,34800,2024-04-02
O01149,K0307,E01149,P013,2,54200,2024-08-06
O01150,K0299,E01150,P028,1,26550,2024-11-27
O01151,K0206,E01151,P005,5,58750,2024-08-21
O01152,K0058,E01152,P041,1,27050,2024-08-15
O01153,K0005,E01153,P029,1,3800,2024-02-16
O01154,K0130,E01154,P039,1,11300,2025-05-17
O01155,K0102,E01155,P021,1,26550,2024-08-18
O01156,K0329,E01156,P037,1,4100,2024-05-28
O01157,K0189,E01157,P036,3,12750,2024-07-19
O01158,K0064,E01158,P012,1,11700,2024-10-16
O01159,K0257,E01159,P034,1,27100,2024-06-30
O01160,K0109,E01160,P029,2,7600,2025-06-17
O01161,K0078,E01161,P037,3,12300,2024-08-19
O01162,K0478,E01162,P002,1,4500,2024-08-24
O01163,K0105,E01163,P017,2,22600,2024-05-15
O01164,K0321,E01164,P025,1,11800,2024-03-24
O01165,K0084,E01165,P023,2,7700,2025-03-14
O01166,K0443,E01166,P038,5,56000,2024-04-09
O01167,K0427,E01167,P019,1,11600,2024-03-21
O01168,K0007,E01168,P038,1,11200,2025-05-12
O01169,K0214,E01169,P012,2,23400,2024-03-12
O01170,K0498,E01170,P028,2,53100,2025-03-18
O01171,K0131,E01171,P035,3,81450,2024-08-12
O01172,K0391,E01172,P038,1,11200,2024-09-15
O01173,K0511,E01173,P002,1,4500,2024-03-06
O01174,K0497,E01174,P006,2,53200,2025-06-16
O01175,K0251,E01175,P024,3,35250,2024-07-03
O01176,K0261,E01176,P024,3,35250,2024-09-11
O01177,K0228,E01177,P039,1,11300,2024-12-17
O01178,K0171,E01178,P018,1,11600,2025-01-24
O01179,K0161,E01179,P017,1,11300,2024-09-21
O01180,K0435,E01180,P012,1,11700,2025-02-03
O01181,K0129,E01181,P007,1,27000,2024-12-19
O01182,K0507,E01182,P024,1,11750,2025-03-10
O01183,K0006,E01183,P041,2,54100,2024-03-06
O01184,K0447,E01184,P005,3,35250,2024-12-30
O01185,K0459,E01185,P036,5,21250,2025-04-14
O01186,K0256,E01186,P014,2,54300,2025-03-18
O01187,K0176,E01187,P042,1,26850,2025-05-20
O01188,K0372,E01188,P033,2,23200,2024-10-19
O01189,K0341,E01189,P003,1,11750,2024-09-21
O01190,K0035,E01190,P005,5,58750,2025-01-18
O01191,K0456,E01191,P029,5,19000,2025-06-20
O01192,K0152,E01192,P017,2,22600,2024-02-19
O01193,K0349,E01193,P014,2,54300,2025-02-28
O01194,K0418,E01194,P039,3,33900,2025-06-16
O01195,K0431,E01195,P010,3,34800,2024-05-22
O01196,K0310,E01196,P042,1,26850,2024-06-09
O01197,K0136,E01197,P041,2,54100,2024-07-16
O01198,K0362,E01198,P035,3,81450,2025-04-05
O01199,K0028,E01199,P008,3,11850,2024-11-18
O01200,K0449,E01200,P041,1,27050,2025-02-03
O01201,K0186,E01201,P001,2,8200,2025-05-14
O01202,K0247,E01202,P029,5,19000,2024-09-28
O01203,K0293,E01203,P011,5,58500,2024-08-21
O01204,K0504,E01204,P007,3,81000,2025-07-03
O01205,K0495,E01205,P026,5,56250,2025-06-28
O01206,K0417,E01206,P034,1,27100,2024-03-15
O01207,K0104,E01207,P009,2,8200,2024-05-28
O01208,K0123,E01208,P035,3,81450,2024-08-29
O01209,K0469,E01209,P011,5,58500,2024-05-31
O01210,K0033,E01210,P001,1,4100,2024-07-03
O01211,K0368,E01211,P020,1,26600,2024-10-01
O01212,K0185,E01212,P006,3,79800,2024-11-09
O01213,K0266,E01213,P040,5,59250,2024-10-13
O01214,K0179,E01214,P029,1,3800,2025-04-01
O01215,K0053,E01215,P007,3,81000,2024-06-05
O01216,K0298,E01216,P029,3,11400,2024-07-15
O01217,K0209,E01217,P002,5,22500,2025-03-24
O01218,K0425,E01218,P033,3,34800,2024-11-02
O01219,K0394,E01219,P036,1,4250,2024-07-05
O01220,K0292,E01220,P006,3,79800,2025-06-28
O01221,K0023,E01221,P014,2,54300,2024-06-25
O01222,K0517,E01222,P012,5,58500,2024-05-30
O01223,K0010,E01223,P025,1,11800,2024-07-05
O01224,K0273,E01224,P034,3,81300,2024-08-28
O01225,K0468,E01225,P014,1,27150,2024-04-09
O01226,K0401,E01226,P035,5,135750,2024-10-16
O01227,K0015,E01227,P008,3,11850,2025-06-23
O01228,K0485,E01228,P008,2,7900,2024-07-03
O01229,K0127,E01229,P014,5,135750,2025-06-09
O01230,K0223,E01230,P041,3,81150,2025-05-12
O01231,K0074,E01231,P018,2,23200,2024-08-21
O01232,K0014,E01232,P013,3,81300,2025-03-10
O01233,K0171,E01233,P041,1,27050,2024-10-07
O01234,K0337,E01234,P019,1,11600,2024-09-24
O01235,K0235,E01235,P034,2,54200,2025-03-04
O01236,K0516,E01236,P011,2,23400,2024-11-12
O01237,K0065,E01237,P030,1,3850,2025-02-06
O01238,K0199,E01238,P019,3,34800,2024-03-12
O01239,K0431,E01239,P027,2,52800,2024-08-06
O01240,K0114,E01240,P032,5,57500,2025-03-04
O01241,K0417,E01241,P008,3,11850,2024-03-01
O01242,K0207,E01242,P040,3,35550,2024-03-08
O01243,K0175,E01243,P039,1,11300,2025-04-18
O01244,K0170,E01244,P014,1,27150,2025-02-14
O01245,K0341,E01245,P041,1,27050,2024-01-11
O01246,K0104,E01246,P039,1,11300,2024-04-02
O01247,K0018,E01247,P008,1,3950,2025-02-18
O01248,K0315,E01248,P025,2,23600,2025-04-09
O01249,K0346,E01249,P022,1,4500,2024-04-06
O01250,K0319,E01250,P037,1,4100,2024-09-15
O01251,K0517,E01251,P025,2,23600,2024-11-07
O01252,K0438,E01252,P036,1,4250,2025-06-03
O01253,K0225,E01253,P031,2,23700,2025-01-18
O01254,K0296,E01254,P020,3,79800,2024-07-01
O01255,K0056,E01255,P014,3,81450,2025-02-25
O01256,K0397,E01256,P028,1,26550,2024-08-26
O01257,K0214,E01257,P021,2,53100,2025-04-17
O01258,K0421,E01258,P033,1,11600,2024-06-22
O01259,K0358,E01259,P014,2,54300,2024-07-14
O01260,K0196,E01260,P002,2,9000,2024-04-25
O01261,K0516,E01261,P041,2,54100,2024-01-24
O01262,K0161,E01262,P033,5,58000,2025-04-04
O01263,K0214,E01263,P003,1,11750,2024-05-24
O01264,K0462,E01264,P001,3,12300,2025-05-05
O01265,K0485,E01265,P041,1,27050,2024-07-22
O01266,K0106,E01266,P040,5,59250,2024-02-07
O01267,K0389,E01267,P018,1,11600,2025-02-19
O01268,K0014,E01268,P027,1,26400,2024-08-05
O01269,K0444,E01269,P031,2,23700,2025-06-01
O01270,K0515,E01270,P037,5,20500,2024-07-06
O01271,K0371,E01271,P007,5,135000,2024-06-07
O01272,K0314,E01272,P020,1,26600,2024-02-25
O01273,K0054,E01273,P021,3,79650,2025-02-18
O01274,K0520,E01274,P001,2,8200,2024-04-30
O01275,K0031,E01275,P017,3,33900,2024-08-03
O01276,K0356,E01276,P006,1,26600,2024-12-04
O01277,K0407,E01277,P031,1,11850,2025-04-26
O01278,K0168,E01278,P042,1,26850,2024-10-02
O01279,K0034,E01279,P026,1,11250,2025-01-24
O01280,K0170,E01280,P019,1,11600,2025-03-02
O01281,K0187,E01281,P037,3,12300,2025-03-09
O01282,K0456,E01282,P008,2,7900,2024-11-19
O01283,K0376,E01283,P018,1,11600,2024-06-21
O01284,K0144,E01284,P022,1,4500,2024-12-06
O01285,K0356,E01285,P031,5,59250,2025-02-04
O01286,K0449,E01286,P025,3,35400,2025-01-12
O01287,K0124,E01287,P027,2,52800,2024-10-25
O01288,K0333,E01288,P039,1,11300,2024-10-25
O01289,K0078,E01289,P011,1,11700,2025-03-23
O01290,K0417,E01290,P037,1,4100,2024-08-08
O01291,K0291,E01291,P021,1,26550,2024-08-17
O01292,K0054,E01292,P028,1,26550,2024-10-21
O01293,K0391,E01293,P037,1,4100,2025-04-27
O01294,K0062,E01294,P019,1,11600,2024-11-04
O01295,K0056,E01295,P019,3,34800,2025-05-06
O01296,K0484,E01296,P017,2,22600,2025-03-16
O01297,K0124,E01297,P015,5,21500,2025-06-11
O01298,K0163,E01298,P028,2,53100,2025-02-04
O01299,K0483,E01299,P018,3,34800,2024-12-23
O01300,K0380,E01300,P013,1,27100,2024-11-27
O01301,K0211,E01301,P042,3,80550,2024-10-10
O01302,K0296,E01302,P036,1,4250,2025-01-25
O01303,K0264,E01303,P006,1,26600,2024-11-23
O01304,K0419,E01304,P017,2,22600,2025-05-17
O01305,K0075,E01305,P008,2,7900,2024-09-20
O01306,K0504,E01306,P027,5,132000,2025-04-30
O01307,K0309,E01307,P030,2,7700,2025-02-09
O01308,K0161,E01308,P030,2,7700,2024-10-03
O01309,K0148,E01309,P013,2,54200,2024-04-18
O01310,K0015,E01310,P013,2,54200,2024-08-30
O01311,K0342,E01311,P025,1,11800,2024-09-10
O01312,K0277,E01312,P013,2,54200,2025-03-19
O01313,K0316,E01313,P004,1,11600,2025-03-23
O01314,K0105,E01314,P015,1,4300,2024-03-21
O01315,K0171,E01315,P012,1,11700,2025-01-21
O01316,K0438,E01316,P022,1,4500,2025-03-04
O01317,K0120,E01317,P042,1,26850,2025-03-29
O01318,K0422,E01318,P005,3,35250,2024-11-18
O01319,K0182,E01319,P037,3,12300,2024-04-02
O01320,K0364,E01320,P015,2,8600,2024-12-12
O01321,K0318,E01321,P030,1,3850,2024-02-28
O01322,K0243,E01322,P007,1,27000,2024-07-26
O01323,K0416,E01323,P042,1,26850,2024-08-23
O01324,K0154,E01324,P033,3,34800,2025-03-25
O01325,K0342,E01325,P034,1,27100,2024-12-13
O01326,K0048,E01326,P042,2,53700,2025-03-08
O01327,K0516,E01327,P003,1,11750,2024-07-05
O01328,K0359,E01328,P019,3,34800,2024-05-27
O01329,K0350,E01329,P015,1,4300,2024-04-08
O01330,K0328,E01330,P004,5,58000,2025-03-24
O01331,K0339,E01331,P001,3,12300,2025-05-22
O01332,K0360,E01332,P042,1,26850,2025-01-14
O01333,K0333,E01333,P022,2,9000,2024-03-10
O01334,K0307,E01334,P004,2,23200,2024-07-02
O01335,K0030,E01335,P022,2,9000,2025-05-13
O01336,K0466,E01336,P010,3,34800,2024-05-12
O01337,K0401,E01337,P017,1,11300,2024-08-15
O01338,K0431,E01338,P025,1,11800,2024-05-31
O01339,K0404,E01339,P023,1,3850,2024-06-26
O01340,K0261,E01340,P028,1,26550,2025-01-02
O01341,K0062,E01341,P009,1,4100,2025-01-16
O01342,K0446,E01342,P036,2,8500,2025-01-08
O01343,K0006,E01343,P007,2,54000,2024-06-10
O01344,K0291,E01344,P008,3,11850,2024-04-07
O01345,K0246,E01345,P004,1,11600,2025-04-27
O01346,K0479,E01346,P027,1,26400,2024-11-09
O01347,K0497,E01347,P040,2,23700,2024-03-05
O01348,K0105,E01348,P004,3,34800,2024-04-23
O01349,K0419,E01349,P028,1,26550,2024-12-05
O01350,K0422,E01350,P032,1,11500,2025-01-20
O01351,K0318,E01351,P012,3,35100,2024-11-27
O01352,K0390,E01352,P020,1,26600,2025-05-20
O01353,K0100,E01353,P040,5,59250,2025-07-06
O01354,K0005,E01354,P042,1,26850,2025-04-12
O01355,K0400,E01355,P038,1,11200,2025-02-21
O01356,K0255,E01356,P031,1,11850,2024-02-26
O01357,K0515,E01357,P035,1,27150,2024-07-26
O01358,K0219,E01358,P015,5,21500,2025-02-11
O01359,K0269,E01359,P007,5,135000,2024-12-23
O01360,K0473,E01360,P005,1,11750,2025-02-26
O01361,K0106,E01361,P020,1,26600,2025-05-17
O01362,K0243,E01362,P022,1,4500,2025-02-07
O01363,K0124,E01363,P034,3,81300,2024-12-05
O01364,K0448,E01364,P020,1,26600,2025-01-23
O01365,K0321,E01365,P007,1,27000,2025-06-10
O01366,K0379,E01366,P031,1,11850,2025-06-22
O01367,K0474,E01367,P035,1,27150,2024-07-19
O01368,K0261,E01368,P032,1,11500,2024-12-21
O01369,K0175,E01369,P018,2,23200,2025-03-23
O01370,K0485,E01370,P006,1,26600,2025-05-10
O01371,K0154,E01371,P005,3,35250,2025-04-19
O01372,K0386,E01372,P027,1,26400,2024-11-18
O01373,K0255,E01373,P009,1,4100,2025-07-05
O01374,K0360,E01374,P019,2,23200,2024-12-26
O01375,K0050,E01375,P041,1,27050,2025-03-02
O01376,K0292,E01376,P039,2,22600,2025-06-18
O01377,K0035,E01377,P032,1,11500,2025-03-15
O01378,K0167,E01378,P034,1,27100,2024-10-27
O01379,K0381,E01379,P018,1,11600,2025-05-31
O01380,K0313,E01380,P029,3,11400,2024-12-21
O01381,K0312,E01381,P026,3,33750,2025-04-21
O01382,K0074,E01382,P002,3,13500,2024-10-05
O01383,K0165,E01383,P025,1,11800,2024-04-17
O01384,K0228,E01384,P018,1,11600,2025-01-29
O01385,K0143,E01385,P019,1,11600,2025-03-22
O01386,K0390,E01386,P040,2,23700,2025-04-21
O01387,K0057,E01387,P026,1,11250,2024-10-02
O01388,K0347,E01388,P040,5,59250,2025-01-30
O01389,K0283,E01389,P033,5,58000,2024-10-15
O01390,K0482,E01390,P039,2,22600,2024-05-15
O01391,K0108,E01391,P024,1,11750,2024-04-03
O01392,K0261,E01392,P029,1,3800,2024-12-28
O01393,K0495,E01393,P005,1,11750,2024-06-24
O01394,K0233,E01394,P032,5,57500,2024-11-22
O01395,K0394,E01395,P020,1,26600,2024-08-20
O01396,K0354,E01396,P025,5,59000,2025-02-02
O01397,K0105,E01397,P017,1,11300,2024-12-01
O01398,K0131,E01398,P022,3,13500,2025-06-06
O01399,K0393,E01399,P029,1,3800,2024-12-16
O01400,K0484,E01400,P025,3,35400,2024-11-23
O01401,K0322,E01401,P009,1,4100,2025-02-16
O01402,K0092,E01402,P005,3,35250,2024-02-27
O01403,K0090,E01403,P040,1,11850,2024-12-02
O01404,K0462,E01404,P016,1,4500,2024-03-27
O01405,K0300,E01405,P001,3,12300,2024-10-06
O01406,K0348,E01406,P017,3,33900,2024-09-04
O01407,K0224,E01407,P017,1,11300,2024-10-30
O01408,K0503,E01408,P041,1,27050,2024-11-30
O01409,K0259,E01409,P023,5,19250,2025-05-07
O01410,K0435,E01410,P026,1,11250,2024-11-20
O01411,K0426,E01411,P016,3,13500,2024-04-17
O01412,K0068,E01412,P015,2,8600,2025-02-12
O01413,K0239,E01413,P019,3,34800,2025-05-09
O01414,K0003,E01414,P007,2,54000,2024-10-14
O01415,K0510,E01415,P042,1,26850,2025-01-21
O01416,K0300,E01416,P002,5,22500,2024-09-04
O01417,K0335,E01417,P036,1,4250,2025-02-05
O01418,K0036,E01418,P017,1,11300,2025-01-29
O01419,K0018,E01419,P026,1,11250,2025-04-23
O01420,K0360,E01420,P008,2,7900,2024-04-02
O01421,K0236,E01421,P033,1,11600,2024-09-08
O01422,K0235,E01422,P018,3,34800,2025-02-27
O01423,K0422,E01423,P041,1,27050,2025-03-18
O01424,K0100,E01424,P023,2,7700,2025-01-25
O01425,K0291,E01425,P033,5,58000,2025-04-27
O01426,K0355,E01426,P021,1,26550,2024-10-18
O01427,K0108,E01427,P032,5,57500,2025-01-12
O01428,K0069,E01428,P038,1,11200,2024-03-24
O01429,K0466,E01429,P017,1,11300,2024-07-28
O01430,K0036,E01430,P039,1,11300,2025-01-29
O01431,K0072,E01431,P022,2,9000,2024-05-20
O01432,K0183,E01432,P027,1,26400,2024-04-12
O01433,K0142,E01433,P002,1,4500,2025-06-08
O01434,K0238,E01434,P031,1,11850,2025-06-13
O01435,K0326,E01435,P038,1,11200,2025-05-15
O01436,K0341,E01436,P019,1,11600,2025-05-11
O01437,K0326,E01437,P013,1,27100,2025-03-21
O01438,K0350,E01438,P015,1,4300,2024-06-16
O01439,K0146,E01439,P025,3,35400,2024-07-03
O01440,K0265,E01440,P019,2,23200,2024-08-07
O01441,K0180,E01441,P037,3,12300,2025-01-22
O01442,K0080,E01442,P036,1,4250,2025-03-10
O01443,K0137,E01443,P011,2,23400,2024-02-04
O01444,K0063,E01444,P001,1,4100,2024-10-08
O01445,K0227,E01445,P010,1,11600,2024-06-14
O01446,K0220,E01446,P020,2,53200,2024-08-13
O01447,K0272,E01447,P013,1,27100,2024-11-20
O01448,K0068,E01448,P006,1,26600,2024-03-16
O01449,K0511,E01449,P003,3,35250,2025-03-09
O01450,K0447,E01450,P002,2,9000,2025-01-23
O01451,K0450,E01451,P021,2,53100,2024-05-22
O01452,K0456,E01452,P039,1,11300,2025-05-16
O01453,K0245,E01453,P022,3,13500,2024-04-12
O01454,K0332,E01454,P015,2,8600,2024-02-07
O01455,K0247,E01455,P020,1,26600,2024-03-02
O01456,K0281,E01456,P016,2,9000,2024-03-29
O01457,K0474,E01457,P007,3,81000,2024-03-30
O01458,K0467,E01458,P008,3,11850,2024-01-27
O01459,K0451,E01459,P016,3,13500,2024-07-25
O01460,K0435,E01460,P004,2,23200,2024-12-20
O01461,K0301,E01461,P007,2,54000,2025-01-13
O01462,K0106,E01462,P021,1,26550,2025-01-05
O01463,K0008,E01463,P004,3,34800,2025-05-29
O01464,K0451,E01464,P002,1,4500,2025-02-09
O01465,K0285,E01465,P040,3,35550,2025-04-02
O01466,K0297,E01466,P025,3,35400,2024-11-24
O01467,K0516,E01467,P019,2,23200,2025-06-03
O01468,K0181,E01468,P005,5,58750,2025-07-10
O01469,K0517,E01469,P034,1,27100,2024-06-10
O01470,K0080,E01470,P027,2,52800,2024-07-21
O01471,K0218,E01471,P041,1,27050,2024-07-09
O01472,K0277,E01472,P038,3,33600,2025-05-08
O01473,K0266,E01473,P041,1,27050,2024-11-06
O01474,K0034,E01474,P042,2,53700,2025-01-31
O01475,K0095,E01475,P002,3,13500,2025-03-14
O01476,K0312,E01476,P001,2,8200,2025-03-13
O01477,K0062,E01477,P038,3,33600,2024-07-11
O01478,K0473,E01478,P036,1,4250,2024-10-04
O01479,K0280,E01479,P004,2,23200,2024-10-28
O01480,K0285,E01480,P026,2,22500,2024-12-18
O01481,K0138,E01481,P028,1,26550,2024-02-14
O01482,K0519,E01482,P013,2,54200,2024-09-26
O01483,K0108,E01483,P028,2,53100,2024-02-22
O01484,K0515,E01484,P038,2,22400,2024-04-04
O01485,K0380,E01485,P030,1,3850,2025-03-07
O01486,K0324,E01486,P036,1,4250,2024-10-19
O01487,K0013,E01487,P010,1,11600,2024-06-02
O01488,K0335,E01488,P029,1,3800,2024-12-13
O01489,K0137,E01489,P026,1,11250,2024-01-29
O01490,K0132,E01490,P007,3,81000,2024-11-25
O01491,K0427,E01491,P034,3,81300,2024-06-11
O01492,K0231,E01492,P009,1,4100,2024-08-20
O01493,K0074,E01493,P018,3,34800,2025-04-04
O01494,K0456,E01494,P039,1,11300,2025-01-04
O01495,K0319,E01495,P022,1,4500,2025-05-01
O01496,K0465,E01496,P028,3,79650,2024-02-01
O01497,K0501,E01497,P030,3,11550,2024-12-24
O01498,K0140,E01498,P028,1,26550,2025-04-17
O01499,K0165,E01499,P038,3,33600,2024-11-18
O01500,K0411,E01500,P026,5,56250,2024-02-24
O01501,K0260,E01501,P038,1,11200,2025-02-26
O01502,K0266,E01502,P026,2,22500,2024-08-08
O01503,K0117,E01503,P021,2,53100,2025-05-05
O01504,K0478,E01504,P008,1,3950,2024-04-12
O01505,K0214,E01505,P038,2,22400,2025-01-12
O01506,K0327,E01506,P024,2,23500,2024-11-28
O01507,K0457,E01507,P042,2,53700,2025-01-31
O01508,K0338,E01508,P003,2,23500,2025-02-17
O01509,K0426,E01509,P009,2,8200,2025-01-24
O01510,K0120,E01510,P033,1,11600,2025-02-23
O01511,K0291,E01511,P034,1,27100,2025-05-15
O01512,K0478,E01512,P034,1,27100,2025-02-16
O01513,K0357,E01513,P029,1,3800,2024-04-12
O01514,K0296,E01514,P042,2,53700,2024-03-30
O01515,K0068,E01515,P025,3,35400,2025-03-06
O01516,K0490,E01516,P014,1,27150,2025-03-29
O01517,K0474,E01517,P038,1,11200,2024-11-27
O01518,K0060,E01518,P010,1,11600,2024-11-10
O01519,K0218,E01519,P033,3,34800,2024-02-22
O01520,K0330,E01520,P025,1,11800,2025-01-11
O01521,K0108,E01521,P024,2,23500,2025-01-09
O01522,K0023,E01522,P030,3,11550,2024-09-08
O01523,K0206,E01523,P037,2,8200,2024-02-29
O01524,K0438,E01524,P002,3,13500,2024-04-29
O01525,K0148,E01525,P006,1,26600,2024-03-28
O01526,K0412,E01526,P021,1,26550,2024-10-29
O01527,K0422,E01527,P035,1,27150,2024-10-15
O01528,K0519,E01528,P009,1,4100,2024-07-27
O01529,K0157,E01529,P007,2,54000,2025-03-01
O01530,K0157,E01530,P042,3,80550,2024-12-02
O01531,K0141,E01531,P011,5,58500,2024-07-27
O01532,K0247,E01532,P006,1,26600,2024-10-21
O01533,K0041,E01533,P040,1,11850,2025-02-17
O01534,K0141,E01534,P018,2,23200,2025-05-26
O01535,K0110,E01535,P016,1,4500,2024-06-11
O01536,K0008,E01536,P020,1,26600,2025-04-09
O01537,K0021,E01537,P016,2,9000,2024-05-30
O01538,K0273,E01538,P009,1,4100,2025-05-24
O01539,K0149,E01539,P019,1,11600,2024-07-31
O01540,K0322,E01540,P022,1,4500,2024-08-29
O01541,K0080,E01541,P002,5,22500,2025-01-05
O01542,K0423,E01542,P041,1,27050,2025-03-19
O01543,K0467,E01543,P026,2,22500,2025-01-20
O01544,K0349,E01544,P031,2,23700,2024-12-29
O01545,K0418,E01545,P013,2,54200,2024-04-11
O01546,K0486,E01546,P010,1,11600,2025-04-17
O01547,K0044,E01547,P039,3,33900,2024-10-21
O01548,K0038,E01548,P041,3,81150,2024-06-19
O01549,K0434,E01549,P019,1,11600,2025-07-09
O01550,K0244,E01550,P014,5,135750,2024-12-18
O01551,K0098,E01551,P025,1,11800,2024-12-18
O01552,K0451,E01552,P013,3,81300,2025-03-06
O01553,K0003,E01553,P004,1,11600,2024-11-20
O01554,K0336,E01554,P023,3,11550,2024-03-07
O01555,K0256,E01555,P037,3,12300,2025-05-16
O01556,K0085,E01556,P013,2,54200,2024-03-26
O01557,K0156,E01557,P012,2,23400,2024-12-31
O01558,K0183,E01558,P029,1,3800,2025-03-25
O01559,K0282,E01559,P038,3,33600,2024-10-24
O01560,K0356,E01560,P028,2,53100,2024-01-21
O01561,K0350,E01561,P005,1,11750,2025-04-02
O01562,K0300,E01562,P013,2,54200,2024-03-13
O01563,K0259,E01563,P012,2,23400,2025-07-15
O01564,K0224,E01564,P025,1,11800,2025-01-16
O01565,K0278,E01565,P025,2,23600,2025-04-16
O01566,K0036,E01566,P034,1,27100,2024-08-22
O01567,K0189,E01567,P010,2,23200,2024-10-12
O01568,K0431,E01568,P007,2,54000,2024-07-31
O01569,K0235,E01569,P003,2,23500,2024-02-27
O01570,K0176,E01570,P026,2,22500,2025-01-28
O01571,K0166,E01571,P002,3,13500,2025-01-10
O01572,K0381,E01572,P009,2,8200,2024-12-31
O01573,K0409,E01573,P031,2,23700,2025-03-23
O01574,K0515,E01574,P002,5,22500,2025-06-05
O01575,K0415,E01575,P042,1,26850,2025-02-05
O01576,K0473,E01576,P004,1,11600,2024-09-12
O01577,K0005,E01577,P028,2,53100,2024-06-22
O01578,K0179,E01578,P036,3,12750,2024-04-10
O01579,K0362,E01579,P020,1,26600,2024-05-03
O01580,K0084,E01580,P004,1,11600,2024-09-08
O01581,K0278,E01581,P039,1,11300,2024-09-27
O01582,K0394,E01582,P007,2,54000,2025-01-15
O01583,K0462,E01583,P012,1,11700,2025-05-01
O01584,K0492,E01584,P014,3,81450,2024-03-18
O01585,K0415,E01585,P042,3,80550,2024-02-23
O01586,K0497,E01586,P017,1,11300,2024-04-25
O01587,K0366,E01587,P026,3,33750,2024-12-19
O01588,K0041,E01588,P009,3,12300,2024-12-21
O01589,K0382,E01589,P007,3,81000,2024-06-11
O01590,K0074,E01590,P034,3,81300,2024-10-11
O01591,K0354,E01591,P010,1,11600,2024-03-20
O01592,K0371,E01592,P032,3,34500,2025-06-30
O01593,K0134,E01593,P005,1,11750,2024-04-19
O01594,K0421,E01594,P029,1,3800,2024-04-08
O01595,K0389,E01595,P024,1,11750,2024-09-20
O01596,K0235,E01596,P011,2,23400,2024-02-28
O01597,K0480,E01597,P011,2,23400,2025-03-26
O01598,K0304,E01598,P035,2,54300,2024-11-27
O01599,K0368,E01599,P003,2,23500,2025-01-20
O01600,K0273,E01600,P023,3,11550,2025-03-16
O01601,K0422,E01601,P026,2,22500,2025-05-30
O01602,K0511,E01602,P036,1,4250,2024-06-22
O01603,K0407,E01603,P030,1,3850,2024-05-21
O01604,K0095,E01604,P037,1,4100,2024-06-14
O01605,K0506,E01605,P017,1,11300,2024-04-23
O01606,K0168,E01606,P026,2,22500,2024-06-03
O01607,K0454,E01607,P005,1,11750,2025-02-22
O01608,K0389,E01608,P001,2,8200,2024-11-05
O01609,K0310,E01609,P014,2,54300,2024-12-03
O01610,K0180,E01610,P017,3,33900,2024-03-28
O01611,K0319,E01611,P009,3,12300,2025-04-07
O01612,K0290,E01612,P006,5,133000,2025-04-21
O01613,K0373,E01613,P025,2,23600,2024-08-24
O01614,K0411,E01614,P018,5,58000,2025-02-12
O01615,K0141,E01615,P042,1,26850,2025-05-04
O01616,K0034,E01616,P005,1,11750,2024-03-11
O01617,K0339,E01617,P008,1,3950,2025-07-04
O01618,K0092,E01618,P011,1,11700,2025-03-01
O01619,K0229,E01619,P019,3,34800,2025-05-05
O01620,K0337,E01620,P016,2,9000,2024-09-15
O01621,K0223,E01621,P025,1,11800,2025-05-01
O01622,K0156,E01622,P002,1,4500,2024-06-11
O01623,K0376,E01623,P015,2,8600,2025-02-02
O01624,K0060,E01624,P029,2,7600,2024-09-12
O01625,K0084,E01625,P010,1,11600,2025-01-14
O01626,K0400,E01626,P035,3,81450,2024-09-20
O01627,K0506,E01627,P004,1,11600,2024-06-25
O01628,K0380,E01628,P002,1,4500,2024-11-17
O01629,K0105,E01629,P031,1,11850,2024-11-08
O01630,K0509,E01630,P024,2,23500,2024-05-15
O01631,K0290,E01631,P010,2,23200,2024-08-29
O01632,K0016,E01632,P026,1,11250,2025-06-06
O01633,K0483,E01633,P010,1,11600,2024-08-30
O01634,K0456,E01634,P042,1,26850,2024-09-18
O01635,K0454,E01635,P006,1,26600,2025-03-07
O01636,K0416,E01636,P028,1,26550,2024-12-28
O01637,K0416,E01637,P018,3,34800,2024-09-30
O01638,K0092,E01638,P010,2,23200,2024-04-19
O01639,K0269,E01639,P027,3,79200,2024-10-19
O01640,K0462,E01640,P014,1,27150,2025-06-25
O01641,K0086,E01641,P038,1,11200,2024-10-21
O01642,K0034,E01642,P005,3,35250,2025-06-09
O01643,K0162,E01643,P008,1,3950,2024-11-27
O01644,K0415,E01644,P011,1,11700,2024-12-22
O01645,K0189,E01645,P017,3,33900,2024-10-15
O01646,K0386,E01646,P016,1,4500,2024-08-04
O01647,K0127,E01647,P011,1,11700,2025-03-26
O01648,K0098,E01648,P038,2,22400,2024-11-01
O01649,K0089,E01649,P034,3,81300,2025-01-10
O01650,K0180,E01650,P013,3,81300,2024-08-19
O01651,K0366,E01651,P006,2,53200,2025-01-17
O01652,K0333,E01652,P007,1,27000,2024-07-06
O01653,K0403,E01653,P028,2,53100,2024-09-07
O01654,K0016,E01654,P030,1,3850,2024-12-01
O01655,K0503,E01655,P006,1,26600,2025-07-06
O01656,K0129,E01656,P019,2,23200,2025-01-08
O01657,K0235,E01657,P016,1,4500,2025-01-25
O01658,K0100,E01658,P005,1,11750,2024-03-22
O01659,K0119,E01659,P041,2,54100,2024-11-14
O01660,K0465,E01660,P025,1,11800,2025-05-08
O01661,K0341,E01661,P006,2,53200,2025-04-08
O01662,K0307,E01662,P029,2,7600,2024-06-01
O01663,K0097,E01663,P040,3,35550,2025-06-05
O01664,K0150,E01664,P039,1,11300,2024-03-03
O01665,K0508,E01665,P039,3,33900,2024-11-22
O01666,K0033,E01666,P003,5,58750,2025-05-30
O01667,K0056,E01667,P026,2,22500,2025-05-17
O01668,K0474,E01668,P034,1,27100,2024-05-16
O01669,K0077,E01669,P010,2,23200,2025-03-20
O01670,K0114,E01670,P039,1,11300,2024-12-20
O01671,K0236,E01671,P021,1,26550,2024-03-08
O01672,K0499,E01672,P034,5,135500,2024-04-16
O01673,K0354,E01673,P002,1,4500,2024-11-02
O01674,K0107,E01674,P019,3,34800,2025-03-29
O01675,K0135,E01675,P022,1,4500,2024-12-07
O01676,K0086,E01676,P042,5,134250,2024-09-13
O01677,K0084,E01677,P042,1,26850,2025-04-10
O01678,K0438,E01678,P010,1,11600,2024-12-26
O01679,K0509,E01679,P022,5,22500,2024-02-24
O01680,K0432,E01680,P017,3,33900,2024-12-01
O01681,K0028,E01681,P017,2,22600,2025-02-14
O01682,K0356,E01682,P031,1,11850,2025-01-18
O01683,K0161,E01683,P018,2,23200,2024-02-15
O01684,K0261,E01684,P024,2,23500,2024-02-28
O01685,K0486,E01685,P013,3,81300,2025-02-26
O01686,K0086,E01686,P024,1,11750,2024-03-21
O01687,K0430,E01687,P022,3,13500,2024-11-22
O01688,K0283,E01688,P013,1,27100,2024-08-09
O01689,K0324,E01689,P006,2,53200,2024-02-12
O01690,K0410,E01690,P038,3,33600,2025-01-13
O01691,K0300,E01691,P025,1,11800,2024-04-16
O01692,K0271,E01692,P017,1,11300,2024-04-25
O01693,K0260,E01693,P025,1,11800,2024-08-03
O01694,K0158,E01694,P018,1,11600,2025-01-30
O01695,K0168,E01695,P029,2,7600,2024-12-15
O01696,K0267,E01696,P024,1,11750,2025-04-27
O01697,K0360,E01697,P012,5,58500,2025-04-24
O01698,K0054,E01698,P019,1,11600,2024-10-22
O01699,K0124,E01699,P037,3,12300,2025-01-27
O01700,K0112,E01700,P035,3,81450,2024-02-23
O01701,K0513,E01701,P033,2,23200,2024-06-17
O01702,K0307,E01702,P040,2,23700,2025-02-03
O01703,K0181,E01703,P019,1,11600,2024-07-04
O01704,K0035,E01704,P038,1,11200,2024-02-14
O01705,K0071,E01705,P030,1,3850,2024-03-11
O01706,K0192,E01706,P012,1,11700,2025-05-17
O01707,K0439,E01707,P042,2,53700,2024-07-23
O01708,K0171,E01708,P032,2,23000,2025-03-24
O01709,K0394,E01709,P016,5,22500,2025-01-04
O01710,K0067,E01710,P003,1,11750,2024-04-30
O01711,K0105,E01711,P019,1,11600,2024-10-07
O01712,K0223,E01712,P034,2,54200,2024-03-11
O01713,K0060,E01713,P033,1,11600,2024-11-13
O01714,K0131,E01714,P033,1,11600,2024-04-15
O01715,K0474,E01715,P024,1,11750,2024-07-08
O01716,K0485,E01716,P018,1,11600,2025-05-01
O01717,K0454,E01717,P013,1,27100,2024-11-16
O01718,K0472,E01718,P040,3,35550,2024-03-04
O01719,K0036,E01719,P007,1,27000,2024-06-24
O01720,K0080,E01720,P005,2,23500,2024-09-03
O01721,K0277,E01721,P005,3,35250,2024-09-11
O01722,K0509,E01722,P039,1,11300,2025-03-29
O01723,K0511,E01723,P001,1,4100,2024-11-25
O01724,K0146,E01724,P018,3,34800,2025-06-05
O01725,K0291,E01725,P018,3,34800,2025-04-23
O01726,K0389,E01726,P032,3,34500,2024-12-10
O01727,K0009,E01727,P001,1,4100,2024-03-25
O01728,K0100,E01728,P032,2,23000,2024-08-18
O01729,K0287,E01729,P027,1,26400,2024-07-04
O01730,K0351,E01730,P038,2,22400,2025-04-19
O01731,K0492,E01731,P021,1,26550,2024-11-22
O01732,K0133,E01732,P005,1,11750,2024-08-11
O01733,K0012,E01733,P005,2,23500,2024-04-27
O01734,K0328,E01734,P010,1,11600,2024-03-08
O01735,K0432,E01735,P024,1,11750,2024-08-08
O01736,K0461,E01736,P006,1,26600,2024-12-31
O01737,K0207,E01737,P026,1,11250,2024-02-12
O01738,K0350,E01738,P005,5,58750,2024-08-17
O01739,K0040,E01739,P038,3,33600,2024-08-16
O01740,K0110,E01740,P014,1,27150,2025-01-26
O01741,K0349,E01741,P042,2,53700,2024-08-08
O01742,K0075,E01742,P039,3,33900,2025-01-06
O01743,K0193,E01743,P020,1,26600,2024-03-21
O01744,K0455,E01744,P040,3,35550,2024-10-09
O01745,K0340,E01745,P026,2,22500,2024-12-02
O01746,K0044,E01746,P038,3,33600,2024-12-30
O01747,K0113,E01747,P013,3,81300,2025-04-25
O01748,K0155,E01748,P007,1,27000,2025-03-28
O01749,K0416,E01749,P037,1,4100,2025-01-22
O01750,K0112,E01750,P001,3,12300,2025-05-27
O01751,K0080,E01751,P004,1,11600,2025-04-25
O01752,K0050,E01752,P037,3,12300,2025-03-18
O01753,K0084,E01753,P002,2,9000,2025-05-26
O01754,K0485,E01754,P001,1,4100,2024-09-25
O01755,K0033,E01755,P024,1,11750,2025-02-19
O01756,K0083,E01756,P019,1,11600,2025-06-19
O01757,K0458,E01757,P028,3,79650,2024-03-19
O01758,K0322,E01758,P015,1,4300,2024-09-16
O01759,K0075,E01759,P014,5,135750,2024-12-21
O01760,K0294,E01760,P018,2,23200,2024-09-27
O01761,K0077,E01761,P028,3,79650,2024-06-03
O01762,K0484,E01762,P023,2,7700,2025-04-11
O01763,K0427,E01763,P033,1,11600,2025-01-30
O01764,K0131,E01764,P027,1,26400,2024-04-18
O01765,K0354,E01765,P027,1,26400,2024-12-08
O01766,K0485,E01766,P026,3,33750,2025-03-14
O01767,K0295,E01767,P024,2,23500,2024-06-23
O01768,K0138,E01768,P016,1,4500,2024-02-25
O01769,K0352,E01769,P031,5,59250,2024-12-11
O01770,K0308,E01770,P025,1,11800,2025-01-03
O01771,K0385,E01771,P032,2,23000,2024-09-06
O01772,K0324,E01772,P034,2,54200,2024-04-30
O01773,K0295,E01773,P035,2,54300,2024-06-17
O01774,K0351,E01774,P001,5,20500,2025-06-06
O01775,K0166,E01775,P011,2,23400,2024-11-19
O01776,K0470,E01776,P024,1,11750,2025-03-02
O01777,K0034,E01777,P032,5,57500,2025-06-04
O01778,K0401,E01778,P037,2,8200,2024-03-27
O01779,K0038,E01779,P018,1,11600,2024-07-19
O01780,K0461,E01780,P024,1,11750,2024-03-23
O01781,K0119,E01781,P029,1,3800,2025-03-29
O01782,K0352,E01782,P018,5,58000,2025-03-31
O01783,K0281,E01783,P023,2,7700,2024-02-14
O01784,K0186,E01784,P035,5,135750,2024-08-30
O01785,K0237,E01785,P023,2,7700,2024-04-26
O01786,K0363,E01786,P002,1,4500,2025-04-11
O01787,K0024,E01787,P002,1,4500,2024-06-26
O01788,K0234,E01788,P021,1,26550,2024-09-03
O01789,K0485,E01789,P023,1,3850,2025-06-21
O01790,K0064,E01790,P036,2,8500,2025-05-26
O01791,K0022,E01791,P017,2,22600,2024-08-07
O01792,K0367,E01792,P039,1,11300,2024-05-05
O01793,K0093,E01793,P004,3,34800,2024-08-24
O01794,K0317,E01794,P029,1,3800,2024-12-12
O01795,K0078,E01795,P001,1,4100,2025-04-05
O01796,K0309,E01796,P012,2,23400,2025-07-19
O01797,K0087,E01797,P018,1,11600,2024-02-27
O01798,K0405,E01798,P030,1,3850,2024-09-03
O01799,K0357,E01799,P035,1,27150,2025-02-28
O01800,K0312,E01800,P002,5,22500,2025-01-16
O01801,K0395,E01801,P037,1,4100,2024-08-25
O01802,K0313,E01802,P017,3,33900,2024-07-20
O01803,K0368,E01803,P025,3,35400,2024-03-29
O01804,K0425,E01804,P037,2,8200,2024-07-26
O01805,K0222,E01805,P038,2,22400,2024-06-10
O01806,K0213,E01806,P011,1,11700,2024-02-09
O01807,K0001,E01807,P031,1,11850,2024-04-07
O01808,K0153,E01808,P024,1,11750,2025-05-07
O01809,K0208,E01809,P039,1,11300,2024-12-31
O01810,K0181,E01810,P002,5,22500,2025-07-08
O01811,K0112,E01811,P041,3,81150,2024-05-06
O01812,K0385,E01812,P016,1,4500,2024-11-15
O01813,K0067,E01813,P042,3,80550,2024-05-07
O01814,K0069,E01814,P001,3,12300,2024-12-14
O01815,K0478,E01815,P009,2,8200,2024-07-19
O01816,K0172,E01816,P040,1,11850,2025-01-22
O01817,K0482,E01817,P040,1,11850,2024-07-20
O01818,K0284,E01818,P025,1,11800,2024-09-10
O01819,K0022,E01819,P006,1,26600,2024-04-26
O01820,K0365,E01820,P033,1,11600,2024-08-10
O01821,K0344,E01821,P001,1,4100,2025-06-03
O01822,K0267,E01822,P012,1,11700,2025-04-26
O01823,K0339,E01823,P019,3,34800,2025-01-06
O01824,K0401,E01824,P031,1,11850,2025-06-24
O01825,K0313,E01825,P031,2,23700,2025-03-10
O01826,K0086,E01826,P024,2,23500,2024-09-21
O01827,K0343,E01827,P013,1,27100,2024-06-05
O01828,K0067,E01828,P029,3,11400,2025-04-30
O01829,K0428,E01829,P002,1,4500,2025-02-25
O01830,K0057,E01830,P039,1,11300,2024-12-27
O01831,K0436,E01831,P035,3,81450,2025-02-02
O01832,K0181,E01832,P034,1,27100,2025-05-30
O01833,K0189,E01833,P014,3,81450,2025-03-25
O01834,K0470,E01834,P020,2,53200,2024-04-08
O01835,K0337,E01835,P040,1,11850,2024-02-15
O01836,K0079,E01836,P024,2,23500,2025-02-25
O01837,K0514,E01837,P017,1,11300,2024-09-04
O01838,K0047,E01838,P035,1,27150,2025-03-05
O01839,K0311,E01839,P023,3,11550,2025-06-03
O01840,K0358,E01840,P019,2,23200,2024-07-09
O01841,K0354,E01841,P037,1,4100,2024-03-07
O01842,K0393,E01842,P027,1,26400,2024-07-14
O01843,K0380,E01843,P037,1,4100,2024-02-29
O01844,K0116,E01844,P040,2,23700,2024-08-29
O01845,K0495,E01845,P003,2,23500,2024-11-22
O01846,K0427,E01846,P010,2,23200,2024-02-06
O01847,K0167,E01847,P010,3,34800,2024-09-26
O01848,K0492,E01848,P014,1,27150,2024-11-30
O01849,K0334,E01849,P034,1,27100,2024-03-23
O01850,K0454,E01850,P024,2,23500,2024-09-24
O01851,K0149,E01851,P036,1,4250,2024-10-06
O01852,K0492,E01852,P006,2,53200,2024-04-24
O01853,K0286,E01853,P035,1,27150,2024-03-31
O01854,K0365,E01854,P007,5,135000,2025-05-14
O01855,K0245,E01855,P042,3,80550,2025-07-02
O01856,K0214,E01856,P031,1,11850,2025-06-03
O01857,K0067,E01857,P011,1,11700,2025-04-25
O01858,K0432,E01858,P026,1,11250,2024-08-27
O01859,K0343,E01859,P029,5,19000,2024-07-21
O01860,K0358,E01860,P022,1,4500,2024-09-21
O01861,K0278,E01861,P034,5,135500,2025-01-08
O01862,K0519,E01862,P013,1,27100,2024-10-06
O01863,K0450,E01863,P020,2,53200,2024-12-30
O01864,K0311,E01864,P007,1,27000,2024-04-18
O01865,K0195,E01865,P041,1,27050,2024-10-02
O01866,K0457,E01866,P003,1,11750,2024-08-23
O01867,K0423,E01867,P019,1,11600,2024-07-14
O01868,K0089,E01868,P020,2,53200,2024-06-07
O01869,K0200,E01869,P026,1,11250,2024-12-04
O01870,K0310,E01870,P012,1,11700,2024-05-26
O01871,K0021,E01871,P019,2,23200,2024-07-02
O01872,K0081,E01872,P013,1,27100,2025-05-19
O01873,K0053,E01873,P016,2,9000,2024-03-11
O01874,K0249,E01874,P035,3,81450,2024-10-05
O01875,K0119,E01875,P023,2,7700,2024-03-28
O01876,K0426,E01876,P019,1,11600,2025-03-10
O01877,K0390,E01877,P038,1,11200,2025-04-25
O01878,K0300,E01878,P009,1,4100,2024-11-06
O01879,K0081,E01879,P003,3,35250,2025-03-28
O01880,K0251,E01880,P041,1,27050,2024-08-28
O01881,K0458,E01881,P029,1,3800,2024-03-26
O01882,K0246,E01882,P041,1,27050,2025-01-17
O01883,K0167,E01883,P035,1,27150,2025-03-07
O01884,K0067,E01884,P013,3,81300,2025-04-20
O01885,K0363,E01885,P016,5,22500,2025-05-28
O01886,K0137,E01886,P029,1,3800,2024-04-26
O01887,K0246,E01887,P010,1,11600,2025-04-07
O01888,K0024,E01888,P032,2,23000,2024-02-24
O01889,K0425,E01889,P009,1,4100,2025-05-26
O01890,K0357,E01890,P014,3,81450,2024-11-01
O01891,K0181,E01891,P010,3,34800,2025-03-05
O01892,K0413,E01892,P033,2,23200,2024-09-18
O01893,K0266,E01893,P039,3,33900,2025-02-08
O01894,K0189,E01894,P032,1,11500,2025-05-02
O01895,K0297,E01895,P003,1,11750,2025-01-02
O01896,K0448,E01896,P010,1,11600,2024-10-24
O01897,K0155,E01897,P008,1,3950,2025-01-27
O01898,K0136,E01898,P010,1,11600,2024-11-05
O01899,K0389,E01899,P002,1,4500,2025-06-15
O01900,K0355,E01900,P022,5,22500,2025-01-26
O01901,K0369,E01901,P013,1,27100,2024-04-10
O01902,K0106,E01902,P007,3,81000,2024-04-25
O01903,K0162,E01903,P020,2,53200,2024-06-21
O01904,K0163,E01904,P028,5,132750,2024-05-06
O01905,K0077,E01905,P015,3,12900,2024-04-09
O01906,K0500,E01906,P023,1,3850,2025-02-22
O01907,K0187,E01907,P001,1,4100,2024-04-21
O01908,K0362,E01908,P029,2,7600,2024-01-30
O01909,K0235,E01909,P009,1,4100,2024-04-09
O01910,K0004,E01910,P019,1,11600,2025-04-12
O01911,K0299,E01911,P020,1,26600,2024-09-29
O01912,K0105,E01912,P025,2,23600,2024-02-15
O01913,K0447,E01913,P016,1,4500,2024-05-03
O01914,K0271,E01914,P020,5,133000,2024-03-24
O01915,K0235,E01915,P014,2,54300,2024-04-14
O01916,K0223,E01916,P034,1,27100,2024-11-28
O01917,K0452,E01917,P038,3,33600,2024-02-11
O01918,K0194,E01918,P023,3,11550,2024-12-05
O01919,K0181,E01919,P013,5,135500,2025-06-18
O01920,K0339,E01920,P007,1,27000,2024-08-15
O01921,K0074,E01921,P027,3,79200,2024-07-04
O01922,K0482,E01922,P021,1,26550,2025-05-26
O01923,K0159,E01923,P037,2,8200,2025-03-03
O01924,K0203,E01924,P007,1,27000,2024-06-02
O01925,K0419,E01925,P036,1,4250,2024-03-03
O01926,K0432,E01926,P038,1,11200,2025-04-18
O01927,K0185,E01927,P042,1,26850,2025-01-27
O01928,K0341,E01928,P027,3,79200,2025-03-08
O01929,K0363,E01929,P035,1,27150,2024-03-21
O01930,K0253,E01930,P027,5,132000,2024-07-20
O01931,K0045,E01931,P033,1,11600,2025-01-25
O01932,K0328,E01932,P015,1,4300,2024-10-06
O01933,K0506,E01933,P025,2,23600,2024-07-06
O01934,K0137,E01934,P002,5,22500,2025-04-15
O01935,K0066,E01935,P006,3,79800,2024-06-02
O01936,K0403,E01936,P038,1,11200,2024-03-26
O01937,K0426,E01937,P015,2,8600,2024-10-06
O01938,K0319,E01938,P020,1,26600,2024-06-05
O01939,K0294,E01939,P029,1,3800,2024-05-30
O01940,K0119,E01940,P024,2,23500,2024-08-08
O01941,K0396,E01941,P035,1,27150,2025-02-19
O01942,K0431,E01942,P040,3,35550,2025-05-22
O01943,K0276,E01943,P025,2,23600,2025-07-05
O01944,K0141,E01944,P027,2,52800,2025-05-27
O01945,K0131,E01945,P035,3,81450,2025-03-09
O01946,K0337,E01946,P042,1,26850,2025-03-25
O01947,K0422,E01947,P002,2,9000,2024-08-20
O01948,K0471,E01948,P013,1,27100,2024-02-19
O01949,K0136,E01949,P015,5,21500,2024-07-24
O01950,K0356,E01950,P010,1,11600,2024-04-04
O01951,K0173,E01951,P042,1,26850,2024-05-19
O01952,K0287,E01952,P004,1,11600,2025-05-27
O01953,K0518,E01953,P021,1,26550,2025-07-13
O01954,K0501,E01954,P032,2,23000,2024-09-23
O01955,K0185,E01955,P027,2,52800,2024-07-21
O01956,K0275,E01956,P042,1,26850,2024-08-07
O01957,K0058,E01957,P032,1,11500,2025-01-08
O01958,K0119,E01958,P021,2,53100,2024-04-11
O01959,K0068,E01959,P042,2,53700,2025-05-24
O01960,K0045,E01960,P001,1,4100,2024-05-20
O01961,K0312,E01961,P022,2,9000,2024-12-05
O01962,K0337,E01962,P029,1,3800,2024-10-13
O01963,K0350,E01963,P010,1,11600,2025-03-27
O01964,K0413,E01964,P006,1,26600,2024-02-24
O01965,K0179,E01965,P007,2,54000,2025-03-24
O01966,K0160,E01966,P017,2,22600,2025-02-01
O01967,K0389,E01967,P003,1,11750,2024-08-07
O01968,K0243,E01968,P019,1,11600,2024-06-19
O01969,K0341,E01969,P014,2,54300,2025-03-02
O01970,K0410,E01970,P008,2,7900,2025-04-13
O01971,K0310,E01971,P019,5,58000,2025-02-13
O01972,K0390,E01972,P030,3,11550,2025-04-19
O01973,K0197,E01973,P002,5,22500,2025-02-21
O01974,K0242,E01974,P036,2,8500,2024-09-07
O01975,K0434,E01975,P011,2,23400,2024-10-16
O01976,K0307,E01976,P023,1,3850,2024-07-23
O01977,K0266,E01977,P036,1,4250,2025-02-06
O01978,K0393,E01978,P031,2,23700,2025-03-20
O01979,K0481,E01979,P042,2,53700,2024-10-27
O01980,K0043,E01980,P007,3,81000,2024-02-17
O01981,K0429,E01981,P009,1,4100,2024-10-14
O01982,K0061,E01982,P019,5,58000,2024-11-02
O01983,K0183,E01983,P018,1,11600,2024-09-06
O01984,K0168,E01984,P009,3,12300,2024-02-06
O01985,K0247,E01985,P030,3,11550,2025-05-20
O01986,K0122,E01986,P029,2,7600,2024-11-06
O01987,K0394,E01987,P011,2,23400,2024-11-15
O01988,K0407,E01988,P001,3,12300,2024-08-29
O01989,K0079,E01989,P024,2,23500,2024-06-30
O01990,K0253,E01990,P029,1,3800,2025-03-16
O01991,K0233,E01991,P028,2,53100,2024-06-17
O01992,K0327,E01992,P006,3,79800,2024-03-21
O01993,K0506,E01993,P033,1,11600,2024-03-17
O01994,K0003,E01994,P039,1,11300,2025-05-16
O01995,K0325,E01995,P009,1,4100,2024-07-20
O01996,K0303,E01996,P016,3,13500,2024-05-13
O01997,K0459,E01997,P028,2,53100,2024-06-19
O01998,K0191,E01998,P038,1,11200,2024-03-10
O01999,K0218,E01999,P040,1,11850,2024-07-25
O02000,K0443,E02000,P018,2,23200,2024-11-03
O02001,K0250,E02001,P041,5,135250,2025-03-01
O02002,K0228,E02002,P027,2,52800,2024-12-05
O02003,K0448,E02003,P009,1,4100,2024-05-01
O02004,K0356,E02004,P028,1,26550,2024-03-05
O02005,K0176,E02005,P023,3,11550,2025-05-31
O02006,K0064,E02006,P004,1,11600,2024-04-24
O02007,K0484,E02007,P028,1,26550,2025-01-03
O02008,K0404,E02008,P003,5,58750,2024-08-28
O02009,K0386,E02009,P041,1,27050,2025-03-20
O02010,K0045,E02010,P014,1,27150,2025-04-20
O02011,K0438,E02011,P016,5,22500,2025-05-28
O02012,K0500,E02012,P020,2,53200,2024-05-13
O02013,K0434,E02013,P022,3,13500,2024-11-26
O02014,K0062,E02014,P007,3,81000,2025-05-20
O02015,K0321,E02015,P007,1,27000,2024-03-16
O02016,K0020,E02016,P008,1,3950,2024-04-16
O02017,K0132,E02017,P036,3,12750,2024-06-21
O02018,K0279,E02018,P024,3,35250,2024-04-01
O02019,K0097,E02019,P024,1,11750,2025-06-16
O02020,K0472,E02020,P024,3,35250,2025-03-11
O02021,K0218,E02021,P042,1,26850,2025-06-23
O02022,K0030,E02022,P010,2,23200,2024-03-26
O02023,K0460,E02023,P020,3,79800,2024-05-29
O02024,K0173,E02024,P002,3,13500,2024-11-25
O02025,K0393,E02025,P012,3,35100,2024-05-23
O02026,K0265,E02026,P018,1,11600,2024-02-22
O02027,K0194,E02027,P025,2,23600,2025-04-11
O02028,K0135,E02028,P024,5,58750,2025-05-12
O02029,K0308,E02029,P013,1,27100,2025-04-22
O02030,K0010,E02030,P019,1,11600,2025-04-08
O02031,K0465,E02031,P026,3,33750,2024-10-27
O02032,K0310,E02032,P029,1,3800,2024-06-01
O02033,K0223,E02033,P016,1,4500,2024-09-05
O02034,K0029,E02034,P015,1,4300,2024-12-28
O02035,K0218,E02035,P008,1,3950,2024-07-19
O02036,K0389,E02036,P024,1,11750,2025-05-12
O02037,K0451,E02037,P012,5,58500,2025-05-28
O02038,K0100,E02038,P030,1,3850,2024-09-11
O02039,K0075,E02039,P013,1,27100,2024-08-05
O02040,K0518,E02040,P015,3,12900,2024-08-06
O02041,K0278,E02041,P017,1,11300,2024-08-22
O02042,K0095,E02042,P016,1,4500,2024-07-13
O02043,K0350,E02043,P041,1,27050,2024-08-26
O02044,K0341,E02044,P006,5,133000,2024-11-20
O02045,K0217,E02045,P027,1,26400,2025-03-15
O02046,K0394,E02046,P036,1,4250,2024-08-15
O02047,K0419,E02047,P041,1,27050,2025-02-21
O02048,K0507,E02048,P030,1,3850,2025-06-11
O02049,K0311,E02049,P022,1,4500,2024-01-26
O02050,K0065,E02050,P019,1,11600,2024-12-15
O02051,K0050,E02051,P028,1,26550,2025-03-13
O02052,K0245,E02052,P040,3,35550,2024-03-28
O02053,K0131,E02053,P014,1,27150,2024-05-03
O02054,K0478,E02054,P007,1,27000,2024-11-26
O02055,K0360,E02055,P013,3,81300,2024-06-03
O02056,K0266,E02056,P031,2,23700,2025-04-18
O02057,K0410,E02057,P005,3,35250,2024-05-14
O02058,K0287,E02058,P029,2,7600,2024-05-24
O02059,K0393,E02059,P008,1,3950,2024-03-11
O02060,K0217,E02060,P020,5,133000,2025-03-06
O02061,K0511,E02061,P015,1,4300,2024-04-15
O02062,K0308,E02062,P003,3,35250,2024-05-10
O02063,K0220,E02063,P035,1,27150,2024-10-01
O02064,K0238,E02064,P040,3,35550,2024-05-24
O02065,K0310,E02065,P019,3,34800,2025-03-24
O02066,K0115,E02066,P005,2,23500,2024-11-05
O02067,K0496,E02067,P010,1,11600,2025-04-03
O02068,K0092,E02068,P024,3,35250,2024-02-26
O02069,K0135,E02069,P003,1,11750,2025-02-26
O02070,K0164,E02070,P009,1,4100,2025-04-01
O02071,K0415,E02071,P002,2,9000,2025-05-11
O02072,K0516,E02072,P025,2,23600,2024-10-14
O02073,K0231,E02073,P005,1,11750,2025-03-26
O02074,K0166,E02074,P015,3,12900,2025-04-24
O02075,K0348,E02075,P031,1,11850,2024-03-13
O02076,K0461,E02076,P034,3,81300,2024-11-24
O02077,K0340,E02077,P035,3,81450,2025-03-28
O02078,K0416,E02078,P011,2,23400,2024-04-26
O02079,K0138,E02079,P029,1,3800,2024-06-03
O02080,K0362,E02080,P028,3,79650,2025-03-12
O02081,K0325,E02081,P005,2,23500,2024-04-27
O02082,K0043,E02082,P007,1,27000,2024-03-29
O02083,K0064,E02083,P017,2,22600,2024-07-10
O02084,K0089,E02084,P027,1,26400,2025-01-20
O02085,K0072,E02085,P004,5,58000,2024-10-21
O02086,K0264,E02086,P039,1,11300,2024-10-07
O02087,K0509,E02087,P029,3,11400,2025-04-13
O02088,K0137,E02088,P013,1,27100,2024-10-04
O02089,K0284,E02089,P001,1,4100,2025-02-19
O02090,K0296,E02090,P012,1,11700,2025-02-27
O02091,K0439,E02091,P041,2,54100,2024-08-04
O02092,K0110,E02092,P002,1,4500,2024-05-31
O02093,K0380,E02093,P009,2,8200,2024-06-22
O02094,K0235,E02094,P031,1,11850,2024-12-31
O02095,K0228,E02095,P020,2,53200,2024-10-01
O02096,K0251,E02096,P012,1,11700,2024-12-09
O02097,K0488,E02097,P016,2,9000,2025-06-07
O02098,K0454,E02098,P039,2,22600,2024-02-19
O02099,K0383,E02099,P016,5,22500,2025-03-26
O02100,K0163,E02100,P002,1,4500,2024-06-19
O02101,K0202,E02101,P038,1,11200,2025-02-10
O02102,K0478,E02102,P038,1,11200,2025-02-24
O02103,K0460,E02103,P029,2,7600,2025-01-30
O02104,K0054,E02104,P001,1,4100,2025-01-01
O02105,K0186,E02105,P009,3,12300,2025-01-09
O02106,K0075,E02106,P022,5,22500,2024-05-02
O02107,K0307,E02107,P027,2,52800,2025-05-02
O02108,K0439,E02108,P038,5,56000,2025-03-26
O02109,K0288,E02109,P027,5,132000,2025-05-27
O02110,K0255,E02110,P005,3,35250,2025-06-03
O02111,K0089,E02111,P017,2,22600,2025-06-25
O02112,K0064,E02112,P015,2,8600,2025-05-08
O02113,K0425,E02113,P002,1,4500,2024-05-04
O02114,K0193,E02114,P035,1,27150,2024-12-21
O02115,K0114,E02115,P003,1,11750,2024-06-12
O02116,K0080,E02116,P007,2,54000,2024-06-19
O02117,K0352,E02117,P032,2,23000,2025-03-09
O02118,K0105,E02118,P038,1,11200,2024-08-14
O02119,K0312,E02119,P042,1,26850,2024-07-03
O02120,K0370,E02120,P014,2,54300,2024-06-26
O02121,K0499,E02121,P018,1,11600,2024-07-22
O02122,K0262,E02122,P001,2,8200,2024-03-17
O02123,K0164,E02123,P041,3,81150,2024-02-26
O02124,K0326,E02124,P038,3,33600,2024-07-21
O02125,K0485,E02125,P033,2,23200,2025-05-06
O02126,K0271,E02126,P028,3,79650,2024-12-27
O02127,K0173,E02127,P021,2,53100,2025-04-02
O02128,K0312,E02128,P037,2,8200,2024-10-17
O02129,K0467,E02129,P042,2,53700,2025-04-21
O02130,K0326,E02130,P041,3,81150,2024-04-15
O02131,K0417,E02131,P015,1,4300,2024-11-10
O02132,K0180,E02132,P012,2,23400,2025-04-13
O02133,K0223,E02133,P014,1,27150,2024-04-03
O02134,K0086,E02134,P007,2,54000,2024-03-03
O02135,K0224,E02135,P031,1,11850,2025-05-07
O02136,K0108,E02136,P003,3,35250,2024-09-02
O02137,K0295,E02137,P024,1,11750,2024-12-01
O02138,K0363,E02138,P015,1,4300,2024-02-27
O02139,K0486,E02139,P036,2,8500,2025-01-30
O02140,K0356,E02140,P039,1,11300,2024-09-29
O02141,K0062,E02141,P042,1,26850,2024-03-15
O02142,K0186,E02142,P040,3,35550,2024-02-21
O02143,K0162,E02143,P002,1,4500,2024-12-09
O02144,K0296,E02144,P033,3,34800,2025-07-04
O02145,K0466,E02145,P023,2,7700,2024-08-03
O02146,K0314,E02146,P014,1,27150,2024-10-31
O02147,K0398,E02147,P039,2,22600,2024-04-28
O02148,K0397,E02148,P038,1,11200,2025-05-08
O02149,K0393,E02149,P026,2,22500,2025-05-19
O02150,K0376,E02150,P002,1,4500,2025-03-03
O02151,K0059,E02151,P021,1,26550,2024-07-15
O02152,K0113,E02152,P012,5,58500,2025-05-21
O02153,K0242,E02153,P023,2,7700,2024-10-28
O02154,K0446,E02154,P041,1,27050,2024-11-22
O02155,K0230,E02155,P004,3,34800,2024-12-15
O02156,K0072,E02156,P037,2,8200,2025-04-29
O02157,K0385,E02157,P034,1,27100,2024-03-21
O02158,K0362,E02158,P011,3,35100,2024-12-03
O02159,K0184,E02159,P009,1,4100,2024-06-09
O02160,K0300,E02160,P015,2,8600,2025-02-05
O02161,K0453,E02161,P042,1,26850,2024-10-03
O02162,K0396,E02162,P018,1,11600,2025-05-24
O02163,K0375,E02163,P019,5,58000,2024-03-18
O02164,K0448,E02164,P012,1,11700,2024-10-10
O02165,K0079,E02165,P002,1,4500,2025-03-18
O02166,K0510,E02166,P027,2,52800,2025-07-10
O02167,K0011,E02167,P032,3,34500,2024-02-02
O02168,K0300,E02168,P010,5,58000,2025-01-16
O02169,K0109,E02169,P018,1,11600,2024-12-22
O02170,K0306,E02170,P022,1,4500,2024-02-28
O02171,K0242,E02171,P033,1,11600,2024-03-22
O02172,K0227,E02172,P017,3,33900,2024-10-03
O02173,K0376,E02173,P006,1,26600,2025-05-06
O02174,K0285,E02174,P021,3,79650,2025-04-25
O02175,K0368,E02175,P013,5,135500,2024-04-16
O02176,K0235,E02176,P034,3,81300,2024-03-25
O02177,K0406,E02177,P042,3,80550,2025-03-01
O02178,K0193,E02178,P020,1,26600,2025-06-10
O02179,K0201,E02179,P026,5,56250,2024-09-28
O02180,K0473,E02180,P026,3,33750,2025-02-23
O02181,K0449,E02181,P019,2,23200,2025-06-13
O02182,K0045,E02182,P020,1,26600,2024-01-20
O02183,K0075,E02183,P015,1,4300,2024-10-19
O02184,K0318,E02184,P032,2,23000,2024-05-11
O02185,K0432,E02185,P015,2,8600,2024-06-25
O02186,K0159,E02186,P021,2,53100,2025-03-25
O02187,K0097,E02187,P002,1,4500,2024-09-05
O02188,K0385,E02188,P028,1,26550,2024-12-28
O02189,K0447,E02189,P018,2,23200,2025-02-12
O02190,K0481,E02190,P003,3,35250,2024-09-30
O02191,K0488,E02191,P009,1,4100,2024-07-04
O02192,K0030,E02192,P008,5,19750,2024-04-30
O02193,K0418,E02193,P027,2,52800,2024-07-10
O02194,K0362,E02194,P025,1,11800,2025-06-10
O02195,K0144,E02195,P028,5,132750,2025-07-03
O02196,K0485,E02196,P025,1,11800,2024-07-12
O02197,K0469,E02197,P017,5,56500,2024-11-26
O02198,K0341,E02198,P037,3,12300,2024-10-16
O02199,K0516,E02199,P018,3,34800,2025-07-12
O02200,K0459,E02200,P031,1,11850,2024-02-29
O02201,K0068,E02201,P014,1,27150,2024-04-17
O02202,K0141,E02202,P020,1,26600,2024-05-14
O02203,K0498,E02203,P026,3,33750,2025-06-04
O02204,K0287,E02204,P040,1,11850,2025-03-22
O02205,K0517,E02205,P012,2,23400,2024-05-13
O02206,K0294,E02206,P026,1,11250,2025-07-11
O02207,K0085,E02207,P034,3,81300,2024-06-03
O02208,K0142,E02208,P033,3,34800,2024-08-19
O02209,K0166,E02209,P014,3,81450,2024-12-30
O02210,K0079,E02210,P013,3,81300,2024-11-15
O02211,K0398,E02211,P036,1,4250,2025-03-28
O02212,K0195,E02212,P027,5,132000,2024-06-09
O02213,K0253,E02213,P016,2,9000,2025-05-08
O02214,K0264,E02214,P019,1,11600,2025-06-01
O02215,K0203,E02215,P039,3,33900,2024-04-14
O02216,K0043,E02216,P035,3,81450,2024-10-24
O02217,K0412,E02217,P026,3,33750,2024-03-23
O02218,K0380,E02218,P007,2,54000,2025-02-28
O02219,K0078,E02219,P032,1,11500,2024-02-10
O02220,K0155,E02220,P027,3,79200,2024-09-16
O02221,K0235,E02221,P015,1,4300,2024-09-07
O02222,K0328,E02222,P023,2,7700,2025-01-16
O02223,K0336,E02223,P015,1,4300,2025-03-06
O02224,K0089,E02224,P021,5,132750,2025-01-22
O02225,K0446,E02225,P041,1,27050,2025-05-01
O02226,K0367,E02226,P004,2,23200,2024-05-15
O02227,K0047,E02227,P018,1,11600,2024-08-19
O02228,K0054,E02228,P029,5,19000,2024-06-05
O02229,K0005,E02229,P021,2,53100,2025-04-24
O02230,K0441,E02230,P013,1,27100,2024-12-12
O02231,K0165,E02231,P009,2,8200,2024-11-07
O02232,K0338,E02232,P001,3,12300,2024-10-24
O02233,K0002,E02233,P030,2,7700,2025-06-11
O02234,K0193,E02234,P027,2,52800,2025-05-07
O02235,K0187,E02235,P012,2,23400,2024-02-27
O02236,K0368,E02236,P042,3,80550,2024-09-05
O02237,K0469,E02237,P021,3,79650,2025-03-03
O02238,K0317,E02238,P027,1,26400,2024-12-20
O02239,K0408,E02239,P022,1,4500,2024-07-29
O02240,K0332,E02240,P022,1,4500,2025-02-10
O02241,K0143,E02241,P019,1,11600,2024-09-03
O02242,K0183,E02242,P024,2,23500,2025-01-26
O02243,K0180,E02243,P028,3,79650,2024-04-15
O02244,K0295,E02244,P023,2,7700,2025-04-24
O02245,K0382,E02245,P039,3,33900,2025-06-26
O02246,K0440,E02246,P032,1,11500,2024-12-17
O02247,K0423,E02247,P012,1,11700,2024-08-05
O02248,K0352,E02248,P036,1,4250,2025-04-15
O02249,K0306,E02249,P024,2,23500,2025-06-21
O02250,K0323,E02250,P007,1,27000,2024-05-03
O02251,K0200,E02251,P026,3,33750,2024-12-28
O02252,K0392,E02252,P027,1,26400,2024-02-04
O02253,K0243,E02253,P020,2,53200,2025-05-21
O02254,K0160,E02254,P040,1,11850,2024-11-01
O02255,K0442,E02255,P023,1,3850,2025-04-15
O02256,K0198,E02256,P018,3,34800,2024-04-19
O02257,K0428,E02257,P003,3,35250,2024-11-08
O02258,K0321,E02258,P010,2,23200,2025-06-04
O02259,K0386,E02259,P018,1,11600,2024-06-21
O02260,K0437,E02260,P027,1,26400,2025-03-03
O02261,K0327,E02261,P014,1,27150,2024-10-23
O02262,K0396,E02262,P036,3,12750,2025-01-13
O02263,K0076,E02263,P014,2,54300,2024-06-01
O02264,K0038,E02264,P022,2,9000,2024-04-02
O02265,K0088,E02265,P036,2,8500,2024-07-04
O02266,K0360,E02266,P033,1,11600,2024-02-25
O02267,K0350,E02267,P037,1,4100,2025-03-28
O02268,K0361,E02268,P024,1,11750,2025-05-31
O02269,K0275,E02269,P032,1,11500,2025-05-26
O02270,K0304,E02270,P032,3,34500,2024-04-26
O02271,K0509,E02271,P004,5,58000,2024-12-16
O02272,K0429,E02272,P003,1,11750,2025-06-14
O02273,K0284,E02273,P018,5,58000,2024-04-26
O02274,K0514,E02274,P042,1,26850,2024-06-28
O02275,K0473,E02275,P009,3,12300,2024-05-04
O02276,K0431,E02276,P038,3,33600,2024-06-01
O02277,K0439,E02277,P020,3,79800,2025-05-08
O02278,K0260,E02278,P009,2,8200,2024-07-10
O02279,K0285,E02279,P022,1,4500,2024-11-30
O02280,K0346,E02280,P034,2,54200,2024-04-23
O02281,K0246,E02281,P037,1,4100,2024-07-22
O02282,K0339,E02282,P042,5,134250,2024-05-27
O02283,K0094,E02283,P016,1,4500,2024-06-26
O02284,K0483,E02284,P032,2,23000,2024-03-24
O02285,K0221,E02285,P019,1,11600,2025-05-06
O02286,K0183,E02286,P013,1,27100,2024-08-06
O02287,K0239,E02287,P010,1,11600,2024-04-04
O02288,K0191,E02288,P033,1,11600,2024-11-09
O02289,K0511,E02289,P002,1,4500,2025-06-01
O02290,K0109,E02290,P005,2,23500,2024-04-22
O02291,K0460,E02291,P007,1,27000,2025-04-13
O02292,K0440,E02292,P017,1,11300,2024-03-12
O02293,K0401,E02293,P041,2,54100,2024-08-08
O02294,K0056,E02294,P021,1,26550,2025-06-11
O02295,K0416,E02295,P018,3,34800,2025-01-30
O02296,K0270,E02296,P033,3,34800,2025-04-27
O02297,K0374,E02297,P036,1,4250,2024-10-03
O02298,K0137,E02298,P022,2,9000,2024-04-09
O02299,K0119,E02299,P025,1,11800,2025-02-09
O02300,K0181,E02300,P040,1,11850,2025-02-08
O02301,K0020,E02301,P041,1,27050,2024-04-18
O02302,K0422,E02302,P019,1,11600,2024-05-27
O02303,K0039,E02303,P023,2,7700,2025-03-19
O02304,K0009,E02304,P012,3,35100,2024-10-26
O02305,K0356,E02305,P019,1,11600,2024-07-18
O02306,K0308,E02306,P017,2,22600,2024-10-09
O02307,K0426,E02307,P003,5,58750,2024-03-28
O02308,K0352,E02308,P008,3,11850,2025-01-06
O02309,K0280,E02309,P005,1,11750,2024-08-13
O02310,K0025,E02310,P036,1,4250,2024-09-24
O02311,K0154,E02311,P027,1,26400,2024-04-03
O02312,K0462,E02312,P029,1,3800,2024-09-29
O02313,K0121,E02313,P040,2,23700,2025-03-10
O02314,K0306,E02314,P004,5,58000,2024-04-11
O02315,K0499,E02315,P011,1,11700,2024-02-11
O02316,K0080,E02316,P034,2,54200,2024-02-12
O02317,K0255,E02317,P031,2,23700,2025-07-08
O02318,K0125,E02318,P042,3,80550,2024-03-19
O02319,K0223,E02319,P038,1,11200,2024-09-21
O02320,K0422,E02320,P008,2,7900,2024-02-11
O02321,K0340,E02321,P042,1,26850,2024-12-22
O02322,K0429,E02322,P002,2,9000,2025-04-30
O02323,K0311,E02323,P023,3,11550,2024-12-09
O02324,K0257,E02324,P034,1,27100,2024-12-06
O02325,K0164,E02325,P014,1,27150,2024-06-10
O02326,K0508,E02326,P042,1,26850,2024-03-31
O02327,K0143,E02327,P017,2,22600,2024-08-31
O02328,K0379,E02328,P034,1,27100,2024-05-06
O02329,K0313,E02329,P001,2,8200,2024-05-11
O02330,K0090,E02330,P013,2,54200,2025-05-05
O02331,K0354,E02331,P021,1,26550,2024-01-21
O02332,K0416,E02332,P020,1,26600,2025-07-09
O02333,K0471,E02333,P001,3,12300,2024-11-06
O02334,K0179,E02334,P040,3,35550,2024-11-08
O02335,K0285,E02335,P037,3,12300,2025-05-11
O02336,K0321,E02336,P018,1,11600,2024-03-15
O02337,K0072,E02337,P032,1,11500,2024-09-27
O02338,K0281,E02338,P041,1,27050,2025-04-28
O02339,K0485,E02339,P018,5,58000,2024-12-11
O02340,K0510,E02340,P008,1,3950,2024-12-15
O02341,K0306,E02341,P002,1,4500,2024-02-09
O02342,K0366,E02342,P030,5,19250,2025-05-01
O02343,K0278,E02343,P025,2,23600,2024-01-16
O02344,K0255,E02344,P020,2,53200,2024-12-18
O02345,K0100,E02345,P010,3,34800,2024-07-04
O02346,K0507,E02346,P006,5,133000,2024-07-01
O02347,K0272,E02347,P004,1,11600,2024-07-04
O02348,K0517,E02348,P032,5,57500,2024-12-25
O02349,K0312,E02349,P004,3,34800,2025-01-20
O02350,K0367,E02350,P002,2,9000,2025-06-06
O02351,K0293,E02351,P040,1,11850,2025-02-11
O02352,K0002,E02352,P015,1,4300,2025-03-23
O02353,K0425,E02353,P028,1,26550,2024-09-29
O02354,K0369,E02354,P001,1,4100,2024-12-05
O02355,K0171,E02355,P035,1,27150,2025-03-06
O02356,K0375,E02356,P023,1,3850,2025-01-25
O02357,K0057,E02357,P015,2,8600,2024-06-28
O02358,K0352,E02358,P034,2,54200,2024-11-14
O02359,K0369,E02359,P015,2,8600,2024-06-14
O02360,K0375,E02360,P017,1,11300,2024-04-18
O02361,K0351,E02361,P017,3,33900,2024-05-06
O02362,K0226,E02362,P025,3,35400,2024-02-27
O02363,K0461,E02363,P019,1,11600,2024-10-24
O02364,K0165,E02364,P026,3,33750,2025-05-19
O02365,K0352,E02365,P025,5,59000,2025-04-08
O02366,K0300,E02366,P031,1,11850,2025-04-06
O02367,K0330,E02367,P041,2,54100,2024-12-18
O02368,K0004,E02368,P012,2,23400,2024-04-19
O02369,K0431,E02369,P018,2,23200,2024-12-17
O02370,K0194,E02370,P041,1,27050,2024-08-12
O02371,K0288,E02371,P034,1,27100,2024-03-11
O02372,K0129,E02372,P020,1,26600,2024-09-04
O02373,K0238,E02373,P002,1,4500,2024-11-08
O02374,K0449,E02374,P011,1,11700,2024-05-25
O02375,K0509,E02375,P032,3,34500,2024-03-19
O02376,K0252,E02376,P035,3,81450,2024-05-20
O02377,K0485,E02377,P034,2,54200,2024-02-03
O02378,K0249,E02378,P010,3,34800,2025-05-24
O02379,K0193,E02379,P027,1,26400,2024-02-21
O02380,K0451,E02380,P028,1,26550,2024-12-14
O02381,K0284,E02381,P003,1,11750,2025-04-17
O02382,K0261,E02382,P023,3,11550,2025-07-08
O02383,K0131,E02383,P023,1,3850,2024-12-26
O02384,K0196,E02384,P015,3,12900,2024-07-16
O02385,K0251,E02385,P029,1,3800,2024-12-18
O02386,K0228,E02386,P037,1,4100,2025-04-22
O02387,K0146,E02387,P026,3,33750,2025-04-07
O02388,K0278,E02388,P025,1,11800,2025-01-02
O02389,K0363,E02389,P007,3,81000,2025-05-17
O02390,K0505,E02390,P007,1,27000,2025-06-22
O02391,K0228,E02391,P010,2,23200,2024-07-18
O02392,K0358,E02392,P035,1,27150,2024-10-07
O02393,K0235,E02393,P015,3,12900,2024-11-24
O02394,K0337,E02394,P023,5,19250,2024-11-27
O02395,K0272,E02395,P013,1,27100,2025-03-30
O02396,K0180,E02396,P020,1,26600,2025-03-01
O02397,K0420,E02397,P015,1,4300,2024-06-20
O02398,K0036,E02398,P042,2,53700,2024-11-09
O02399,K0095,E02399,P001,2,8200,2024-10-17
O02400,K0212,E02400,P033,1,11600,2025-05-28
O02401,K0131,E02401,P031,2,23700,2024-02-23
O02402,K0512,E02402,P001,3,12300,2025-03-22
O02403,K0454,E02403,P028,3,79650,2024-03-27
O02404,K0024,E02404,P010,1,11600,2024-02-22
O02405,K0026,E02405,P009,3,12300,2024-07-11
O02406,K0360,E02406,P024,5,58750,2024-02-19
O02407,K0259,E02407,P031,3,35550,2025-02-02
O02408,K0225,E02408,P014,1,27150,2024-12-04
O02409,K0416,E02409,P026,1,11250,2024-03-04
O02410,K0010,E02410,P001,1,4100,2024-05-18
O02411,K0209,E02411,P011,2,23400,2024-11-03
O02412,K0195,E02412,P020,1,26600,2025-02-10
O02413,K0336,E02413,P015,1,4300,2024-04-29
O02414,K0061,E02414,P029,1,3800,2024-03-14
O02415,K0159,E02415,P032,3,34500,2024-06-27
O02416,K0216,E02416,P018,1,11600,2025-01-01
O02417,K0504,E02417,P040,3,35550,2024-09-02
O02418,K0226,E02418,P019,3,34800,2024-10-28
O02419,K0159,E02419,P014,5,135750,2024-08-21
O02420,K0176,E02420,P012,3,35100,2024-11-10
O02421,K0313,E02421,P002,5,22500,2024-07-18
O02422,K0088,E02422,P041,3,81150,2024-10-11
O02423,K0085,E02423,P001,2,8200,2024-06-21
O02424,K0422,E02424,P017,2,22600,2024-03-17
O02425,K0050,E02425,P038,1,11200,2024-07-05
O02426,K0218,E02426,P019,1,11600,2025-01-11
O02427,K0363,E02427,P011,1,11700,2024-05-01
O02428,K0408,E02428,P001,1,4100,2024-10-03
O02429,K0135,E02429,P014,1,27150,2025-03-29
O02430,K0257,E02430,P027,1,26400,2024-07-08
O02431,K0187,E02431,P040,1,11850,2025-05-01
O02432,K0476,E02432,P027,3,79200,2024-07-01
O02433,K0360,E02433,P039,2,22600,2024-12-05
O02434,K0426,E02434,P038,2,22400,2024-03-27
O02435,K0275,E02435,P006,5,133000,2024-09-18
O02436,K0373,E02436,P011,2,23400,2024-09-20
O02437,K0385,E02437,P026,5,56250,2025-03-06
O02438,K0104,E02438,P026,1,11250,2024-06-07
O02439,K0472,E02439,P022,2,9000,2025-04-11
O02440,K0438,E02440,P017,1,11300,2024-12-10
O02441,K0181,E02441,P021,3,79650,2024-08-08
O02442,K0171,E02442,P041,1,27050,2025-05-02
O02443,K0485,E02443,P041,2,54100,2024-11-29
O02444,K0368,E02444,P030,2,7700,2024-08-22
O02445,K0264,E02445,P030,1,3850,2025-05-02
O02446,K0003,E02446,P026,1,11250,2024-06-24
O02447,K0200,E02447,P002,2,9000,2024-05-18
O02448,K0370,E02448,P012,3,35100,2024-03-29
O02449,K0108,E02449,P023,3,11550,2024-05-03
O02450,K0235,E02450,P008,1,3950,2025-04-07
O02451,K0483,E02451,P038,1,11200,2024-08-23
O02452,K0377,E02452,P022,1,4500,2024-02-04
O02453,K0129,E02453,P033,3,34800,2024-08-15
O02454,K0491,E02454,P028,2,53100,2024-02-06
O02455,K0014,E02455,P008,1,3950,2024-02-15
O02456,K0062,E02456,P031,1,11850,2024-12-17
O02457,K0189,E02457,P034,2,54200,2024-11-06
O02458,K0129,E02458,P038,2,22400,2024-12-12
O02459,K0471,E02459,P015,1,4300,2024-04-23
O02460,K0056,E02460,P002,2,9000,2024-08-23
O02461,K0445,E02461,P026,5,56250,2024-04-10
O02462,K0309,E02462,P022,1,4500,2025-03-21
O02463,K0287,E02463,P034,3,81300,2024-11-19
O02464,K0024,E02464,P013,2,54200,2025-04-28
O02465,K0501,E02465,P012,2,23400,2024-03-17
O02466,K0207,E02466,P037,1,4100,2024-05-07
O02467,K0429,E02467,P018,1,11600,2025-03-28
O02468,K0224,E02468,P021,3,79650,2024-12-12
O02469,K0159,E02469,P031,3,35550,2024-07-17
O02470,K0082,E02470,P004,2,23200,2024-06-12
O02471,K0481,E02471,P006,1,26600,2024-01-27
O02472,K0408,E02472,P016,2,9000,2024-03-21
O02473,K0319,E02473,P012,3,35100,2024-04-29
O02474,K0390,E02474,P016,1,4500,2025-05-28
O02475,K0220,E02475,P022,1,4500,2025-02-04
O02476,K0360,E02476,P035,1,27150,2024-10-07
O02477,K0426,E02477,P024,1,11750,2024-12-06
O02478,K0060,E02478,P032,2,23000,2024-09-05
O02479,K0476,E02479,P030,1,3850,2024-05-04
O02480,K0246,E02480,P012,1,11700,2024-05-30
O02481,K0242,E02481,P033,1,11600,2024-03-26
O02482,K0467,E02482,P039,1,11300,2024-11-13
O02483,K0342,E02483,P030,2,7700,2025-04-05
O02484,K0442,E02484,P037,1,4100,2025-01-10
O02485,K0236,E02485,P009,5,20500,2025-06-04
O02486,K0125,E02486,P039,1,11300,2024-05-29
O02487,K0478,E02487,P007,5,135000,2024-02-08
O02488,K0431,E02488,P018,1,11600,2024-04-02
O02489,K0097,E02489,P029,3,11400,2024-02-13
O02490,K0092,E02490,P017,1,11300,2024-08-06
O02491,K0265,E02491,P037,5,20500,2024-03-27
O02492,K0382,E02492,P020,1,26600,2024-10-26
O02493,K0487,E02493,P030,1,3850,2024-08-30
O02494,K0368,E02494,P010,5,58000,2024-07-22
O02495,K0233,E02495,P027,2,52800,2025-04-19
O02496,K0121,E02496,P014,2,54300,2025-04-27
O02497,K0229,E02497,P023,2,7700,2025-05-02
O02498,K0010,E02498,P025,3,35400,2024-04-26
O02499,K0446,E02499,P003,1,11750,2025-05-17
O02500,K0363,E02500,P028,5,132750,2025-07-01
O02501,K0228,E02501,P017,1,11300,2024-02-16
O02502,K0303,E02502,P030,1,3850,2024-10-22
O02503,K0385,E02503,P002,2,9000,2024-08-01
O02504,K0316,E02504,P008,1,3950,2024-10-11
O02505,K0293,E02505,P006,3,79800,2024-07-09
O02506,K0431,E02506,P012,5,58500,2025-02-24
O02507,K0114,E02507,P040,5,59250,2024-04-09
O02508,K0164,E02508,P034,1,27100,2024-07-06
O02509,K0446,E02509,P018,3,34800,2024-08-19
O02510,K0318,E02510,P014,3,81450,2025-05-03
O02511,K0342,E02511,P016,1,4500,2025-05-22
O02512,K0169,E02512,P015,1,4300,2024-03-16
O02513,K0449,E02513,P005,3,35250,2024-07-07
O02514,K0333,E02514,P030,1,3850,2025-06-01
O02515,K0516,E02515,P039,1,11300,2024-08-30
O02516,K0452,E02516,P024,1,11750,2024-03-18
O02517,K0284,E02517,P027,1,26400,2024-07-29
O02518,K0134,E02518,P028,1,26550,2024-04-03
O02519,K0260,E02519,P042,1,26850,2024-04-13
O02520,K0329,E02520,P039,1,11300,2024-01-21
O02521,K0135,E02521,P003,1,11750,2025-01-07
O02522,K0478,E02522,P031,1,11850,2024-05-10
O02523,K0119,E02523,P003,1,11750,2024-12-13
O02524,K0137,E02524,P014,1,27150,2024-10-30
O02525,K0223,E02525,P036,2,8500,2024-10-09
O02526,K0506,E02526,P038,2,22400,2025-04-29
O02527,K0388,E02527,P042,1,26850,2024-11-04
O02528,K0428,E02528,P008,1,3950,2024-04-03
O02529,K0181,E02529,P014,1,27150,2024-05-23
O02530,K0330,E02530,P025,2,23600,2024-06-16
O02531,K0050,E02531,P029,2,7600,2024-11-09
O02532,K0270,E02532,P029,3,11400,2024-06-26
O02533,K0423,E02533,P037,1,4100,2024-11-26
O02534,K0335,E02534,P018,1,11600,2024-07-16
O02535,K0312,E02535,P014,2,54300,2025-01-02
O02536,K0078,E02536,P018,2,23200,2025-03-08
O02537,K0332,E02537,P041,2,54100,2025-05-17
O02538,K0122,E02538,P019,1,11600,2025-02-08
O02539,K0129,E02539,P032,2,23000,2024-12-06
O02540,K0124,E02540,P032,3,34500,2025-04-20
O02541,K0236,E02541,P012,1,11700,2024-12-05
O02542,K0001,E02542,P008,2,7900,2025-04-25
O02543,K0337,E02543,P018,1,11600,2025-05-12
O02544,K0042,E02544,P040,1,11850,2025-01-23
O02545,K0293,E02545,P010,1,11600,2025-06-18
O02546,K0190,E02546,P010,1,11600,2024-08-20
O02547,K0096,E02547,P040,1,11850,2025-01-09
O02548,K0490,E02548,P004,2,23200,2024-11-09
O02549,K0429,E02549,P040,1,11850,2024-07-21
O02550,K0409,E02550,P010,1,11600,2024-11-01
O02551,K0435,E02551,P006,2,53200,2024-10-19
O02552,K0074,E02552,P030,1,3850,2025-01-28
O02553,K0054,E02553,P005,1,11750,2024-06-08
O02554,K0128,E02554,P042,3,80550,2024-06-22
O02555,K0119,E02555,P040,2,23700,2025-02-13
O02556,K0270,E02556,P021,2,53100,2025-06-15
O02557,K0103,E02557,P025,3,35400,2024-09-21
O02558,K0433,E02558,P035,1,27150,2024-04-24
O02559,K0131,E02559,P031,5,59250,2024-04-20
O02560,K0105,E02560,P006,5,133000,2025-01-20
O02561,K0227,E02561,P008,2,7900,2025-03-05
O02562,K0407,E02562,P029,3,11400,2024-04-19
O02563,K0054,E02563,P018,1,11600,2025-03-22
O02564,K0511,E02564,P008,1,3950,2025-05-13
O02565,K0309,E02565,P019,1,11600,2024-09-25
O02566,K0333,E02566,P009,1,4100,2025-06-08
O02567,K0086,E02567,P041,1,27050,2024-05-22
O02568,K0474,E02568,P016,1,4500,2024-09-24
O02569,K0285,E02569,P034,1,27100,2024-10-18
O02570,K0027,E02570,P005,1,11750,2024-09-01
O02571,K0394,E02571,P038,1,11200,2024-03-04
O02572,K0517,E02572,P031,1,11850,2024-04-15
O02573,K0228,E02573,P002,2,9000,2024-01-27
O02574,K0321,E02574,P018,1,11600,2024-12-02
O02575,K0179,E02575,P022,5,22500,2024-02-16
O02576,K0072,E02576,P021,5,132750,2025-05-03
O02577,K0390,E02577,P009,1,4100,2024-11-23
O02578,K0305,E02578,P023,1,3850,2024-11-13
O02579,K0129,E02579,P026,1,11250,2024-04-02
O02580,K0486,E02580,P026,1,11250,2024-08-15
O02581,K0442,E02581,P027,1,26400,2025-05-05
O02582,K0497,E02582,P002,5,22500,2024-04-20
O02583,K0406,E02583,P010,5,58000,2025-01-07
O02584,K0236,E02584,P001,2,8200,2024-08-23
O02585,K0394,E02585,P033,3,34800,2025-01-08
O02586,K0207,E02586,P015,2,8600,2025-03-17
O02587,K0333,E02587,P034,1,27100,2025-04-12
O02588,K0386,E02588,P025,1,11800,2025-05-02
O02589,K0182,E02589,P003,1,11750,2024-09-02
O02590,K0058,E02590,P033,5,58000,2024-09-19
O02591,K0056,E02591,P023,1,3850,2025-04-17
O02592,K0003,E02592,P012,1,11700,2025-03-20
O02593,K0511,E02593,P025,2,23600,2024-07-01
O02594,K0313,E02594,P014,1,27150,2025-01-08
O02595,K0486,E02595,P038,1,11200,2024-11-26
O02596,K0159,E02596,P034,1,27100,2025-06-25
O02597,K0485,E02597,P005,1,11750,2025-06-13
O02598,K0352,E02598,P012,1,11700,2024-07-11
O02599,K0350,E02599,P004,1,11600,2024-11-20
O02600,K0417,E02600,P001,1,4100,2025-03-02
O02601,K0406,E02601,P013,1,27100,2024-12-30
O02602,K0254,E02602,P040,1,11850,2024-05-27
O02603,K0429,E02603,P024,2,23500,2025-01-21
O02604,K0366,E02604,P031,1,11850,2024-03-27
O02605,K0117,E02605,P018,3,34800,2024-02-18
O02606,K0337,E02606,P031,1,11850,2025-04-02
O02607,K0058,E02607,P026,1,11250,2025-02-23
O02608,K0180,E02608,P041,2,54100,2024-08-03
O02609,K0218,E02609,P025,1,11800,2024-09-09
O02610,K0507,E02610,P039,2,22600,2024-07-02
O02611,K0067,E02611,P023,5,19250,2024-08-24
O02612,K0310,E02612,P018,1,11600,2024-02-17
O02613,K0337,E02613,P012,2,23400,2025-03-15
O02614,K0315,E02614,P016,3,13500,2025-04-15
O02615,K0113,E02615,P027,3,79200,2024-07-24
O02616,K0050,E02616,P006,3,79800,2025-01-09
O02617,K0145,E02617,P016,1,4500,2024-12-23
O02618,K0143,E02618,P026,1,11250,2024-08-15
O02619,K0333,E02619,P042,2,53700,2024-06-28
O02620,K0246,E02620,P036,1,4250,2025-03-08
O02621,K0428,E02621,P016,1,4500,2024-12-16
O02622,K0304,E02622,P038,2,22400,2024-06-08
O02623,K0085,E02623,P016,2,9000,2024-11-21
O02624,K0180,E02624,P007,1,27000,2024-02-22
O02625,K0321,E02625,P037,1,4100,2024-12-01
O02626,K0002,E02626,P030,1,3850,2024-09-06
O02627,K0131,E02627,P009,1,4100,2024-03-28
O02628,K0120,E02628,P029,2,7600,2024-10-04
O02629,K0227,E02629,P017,1,11300,2025-04-04
O02630,K0255,E02630,P036,3,12750,2024-09-06
O02631,K0251,E02631,P037,2,8200,2024-11-19
O02632,K0463,E02632,P004,1,11600,2025-01-07
O02633,K0061,E02633,P002,2,9000,2025-05-12
O02634,K0401,E02634,P032,3,34500,2024-11-02
O02635,K0112,E02635,P006,2,53200,2024-10-02
O02636,K0507,E02636,P040,5,59250,2024-04-10
O02637,K0013,E02637,P027,1,26400,2024-05-19
O02638,K0407,E02638,P038,1,11200,2024-03-23
O02639,K0394,E02639,P036,2,8500,2025-01-28
O02640,K0406,E02640,P002,3,13500,2024-04-09
O02641,K0279,E02641,P035,2,54300,2024-04-17
O02642,K0032,E02642,P030,3,11550,2025-03-15
O02643,K0159,E02643,P023,2,7700,2024-04-25
O02644,K0246,E02644,P038,1,11200,2024-11-27
O02645,K0434,E02645,P042,1,26850,2025-05-22
O02646,K0189,E02646,P027,1,26400,2025-04-23
O02647,K0290,E02647,P010,2,23200,2025-01-11
O02648,K0454,E02648,P036,5,21250,2025-04-13
O02649,K0161,E02649,P014,1,27150,2024-11-11
O02650,K0227,E02650,P020,1,26600,2024-03-09
O02651,K0089,E02651,P005,2,23500,2024-08-30
O02652,K0014,E02652,P002,2,9000,2025-06-01
O02653,K0118,E02653,P026,1,11250,2024-10-06
O02654,K0314,E02654,P028,2,53100,2025-01-14
O02655,K0317,E02655,P016,1,4500,2024-04-15
O02656,K0220,E02656,P042,1,26850,2024-05-03
O02657,K0251,E02657,P034,3,81300,2025-06-24
O02658,K0283,E02658,P038,1,11200,2025-06-03
O02659,K0259,E02659,P004,2,23200,2024-09-20
O02660,K0461,E02660,P013,1,27100,2025-02-05
O02661,K0048,E02661,P009,1,4100,2024-09-23
O02662,K0005,E02662,P021,1,26550,2025-05-03
O02663,K0018,E02663,P019,2,23200,2024-01-24
O02664,K0436,E02664,P014,2,54300,2024-11-29
O02665,K0480,E02665,P023,1,3850,2024-07-28
O02666,K0250,E02666,P011,3,35100,2025-01-12
O02667,K0111,E02667,P038,1,11200,2024-01-23
O02668,K0478,E02668,P036,1,4250,2025-02-22
O02669,K0422,E02669,P015,1,4300,2024-12-22
O02670,K0040,E02670,P028,3,79650,2025-06-27
O02671,K0372,E02671,P040,2,23700,2025-05-12
O02672,K0044,E02672,P017,3,33900,2024-07-13
O02673,K0452,E02673,P037,1,4100,2025-01-01
O02674,K0451,E02674,P010,1,11600,2024-01-17
O02675,K0280,E02675,P034,2,54200,2024-04-13
O02676,K0483,E02676,P042,5,134250,2024-09-27
O02677,K0411,E02677,P035,1,27150,2024-03-01
O02678,K0164,E02678,P010,2,23200,2024-06-11
O02679,K0124,E02679,P011,5,58500,2024-11-21
O02680,K0129,E02680,P012,1,11700,2024-12-28
O02681,K0242,E02681,P040,5,59250,2025-05-22
O02682,K0255,E02682,P036,2,8500,2025-01-06
O02683,K0117,E02683,P024,1,11750,2024-11-16
O02684,K0506,E02684,P018,5,58000,2024-03-23
O02685,K0244,E02685,P035,2,54300,2024-10-05
O02686,K0206,E02686,P028,3,79650,2024-12-10
O02687,K0311,E02687,P010,1,11600,2024-10-05
O02688,K0192,E02688,P024,3,35250,2024-03-24
O02689,K0447,E02689,P041,3,81150,2024-09-22
O02690,K0389,E02690,P021,3,79650,2024-08-12
O02691,K0277,E02691,P042,2,53700,2025-05-26
O02692,K0105,E02692,P032,3,34500,2025-03-15
O02693,K0229,E02693,P030,1,3850,2024-09-08
O02694,K0026,E02694,P006,1,26600,2024-10-13
O02695,K0462,E02695,P021,1,26550,2025-03-30
O02696,K0242,E02696,P039,1,11300,2025-02-01
O02697,K0501,E02697,P011,5,58500,2024-08-06
O02698,K0089,E02698,P017,2,22600,2025-05-28
O02699,K0403,E02699,P040,1,11850,2024-09-27
O02700,K0273,E02700,P013,2,54200,2024-06-08
O02701,K0105,E02701,P033,2,23200,2025-05-15
O02702,K0005,E02702,P012,3,35100,2024-09-26
O02703,K0049,E02703,P019,1,11600,2024-05-27
O02704,K0350,E02704,P041,3,81150,2025-06-06
O02705,K0362,E02705,P033,2,23200,2025-03-07
O02706,K0033,E02706,P038,3,33600,2025-02-07
O02707,K0161,E02707,P016,1,4500,2024-09-04
O02708,K0064,E02708,P026,2,22500,2024-06-25
O02709,K0005,E02709,P040,2,23700,2025-03-26
O02710,K0005,E02710,P026,2,22500,2024-02-11
O02711,K0199,E02711,P014,5,135750,2025-01-14
O02712,K0181,E02712,P021,1,26550,2025-07-14
O02713,K0036,E02713,P033,3,34800,2024-09-05
O02714,K0113,E02714,P028,5,132750,2025-02-17
O02715,K0159,E02715,P033,1,11600,2025-03-02
O02716,K0025,E02716,P013,1,27100,2024-08-29
O02717,K0520,E02717,P035,5,135750,2024-11-11
O02718,K0046,E02718,P003,1,11750,2025-03-31
O02719,K0284,E02719,P020,2,53200,2024-12-01
O02720,K0207,E02720,P014,1,27150,2024-12-01
O02721,K0233,E02721,P024,1,11750,2024-05-14
O02722,K0006,E02722,P039,2,22600,2024-04-13
O02723,K0129,E02723,P036,1,4250,2024-09-07
O02724,K0120,E02724,P026,3,33750,2024-11-02
O02725,K0462,E02725,P002,1,4500,2025-02-11
O02726,K0162,E02726,P034,1,27100,2025-04-28
O02727,K0349,E02727,P010,2,23200,2024-10-03
O02728,K0030,E02728,P027,3,79200,2024-07-03
O02729,K0311,E02729,P029,1,3800,2024-04-04
O02730,K0229,E02730,P006,1,26600,2024-10-19
O02731,K0305,E02731,P034,2,54200,2024-02-23
O02732,K0192,E02732,P004,5,58000,2024-11-07
O02733,K0310,E02733,P038,1,11200,2025-01-30
O02734,K0337,E02734,P012,1,11700,2025-04-26
O02735,K0310,E02735,P027,2,52800,2025-02-19
O02736,K0469,E02736,P041,1,27050,2025-04-26
O02737,K0100,E02737,P017,1,11300,2024-04-02
O02738,K0058,E02738,P006,1,26600,2024-12-02
O02739,K0267,E02739,P019,3,34800,2024-09-27
O02740,K0136,E02740,P037,3,12300,2024-08-10
O02741,K0423,E02741,P003,2,23500,2024-11-17
O02742,K0173,E02742,P031,3,35550,2024-11-26
O02743,K0176,E02743,P034,1,27100,2025-04-25
O02744,K0061,E02744,P003,1,11750,2025-06-11
O02745,K0281,E02745,P014,1,27150,2025-02-21
O02746,K0023,E02746,P004,1,11600,2025-05-28
O02747,K0235,E02747,P019,1,11600,2025-02-04
O02748,K0337,E02748,P015,1,4300,2025-04-21
O02749,K0509,E02749,P031,1,11850,2025-06-03
O02750,K0054,E02750,P019,3,34800,2024-08-19
O02751,K0509,E02751,P033,1,11600,2024-12-15
O02752,K0379,E02752,P001,1,4100,2024-12-14
O02753,K0259,E02753,P030,1,3850,2024-04-14
O02754,K0388,E02754,P025,2,23600,2025-04-14
O02755,K0313,E02755,P006,2,53200,2025-04-29
O02756,K0393,E02756,P014,2,54300,2024-04-04
O02757,K0154,E02757,P039,2,22600,2025-02-14
O02758,K0461,E02758,P010,1,11600,2025-04-04
O02759,K0219,E02759,P036,2,8500,2024-01-28
O02760,K0350,E02760,P003,3,35250,2024-04-16
O02761,K0067,E02761,P028,2,53100,2024-02-08
O02762,K0408,E02762,P024,1,11750,2025-01-07
O02763,K0005,E02763,P014,1,27150,2024-06-03
O02764,K0332,E02764,P042,1,26850,2025-03-14
O02765,K0086,E02765,P033,1,11600,2024-05-29
O02766,K0308,E02766,P007,2,54000,2024-11-03
O02767,K0123,E02767,P017,1,11300,2025-02-13
O02768,K0415,E02768,P042,1,26850,2024-07-19
O02769,K0057,E02769,P018,1,11600,2024-02-20
O02770,K0305,E02770,P010,1,11600,2024-03-06
O02771,K0360,E02771,P041,1,27050,2024-07-01
O02772,K0486,E02772,P019,1,11600,2025-05-25
O02773,K0135,E02773,P003,3,35250,2025-05-10
O02774,K0006,E02774,P032,3,34500,2025-02-01
O02775,K0331,E02775,P032,1,11500,2024-08-29
O02776,K0341,E02776,P019,5,58000,2024-12-24
O02777,K0458,E02777,P039,1,11300,2024-09-13
O02778,K0318,E02778,P007,3,81000,2025-02-24
O02779,K0273,E02779,P036,3,12750,2025-06-04
O02780,K0106,E02780,P034,1,27100,2025-01-13
O02781,K0339,E02781,P028,1,26550,2025-04-01
O02782,K0498,E02782,P003,3,35250,2025-03-27
O02783,K0256,E02783,P036,1,4250,2025-04-12
O02784,K0363,E02784,P004,1,11600,2024-04-16
O02785,K0022,E02785,P026,3,33750,2025-05-30
O02786,K0069,E02786,P024,1,11750,2025-06-24
O02787,K0453,E02787,P037,1,4100,2024-12-01
O02788,K0380,E02788,P031,1,11850,2024-10-05
O02789,K0510,E02789,P006,1,26600,2025-02-03
O02790,K0218,E02790,P041,5,135250,2024-07-28
O02791,K0105,E02791,P027,1,26400,2025-02-04
O02792,K0068,E02792,P024,1,11750,2025-03-25
O02793,K0311,E02793,P004,2,23200,2024-04-29
O02794,K0487,E02794,P021,5,132750,2024-02-27
O02795,K0226,E02795,P009,1,4100,2025-05-18
O02796,K0181,E02796,P012,2,23400,2024-04-29
O02797,K0024,E02797,P013,2,54200,2025-05-18
O02798,K0231,E02798,P005,3,35250,2025-05-15
O02799,K0277,E02799,P039,1,11300,2025-03-21
O02800,K0282,E02800,P032,1,11500,2025-06-02
O02801,K0400,E02801,P011,2,23400,2024-02-21
O02802,K0019,E02802,P015,1,4300,2025-02-04
O02803,K0495,E02803,P023,1,3850,2024-04-08
O02804,K0083,E02804,P040,2,23700,2024-12-22
O02805,K0324,E02805,P010,1,11600,2024-03-09
O02806,K0518,E02806,P024,3,35250,2024-01-25
O02807,K0308,E02807,P018,1,11600,2024-08-14
O02808,K0109,E02808,P008,2,7900,2025-03-22
O02809,K0396,E02809,P025,1,11800,2024-05-21
O02810,K0092,E02810,P037,2,8200,2025-05-15
O02811,K0394,E02811,P037,3,12300,2025-01-15
O02812,K0066,E02812,P021,1,26550,2025-01-18
O02813,K0112,E02813,P022,1,4500,2024-02-29
O02814,K0033,E02814,P021,5,132750,2024-11-27
O02815,K0389,E02815,P014,3,81450,2024-06-28
O02816,K0106,E02816,P041,1,27050,2024-08-22
O02817,K0096,E02817,P009,3,12300,2024-02-05
O02818,K0212,E02818,P016,1,4500,2024-06-16
O02819,K0310,E02819,P013,2,54200,2024-03-11
O02820,K0438,E02820,P020,1,26600,2024-03-09
O02821,K0096,E02821,P030,1,3850,2025-03-07
O02822,K0354,E02822,P019,3,34800,2025-05-17
O02823,K0082,E02823,P011,3,35100,2025-06-01
O02824,K0474,E02824,P014,3,81450,2025-03-24
O02825,K0136,E02825,P041,2,54100,2024-07-02
O02826,K0363,E02826,P022,1,4500,2025-05-14
O02827,K0020,E02827,P037,3,12300,2024-12-03
O02828,K0114,E02828,P034,1,27100,2024-04-15
O02829,K0490,E02829,P018,1,11600,2024-10-21
O02830,K0224,E02830,P032,2,23000,2024-08-10
O02831,K0076,E02831,P019,1,11600,2025-04-07
O02832,K0056,E02832,P020,1,26600,2024-08-24
O02833,K0002,E02833,P033,2,23200,2024-09-18
O02834,K0261,E02834,P030,2,7700,2024-07-16
O02835,K0034,E02835,P038,3,33600,2025-03-22
O02836,K0500,E02836,P004,3,34800,2025-01-17
O02837,K0230,E02837,P001,3,12300,2024-03-22
O02838,K0442,E02838,P013,1,27100,2024-12-01
O02839,K0149,E02839,P025,1,11800,2024-09-03
O02840,K0010,E02840,P022,3,13500,2024-07-09
O02841,K0127,E02841,P002,1,4500,2024-05-04
O02842,K0135,E02842,P004,5,58000,2024-09-04
O02843,K0352,E02843,P040,2,23700,2024-06-06
O02844,K0341,E02844,P021,1,26550,2024-07-09
O02845,K0264,E02845,P010,3,34800,2024-05-16
O02846,K0498,E02846,P018,3,34800,2024-10-05
O02847,K0038,E02847,P009,2,8200,2024-11-26
O02848,K0256,E02848,P042,3,80550,2025-05-09
O02849,K0092,E02849,P022,1,4500,2024-02-23
O02850,K0417,E02850,P033,2,23200,2025-06-10
O02851,K0312,E02851,P005,3,35250,2025-02-19
O02852,K0005,E02852,P041,2,54100,2025-06-14
O02853,K0206,E02853,P030,1,3850,2024-08-09
O02854,K0240,E02854,P006,3,79800,2025-01-14
O02855,K0076,E02855,P039,1,11300,2025-03-04
O02856,K0054,E02856,P008,1,3950,2024-08-21
O02857,K0405,E02857,P025,1,11800,2025-01-18
O02858,K0213,E02858,P026,1,11250,2025-05-02
O02859,K0237,E02859,P010,1,11600,2024-09-18
O02860,K0131,E02860,P026,2,22500,2024-09-09
O02861,K0398,E02861,P028,1,26550,2024-10-02
O02862,K0515,E02862,P004,5,58000,2025-04-18
O02863,K0360,E02863,P024,1,11750,2024-09-27
O02864,K0421,E02864,P039,2,22600,2024-09-19
O02865,K0309,E02865,P027,1,26400,2024-09-16
O02866,K0108,E02866,P033,1,11600,2025-06-15
O02867,K0234,E02867,P016,1,4500,2025-05-29
O02868,K0173,E02868,P006,1,26600,2025-04-17
O02869,K0427,E02869,P026,2,22500,2024-03-11
O02870,K0251,E02870,P039,1,11300,2024-04-01
O02871,K0005,E02871,P018,2,23200,2024-05-31
O02872,K0508,E02872,P023,1,3850,2025-06-02
O02873,K0220,E02873,P026,2,22500,2024-04-01
O02874,K0266,E02874,P008,1,3950,2025-04-26
O02875,K0315,E02875,P034,3,81300,2024-11-02
O02876,K0088,E02876,P021,2,53100,2024-06-04
O02877,K0263,E02877,P038,2,22400,2025-02-12
O02878,K0400,E02878,P023,1,3850,2024-07-12
O02879,K0065,E02879,P040,1,11850,2024-07-12
O02880,K0045,E02880,P035,1,27150,2024-05-12
O02881,K0161,E02881,P015,2,8600,2024-06-13
O02882,K0020,E02882,P001,2,8200,2025-03-06
O02883,K0310,E02883,P014,5,135750,2024-03-01
O02884,K0380,E02884,P009,2,8200,2025-06-06
O02885,K0123,E02885,P034,1,27100,2024-04-04
O02886,K0142,E02886,P033,1,11600,2024-02-14
O02887,K0062,E02887,P012,3,35100,2024-07-25
O02888,K0056,E02888,P011,2,23400,2025-06-01
O02889,K0510,E02889,P032,1,11500,2024-11-06
O02890,K0443,E02890,P021,2,53100,2025-03-26
O02891,K0461,E02891,P041,1,27050,2024-07-21
O02892,K0456,E02892,P036,1,4250,2024-10-19
O02893,K0020,E02893,P001,1,4100,2024-08-19
O02894,K0287,E02894,P030,3,11550,2024-11-23
O02895,K0317,E02895,P020,1,26600,2025-02-05
O02896,K0262,E02896,P019,1,11600,2024-04-13
O02897,K0337,E02897,P029,1,3800,2024-09-13
O02898,K0212,E02898,P004,2,23200,2025-03-02
O02899,K0328,E02899,P021,1,26550,2024-09-02
O02900,K0144,E02900,P001,3,12300,2024-05-06
O02901,K0043,E02901,P007,1,27000,2024-08-26
O02902,K0108,E02902,P009,2,8200,2025-05-10
O02903,K0484,E02903,P003,3,35250,2024-06-27
O02904,K0076,E02904,P017,1,11300,2025-02-10
O02905,K0439,E02905,P003,1,11750,2024-09-07
O02906,K0149,E02906,P007,3,81000,2024-12-20
O02907,K0062,E02907,P021,2,53100,2024-04-09
O02908,K0313,E02908,P021,1,26550,2025-06-30
O02909,K0020,E02909,P004,1,11600,2024-05-24
O02910,K0371,E02910,P012,2,23400,2024-04-09
O02911,K0124,E02911,P013,1,27100,2024-09-04
O02912,K0155,E02912,P038,2,22400,2024-03-27
O02913,K0309,E02913,P031,2,23700,2025-01-08
O02914,K0416,E02914,P016,2,9000,2025-05-20
O02915,K0256,E02915,P017,1,11300,2024-09-25
O02916,K0054,E02916,P028,5,132750,2024-06-07
O02917,K0352,E02917,P023,1,3850,2025-01-30
O02918,K0088,E02918,P027,2,52800,2024-06-19
O02919,K0176,E02919,P028,1,26550,2024-09-26
O02920,K0233,E02920,P040,2,23700,2025-02-21
O02921,K0097,E02921,P002,2,9000,2025-02-09
O02922,K0261,E02922,P016,3,13500,2024-03-19
O02923,K0473,E02923,P035,1,27150,2025-06-08
O02924,K0394,E02924,P034,1,27100,2024-11-12
O02925,K0104,E02925,P028,1,26550,2024-01-30
O02926,K0204,E02926,P038,1,11200,2024-09-25
O02927,K0287,E02927,P029,2,7600,2024-09-23
O02928,K0198,E02928,P040,1,11850,2024-05-14
O02929,K0159,E02929,P031,1,11850,2025-02-24
O02930,K0405,E02930,P013,1,27100,2025-01-14
O02931,K0515,E02931,P022,2,9000,2025-01-22
O02932,K0520,E02932,P019,1,11600,2024-10-07
O02933,K0271,E02933,P026,1,11250,2025-03-08
O02934,K0226,E02934,P041,2,54100,2024-11-02
O02935,K0033,E02935,P015,1,4300,2024-09-26
O02936,K0310,E02936,P033,2,23200,2024-04-17
O02937,K0066,E02937,P004,5,58000,2025-05-12
O02938,K0063,E02938,P027,5,132000,2025-03-06
O02939,K0131,E02939,P007,3,81000,2024-12-13
O02940,K0501,E02940,P023,1,3850,2025-01-25
O02941,K0346,E02941,P029,1,3800,2025-03-16
O02942,K0243,E02942,P028,2,53100,2025-05-25
O02943,K0075,E02943,P003,1,11750,2024-02-26
O02944,K0068,E02944,P039,2,22600,2024-11-03
O02945,K0331,E02945,P032,5,57500,2024-04-05
O02946,K0043,E02946,P025,5,59000,2024-07-13
O02947,K0433,E02947,P023,2,7700,2024-03-20
O02948,K0490,E02948,P040,5,59250,2024-11-21
O02949,K0019,E02949,P007,2,54000,2024-03-12
O02950,K0506,E02950,P020,2,53200,2025-05-31
O02951,K0363,E02951,P003,1,11750,2024-04-04
O02952,K0299,E02952,P035,1,27150,2024-04-23
O02953,K0340,E02953,P009,1,4100,2024-11-11
O02954,K0317,E02954,P015,2,8600,2025-05-11
O02955,K0205,E02955,P015,1,4300,2025-07-11
O02956,K0031,E02956,P001,2,8200,2024-12-17
O02957,K0114,E02957,P029,5,19000,2024-05-14
O02958,K0342,E02958,P038,2,22400,2024-10-06
O02959,K0327,E02959,P020,1,26600,2025-04-14
O02960,K0027,E02960,P003,1,11750,2025-05-05
O02961,K0445,E02961,P006,2,53200,2025-04-27
O02962,K0355,E02962,P038,1,11200,2025-02-22
O02963,K0474,E02963,P038,5,56000,2024-01-19
O02964,K0370,E02964,P025,1,11800,2024-12-06
O02965,K0484,E02965,P041,1,27050,2025-05-19
O02966,K0288,E02966,P017,3,33900,2025-02-27
O02967,K0126,E02967,P026,2,22500,2025-04-20
O02968,K0018,E02968,P041,1,27050,2025-04-08
O02969,K0127,E02969,P013,2,54200,2024-01-29
O02970,K0012,E02970,P029,1,3800,2025-07-07
O02971,K0430,E02971,P038,1,11200,2025-03-05
O02972,K0366,E02972,P038,1,11200,2024-11-25
O02973,K0465,E02973,P029,1,3800,2025-07-04
O02974,K0351,E02974,P011,1,11700,2024-03-21
O02975,K0317,E02975,P007,1,27000,2025-01-12
O02976,K0360,E02976,P029,2,7600,2025-06-15
O02977,K0431,E02977,P017,1,11300,2025-02-14
O02978,K0142,E02978,P036,1,4250,2024-12-13
O02979,K0512,E02979,P002,2,9000,2024-04-06
O02980,K0405,E02980,P008,2,7900,2024-12-06
O02981,K0089,E02981,P039,1,11300,2024-12-29
O02982,K0065,E02982,P021,2,53100,2024-06-07
O02983,K0284,E02983,P030,5,19250,2025-02-01
O02984,K0387,E02984,P001,1,4100,2025-06-07
O02985,K0379,E02985,P024,1,11750,2024-09-18
O02986,K0124,E02986,P024,1,11750,2025-01-14
O02987,K0509,E02987,P010,1,11600,2024-07-31
O02988,K0330,E02988,P020,2,53200,2025-03-24
O02989,K0501,E02989,P040,2,23700,2024-04-01
O02990,K0363,E02990,P026,3,33750,2024-10-22
O02991,K0452,E02991,P022,1,4500,2025-01-31
O02992,K0312,E02992,P014,1,27150,2025-03-31
O02993,K0491,E02993,P008,3,11850,2025-04-15
O02994,K0050,E02994,P003,2,23500,2024-02-16
O02995,K0422,E02995,P002,2,9000,2024-11-25
O02996,K0375,E02996,P003,3,35250,2024-08-12
O02997,K0327,E02997,P035,5,135750,2025-06-24
O02998,K0144,E02998,P005,5,58750,2024-12-19
O02999,K0067,E02999,P004,2,23200,2025-02-27
O03000,K0473,E03000,P020,2,53200,2024-06-05
