session_id,campaign,customer,landing_page,device,ts
E00001,C0004,K0222,/case-studies,desktop,2025-02-24
E00002,C0203,K0379,/case-studies,mobile,2025-04-19
E00003,C0203,K0285,/spec-sheets,desktop,2024-03-06
E00004,C0003,K0371,/case-studies,mobile,2024-06-12
E00005,C0004,K0423,/contact,desktop,2024-11-13
E00006,C0303,K0379,/products,desktop,2024-05-24
E00007,C0303,K0062,/contact,desktop,2025-04-26
E00008,C0102,K0201,/pricing,mobile,2025-04-11
E00009,C0200,K0225,/contact,desktop,2024-03-28
E00010,C0202,K0113,/products,desktop,2025-01-07
E00011,C0102,K0490,/spec-sheets,desktop,2024-11-22
E00012,C0303,K0429,/spec-sheets,desktop,2025-03-04
E00013,C0103,K0001,/products,desktop,2024-12-11
E00014,C0303,K0386,/products,desktop,2024-07-28
E00015,C0303,K0325,/pricing,desktop,2024-03-06
E00016,C0202,K0209,/case-studies,desktop,2024-09-08
E00017,C0100,K0113,/spec-sheets,desktop,2024-11-19
E00018,C0401,K0181,/case-studies,mobile,2024-02-10
E00019,C0100,K0140,/contact,tablet,2024-04-03
E00020,C0102,K0464,/pricing,desktop,2025-05-26
E00021,C0402,K0470,/pricing,desktop,2024-12-13
E00022,C0002,K0123,/pricing,mobile,2024-07-17
E00023,C0000,K0018,/case-studies,desktop,2024-04-11
E00024,C0103,K0397,/pricing,desktop,2024-09-11
E00025,C0203,K0404,/products,desktop,2024-07-09
E00026,C0100,K0126,/pricing,mobile,2024-05-11
E00027,C0303,K0199,/spec-sheets,mobile,2024-11-15
E00028,C0204,K0048,/case-studies,mobile,2025-02-13
E00029,C0100,K0349,/contact,desktop,2024-01-08
E00030,C0002,K0062,/contact,mobile,2024-02-09
E00031,C0200,K0159,/contact,mobile,2025-05-11
E00032,C0402,K0394,/products,mobile,2024-06-30
E00033,C0400,K0322,/spec-sheets,desktop,2024-07-12
E00034,C0303,K0432,/contact,desktop,2024-09-17
E00035,C0001,K0108,/contact,desktop,2024-03-21
E00036,C0103,K0300,/contact,mobile,2025-01-24
E00037,C0401,K0112,/pricing,mobile,2025-03-16
E00038,C0203,K0279,/contact,tablet,2024-01-08
E00039,C0001,K0480,/pricing,desktop,2024-06-28
E00040,C0201,K0006,/contact,desktop,2024-02-13
E00041,C0102,K0135,/spec-sheets,tablet,2024-05-29
E00042,C0000,K0372,/pricing,desktop,2024-03-12
E00043,C0303,K0518,/pricing,desktop,2025-02-07
E00044,C0000,K0447,/case-studies,desktop,2024-06-14
E00045,C0303,K0090,/case-studies,desktop,2024-04-01
E00046,C0204,K0368,/pricing,mobile,2024-02-05
E00047,C0104,K0065,/products,mobile,2024-09-13
E00048,C0103,K0079,/case-studies,mobile,2024-02-06
E00049,C0201,K0354,/spec-sheets,desktop,2024-04-08
E00050,C0104,K0329,/contact,desktop,2024-05-31
E00051,C0100,K0076,/case-studies,desktop,2024-02-26
E00052,C0103,K0294,/contact,desktop,2024-03-30
E00053,C0402,K0467,/pricing,desktop,2024-10-20
E00054,C0303,K0351,/pricing,desktop,2025-05-22
E00055,C0100,K0172,/spec-sheets,desktop,2024-02-16
E00056,C0303,K0277,/pricing,mobile,2024-05-15
E00057,C0303,K0119,/spec-sheets,desktop,2025-06-09
E00058,C0303,K0285,/spec-sheets,desktop,2024-04-02
E00059,C0201,K0402,/contact,tablet,2025-05-09
E00060,C0400,K0190,/pricing,desktop,2025-01-21
E00061,C0203,K0423,/contact,tablet,2025-05-25
E00062,C0201,K0087,/contact,desktop,2024-01-24
E00063,C0400,K0003,/spec-sheets,desktop,2024-12-04
E00064,C0003,K0306,/contact,mobile,2024-12-25
E00065,C0001,K0140,/pricing,desktop,2024-10-16
E00066,C0101,K0360,/pricing,tablet,2024-07-23
E00067,C0204,K0387,/contact,tablet,2024-04-25
E00068,C0204,K0054,/pricing,tablet,2024-09-08
E00069,C0202,K0308,/products,mobile,2024-12-20
E00070,C0101,K0414,/case-studies,desktop,2024-02-23
E00071,C0003,K0449,/case-studies,desktop,2024-05-31
E00072,C0000,K0195,/spec-sheets,desktop,2024-01-19
E00073,C0400,K0382,/pricing,mobile,2024-12-22
E00074,C0402,K0275,/spec-sheets,tablet,2024-06-01
E00075,C0201,K0072,/contact,desktop,2025-05-24
E00076,C0100,K0251,/contact,desktop,2024-03-21
E00077,C0102,K0321,/case-studies,desktop,2024-02-23
E00078,C0400,K0241,/pricing,desktop,2024-11-12
E00079,C0000,K0159,/spec-sheets,tablet,2024-05-27
E00080,C0102,K0180,/spec-sheets,desktop,2025-05-13
E00081,C0003,K0303,/case-studies,mobile,2024-10-14
E00082,C0303,K0310,/case-studies,desktop,2024-05-22
E00083,C0102,K0346,/case-studies,desktop,2024-10-28
E00084,C0001,K0517,/products,tablet,2025-05-29
E00085,C0303,K0180,/products,desktop,2024-06-26
E00086,C0303,K0438,/spec-sheets,desktop,2024-06-30
E00087,C0003,K0227,/products,desktop,2024-08-19
E00088,C0000,K0491,/pricing,mobile,2024-05-19
E00089,C0000,K0137,/products,desktop,2025-03-18
E00090,C0403,K0412,/spec-sheets,desktop,2024-04-19
E00091,C0203,K0177,/contact,mobile,2025-02-13
E00092,C0101,K0308,/case-studies,mobile,2025-01-08
E00093,C0401,K0366,/contact,desktop,2025-05-14
E00094,C0102,K0413,/case-studies,mobile,2024-04-13
E00095,C0104,K0458,/spec-sheets,desktop,2024-07-09
E00096,C0403,K0098,/contact,mobile,2025-05-14
E00097,C0100,K0482,/pricing,desktop,2024-05-16
E00098,C0303,K0218,/contact,desktop,2024-01-10
E00099,C0303,K0024,/spec-sheets,mobile,2024-10-10
E00100,C0200,K0270,/contact,desktop,2024-11-17
E00101,C0101,K0291,/spec-sheets,desktop,2024-05-06
E00102,C0001,K0144,/case-studies,mobile,2024-07-28
E00103,C0103,K0308,/pricing,desktop,2025-02-21
E00104,C0003,K0366,/pricing,desktop,2025-02-10
E00105,C0202,K0406,/case-studies,mobile,2024-10-03
E00106,C0200,K0413,/case-studies,desktop,2024-03-27
E00107,C0204,K0187,/case-studies,desktop,2025-02-01
E00108,C0202,K0397,/products,desktop,2024-03-08
E00109,C0303,K0471,/spec-sheets,mobile,2024-01-27
E00110,C0303,K0221,/pricing,desktop,2024-06-24
E00111,C0204,K0292,/spec-sheets,mobile,2025-01-14
E00112,C0303,K0518,/products,desktop,2025-05-24
E00113,C0203,K0181,/contact,mobile,2024-01-24
E00114,C0004,K0044,/contact,desktop,2025-05-14
E00115,C0104,K0206,/products,mobile,2024-03-02
E00116,C0303,K0389,/pricing,desktop,2025-03-12
E00117,C0303,K0350,/pricing,mobile,2024-07-19
E00118,C0303,K0038,/case-studies,mobile,2024-08-16
E00119,C0402,K0437,/case-studies,desktop,2024-02-11
E00120,C0303,K0251,/spec-sheets,desktop,2024-11-02
E00121,C0401,K0153,/products,desktop,2025-03-21
E00122,C0303,K0392,/contact,desktop,2024-12-17
E00123,C0000,K0401,/contact,desktop,2024-08-01
E00124,C0002,K0334,/products,desktop,2024-06-21
E00125,C0002,K0311,/contact,desktop,2024-11-26
E00126,C0303,K0075,/pricing,desktop,2024-06-26
E00127,C0202,K0110,/products,desktop,2024-11-28
E00128,C0201,K0337,/spec-sheets,desktop,2024-07-25
E00129,C0403,K0040,/pricing,desktop,2025-03-19
E00130,C0102,K0199,/pricing,mobile,2025-01-07
E00131,C0101,K0106,/contact,mobile,2025-05-13
E00132,C0303,K0518,/products,desktop,2025-01-24
E00133,C0003,K0114,/pricing,desktop,2024-07-01
E00134,C0303,K0337,/contact,tablet,2024-06-01
E00135,C0404,K0206,/spec-sheets,desktop,2025-03-25
E00136,C0204,K0053,/contact,mobile,2024-02-24
E00137,C0104,K0451,/pricing,tablet,2025-05-03
E00138,C0303,K0272,/spec-sheets,mobile,2024-03-06
E00139,C0403,K0087,/spec-sheets,mobile,2024-04-07
E00140,C0104,K0221,/products,mobile,2025-01-26
E00141,C0403,K0223,/case-studies,desktop,2024-05-02
E00142,C0203,K0036,/products,desktop,2024-10-06
E00143,C0102,K0508,/case-studies,desktop,2024-04-11
E00144,C0403,K0120,/spec-sheets,desktop,2025-04-29
E00145,C0201,K0193,/products,desktop,2024-08-14
E00146,C0400,K0486,/products,desktop,2025-01-29
E00147,C0204,K0041,/contact,tablet,2024-02-27
E00148,C0002,K0300,/products,desktop,2024-02-15
E00149,C0001,K0153,/case-studies,desktop,2024-07-01
E00150,C0100,K0235,/pricing,desktop,2025-01-17
E00151,C0303,K0202,/case-studies,mobile,2024-09-06
E00152,C0303,K0478,/pricing,desktop,2025-05-27
E00153,C0303,K0022,/products,desktop,2024-11-05
E00154,C0104,K0431,/pricing,desktop,2024-03-05
E00155,C0200,K0097,/products,mobile,2024-02-13
E00156,C0402,K0401,/pricing,desktop,2024-04-08
E00157,C0201,K0419,/pricing,desktop,2024-02-03
E00158,C0403,K0120,/case-studies,mobile,2024-02-24
E00159,C0101,K0050,/products,mobile,2025-01-30
E00160,C0303,K0438,/case-studies,mobile,2024-08-05
E00161,C0202,K0510,/case-studies,mobile,2025-03-15
E00162,C0004,K0509,/case-studies,mobile,2024-12-22
E00163,C0104,K0230,/pricing,desktop,2024-08-12
E00164,C0400,K0258,/pricing,desktop,2024-06-09
E00165,C0303,K0439,/products,desktop,2024-12-14
E00166,C0201,K0180,/products,desktop,2025-03-21
E00167,C0403,K0490,/products,desktop,2024-10-15
E00168,C0400,K0176,/products,desktop,2025-02-18
E00169,C0102,K0273,/spec-sheets,desktop,2024-03-30
E00170,C0303,K0390,/spec-sheets,desktop,2024-04-20
E00171,C0100,K0278,/spec-sheets,desktop,2024-04-23
E00172,C0104,K0363,/contact,desktop,2024-03-06
E00173,C0401,K0087,/case-studies,desktop,2024-07-04
E00174,C0104,K0401,/spec-sheets,mobile,2024-12-13
E00175,C0400,K0162,/products,mobile,2024-11-09
E00176,C0200,K0184,/contact,desktop,2024-06-15
E00177,C0003,K0483,/pricing,desktop,2024-02-19
E00178,C0400,K0485,/pricing,desktop,2024-11-05
E00179,C0103,K0475,/spec-sheets,desktop,2025-01-24
E00180,C0104,K0491,/pricing,mobile,2025-03-27
E00181,C0200,K0273,/pricing,tablet,2024-06-12
E00182,C0402,K0240,/contact,desktop,2025-02-25
E00183,C0103,K0210,/pricing,desktop,2024-02-04
E00184,C0102,K0019,/products,mobile,2024-02-07
E00185,C0303,K0233,/spec-sheets,desktop,2024-06-30
E00186,C0203,K0063,/products,desktop,2024-11-19
E00187,C0004,K0084,/pricing,tablet,2024-10-28
E00188,C0400,K0436,/spec-sheets,desktop,2024-12-29
E00189,C0202,K0284,/spec-sheets,desktop,2025-05-30
E00190,C0003,K0447,/products,mobile,2025-04-14
E00191,C0401,K0462,/pricing,mobile,2025-05-11
E00192,C0201,K0379,/products,mobile,2024-04-04
E00193,C0102,K0417,/products,desktop,2024-08-10
E00194,C0401,K0434,/spec-sheets,mobile,2024-02-12
E00195,C0303,K0233,/products,desktop,2025-01-07
E00196,C0403,K0490,/products,desktop,2024-07-31
E00197,C0101,K0513,/spec-sheets,mobile,2024-08-06
E00198,C0400,K0408,/spec-sheets,desktop,2024-09-07
E00199,C0303,K0425,/contact,desktop,2024-07-16
E00200,C0303,K0001,/case-studies,desktop,2024-11-12
E00201,C0303,K0295,/products,desktop,2024-10-30
E00202,C0204,K0105,/case-studies,tablet,2024-08-17
E00203,C0303,K0471,/spec-sheets,mobile,2024-10-19
E00204,C0401,K0255,/case-studies,desktop,2024-07-04
E00205,C0202,K0264,/case-studies,desktop,2024-06-25
E00206,C0002,K0362,/products,desktop,2025-04-02
E00207,C0103,K0341,/case-studies,mobile,2024-06-05
E00208,C0103,K0003,/contact,desktop,2025-02-25
E00209,C0303,K0312,/spec-sheets,desktop,2024-01-28
E00210,C0303,K0362,/case-studies,mobile,2025-04-18
E00211,C0303,K0232,/products,tablet,2025-03-16
E00212,C0303,K0202,/contact,desktop,2024-03-25
E00213,C0303,K0370,/products,mobile,2024-02-22
E00214,C0403,K0052,/pricing,desktop,2025-01-16
E00215,C0101,K0084,/contact,desktop,2024-07-27
E00216,C0303,K0033,/products,desktop,2024-07-17
E00217,C0403,K0220,/contact,mobile,2025-02-17
E00218,C0003,K0284,/spec-sheets,tablet,2025-01-14
E00219,C0100,K0268,/contact,mobile,2025-05-11
E00220,C0303,K0005,/case-studies,mobile,2025-01-27
E00221,C0303,K0021,/products,mobile,2024-09-26
E00222,C0303,K0069,/pricing,desktop,2025-03-04
E00223,C0000,K0271,/spec-sheets,desktop,2024-05-20
E00224,C0102,K0331,/products,desktop,2025-05-24
E00225,C0202,K0383,/spec-sheets,mobile,2025-05-05
E00226,C0303,K0474,/products,mobile,2024-08-08
E00227,C0404,K0303,/contact,tablet,2024-07-09
E00228,C0101,K0072,/pricing,desktop,2024-04-05
E00229,C0402,K0062,/case-studies,mobile,2024-08-11
E00230,C0201,K0343,/spec-sheets,mobile,2024-12-05
E00231,C0201,K0186,/pricing,mobile,2024-06-08
E00232,C0401,K0459,/spec-sheets,mobile,2024-05-15
E00233,C0303,K0154,/case-studies,mobile,2025-04-06
E00234,C0200,K0211,/spec-sheets,desktop,2025-02-07
E00235,C0001,K0260,/contact,tablet,2024-03-29
E00236,C0303,K0179,/spec-sheets,desktop,2024-12-21
E00237,C0203,K0321,/products,tablet,2024-08-13
E00238,C0102,K0046,/contact,mobile,2024-07-10
E00239,C0303,K0066,/products,desktop,2024-03-23
E00240,C0403,K0366,/pricing,tablet,2024-02-03
E00241,C0403,K0425,/case-studies,desktop,2025-01-20
E00242,C0403,K0397,/products,desktop,2025-05-24
E00243,C0102,K0385,/spec-sheets,tablet,2024-07-04
E00244,C0402,K0446,/pricing,mobile,2024-12-07
E00245,C0303,K0276,/products,mobile,2024-08-27
E00246,C0001,K0013,/case-studies,desktop,2024-02-28
E00247,C0404,K0235,/pricing,mobile,2025-05-29
E00248,C0303,K0043,/spec-sheets,desktop,2024-11-02
E00249,C0001,K0317,/spec-sheets,tablet,2024-02-25
E00250,C0303,K0331,/spec-sheets,mobile,2024-03-23
E00251,C0401,K0275,/products,desktop,2025-04-10
E00252,C0101,K0444,/products,mobile,2024-12-29
E00253,C0303,K0393,/pricing,desktop,2024-02-29
E00254,C0200,K0452,/case-studies,desktop,2024-09-15
E00255,C0100,K0080,/products,desktop,2024-07-24
E00256,C0404,K0429,/products,desktop,2024-11-23
E00257,C0103,K0282,/case-studies,mobile,2024-10-13
E00258,C0002,K0109,/spec-sheets,mobile,2024-05-14
E00259,C0004,K0184,/spec-sheets,desktop,2025-03-10
E00260,C0303,K0043,/case-studies,tablet,2025-01-22
E00261,C0401,K0291,/products,desktop,2024-01-09
E00262,C0203,K0102,/pricing,desktop,2024-10-22
E00263,C0002,K0098,/products,desktop,2024-08-25
E00264,C0303,K0077,/products,mobile,2024-07-23
E00265,C0201,K0341,/pricing,desktop,2025-06-07
E00266,C0201,K0487,/case-studies,desktop,2024-11-27
E00267,C0204,K0437,/spec-sheets,desktop,2025-01-23
E00268,C0204,K0358,/pricing,mobile,2024-04-13
E00269,C0303,K0376,/spec-sheets,desktop,2024-04-03
E00270,C0404,K0401,/spec-sheets,desktop,2024-02-18
E00271,C0402,K0469,/spec-sheets,desktop,2025-01-29
E00272,C0404,K0448,/spec-sheets,mobile,2024-08-21
E00273,C0201,K0438,/pricing,mobile,2024-03-25
E00274,C0303,K0506,/pricing,desktop,2024-07-11
E00275,C0204,K0257,/spec-sheets,mobile,2024-10-05
E00276,C0001,K0335,/case-studies,desktop,2024-02-25
E00277,C0202,K0502,/spec-sheets,desktop,2024-03-08
E00278,C0303,K0192,/products,mobile,2025-03-11
E00279,C0101,K0363,/pricing,desktop,2024-03-19
E00280,C0003,K0135,/products,desktop,2024-07-27
E00281,C0403,K0411,/spec-sheets,desktop,2024-07-13
E00282,C0200,K0243,/pricing,tablet,2024-12-31
E00283,C0303,K0449,/case-studies,mobile,2025-04-15
E00284,C0303,K0109,/products,tablet,2024-06-16
E00285,C0303,K0154,/contact,desktop,2024-04-25
E00286,C0303,K0105,/spec-sheets,desktop,2024-07-20
E00287,C0201,K0352,/case-studies,mobile,2025-02-10
E00288,C0403,K0096,/products,desktop,2024-10-15
E00289,C0200,K0228,/pricing,tablet,2025-02-26
E00290,C0004,K0393,/case-studies,mobile,2024-10-19
E00291,C0001,K0024,/case-studies,mobile,2024-06-16
E00292,C0401,K0164,/case-studies,mobile,2024-12-17
E00293,C0100,K0193,/case-studies,desktop,2024-10-07
E00294,C0403,K0230,/products,desktop,2025-05-23
E00295,C0004,K0426,/products,desktop,2024-11-01
E00296,C0200,K0134,/products,mobile,2025-02-06
E00297,C0104,K0508,/pricing,tablet,2025-02-12
E00298,C0201,K0255,/pricing,tablet,2024-07-08
E00299,C0103,K0003,/spec-sheets,desktop,2024-04-16
E00300,C0002,K0517,/pricing,mobile,2024-10-07
E00301,C0303,K0363,/products,mobile,2024-07-22
E00302,C0400,K0038,/pricing,mobile,2024-10-18
E00303,C0002,K0281,/case-studies,desktop,2024-10-02
E00304,C0400,K0231,/pricing,mobile,2024-02-14
E00305,C0203,K0208,/case-studies,desktop,2024-04-24
E00306,C0404,K0227,/contact,desktop,2025-06-06
E00307,C0201,K0056,/pricing,mobile,2024-03-30
E00308,C0401,K0079,/case-studies,desktop,2024-01-11
E00309,C0402,K0320,/spec-sheets,desktop,2024-07-31
E00310,C0303,K0327,/pricing,desktop,2024-06-04
E00311,C0403,K0183,/products,desktop,2024-01-22
E00312,C0203,K0117,/products,mobile,2024-12-11
E00313,C0200,K0247,/case-studies,desktop,2025-05-31
E00314,C0000,K0478,/spec-sheets,desktop,2024-01-27
E00315,C0400,K0257,/products,desktop,2024-10-25
E00316,C0402,K0324,/products,desktop,2024-09-06
E00317,C0103,K0324,/spec-sheets,mobile,2024-08-08
E00318,C0303,K0245,/case-studies,tablet,2024-12-18
E00319,C0102,K0005,/pricing,desktop,2025-06-06
E00320,C0403,K0101,/spec-sheets,desktop,2025-05-01
E00321,C0400,K0136,/spec-sheets,desktop,2024-11-09
E00322,C0004,K0328,/contact,mobile,2025-03-02
E00323,C0200,K0285,/products,mobile,2024-06-17
E00324,C0104,K0506,/contact,desktop,2024-06-03
E00325,C0303,K0050,/products,desktop,2024-04-06
E00326,C0401,K0089,/case-studies,desktop,2024-07-28
E00327,C0101,K0023,/case-studies,desktop,2024-03-09
E00328,C0400,K0376,/products,mobile,2024-07-26
E00329,C0103,K0149,/products,desktop,2024-10-31
E00330,C0104,K0079,/contact,desktop,2025-02-11
E00331,C0104,K0425,/pricing,tablet,2025-01-10
E00332,C0004,K0300,/pricing,desktop,2024-07-18
E00333,C0000,K0047,/pricing,desktop,2024-12-28
E00334,C0303,K0321,/pricing,desktop,2025-03-02
E00335,C0104,K0394,/case-studies,desktop,2024-04-14
E00336,C0004,K0493,/spec-sheets,mobile,2025-03-26
E00337,C0004,K0082,/pricing,desktop,2024-03-28
E00338,C0201,K0294,/contact,tablet,2024-09-09
E00339,C0204,K0356,/spec-sheets,desktop,2025-01-10
E00340,C0204,K0024,/spec-sheets,desktop,2025-04-14
E00341,C0102,K0063,/products,desktop,2024-03-03
E00342,C0303,K0024,/contact,mobile,2025-04-05
E00343,C0401,K0303,/products,desktop,2024-02-22
E00344,C0003,K0087,/contact,desktop,2024-04-18
E00345,C0001,K0064,/contact,mobile,2024-05-09
E00346,C0104,K0288,/pricing,desktop,2025-04-25
E00347,C0101,K0195,/products,desktop,2025-04-15
E00348,C0303,K0191,/pricing,desktop,2025-01-04
E00349,C0200,K0223,/products,desktop,2024-07-16
E00350,C0201,K0301,/pricing,tablet,2025-01-06
E00351,C0201,K0331,/spec-sheets,mobile,2024-05-29
E00352,C0200,K0162,/pricing,mobile,2024-01-15
E00353,C0201,K0384,/contact,desktop,2024-05-18
E00354,C0102,K0294,/pricing,desktop,2024-04-27
E00355,C0303,K0153,/contact,desktop,2025-03-01
E00356,C0303,K0161,/case-studies,tablet,2024-02-12
E00357,C0400,K0463,/contact,desktop,2025-01-17
E00358,C0104,K0112,/case-studies,tablet,2024-09-27
E00359,C0100,K0399,/spec-sheets,desktop,2025-02-09
E00360,C0204,K0390,/spec-sheets,desktop,2024-01-30
E00361,C0000,K0484,/products,desktop,2024-07-25
E00362,C0404,K0440,/case-studies,tablet,2024-12-27
E00363,C0203,K0028,/spec-sheets,tablet,2024-07-11
E00364,C0404,K0321,/spec-sheets,mobile,2025-04-03
E00365,C0204,K0235,/products,mobile,2024-11-25
E00366,C0004,K0193,/pricing,mobile,2024-07-16
E00367,C0402,K0422,/case-studies,desktop,2024-06-22
E00368,C0102,K0062,/case-studies,mobile,2024-12-09
E00369,C0204,K0214,/products,desktop,2025-02-10
E00370,C0100,K0498,/pricing,mobile,2025-02-28
E00371,C0102,K0021,/products,desktop,2024-08-04
E00372,C0000,K0260,/case-studies,desktop,2024-05-27
E00373,C0400,K0209,/products,desktop,2024-07-30
E00374,C0203,K0075,/spec-sheets,desktop,2024-09-26
E00375,C0103,K0371,/pricing,desktop,2024-09-14
E00376,C0104,K0486,/contact,desktop,2024-05-04
E00377,C0403,K0094,/products,desktop,2024-03-20
E00378,C0102,K0360,/pricing,tablet,2025-01-03
E00379,C0002,K0340,/case-studies,desktop,2024-06-23
E00380,C0004,K0391,/case-studies,desktop,2025-02-15
E00381,C0404,K0485,/case-studies,desktop,2024-10-19
E00382,C0303,K0438,/case-studies,desktop,2024-10-26
E00383,C0100,K0415,/products,desktop,2024-11-18
E00384,C0203,K0308,/pricing,desktop,2024-10-19
E00385,C0404,K0050,/pricing,mobile,2024-07-12
E00386,C0002,K0119,/products,desktop,2025-04-07
E00387,C0002,K0462,/pricing,desktop,2024-02-06
E00388,C0000,K0372,/products,desktop,2024-07-19
E00389,C0101,K0069,/case-studies,mobile,2025-02-15
E00390,C0204,K0428,/case-studies,tablet,2024-06-20
E00391,C0201,K0034,/contact,mobile,2024-12-27
E00392,C0203,K0125,/case-studies,desktop,2024-02-27
E00393,C0200,K0043,/case-studies,mobile,2024-02-18
E00394,C0400,K0390,/case-studies,desktop,2024-07-09
E00395,C0201,K0086,/spec-sheets,mobile,2025-03-23
E00396,C0204,K0255,/contact,mobile,2025-05-12
E00397,C0401,K0381,/contact,desktop,2024-07-02
E00398,C0303,K0396,/spec-sheets,desktop,2024-03-13
E00399,C0303,K0362,/spec-sheets,desktop,2024-04-18
E00400,C0404,K0427,/products,tablet,2025-02-03
E00401,C0402,K0489,/products,mobile,2024-09-10
E00402,C0203,K0150,/case-studies,desktop,2024-10-16
E00403,C0001,K0436,/pricing,mobile,2024-05-16
E00404,C0103,K0220,/contact,mobile,2025-06-05
E00405,C0001,K0396,/spec-sheets,desktop,2024-06-12
E00406,C0401,K0152,/products,mobile,2025-06-06
E00407,C0200,K0083,/spec-sheets,desktop,2024-10-14
E00408,C0104,K0430,/contact,desktop,2024-03-10
E00409,C0004,K0182,/contact,desktop,2024-01-10
E00410,C0401,K0406,/contact,desktop,2024-05-28
E00411,C0303,K0276,/products,tablet,2024-11-17
E00412,C0403,K0321,/products,desktop,2024-05-12
E00413,C0303,K0342,/contact,desktop,2025-05-26
E00414,C0201,K0064,/contact,desktop,2024-05-01
E00415,C0303,K0244,/spec-sheets,mobile,2025-01-01
E00416,C0000,K0279,/case-studies,desktop,2024-09-26
E00417,C0002,K0164,/spec-sheets,tablet,2024-09-04
E00418,C0102,K0279,/contact,desktop,2024-06-18
E00419,C0204,K0164,/case-studies,tablet,2024-03-09
E00420,C0003,K0500,/pricing,mobile,2025-04-07
E00421,C0104,K0381,/products,mobile,2024-03-02
E00422,C0201,K0500,/products,mobile,2025-05-03
E00423,C0004,K0121,/pricing,desktop,2024-05-05
E00424,C0102,K0190,/case-studies,desktop,2024-09-03
E00425,C0303,K0178,/spec-sheets,mobile,2024-01-31
E00426,C0001,K0245,/case-studies,mobile,2025-03-02
E00427,C0104,K0146,/spec-sheets,desktop,2024-06-04
E00428,C0004,K0345,/contact,mobile,2024-03-27
E00429,C0303,K0392,/spec-sheets,mobile,2024-06-05
E00430,C0303,K0354,/spec-sheets,desktop,2025-02-07
E00431,C0303,K0062,/products,desktop,2024-07-04
E00432,C0102,K0211,/contact,desktop,2024-06-09
E00433,C0002,K0459,/products,mobile,2025-04-14
E00434,C0204,K0439,/spec-sheets,desktop,2024-10-24
E00435,C0202,K0437,/pricing,tablet,2025-05-29
E00436,C0101,K0106,/spec-sheets,desktop,2025-01-01
E00437,C0303,K0299,/spec-sheets,mobile,2024-03-06
E00438,C0403,K0393,/contact,desktop,2024-05-04
E00439,C0203,K0321,/contact,mobile,2024-06-06
E00440,C0403,K0022,/contact,desktop,2024-04-27
E00441,C0402,K0359,/pricing,desktop,2024-11-27
E00442,C0102,K0485,/case-studies,mobile,2024-06-17
E00443,C0403,K0052,/spec-sheets,mobile,2025-01-19
E00444,C0201,K0464,/products,desktop,2024-09-10
E00445,C0303,K0209,/contact,desktop,2024-04-28
E00446,C0104,K0374,/contact,desktop,2024-10-23
E00447,C0303,K0202,/products,mobile,2024-10-18
E00448,C0104,K0074,/pricing,mobile,2024-03-31
E00449,C0102,K0330,/spec-sheets,desktop,2024-12-02
E00450,C0303,K0178,/spec-sheets,desktop,2025-01-15
E00451,C0001,K0181,/spec-sheets,tablet,2024-04-26
E00452,C0404,K0355,/contact,desktop,2024-08-08
E00453,C0202,K0478,/contact,mobile,2024-05-27
E00454,C0402,K0030,/pricing,tablet,2024-09-27
E00455,C0402,K0461,/case-studies,mobile,2024-06-03
E00456,C0402,K0057,/pricing,desktop,2025-05-27
E00457,C0204,K0122,/products,desktop,2024-02-14
E00458,C0303,K0162,/pricing,desktop,2024-01-14
E00459,C0102,K0174,/spec-sheets,tablet,2024-02-07
E00460,C0001,K0091,/pricing,mobile,2024-12-13
E00461,C0101,K0174,/products,desktop,2024-11-12
E00462,C0104,K0417,/case-studies,desktop,2024-01-27
E00463,C0303,K0400,/case-studies,desktop,2025-01-30
E00464,C0402,K0244,/contact,desktop,2025-02-11
E00465,C0401,K0459,/contact,mobile,2025-04-30
E00466,C0303,K0284,/spec-sheets,mobile,2024-05-17
E00467,C0303,K0245,/spec-sheets,desktop,2024-11-11
E00468,C0402,K0456,/contact,desktop,2025-03-04
E00469,C0003,K0105,/pricing,mobile,2025-02-20
E00470,C0404,K0223,/products,desktop,2024-09-05
E00471,C0003,K0284,/contact,mobile,2024-11-06
E00472,C0002,K0473,/case-studies,desktop,2025-02-14
E00473,C0303,K0310,/products,mobile,2024-12-14
E00474,C0002,K0290,/spec-sheets,desktop,2025-05-05
E00475,C0203,K0011,/pricing,tablet,2024-07-11
E00476,C0103,K0467,/spec-sheets,mobile,2024-03-17
E00477,C0303,K0194,/spec-sheets,desktop,2025-05-30
E00478,C0203,K0017,/spec-sheets,desktop,2024-03-31
E00479,C0401,K0431,/case-studies,desktop,2024-06-07
E00480,C0303,K0154,/case-studies,tablet,2024-02-09
E00481,C0201,K0131,/spec-sheets,desktop,2024-10-24
E00482,C0200,K0459,/case-studies,desktop,2025-03-05
E00483,C0202,K0001,/spec-sheets,desktop,2024-02-19
E00484,C0100,K0182,/spec-sheets,desktop,2024-07-11
E00485,C0000,K0010,/pricing,desktop,2024-05-21
E00486,C0303,K0324,/contact,desktop,2025-03-29
E00487,C0104,K0319,/spec-sheets,desktop,2024-03-28
E00488,C0403,K0075,/case-studies,mobile,2024-09-11
E00489,C0002,K0138,/products,mobile,2025-04-07
E00490,C0303,K0191,/case-studies,desktop,2024-03-18
E00491,C0101,K0422,/case-studies,desktop,2024-11-21
E00492,C0104,K0309,/pricing,mobile,2025-04-10
E00493,C0000,K0393,/case-studies,desktop,2024-09-27
E00494,C0203,K0212,/contact,desktop,2024-12-03
E00495,C0004,K0227,/case-studies,desktop,2025-01-05
E00496,C0204,K0425,/pricing,desktop,2024-12-07
E00497,C0303,K0050,/case-studies,desktop,2024-11-18
E00498,C0100,K0410,/contact,mobile,2024-08-06
E00499,C0403,K0478,/contact,tablet,2024-02-21
E00500,C0203,K0359,/contact,desktop,2024-01-20
E00501,C0203,K0493,/contact,desktop,2024-04-20
E00502,C0303,K0140,/case-studies,desktop,2025-01-19
E00503,C0002,K0135,/pricing,desktop,2025-03-28
E00504,C0200,K0360,/pricing,mobile,2024-12-31
E00505,C0401,K0509,/spec-sheets,mobile,2025-03-12
E00506,C0004,K0308,/case-studies,mobile,2024-03-07
E00507,C0103,K0096,/products,desktop,2024-09-15
E00508,C0400,K0139,/contact,mobile,2024-08-01
E00509,C0303,K0154,/products,desktop,2024-09-28
E00510,C0101,K0463,/products,desktop,2024-12-13
E00511,C0100,K0033,/case-studies,desktop,2025-04-06
E00512,C0003,K0025,/spec-sheets,desktop,2024-04-16
E00513,C0202,K0302,/case-studies,mobile,2024-10-27
E00514,C0001,K0492,/contact,tablet,2024-04-26
E00515,C0200,K0360,/contact,desktop,2024-05-30
E00516,C0201,K0493,/products,mobile,2024-06-09
E00517,C0104,K0180,/pricing,desktop,2024-10-06
E00518,C0404,K0235,/pricing,mobile,2024-02-01
E00519,C0400,K0114,/pricing,mobile,2024-07-14
E00520,C0102,K0415,/spec-sheets,mobile,2025-05-18
E00521,C0004,K0506,/spec-sheets,desktop,2025-01-30
E00522,C0100,K0510,/pricing,desktop,2025-01-21
E00523,C0103,K0385,/spec-sheets,desktop,2024-07-04
E00524,C0102,K0088,/contact,mobile,2025-04-21
E00525,C0400,K0022,/pricing,desktop,2024-07-30
E00526,C0100,K0052,/contact,desktop,2024-11-02
E00527,C0001,K0105,/pricing,desktop,2024-12-26
E00528,C0000,K0173,/products,mobile,2024-05-28
E00529,C0104,K0228,/contact,desktop,2024-05-04
E00530,C0203,K0208,/case-studies,desktop,2025-04-19
E00531,C0402,K0503,/case-studies,desktop,2025-05-06
E00532,C0303,K0194,/case-studies,tablet,2025-04-26
E00533,C0303,K0034,/case-studies,tablet,2024-01-08
E00534,C0104,K0489,/spec-sheets,desktop,2025-01-29
E00535,C0004,K0436,/spec-sheets,desktop,2024-10-30
E00536,C0204,K0333,/contact,mobile,2024-01-24
E00537,C0403,K0468,/pricing,desktop,2025-02-13
E00538,C0203,K0454,/contact,desktop,2024-05-23
E00539,C0201,K0335,/case-studies,desktop,2025-01-11
E00540,C0404,K0368,/spec-sheets,mobile,2024-06-18
E00541,C0203,K0237,/products,desktop,2025-04-01
E00542,C0101,K0129,/case-studies,desktop,2024-12-13
E00543,C0403,K0327,/case-studies,desktop,2024-09-06
E00544,C0401,K0346,/contact,desktop,2024-07-09
E00545,C0102,K0003,/spec-sheets,desktop,2024-03-15
E00546,C0102,K0345,/case-studies,desktop,2024-12-05
E00547,C0303,K0294,/spec-sheets,desktop,2025-01-02
E00548,C0001,K0147,/products,desktop,2025-04-17
E00549,C0102,K0067,/contact,desktop,2025-02-02
E00550,C0404,K0511,/contact,mobile,2024-11-05
E00551,C0401,K0396,/pricing,mobile,2024-12-31
E00552,C0401,K0499,/contact,tablet,2024-12-25
E00553,C0104,K0512,/contact,mobile,2025-02-17
E00554,C0402,K0429,/products,desktop,2024-11-07
E00555,C0303,K0507,/case-studies,desktop,2024-08-27
E00556,C0303,K0323,/contact,tablet,2024-01-20
E00557,C0402,K0135,/case-studies,desktop,2024-04-08
E00558,C0200,K0520,/case-studies,desktop,2025-03-12
E00559,C0100,K0442,/case-studies,desktop,2025-01-23
E00560,C0103,K0444,/case-studies,desktop,2025-04-08
E00561,C0303,K0382,/products,desktop,2024-04-17
E00562,C0001,K0163,/case-studies,mobile,2024-04-10
E00563,C0001,K0318,/contact,desktop,2024-01-22
E00564,C0204,K0201,/products,mobile,2024-09-27
E00565,C0103,K0376,/pricing,desktop,2024-11-05
E00566,C0003,K0119,/pricing,desktop,2025-01-28
E00567,C0003,K0376,/spec-sheets,desktop,2024-02-09
E00568,C0204,K0157,/contact,desktop,2024-03-26
E00569,C0202,K0079,/products,mobile,2025-02-28
E00570,C0401,K0024,/contact,desktop,2024-08-10
E00571,C0303,K0208,/spec-sheets,mobile,2024-02-03
E00572,C0404,K0203,/products,desktop,2024-10-22
E00573,C0001,K0135,/pricing,desktop,2025-04-30
E00574,C0402,K0134,/contact,mobile,2024-04-23
E00575,C0303,K0277,/contact,desktop,2024-08-11
E00576,C0204,K0234,/spec-sheets,mobile,2024-07-03
E00577,C0204,K0441,/contact,desktop,2024-11-21
E00578,C0101,K0392,/pricing,desktop,2024-03-30
E00579,C0200,K0385,/case-studies,desktop,2024-07-04
E00580,C0102,K0475,/pricing,desktop,2024-03-16
E00581,C0303,K0268,/spec-sheets,desktop,2025-06-03
E00582,C0203,K0209,/spec-sheets,desktop,2025-05-31
E00583,C0103,K0131,/products,mobile,2025-03-05
E00584,C0104,K0509,/spec-sheets,desktop,2024-12-10
E00585,C0101,K0138,/pricing,desktop,2024-01-11
E00586,C0202,K0105,/contact,desktop,2024-05-01
E00587,C0101,K0246,/case-studies,mobile,2024-08-20
E00588,C0102,K0250,/contact,desktop,2025-02-14
E00589,C0004,K0417,/spec-sheets,mobile,2024-08-31
E00590,C0203,K0462,/case-studies,desktop,2024-11-13
E00591,C0100,K0389,/spec-sheets,desktop,2024-02-22
E00592,C0201,K0200,/spec-sheets,mobile,2024-04-21
E00593,C0404,K0178,/pricing,mobile,2025-03-13
E00594,C0103,K0419,/spec-sheets,mobile,2025-03-30
E00595,C0103,K0092,/contact,desktop,2024-03-07
E00596,C0401,K0081,/case-studies,desktop,2025-01-27
E00597,C0401,K0509,/contact,mobile,2024-01-14
E00598,C0203,K0257,/products,desktop,2024-10-24
E00599,C0303,K0181,/pricing,desktop,2024-01-29
E00600,C0404,K0265,/contact,tablet,2024-05-28
E00601,C0203,K0157,/spec-sheets,desktop,2025-03-30
E00602,C0003,K0284,/case-studies,desktop,2024-03-24
E00603,C0200,K0441,/contact,mobile,2024-09-02
E00604,C0303,K0106,/case-studies,tablet,2025-05-26
E00605,C0201,K0308,/contact,desktop,2025-04-03
E00606,C0303,K0050,/case-studies,desktop,2025-02-24
E00607,C0000,K0291,/contact,desktop,2025-05-23
E00608,C0200,K0054,/contact,desktop,2025-04-02
E00609,C0403,K0401,/products,desktop,2024-07-28
E00610,C0001,K0426,/case-studies,tablet,2025-02-28
E00611,C0104,K0404,/contact,desktop,2025-01-05
E00612,C0403,K0457,/spec-sheets,desktop,2024-03-27
E00613,C0303,K0109,/contact,mobile,2024-04-04
E00614,C0101,K0473,/pricing,desktop,2024-06-29
E00615,C0201,K0418,/products,desktop,2024-06-21
E00616,C0100,K0087,/contact,desktop,2024-11-13
E00617,C0104,K0255,/spec-sheets,desktop,2024-03-05
E00618,C0200,K0478,/products,desktop,2024-08-20
E00619,C0400,K0260,/case-studies,desktop,2024-07-28
E00620,C0303,K0038,/case-studies,mobile,2024-01-31
E00621,C0103,K0462,/pricing,desktop,2024-09-16
E00622,C0200,K0164,/spec-sheets,desktop,2024-01-20
E00623,C0204,K0371,/pricing,desktop,2024-07-06
E00624,C0303,K0054,/case-studies,tablet,2024-02-11
E00625,C0403,K0406,/pricing,desktop,2024-03-15
E00626,C0203,K0020,/pricing,desktop,2024-10-24
E00627,C0202,K0053,/pricing,desktop,2024-01-11
E00628,C0201,K0018,/products,desktop,2025-01-15
E00629,C0100,K0483,/case-studies,mobile,2024-09-19
E00630,C0003,K0325,/spec-sheets,desktop,2024-07-04
E00631,C0002,K0205,/contact,tablet,2024-03-29
E00632,C0404,K0037,/products,desktop,2025-04-26
E00633,C0000,K0023,/spec-sheets,desktop,2025-02-24
E00634,C0402,K0261,/case-studies,desktop,2024-10-28
E00635,C0303,K0480,/case-studies,mobile,2025-02-11
E00636,C0004,K0064,/products,desktop,2024-08-25
E00637,C0303,K0180,/case-studies,tablet,2025-01-26
E00638,C0003,K0450,/contact,mobile,2024-11-03
E00639,C0401,K0094,/contact,desktop,2024-09-28
E00640,C0303,K0479,/pricing,tablet,2025-01-14
E00641,C0400,K0501,/spec-sheets,mobile,2024-02-07
E00642,C0303,K0515,/products,desktop,2024-10-06
E00643,C0203,K0509,/pricing,mobile,2024-06-14
E00644,C0200,K0076,/contact,desktop,2024-10-09
E00645,C0202,K0056,/contact,mobile,2025-03-16
E00646,C0101,K0327,/products,mobile,2024-11-10
E00647,C0303,K0108,/products,mobile,2024-05-06
E00648,C0104,K0253,/spec-sheets,desktop,2025-02-20
E00649,C0102,K0408,/products,desktop,2025-04-05
E00650,C0004,K0246,/contact,desktop,2024-08-26
E00651,C0303,K0034,/contact,desktop,2024-11-05
E00652,C0103,K0410,/case-studies,mobile,2024-12-05
E00653,C0004,K0389,/pricing,desktop,2024-01-30
E00654,C0003,K0214,/spec-sheets,desktop,2024-07-20
E00655,C0003,K0100,/contact,desktop,2025-01-24
E00656,C0303,K0470,/contact,mobile,2024-09-28
E00657,C0204,K0333,/pricing,desktop,2024-04-29
E00658,C0102,K0043,/products,desktop,2024-04-13
E00659,C0402,K0441,/spec-sheets,desktop,2025-03-18
E00660,C0401,K0366,/case-studies,desktop,2024-11-17
E00661,C0203,K0024,/spec-sheets,desktop,2024-09-01
E00662,C0202,K0387,/pricing,desktop,2024-05-25
E00663,C0204,K0407,/spec-sheets,desktop,2024-03-23
E00664,C0202,K0407,/spec-sheets,desktop,2024-06-08
E00665,C0201,K0318,/contact,desktop,2025-01-21
E00666,C0303,K0514,/case-studies,tablet,2025-06-05
E00667,C0303,K0221,/case-studies,desktop,2024-10-03
E00668,C0000,K0229,/pricing,mobile,2024-12-08
E00669,C0102,K0048,/spec-sheets,desktop,2024-04-23
E00670,C0001,K0425,/products,desktop,2024-01-18
E00671,C0204,K0043,/pricing,desktop,2024-12-12
E00672,C0303,K0431,/pricing,tablet,2025-04-01
E00673,C0200,K0181,/pricing,mobile,2024-04-30
E00674,C0103,K0034,/pricing,desktop,2024-04-02
E00675,C0402,K0205,/contact,desktop,2024-08-25
E00676,C0204,K0038,/spec-sheets,desktop,2024-07-26
E00677,C0104,K0043,/pricing,desktop,2025-05-27
E00678,C0402,K0186,/contact,desktop,2024-12-11
E00679,C0404,K0405,/pricing,desktop,2024-07-13
E00680,C0202,K0360,/products,desktop,2024-05-23
E00681,C0200,K0035,/pricing,mobile,2024-05-12
E00682,C0102,K0112,/spec-sheets,desktop,2024-12-12
E00683,C0404,K0012,/contact,mobile,2024-12-06
E00684,C0100,K0477,/contact,desktop,2024-07-11
E00685,C0403,K0152,/products,mobile,2024-08-30
E00686,C0404,K0200,/contact,desktop,2024-12-12
E00687,C0303,K0360,/spec-sheets,desktop,2024-08-25
E00688,C0104,K0407,/contact,desktop,2024-05-20
E00689,C0100,K0274,/contact,desktop,2025-04-14
E00690,C0303,K0439,/products,desktop,2024-12-12
E00691,C0303,K0100,/products,desktop,2024-08-01
E00692,C0002,K0062,/pricing,desktop,2024-10-10
E00693,C0101,K0265,/products,desktop,2025-05-19
E00694,C0402,K0064,/pricing,desktop,2024-09-11
E00695,C0104,K0390,/spec-sheets,desktop,2024-03-20
E00696,C0002,K0098,/contact,desktop,2025-01-13
E00697,C0002,K0352,/case-studies,desktop,2024-02-22
E00698,C0303,K0393,/contact,desktop,2025-02-06
E00699,C0201,K0076,/products,mobile,2025-03-24
E00700,C0401,K0485,/pricing,desktop,2025-05-10
E00701,C0103,K0087,/products,mobile,2025-03-11
E00702,C0001,K0493,/products,desktop,2024-09-01
E00703,C0103,K0426,/contact,desktop,2024-08-03
E00704,C0103,K0186,/case-studies,mobile,2024-12-05
E00705,C0303,K0360,/case-studies,desktop,2024-09-11
E00706,C0402,K0105,/products,desktop,2025-06-03
E00707,C0100,K0366,/products,mobile,2025-05-27
E00708,C0203,K0084,/pricing,desktop,2025-03-06
E00709,C0400,K0449,/contact,desktop,2025-02-15
E00710,C0402,K0314,/contact,desktop,2024-01-29
E00711,C0003,K0247,/spec-sheets,desktop,2024-08-03
E00712,C0200,K0076,/contact,desktop,2024-07-11
E00713,C0402,K0357,/pricing,desktop,2024-08-01
E00714,C0100,K0429,/pricing,desktop,2024-11-03
E00715,C0303,K0157,/products,desktop,2025-02-05
E00716,C0002,K0496,/contact,mobile,2025-01-08
E00717,C0002,K0263,/products,desktop,2024-01-23
E00718,C0202,K0508,/products,tablet,2025-05-30
E00719,C0100,K0474,/products,mobile,2025-03-15
E00720,C0404,K0487,/contact,desktop,2024-07-14
E00721,C0101,K0498,/contact,desktop,2024-07-21
E00722,C0303,K0486,/pricing,desktop,2024-04-12
E00723,C0002,K0423,/case-studies,mobile,2024-01-28
E00724,C0202,K0203,/spec-sheets,desktop,2024-09-14
E00725,C0201,K0314,/case-studies,tablet,2025-03-07
E00726,C0202,K0080,/case-studies,tablet,2024-02-20
E00727,C0204,K0393,/spec-sheets,tablet,2024-10-05
E00728,C0101,K0502,/products,desktop,2024-12-18
E00729,C0100,K0515,/case-studies,mobile,2024-08-27
E00730,C0303,K0268,/contact,desktop,2024-10-24
E00731,C0000,K0220,/spec-sheets,mobile,2024-04-06
E00732,C0200,K0221,/case-studies,mobile,2024-09-27
E00733,C0403,K0360,/case-studies,desktop,2024-04-20
E00734,C0104,K0061,/spec-sheets,desktop,2025-04-15
E00735,C0303,K0517,/spec-sheets,mobile,2024-05-14
E00736,C0402,K0432,/pricing,mobile,2024-11-11
E00737,C0101,K0327,/products,mobile,2024-12-13
E00738,C0004,K0463,/case-studies,desktop,2024-02-14
E00739,C0201,K0286,/products,desktop,2024-11-12
E00740,C0104,K0255,/contact,tablet,2025-05-04
E00741,C0402,K0517,/spec-sheets,desktop,2025-04-30
E00742,C0200,K0503,/spec-sheets,desktop,2024-11-08
E00743,C0303,K0423,/spec-sheets,desktop,2024-06-29
E00744,C0000,K0043,/case-studies,tablet,2024-11-06
E00745,C0102,K0439,/products,desktop,2024-09-02
E00746,C0303,K0373,/contact,desktop,2024-02-22
E00747,C0400,K0459,/pricing,desktop,2024-02-27
E00748,C0200,K0112,/case-studies,tablet,2025-01-31
E00749,C0200,K0490,/case-studies,desktop,2024-02-17
E00750,C0201,K0047,/contact,mobile,2025-04-26
E00751,C0103,K0136,/spec-sheets,desktop,2024-06-26
E00752,C0303,K0330,/spec-sheets,mobile,2025-05-02
E00753,C0303,K0021,/case-studies,desktop,2025-01-20
E00754,C0003,K0517,/spec-sheets,desktop,2024-12-09
E00755,C0100,K0438,/contact,mobile,2024-01-27
E00756,C0001,K0089,/pricing,mobile,2024-06-18
E00757,C0401,K0032,/contact,mobile,2024-09-25
E00758,C0103,K0078,/products,desktop,2025-06-07
E00759,C0303,K0136,/products,mobile,2024-07-03
E00760,C0101,K0050,/contact,desktop,2025-05-09
E00761,C0000,K0253,/pricing,mobile,2025-03-22
E00762,C0303,K0342,/products,mobile,2025-03-07
E00763,C0201,K0419,/pricing,tablet,2024-10-06
E00764,C0104,K0451,/contact,desktop,2024-02-26
E00765,C0400,K0050,/spec-sheets,mobile,2024-12-11
E00766,C0004,K0318,/pricing,tablet,2024-01-23
E00767,C0003,K0432,/products,desktop,2024-07-31
E00768,C0000,K0417,/spec-sheets,mobile,2024-04-03
E00769,C0402,K0184,/case-studies,desktop,2024-12-05
E00770,C0200,K0074,/pricing,desktop,2024-01-15
E00771,C0404,K0482,/case-studies,desktop,2024-06-15
E00772,C0104,K0447,/case-studies,desktop,2025-05-16
E00773,C0100,K0464,/contact,desktop,2024-05-15
E00774,C0204,K0005,/contact,desktop,2024-05-06
E00775,C0303,K0085,/products,desktop,2025-01-07
E00776,C0200,K0430,/pricing,desktop,2024-12-29
E00777,C0400,K0449,/spec-sheets,mobile,2025-04-05
E00778,C0400,K0413,/case-studies,desktop,2024-10-10
E00779,C0303,K0490,/contact,desktop,2024-06-19
E00780,C0402,K0431,/spec-sheets,mobile,2024-07-14
E00781,C0104,K0006,/products,desktop,2024-12-08
E00782,C0202,K0250,/case-studies,mobile,2024-01-09
E00783,C0204,K0299,/spec-sheets,tablet,2024-07-24
E00784,C0202,K0401,/pricing,desktop,2024-08-28
E00785,C0101,K0242,/pricing,desktop,2024-08-27
E00786,C0103,K0324,/products,desktop,2024-04-13
E00787,C0101,K0187,/pricing,desktop,2024-10-20
E00788,C0000,K0379,/spec-sheets,mobile,2024-07-03
E00789,C0400,K0491,/contact,desktop,2025-05-15
E00790,C0004,K0047,/case-studies,mobile,2025-02-15
E00791,C0303,K0244,/products,desktop,2025-03-16
E00792,C0303,K0376,/spec-sheets,desktop,2025-03-08
E00793,C0004,K0315,/contact,desktop,2024-08-12
E00794,C0101,K0271,/contact,mobile,2024-02-15
E00795,C0103,K0138,/case-studies,desktop,2024-05-27
E00796,C0404,K0197,/products,desktop,2025-01-18
E00797,C0202,K0404,/products,desktop,2024-07-20
E00798,C0303,K0020,/products,desktop,2025-05-30
E00799,C0402,K0065,/case-studies,desktop,2024-06-12
E00800,C0003,K0005,/products,tablet,2025-06-05
E00801,C0202,K0252,/spec-sheets,desktop,2024-03-06
E00802,C0004,K0079,/spec-sheets,desktop,2025-02-15
E00803,C0102,K0452,/contact,mobile,2024-10-23
E00804,C0001,K0075,/case-studies,tablet,2024-07-01
E00805,C0400,K0507,/products,mobile,2025-01-02
E00806,C0101,K0274,/contact,desktop,2024-02-10
E00807,C0401,K0086,/contact,desktop,2024-05-05
E00808,C0102,K0067,/contact,desktop,2024-01-22
E00809,C0103,K0347,/spec-sheets,mobile,2024-05-08
E00810,C0002,K0186,/case-studies,tablet,2024-05-13
E00811,C0303,K0507,/contact,mobile,2024-10-02
E00812,C0200,K0022,/case-studies,desktop,2024-11-24
E00813,C0403,K0486,/case-studies,desktop,2025-03-06
E00814,C0303,K0474,/pricing,desktop,2024-10-18
E00815,C0104,K0296,/spec-sheets,mobile,2024-07-26
E00816,C0003,K0224,/products,desktop,2024-03-08
E00817,C0104,K0205,/pricing,desktop,2024-12-15
E00818,C0401,K0128,/contact,desktop,2025-02-24
E00819,C0401,K0107,/case-studies,mobile,2024-04-06
E00820,C0303,K0478,/spec-sheets,desktop,2024-02-07
E00821,C0003,K0348,/pricing,mobile,2024-11-24
E00822,C0101,K0058,/spec-sheets,mobile,2025-05-28
E00823,C0404,K0091,/pricing,mobile,2024-11-29
E00824,C0201,K0190,/pricing,desktop,2024-05-14
E00825,C0202,K0411,/case-studies,desktop,2024-02-04
E00826,C0401,K0135,/pricing,desktop,2025-02-21
E00827,C0401,K0512,/products,desktop,2025-02-07
E00828,C0101,K0416,/spec-sheets,mobile,2025-06-06
E00829,C0000,K0444,/pricing,mobile,2025-02-10
E00830,C0402,K0336,/case-studies,desktop,2024-09-27
E00831,C0202,K0309,/products,desktop,2024-04-26
E00832,C0101,K0085,/pricing,mobile,2025-02-23
E00833,C0004,K0223,/spec-sheets,mobile,2024-01-09
E00834,C0000,K0069,/spec-sheets,mobile,2025-02-08
E00835,C0201,K0248,/spec-sheets,mobile,2025-05-06
E00836,C0303,K0317,/products,tablet,2024-03-23
E00837,C0303,K0416,/products,desktop,2024-04-24
E00838,C0404,K0181,/contact,tablet,2024-02-07
E00839,C0303,K0362,/spec-sheets,mobile,2024-05-24
E00840,C0202,K0361,/contact,desktop,2025-02-24
E00841,C0200,K0322,/case-studies,mobile,2024-10-14
E00842,C0201,K0132,/case-studies,desktop,2024-09-22
E00843,C0003,K0256,/spec-sheets,mobile,2024-05-16
E00844,C0303,K0511,/products,desktop,2024-08-15
E00845,C0100,K0317,/products,desktop,2024-09-11
E00846,C0102,K0443,/products,desktop,2024-11-05
E00847,C0203,K0295,/contact,tablet,2024-11-10
E00848,C0003,K0099,/case-studies,desktop,2025-05-18
E00849,C0000,K0487,/spec-sheets,desktop,2024-07-07
E00850,C0401,K0078,/case-studies,desktop,2024-03-02
E00851,C0303,K0159,/spec-sheets,desktop,2024-10-12
E00852,C0402,K0508,/contact,mobile,2024-07-27
E00853,C0404,K0257,/products,desktop,2025-05-01
E00854,C0200,K0153,/case-studies,tablet,2025-05-12
E00855,C0404,K0305,/products,mobile,2025-01-27
E00856,C0303,K0199,/products,mobile,2024-03-26
E00857,C0403,K0419,/spec-sheets,mobile,2025-03-17
E00858,C0202,K0015,/contact,tablet,2024-03-08
E00859,C0004,K0339,/contact,desktop,2025-01-26
E00860,C0401,K0476,/case-studies,desktop,2024-01-22
E00861,C0103,K0218,/case-studies,desktop,2025-02-18
E00862,C0402,K0136,/case-studies,desktop,2024-09-01
E00863,C0102,K0357,/case-studies,desktop,2024-10-17
E00864,C0204,K0280,/pricing,mobile,2024-06-17
E00865,C0002,K0235,/spec-sheets,mobile,2024-07-23
E00866,C0001,K0318,/contact,mobile,2025-05-17
E00867,C0103,K0002,/spec-sheets,mobile,2024-07-25
E00868,C0004,K0138,/products,desktop,2024-06-13
E00869,C0403,K0311,/contact,desktop,2024-10-10
E00870,C0003,K0492,/contact,desktop,2024-03-13
E00871,C0000,K0074,/pricing,mobile,2024-11-27
E00872,C0101,K0080,/spec-sheets,desktop,2024-11-17
E00873,C0001,K0115,/contact,mobile,2024-09-26
E00874,C0203,K0322,/spec-sheets,desktop,2025-06-01
E00875,C0104,K0301,/pricing,mobile,2024-02-02
E00876,C0103,K0508,/products,mobile,2024-08-08
E00877,C0004,K0415,/products,tablet,2024-10-15
E00878,C0100,K0088,/products,desktop,2024-06-28
E00879,C0003,K0485,/contact,tablet,2025-01-20
E00880,C0201,K0315,/spec-sheets,mobile,2025-05-27
E00881,C0203,K0352,/contact,desktop,2024-01-18
E00882,C0103,K0312,/products,desktop,2024-04-05
E00883,C0100,K0320,/contact,desktop,2024-03-02
E00884,C0001,K0218,/pricing,tablet,2024-05-15
E00885,C0201,K0128,/spec-sheets,desktop,2024-10-13
E00886,C0303,K0202,/pricing,desktop,2024-03-22
E00887,C0404,K0265,/case-studies,tablet,2024-06-06
E00888,C0400,K0394,/pricing,desktop,2025-02-20
E00889,C0004,K0255,/spec-sheets,mobile,2024-04-21
E00890,C0104,K0080,/case-studies,desktop,2025-01-29
E00891,C0404,K0036,/products,tablet,2024-08-04
E00892,C0000,K0520,/products,tablet,2025-03-27
E00893,C0402,K0418,/spec-sheets,desktop,2024-02-17
E00894,C0104,K0084,/case-studies,desktop,2024-10-23
E00895,C0203,K0010,/contact,desktop,2024-12-24
E00896,C0303,K0515,/case-studies,desktop,2025-05-06
E00897,C0103,K0442,/spec-sheets,desktop,2024-07-03
E00898,C0402,K0331,/spec-sheets,mobile,2025-03-21
E00899,C0303,K0313,/spec-sheets,tablet,2024-06-27
E00900,C0404,K0038,/spec-sheets,mobile,2024-09-29
E00901,C0202,K0493,/pricing,desktop,2024-11-30
E00902,C0201,K0357,/case-studies,desktop,2024-03-06
E00903,C0404,K0145,/contact,desktop,2024-12-19
E00904,C0102,K0287,/pricing,mobile,2025-06-01
E00905,C0402,K0314,/products,tablet,2024-09-11
E00906,C0200,K0517,/contact,desktop,2024-04-24
E00907,C0400,K0098,/case-studies,mobile,2025-03-16
E00908,C0204,K0454,/pricing,mobile,2025-06-04
E00909,C0200,K0426,/products,desktop,2024-07-29
E00910,C0204,K0425,/products,tablet,2025-04-30
E00911,C0000,K0371,/spec-sheets,desktop,2025-05-05
E00912,C0303,K0389,/pricing,desktop,2025-01-24
E00913,C0400,K0416,/products,tablet,2025-01-20
E00914,C0404,K0086,/products,desktop,2024-11-04
E00915,C0401,K0366,/pricing,desktop,2024-04-06
E00916,C0002,K0417,/products,desktop,2024-10-08
E00917,C0101,K0149,/products,mobile,2025-01-21
E00918,C0203,K0016,/pricing,mobile,2025-04-18
E00919,C0001,K0440,/contact,desktop,2024-05-22
E00920,C0100,K0389,/case-studies,desktop,2024-10-15
E00921,C0004,K0485,/case-studies,tablet,2024-09-22
E00922,C0000,K0156,/pricing,desktop,2025-05-28
E00923,C0303,K0431,/spec-sheets,desktop,2024-10-21
E00924,C0001,K0329,/case-studies,mobile,2024-05-29
E00925,C0100,K0481,/pricing,desktop,2024-12-12
E00926,C0000,K0120,/pricing,desktop,2024-06-16
E00927,C0402,K0344,/pricing,mobile,2025-04-26
E00928,C0102,K0076,/case-studies,mobile,2025-02-22
E00929,C0401,K0294,/spec-sheets,desktop,2024-01-09
E00930,C0103,K0436,/case-studies,mobile,2025-03-16
E00931,C0101,K0433,/products,mobile,2025-03-22
E00932,C0404,K0467,/contact,desktop,2024-01-12
E00933,C0203,K0205,/pricing,mobile,2024-12-01
E00934,C0303,K0398,/contact,mobile,2025-01-24
E00935,C0403,K0306,/case-studies,tablet,2024-09-05
E00936,C0401,K0135,/pricing,desktop,2024-07-17
E00937,C0000,K0316,/contact,desktop,2025-05-18
E00938,C0402,K0038,/pricing,desktop,2024-04-13
E00939,C0201,K0394,/contact,tablet,2024-02-03
E00940,C0103,K0157,/spec-sheets,mobile,2025-03-29
E00941,C0303,K0515,/pricing,desktop,2024-08-06
E00942,C0104,K0430,/products,desktop,2025-03-25
E00943,C0402,K0086,/case-studies,mobile,2024-04-22
E00944,C0002,K0182,/spec-sheets,desktop,2024-07-21
E00945,C0003,K0066,/spec-sheets,desktop,2025-04-28
E00946,C0101,K0159,/products,desktop,2024-10-03
E00947,C0303,K0332,/products,mobile,2024-11-12
E00948,C0000,K0366,/case-studies,tablet,2025-04-01
E00949,C0303,K0157,/contact,tablet,2025-04-27
E00950,C0303,K0486,/products,mobile,2024-10-16
E00951,C0201,K0070,/contact,desktop,2024-03-29
E00952,C0404,K0170,/products,mobile,2025-02-02
E00953,C0104,K0229,/case-studies,desktop,2024-01-23
E00954,C0401,K0192,/products,tablet,2024-08-29
E00955,C0104,K0048,/pricing,desktop,2025-01-26
E00956,C0002,K0475,/contact,mobile,2024-04-24
E00957,C0203,K0461,/contact,desktop,2025-01-01
E00958,C0202,K0261,/products,desktop,2024-01-14
E00959,C0303,K0313,/spec-sheets,desktop,2025-03-01
E00960,C0402,K0448,/spec-sheets,desktop,2025-05-07
E00961,C0101,K0186,/products,mobile,2024-05-01
E00962,C0202,K0221,/products,mobile,2024-10-30
E00963,C0101,K0456,/spec-sheets,desktop,2025-03-23
E00964,C0002,K0434,/products,mobile,2024-07-06
E00965,C0303,K0065,/contact,desktop,2025-02-18
E00966,C0102,K0339,/spec-sheets,desktop,2025-02-21
E00967,C0303,K0126,/spec-sheets,mobile,2024-08-07
E00968,C0104,K0461,/products,desktop,2024-09-30
E00969,C0400,K0393,/spec-sheets,desktop,2024-07-20
E00970,C0101,K0283,/spec-sheets,desktop,2025-04-18
E00971,C0003,K0070,/case-studies,mobile,2024-04-08
E00972,C0104,K0135,/spec-sheets,mobile,2024-10-31
E00973,C0402,K0423,/contact,desktop,2025-02-04
E00974,C0003,K0158,/products,mobile,2024-02-22
E00975,C0102,K0047,/case-studies,desktop,2025-04-13
E00976,C0303,K0518,/spec-sheets,mobile,2024-08-04
E00977,C0404,K0337,/contact,desktop,2024-06-13
E00978,C0200,K0300,/products,desktop,2024-09-15
E00979,C0000,K0046,/spec-sheets,tablet,2025-04-30
E00980,C0000,K0319,/pricing,desktop,2024-09-03
E00981,C0002,K0077,/products,mobile,2024-10-19
E00982,C0303,K0461,/products,mobile,2024-01-28
E00983,C0201,K0314,/products,desktop,2025-02-25
E00984,C0100,K0157,/pricing,desktop,2024-09-04
E00985,C0303,K0054,/products,mobile,2024-06-25
E00986,C0001,K0271,/pricing,mobile,2024-07-02
E00987,C0003,K0495,/case-studies,desktop,2025-05-10
E00988,C0303,K0309,/spec-sheets,desktop,2024-12-31
E00989,C0004,K0092,/pricing,mobile,2024-03-18
E00990,C0001,K0259,/contact,mobile,2024-12-08
E00991,C0303,K0411,/pricing,mobile,2024-10-12
E00992,C0101,K0115,/case-studies,desktop,2025-02-08
E00993,C0303,K0478,/pricing,desktop,2025-02-01
E00994,C0102,K0366,/products,mobile,2024-09-02
E00995,C0004,K0227,/case-studies,desktop,2025-04-17
E00996,C0204,K0378,/products,desktop,2024-04-27
E00997,C0401,K0318,/case-studies,desktop,2024-01-29
E00998,C0101,K0142,/contact,mobile,2024-07-12
E00999,C0303,K0077,/pricing,desktop,2025-03-08
E01000,C0303,K0472,/contact,desktop,2025-01-30
E01001,C0403,K0451,/products,desktop,2024-04-09
E01002,C0000,K0246,/products,desktop,2024-03-21
E01003,C0303,K0426,/products,desktop,2025-03-15
E01004,C0303,K0434,/pricing,mobile,2024-06-26
E01005,C0000,K0303,/contact,desktop,2025-03-09
E01006,C0303,K0284,/contact,desktop,2025-03-02
E01007,C0203,K0312,/products,desktop,2024-12-10
E01008,C0103,K0298,/case-studies,desktop,2024-06-08
E01009,C0303,K0054,/pricing,desktop,2024-09-14
E01010,C0102,K0246,/contact,mobile,2024-01-18
E01011,C0101,K0337,/contact,desktop,2024-05-03
E01012,C0001,K0399,/products,desktop,2025-03-14
E01013,C0103,K0303,/contact,desktop,2025-04-06
E01014,C0403,K0034,/case-studies,tablet,2025-03-30
E01015,C0002,K0358,/pricing,desktop,2025-01-18
E01016,C0203,K0332,/pricing,mobile,2024-12-15
E01017,C0401,K0315,/pricing,desktop,2025-02-09
E01018,C0202,K0114,/products,desktop,2024-07-20
E01019,C0001,K0342,/pricing,tablet,2024-06-07
E01020,C0001,K0336,/contact,desktop,2025-01-25
E01021,C0403,K0253,/case-studies,desktop,2024-11-03
E01022,C0403,K0367,/contact,desktop,2024-09-17
E01023,C0303,K0398,/pricing,desktop,2025-06-01
E01024,C0303,K0072,/case-studies,desktop,2024-09-22
E01025,C0200,K0138,/contact,desktop,2024-10-21
E01026,C0201,K0513,/products,tablet,2025-01-10
E01027,C0400,K0010,/products,desktop,2025-05-25
E01028,C0104,K0018,/pricing,mobile,2024-11-08
E01029,C0303,K0425,/case-studies,desktop,2024-01-15
E01030,C0402,K0313,/spec-sheets,tablet,2025-05-06
E01031,C0400,K0417,/spec-sheets,desktop,2024-05-16
E01032,C0201,K0093,/spec-sheets,desktop,2024-11-15
E01033,C0303,K0100,/spec-sheets,desktop,2024-03-01
E01034,C0404,K0503,/case-studies,tablet,2025-06-02
E01035,C0403,K0330,/pricing,tablet,2025-05-15
E01036,C0000,K0253,/pricing,desktop,2024-10-27
E01037,C0303,K0490,/pricing,desktop,2024-12-08
E01038,C0000,K0220,/case-studies,tablet,2024-02-01
E01039,C0004,K0002,/contact,mobile,2024-11-30
E01040,C0200,K0441,/case-studies,desktop,2024-10-08
E01041,C0303,K0352,/products,mobile,2024-01-19
E01042,C0100,K0135,/spec-sheets,desktop,2024-04-05
E01043,C0402,K0497,/case-studies,mobile,2025-06-03
E01044,C0000,K0380,/pricing,mobile,2025-02-08
E01045,C0101,K0228,/products,mobile,2024-11-10
E01046,C0102,K0380,/pricing,desktop,2024-11-15
E01047,C0002,K0277,/products,mobile,2025-06-08
E01048,C0103,K0142,/contact,desktop,2024-11-30
E01049,C0401,K0056,/contact,desktop,2025-05-08
E01050,C0400,K0306,/contact,mobile,2025-06-06
E01051,C0204,K0380,/spec-sheets,mobile,2025-06-10
E01052,C0303,K0400,/pricing,mobile,2024-02-22
E01053,C0404,K0438,/pricing,desktop,2024-12-08
E01054,C0303,K0410,/pricing,mobile,2025-05-18
E01055,C0400,K0308,/spec-sheets,desktop,2025-05-03
E01056,C0202,K0052,/case-studies,mobile,2024-08-08
E01057,C0202,K0249,/pricing,desktop,2025-01-19
E01058,C0002,K0245,/case-studies,desktop,2024-04-02
E01059,C0001,K0173,/case-studies,mobile,2024-04-14
E01060,C0100,K0290,/case-studies,tablet,2024-11-12
E01061,C0303,K0266,/pricing,mobile,2024-11-27
E01062,C0100,K0180,/spec-sheets,desktop,2024-07-30
E01063,C0303,K0278,/products,mobile,2024-08-07
E01064,C0303,K0272,/products,desktop,2024-08-29
E01065,C0402,K0463,/spec-sheets,mobile,2025-01-25
E01066,C0104,K0422,/contact,tablet,2024-01-20
E01067,C0104,K0328,/case-studies,desktop,2024-07-02
E01068,C0000,K0376,/spec-sheets,desktop,2025-04-27
E01069,C0104,K0087,/case-studies,mobile,2024-05-13
E01070,C0202,K0027,/contact,mobile,2024-02-19
E01071,C0000,K0106,/products,desktop,2024-06-18
E01072,C0402,K0028,/contact,mobile,2025-02-06
E01073,C0401,K0511,/case-studies,tablet,2024-11-18
E01074,C0004,K0284,/contact,mobile,2024-10-21
E01075,C0004,K0321,/products,tablet,2024-03-13
E01076,C0100,K0339,/contact,desktop,2025-02-03
E01077,C0004,K0107,/spec-sheets,desktop,2024-01-18
E01078,C0403,K0083,/contact,desktop,2025-01-24
E01079,C0303,K0473,/spec-sheets,desktop,2025-05-10
E01080,C0004,K0181,/case-studies,desktop,2025-02-03
E01081,C0303,K0090,/spec-sheets,desktop,2024-09-13
E01082,C0401,K0184,/pricing,desktop,2024-03-11
E01083,C0303,K0519,/contact,desktop,2025-02-25
E01084,C0203,K0234,/contact,mobile,2024-03-21
E01085,C0000,K0144,/case-studies,desktop,2024-03-18
E01086,C0401,K0288,/pricing,mobile,2024-05-17
E01087,C0000,K0402,/products,mobile,2024-11-08
E01088,C0001,K0434,/pricing,desktop,2024-08-04
E01089,C0303,K0106,/contact,mobile,2024-07-02
E01090,C0103,K0359,/case-studies,tablet,2024-04-14
E01091,C0201,K0388,/case-studies,desktop,2024-12-28
E01092,C0202,K0503,/pricing,desktop,2024-05-18
E01093,C0303,K0069,/contact,desktop,2025-02-03
E01094,C0404,K0187,/case-studies,desktop,2024-06-20
E01095,C0103,K0070,/products,desktop,2025-02-01
E01096,C0002,K0486,/contact,desktop,2024-08-15
E01097,C0000,K0241,/spec-sheets,mobile,2024-10-05
E01098,C0403,K0098,/pricing,desktop,2024-10-30
E01099,C0404,K0188,/case-studies,desktop,2024-04-01
E01100,C0201,K0497,/case-studies,desktop,2024-07-22
E01101,C0400,K0431,/products,desktop,2025-05-01
E01102,C0401,K0446,/spec-sheets,desktop,2024-02-25
E01103,C0004,K0461,/pricing,desktop,2024-06-08
E01104,C0400,K0508,/contact,tablet,2024-09-27
E01105,C0402,K0373,/case-studies,desktop,2025-02-10
E01106,C0303,K0507,/contact,desktop,2024-03-09
E01107,C0303,K0517,/pricing,desktop,2025-03-15
E01108,C0402,K0267,/case-studies,tablet,2025-01-17
E01109,C0201,K0235,/contact,mobile,2024-09-09
E01110,C0103,K0124,/contact,mobile,2024-10-24
E01111,C0002,K0328,/contact,tablet,2024-06-11
E01112,C0303,K0227,/case-studies,desktop,2024-07-01
E01113,C0201,K0394,/products,desktop,2025-03-01
E01114,C0003,K0121,/case-studies,desktop,2025-03-12
E01115,C0303,K0390,/contact,mobile,2024-04-14
E01116,C0303,K0132,/contact,mobile,2025-01-28
E01117,C0003,K0512,/products,mobile,2025-01-29
E01118,C0102,K0473,/products,desktop,2024-06-27
E01119,C0203,K0477,/spec-sheets,mobile,2024-02-01
E01120,C0303,K0227,/contact,desktop,2024-07-19
E01121,C0202,K0320,/spec-sheets,desktop,2024-01-09
E01122,C0000,K0105,/spec-sheets,desktop,2024-09-02
E01123,C0101,K0426,/pricing,mobile,2024-05-18
E01124,C0100,K0423,/products,desktop,2024-08-04
E01125,C0003,K0413,/case-studies,desktop,2024-03-22
E01126,C0303,K0487,/pricing,mobile,2025-02-08
E01127,C0101,K0122,/spec-sheets,tablet,2025-03-24
E01128,C0403,K0181,/case-studies,desktop,2024-02-10
E01129,C0201,K0297,/case-studies,mobile,2025-05-31
E01130,C0400,K0253,/products,mobile,2024-05-16
E01131,C0100,K0384,/case-studies,desktop,2024-02-11
E01132,C0303,K0069,/spec-sheets,desktop,2024-06-08
E01133,C0002,K0460,/products,desktop,2025-04-06
E01134,C0200,K0442,/pricing,mobile,2024-03-11
E01135,C0102,K0516,/products,desktop,2024-04-20
E01136,C0403,K0164,/products,desktop,2025-05-30
E01137,C0303,K0446,/spec-sheets,mobile,2024-11-21
E01138,C0303,K0273,/spec-sheets,tablet,2025-01-26
E01139,C0002,K0414,/products,desktop,2024-11-26
E01140,C0103,K0271,/pricing,desktop,2024-11-24
E01141,C0402,K0291,/products,mobile,2024-10-13
E01142,C0002,K0225,/products,desktop,2025-02-28
E01143,C0103,K0443,/case-studies,desktop,2024-10-10
E01144,C0201,K0073,/case-studies,desktop,2024-01-19
E01145,C0004,K0354,/spec-sheets,mobile,2024-08-17
E01146,C0404,K0498,/pricing,desktop,2024-04-24
E01147,C0104,K0234,/products,desktop,2024-03-18
E01148,C0303,K0022,/contact,desktop,2024-02-26
E01149,C0001,K0307,/products,desktop,2024-07-14
E01150,C0002,K0299,/spec-sheets,desktop,2024-11-01
E01151,C0202,K0206,/spec-sheets,mobile,2024-07-11
E01152,C0101,K0058,/contact,tablet,2024-08-04
E01153,C0404,K0005,/case-studies,desktop,2024-01-17
E01154,C0402,K0130,/contact,mobile,2025-05-09
E01155,C0004,K0102,/products,mobile,2024-07-05
E01156,C0201,K0329,/pricing,desktop,2024-05-06
E01157,C0003,K0189,/spec-sheets,desktop,2024-06-08
E01158,C0103,K0064,/pricing,desktop,2024-09-08
E01159,C0001,K0257,/products,desktop,2024-05-31
E01160,C0303,K0109,/pricing,mobile,2025-05-31
E01161,C0202,K0078,/spec-sheets,desktop,2024-08-08
E01162,C0303,K0478,/pricing,tablet,2024-07-29
E01163,C0004,K0105,/case-studies,desktop,2024-04-01
E01164,C0003,K0321,/contact,desktop,2024-02-11
E01165,C0004,K0084,/contact,tablet,2025-03-07
E01166,C0001,K0443,/contact,tablet,2024-04-05
E01167,C0201,K0427,/pricing,desktop,2024-03-07
E01168,C0400,K0007,/case-studies,desktop,2025-04-07
E01169,C0103,K0214,/case-studies,desktop,2024-02-17
E01170,C0202,K0498,/pricing,desktop,2025-02-09
E01171,C0202,K0131,/pricing,desktop,2024-08-02
E01172,C0102,K0391,/products,desktop,2024-08-04
E01173,C0004,K0511,/case-studies,desktop,2024-02-23
E01174,C0303,K0497,/case-studies,desktop,2025-06-02
E01175,C0203,K0251,/products,tablet,2024-06-29
E01176,C0203,K0261,/pricing,desktop,2024-07-30
E01177,C0202,K0228,/contact,mobile,2024-12-09
E01178,C0204,K0171,/products,desktop,2025-01-13
E01179,C0303,K0161,/case-studies,desktop,2024-08-16
E01180,C0003,K0435,/contact,mobile,2025-01-30
E01181,C0401,K0129,/case-studies,mobile,2024-11-10
E01182,C0303,K0507,/products,desktop,2025-02-10
E01183,C0303,K0006,/products,mobile,2024-02-04
E01184,C0001,K0447,/pricing,desktop,2024-12-02
E01185,C0102,K0459,/case-studies,tablet,2025-03-11
E01186,C0001,K0256,/case-studies,desktop,2025-02-10
E01187,C0303,K0176,/products,mobile,2025-05-09
E01188,C0003,K0372,/spec-sheets,desktop,2024-09-13
E01189,C0303,K0341,/spec-sheets,mobile,2024-08-27
E01190,C0201,K0035,/pricing,desktop,2025-01-14
E01191,C0204,K0456,/contact,desktop,2025-05-30
E01192,C0000,K0152,/pricing,mobile,2024-02-04
E01193,C0003,K0349,/case-studies,mobile,2025-01-31
E01194,C0201,K0418,/products,desktop,2025-05-07
E01195,C0004,K0431,/pricing,desktop,2024-05-03
E01196,C0102,K0310,/case-studies,desktop,2024-04-29
E01197,C0400,K0136,/case-studies,desktop,2024-06-03
E01198,C0002,K0362,/contact,desktop,2025-03-28
E01199,C0201,K0028,/products,mobile,2024-11-08
E01200,C0103,K0449,/contact,desktop,2025-01-03
E01201,C0403,K0186,/case-studies,tablet,2025-04-24
E01202,C0201,K0247,/products,tablet,2024-08-18
E01203,C0102,K0293,/contact,desktop,2024-07-26
E01204,C0403,K0504,/case-studies,desktop,2025-05-25
E01205,C0303,K0495,/case-studies,desktop,2025-06-10
E01206,C0100,K0417,/contact,desktop,2024-03-10
E01207,C0202,K0104,/case-studies,desktop,2024-05-11
E01208,C0400,K0123,/spec-sheets,desktop,2024-08-06
E01209,C0400,K0469,/case-studies,desktop,2024-04-22
E01210,C0103,K0033,/spec-sheets,mobile,2024-06-21
E01211,C0202,K0368,/pricing,mobile,2024-08-19
E01212,C0303,K0185,/pricing,desktop,2024-09-26
E01213,C0403,K0266,/case-studies,desktop,2024-09-17
E01214,C0200,K0179,/spec-sheets,mobile,2025-03-03
E01215,C0403,K0053,/pricing,mobile,2024-05-27
E01216,C0303,K0298,/products,mobile,2024-07-12
E01217,C0203,K0209,/pricing,desktop,2025-03-15
E01218,C0202,K0425,/contact,desktop,2024-10-28
E01219,C0403,K0394,/products,tablet,2024-07-02
E01220,C0001,K0292,/products,desktop,2025-05-27
E01221,C0200,K0023,/spec-sheets,desktop,2024-06-06
E01222,C0204,K0517,/case-studies,mobile,2024-05-21
E01223,C0102,K0010,/case-studies,desktop,2024-05-26
E01224,C0202,K0273,/products,mobile,2024-07-25
E01225,C0004,K0468,/pricing,mobile,2024-04-03
E01226,C0400,K0401,/spec-sheets,tablet,2024-10-03
E01227,C0202,K0015,/products,desktop,2025-06-08
E01228,C0102,K0485,/spec-sheets,mobile,2024-06-06
E01229,C0200,K0127,/pricing,tablet,2025-05-09
E01230,C0004,K0223,/pricing,desktop,2025-05-07
E01231,C0104,K0074,/case-studies,tablet,2024-08-05
E01232,C0202,K0014,/products,mobile,2025-02-02
E01233,C0200,K0171,/case-studies,desktop,2024-10-03
E01234,C0201,K0337,/spec-sheets,desktop,2024-09-05
E01235,C0404,K0235,/contact,desktop,2025-02-14
E01236,C0002,K0516,/case-studies,desktop,2024-10-09
E01237,C0303,K0065,/case-studies,desktop,2025-01-08
E01238,C0400,K0199,/case-studies,mobile,2024-02-04
E01239,C0000,K0431,/products,desktop,2024-07-28
E01240,C0004,K0114,/contact,tablet,2025-02-11
E01241,C0001,K0417,/case-studies,desktop,2024-02-04
E01242,C0403,K0207,/case-studies,desktop,2024-02-22
E01243,C0003,K0175,/spec-sheets,desktop,2025-04-04
E01244,C0202,K0170,/contact,desktop,2025-01-15
E01245,C0402,K0341,/spec-sheets,desktop,2024-01-08
E01246,C0403,K0104,/products,mobile,2024-02-18
E01247,C0004,K0018,/pricing,mobile,2025-02-02
E01248,C0401,K0315,/contact,desktop,2025-03-03
E01249,C0303,K0346,/case-studies,tablet,2024-04-02
E01250,C0000,K0319,/products,tablet,2024-08-08
E01251,C0102,K0517,/case-studies,mobile,2024-10-24
E01252,C0303,K0438,/products,mobile,2025-05-17
E01253,C0102,K0225,/spec-sheets,desktop,2025-01-12
E01254,C0000,K0296,/contact,mobile,2024-06-12
E01255,C0100,K0056,/products,desktop,2025-02-05
E01256,C0404,K0397,/contact,tablet,2024-08-15
E01257,C0202,K0214,/case-studies,tablet,2025-04-11
E01258,C0303,K0421,/case-studies,mobile,2024-06-06
E01259,C0303,K0358,/pricing,desktop,2024-06-02
E01260,C0201,K0196,/spec-sheets,desktop,2024-03-20
E01261,C0102,K0516,/spec-sheets,desktop,2024-01-17
E01262,C0401,K0161,/contact,desktop,2025-02-21
E01263,C0402,K0214,/case-studies,mobile,2024-04-25
E01264,C0002,K0462,/pricing,desktop,2025-04-17
E01265,C0202,K0485,/spec-sheets,desktop,2024-06-22
E01266,C0303,K0106,/case-studies,desktop,2024-01-26
E01267,C0204,K0389,/case-studies,desktop,2025-01-21
E01268,C0003,K0014,/contact,mobile,2024-07-23
E01269,C0403,K0444,/contact,desktop,2025-04-20
E01270,C0204,K0515,/case-studies,mobile,2024-06-06
E01271,C0404,K0371,/spec-sheets,mobile,2024-05-19
E01272,C0100,K0314,/contact,mobile,2024-02-19
E01273,C0404,K0054,/spec-sheets,desktop,2025-02-13
E01274,C0102,K0520,/case-studies,mobile,2024-04-08
E01275,C0303,K0031,/pricing,mobile,2024-06-22
E01276,C0104,K0356,/case-studies,desktop,2024-11-03
E01277,C0203,K0407,/spec-sheets,desktop,2025-03-28
E01278,C0303,K0168,/case-studies,desktop,2024-09-07
E01279,C0404,K0034,/case-studies,desktop,2024-12-22
E01280,C0102,K0170,/products,desktop,2025-02-04
E01281,C0202,K0187,/pricing,mobile,2025-02-16
E01282,C0204,K0456,/contact,desktop,2024-10-17
E01283,C0303,K0376,/contact,desktop,2024-06-04
E01284,C0203,K0144,/case-studies,desktop,2024-11-16
E01285,C0303,K0356,/contact,desktop,2025-01-27
E01286,C0000,K0449,/case-studies,desktop,2024-12-27
E01287,C0204,K0124,/pricing,tablet,2024-10-12
E01288,C0404,K0333,/contact,desktop,2024-10-07
E01289,C0400,K0078,/pricing,mobile,2025-03-18
E01290,C0402,K0417,/products,desktop,2024-08-02
E01291,C0204,K0291,/pricing,desktop,2024-08-05
E01292,C0200,K0054,/products,tablet,2024-10-11
E01293,C0203,K0391,/spec-sheets,desktop,2025-03-21
E01294,C0303,K0062,/products,desktop,2024-10-04
E01295,C0203,K0056,/case-studies,desktop,2025-03-28
E01296,C0100,K0484,/case-studies,desktop,2025-02-13
E01297,C0404,K0124,/case-studies,tablet,2025-05-25
E01298,C0000,K0163,/contact,desktop,2025-01-28
E01299,C0203,K0483,/products,desktop,2024-12-09
E01300,C0101,K0380,/pricing,desktop,2024-10-15
E01301,C0002,K0211,/case-studies,mobile,2024-09-17
E01302,C0401,K0296,/contact,mobile,2024-12-31
E01303,C0002,K0264,/pricing,mobile,2024-10-20
E01304,C0103,K0419,/products,tablet,2025-04-29
E01305,C0303,K0075,/spec-sheets,mobile,2024-09-05
E01306,C0400,K0504,/spec-sheets,desktop,2025-04-20
E01307,C0404,K0309,/case-studies,desktop,2025-01-31
E01308,C0303,K0161,/contact,desktop,2024-08-30
E01309,C0000,K0148,/products,desktop,2024-03-31
E01310,C0303,K0015,/pricing,desktop,2024-07-25
E01311,C0402,K0342,/products,tablet,2024-08-06
E01312,C0104,K0277,/pricing,tablet,2025-02-19
E01313,C0201,K0316,/pricing,mobile,2025-03-12
E01314,C0303,K0105,/products,mobile,2024-03-11
E01315,C0101,K0171,/pricing,desktop,2025-01-18
E01316,C0100,K0438,/spec-sheets,desktop,2025-01-20
E01317,C0401,K0120,/pricing,desktop,2025-03-04
E01318,C0403,K0422,/contact,desktop,2024-10-08
E01319,C0101,K0182,/pricing,desktop,2024-03-23
E01320,C0200,K0364,/pricing,desktop,2024-11-28
E01321,C0004,K0318,/case-studies,mobile,2024-02-12
E01322,C0303,K0243,/spec-sheets,desktop,2024-07-09
E01323,C0100,K0416,/case-studies,mobile,2024-08-09
E01324,C0303,K0154,/pricing,desktop,2025-03-15
E01325,C0200,K0342,/products,desktop,2024-11-09
E01326,C0200,K0048,/case-studies,desktop,2025-02-25
E01327,C0404,K0516,/pricing,desktop,2024-05-24
E01328,C0100,K0359,/products,desktop,2024-04-19
E01329,C0201,K0350,/spec-sheets,desktop,2024-03-04
E01330,C0402,K0328,/pricing,desktop,2025-03-16
E01331,C0404,K0339,/case-studies,desktop,2025-05-05
E01332,C0203,K0360,/contact,tablet,2024-12-30
E01333,C0104,K0333,/contact,desktop,2024-02-15
E01334,C0402,K0307,/contact,desktop,2024-06-27
E01335,C0103,K0030,/case-studies,desktop,2025-04-26
E01336,C0102,K0466,/pricing,tablet,2024-05-06
E01337,C0100,K0401,/pricing,desktop,2024-07-03
E01338,C0303,K0431,/contact,desktop,2024-05-09
E01339,C0000,K0404,/contact,desktop,2024-06-17
E01340,C0303,K0261,/case-studies,desktop,2024-12-29
E01341,C0004,K0062,/pricing,desktop,2025-01-04
E01342,C0100,K0446,/case-studies,desktop,2024-12-05
E01343,C0001,K0006,/products,mobile,2024-05-27
E01344,C0200,K0291,/contact,mobile,2024-03-16
E01345,C0303,K0246,/case-studies,tablet,2025-03-18
E01346,C0203,K0479,/contact,desktop,2024-10-10
E01347,C0004,K0497,/case-studies,desktop,2024-02-02
E01348,C0203,K0105,/pricing,desktop,2024-04-15
E01349,C0002,K0419,/spec-sheets,mobile,2024-11-02
E01350,C0101,K0422,/spec-sheets,tablet,2024-12-25
E01351,C0200,K0318,/products,tablet,2024-10-17
E01352,C0002,K0390,/case-studies,mobile,2025-04-12
E01353,C0200,K0100,/case-studies,desktop,2025-06-01
E01354,C0202,K0005,/contact,mobile,2025-04-02
E01355,C0303,K0400,/contact,mobile,2025-02-03
E01356,C0402,K0255,/pricing,desktop,2024-01-21
E01357,C0002,K0515,/pricing,mobile,2024-07-15
E01358,C0303,K0219,/case-studies,desktop,2025-01-12
E01359,C0400,K0269,/pricing,desktop,2024-11-10
E01360,C0101,K0473,/products,desktop,2025-02-03
E01361,C0004,K0106,/contact,desktop,2025-04-17
E01362,C0103,K0243,/pricing,mobile,2025-01-23
E01363,C0403,K0124,/pricing,tablet,2024-11-26
E01364,C0102,K0448,/case-studies,desktop,2025-01-08
E01365,C0201,K0321,/products,desktop,2025-06-01
E01366,C0204,K0379,/spec-sheets,mobile,2025-05-31
E01367,C0001,K0474,/contact,tablet,2024-06-09
E01368,C0303,K0261,/contact,desktop,2024-12-10
E01369,C0104,K0175,/products,desktop,2025-03-04
E01370,C0100,K0485,/products,desktop,2025-05-04
E01371,C0003,K0154,/products,desktop,2025-04-02
E01372,C0002,K0386,/spec-sheets,desktop,2024-10-26
E01373,C0201,K0255,/products,desktop,2025-06-03
E01374,C0303,K0360,/contact,mobile,2024-11-26
E01375,C0003,K0050,/case-studies,desktop,2025-02-19
E01376,C0201,K0292,/spec-sheets,mobile,2025-05-21
E01377,C0402,K0035,/spec-sheets,desktop,2025-03-03
E01378,C0003,K0167,/products,desktop,2024-10-09
E01379,C0401,K0381,/case-studies,mobile,2025-05-17
E01380,C0303,K0313,/pricing,desktop,2024-11-21
E01381,C0201,K0312,/products,desktop,2025-04-07
E01382,C0402,K0074,/spec-sheets,tablet,2024-09-25
E01383,C0201,K0165,/products,desktop,2024-03-20
E01384,C0402,K0228,/products,mobile,2024-12-21
E01385,C0403,K0143,/spec-sheets,tablet,2025-03-12
E01386,C0303,K0390,/spec-sheets,desktop,2025-04-04
E01387,C0102,K0057,/contact,desktop,2024-09-12
E01388,C0202,K0347,/case-studies,desktop,2025-01-25
E01389,C0402,K0283,/pricing,desktop,2024-09-17
E01390,C0001,K0482,/spec-sheets,mobile,2024-05-04
E01391,C0400,K0108,/contact,desktop,2024-02-28
E01392,C0402,K0261,/contact,desktop,2024-12-05
E01393,C0402,K0495,/contact,desktop,2024-05-17
E01394,C0303,K0233,/spec-sheets,mobile,2024-10-25
E01395,C0204,K0394,/products,desktop,2024-07-13
E01396,C0303,K0354,/pricing,mobile,2024-12-30
E01397,C0000,K0105,/contact,desktop,2024-11-14
E01398,C0403,K0131,/pricing,desktop,2025-05-14
E01399,C0100,K0393,/contact,mobile,2024-11-17
E01400,C0303,K0484,/pricing,desktop,2024-10-18
E01401,C0100,K0322,/spec-sheets,mobile,2025-01-27
E01402,C0001,K0092,/pricing,desktop,2024-02-11
E01403,C0203,K0090,/contact,desktop,2024-11-05
E01404,C0303,K0462,/spec-sheets,desktop,2024-02-25
E01405,C0200,K0300,/pricing,tablet,2024-09-21
E01406,C0203,K0348,/pricing,desktop,2024-08-31
E01407,C0102,K0224,/pricing,mobile,2024-10-26
E01408,C0202,K0503,/contact,desktop,2024-11-15
E01409,C0103,K0259,/pricing,desktop,2025-04-25
E01410,C0003,K0435,/products,mobile,2024-10-23
E01411,C0404,K0426,/pricing,desktop,2024-03-31
E01412,C0204,K0068,/case-studies,mobile,2025-01-03
E01413,C0000,K0239,/spec-sheets,tablet,2025-05-02
E01414,C0100,K0003,/pricing,desktop,2024-09-15
E01415,C0303,K0510,/pricing,mobile,2024-12-17
E01416,C0203,K0300,/pricing,mobile,2024-08-07
E01417,C0400,K0335,/pricing,desktop,2025-01-28
E01418,C0102,K0036,/products,mobile,2025-01-02
E01419,C0204,K0018,/products,desktop,2025-04-03
E01420,C0303,K0360,/pricing,tablet,2024-03-17
E01421,C0402,K0236,/pricing,mobile,2024-08-05
E01422,C0102,K0235,/case-studies,desktop,2025-01-20
E01423,C0004,K0422,/spec-sheets,desktop,2025-02-20
E01424,C0102,K0100,/products,tablet,2024-12-22
E01425,C0102,K0291,/pricing,desktop,2025-04-24
E01426,C0202,K0355,/pricing,mobile,2024-10-02
E01427,C0303,K0108,/spec-sheets,desktop,2024-12-19
E01428,C0102,K0069,/pricing,desktop,2024-03-12
E01429,C0204,K0466,/pricing,desktop,2024-06-23
E01430,C0003,K0036,/spec-sheets,desktop,2025-01-12
E01431,C0303,K0072,/products,mobile,2024-04-14
E01432,C0204,K0183,/contact,mobile,2024-03-28
E01433,C0101,K0142,/spec-sheets,tablet,2025-05-08
E01434,C0004,K0238,/products,mobile,2025-05-29
E01435,C0004,K0326,/products,mobile,2025-04-29
E01436,C0004,K0341,/pricing,desktop,2025-04-07
E01437,C0104,K0326,/pricing,tablet,2025-03-02
E01438,C0203,K0350,/case-studies,mobile,2024-05-10
E01439,C0200,K0146,/pricing,mobile,2024-05-20
E01440,C0001,K0265,/pricing,desktop,2024-07-30
E01441,C0103,K0180,/case-studies,desktop,2025-01-14
E01442,C0102,K0080,/spec-sheets,desktop,2025-01-25
E01443,C0303,K0137,/case-studies,mobile,2024-01-27
E01444,C0101,K0063,/products,desktop,2024-10-03
E01445,C0004,K0227,/contact,desktop,2024-05-29
E01446,C0400,K0220,/case-studies,desktop,2024-08-10
E01447,C0303,K0272,/contact,desktop,2024-10-22
E01448,C0103,K0068,/products,desktop,2024-02-05
E01449,C0303,K0511,/pricing,mobile,2025-02-27
E01450,C0000,K0447,/case-studies,mobile,2025-01-10
E01451,C0401,K0450,/case-studies,tablet,2024-05-17
E01452,C0401,K0456,/pricing,mobile,2025-04-29
E01453,C0003,K0245,/case-studies,desktop,2024-03-28
E01454,C0004,K0332,/contact,mobile,2024-02-01
E01455,C0303,K0247,/case-studies,desktop,2024-02-24
E01456,C0103,K0281,/case-studies,mobile,2024-03-13
E01457,C0103,K0474,/contact,mobile,2024-03-12
E01458,C0404,K0467,/contact,desktop,2024-01-17
E01459,C0004,K0451,/case-studies,desktop,2024-06-20
E01460,C0100,K0435,/case-studies,desktop,2024-11-09
E01461,C0101,K0301,/pricing,desktop,2024-12-24
E01462,C0103,K0106,/pricing,desktop,2025-01-01
E01463,C0303,K0008,/contact,mobile,2025-05-04
E01464,C0404,K0451,/contact,desktop,2025-01-07
E01465,C0303,K0285,/products,mobile,2025-02-21
E01466,C0200,K0297,/spec-sheets,desktop,2024-11-07
E01467,C0203,K0516,/products,desktop,2025-05-31
E01468,C0004,K0181,/contact,desktop,2025-05-28
E01469,C0303,K0517,/spec-sheets,desktop,2024-05-06
E01470,C0303,K0080,/spec-sheets,desktop,2024-06-20
E01471,C0002,K0218,/contact,tablet,2024-06-19
E01472,C0400,K0277,/spec-sheets,desktop,2025-04-18
E01473,C0401,K0266,/case-studies,tablet,2024-10-02
E01474,C0200,K0034,/case-studies,desktop,2025-01-19
E01475,C0204,K0095,/pricing,tablet,2025-02-27
E01476,C0404,K0312,/case-studies,mobile,2025-02-24
E01477,C0002,K0062,/contact,mobile,2024-06-30
E01478,C0201,K0473,/products,desktop,2024-08-26
E01479,C0303,K0280,/pricing,tablet,2024-10-25
E01480,C0303,K0285,/products,mobile,2024-11-12
E01481,C0000,K0138,/products,tablet,2024-01-14
E01482,C0202,K0519,/case-studies,tablet,2024-08-18
E01483,C0203,K0108,/spec-sheets,mobile,2024-01-16
E01484,C0002,K0515,/products,desktop,2024-02-20
E01485,C0401,K0380,/contact,tablet,2025-02-17
E01486,C0004,K0324,/contact,desktop,2024-10-01
E01487,C0004,K0013,/pricing,desktop,2024-05-22
E01488,C0001,K0335,/products,desktop,2024-11-16
E01489,C0303,K0137,/pricing,desktop,2024-01-24
E01490,C0001,K0132,/contact,mobile,2024-10-25
E01491,C0202,K0427,/contact,desktop,2024-05-17
E01492,C0003,K0231,/products,desktop,2024-08-06
E01493,C0204,K0074,/products,desktop,2025-02-22
E01494,C0303,K0456,/products,mobile,2024-12-27
E01495,C0400,K0319,/pricing,desktop,2025-04-24
E01496,C0400,K0465,/products,desktop,2024-01-26
E01497,C0303,K0501,/spec-sheets,desktop,2024-11-16
E01498,C0001,K0140,/pricing,desktop,2025-03-04
E01499,C0200,K0165,/case-studies,desktop,2024-10-28
E01500,C0303,K0411,/case-studies,desktop,2024-02-02
E01501,C0400,K0260,/contact,mobile,2025-01-17
E01502,C0200,K0266,/contact,desktop,2024-07-20
E01503,C0404,K0117,/pricing,desktop,2025-04-26
E01504,C0401,K0478,/products,desktop,2024-03-07
E01505,C0204,K0214,/spec-sheets,desktop,2024-12-10
E01506,C0001,K0327,/spec-sheets,mobile,2024-10-23
E01507,C0403,K0457,/products,desktop,2025-01-13
E01508,C0002,K0338,/case-studies,desktop,2025-01-13
E01509,C0004,K0426,/case-studies,desktop,2025-01-08
E01510,C0203,K0120,/products,desktop,2025-02-10
E01511,C0101,K0291,/products,tablet,2025-04-20
E01512,C0101,K0478,/contact,desktop,2025-02-03
E01513,C0003,K0357,/products,desktop,2024-03-14
E01514,C0004,K0296,/case-studies,desktop,2024-03-10
E01515,C0202,K0068,/pricing,desktop,2025-02-06
E01516,C0303,K0490,/case-studies,desktop,2025-02-16
E01517,C0002,K0474,/spec-sheets,mobile,2024-11-18
E01518,C0000,K0060,/spec-sheets,tablet,2024-10-24
E01519,C0303,K0218,/products,mobile,2024-02-10
E01520,C0004,K0330,/pricing,mobile,2024-12-04
E01521,C0001,K0108,/spec-sheets,desktop,2024-12-20
E01522,C0101,K0023,/contact,desktop,2024-08-23
E01523,C0002,K0206,/case-studies,mobile,2024-01-31
E01524,C0002,K0438,/spec-sheets,desktop,2024-03-28
E01525,C0200,K0148,/spec-sheets,desktop,2024-02-22
E01526,C0000,K0412,/products,mobile,2024-10-12
E01527,C0003,K0422,/products,mobile,2024-09-22
E01528,C0104,K0519,/contact,desktop,2024-06-19
E01529,C0204,K0157,/products,desktop,2025-02-11
E01530,C0102,K0157,/pricing,desktop,2024-11-11
E01531,C0201,K0141,/products,mobile,2024-06-25
E01532,C0303,K0247,/products,tablet,2024-09-22
E01533,C0402,K0041,/products,desktop,2025-01-10
E01534,C0101,K0141,/products,desktop,2025-05-16
E01535,C0401,K0110,/spec-sheets,desktop,2024-05-10
E01536,C0303,K0008,/case-studies,desktop,2025-03-07
E01537,C0400,K0021,/case-studies,tablet,2024-05-20
E01538,C0303,K0273,/contact,desktop,2025-04-13
E01539,C0101,K0149,/spec-sheets,desktop,2024-07-28
E01540,C0103,K0322,/spec-sheets,tablet,2024-07-24
E01541,C0402,K0080,/spec-sheets,mobile,2024-11-29
E01542,C0100,K0423,/pricing,tablet,2025-03-02
E01543,C0104,K0467,/products,mobile,2024-12-12
E01544,C0401,K0349,/pricing,desktop,2024-11-29
E01545,C0201,K0418,/products,mobile,2024-03-18
E01546,C0303,K0486,/spec-sheets,mobile,2025-04-03
E01547,C0001,K0044,/pricing,desktop,2024-10-08
E01548,C0303,K0038,/spec-sheets,mobile,2024-06-14
E01549,C0102,K0434,/pricing,mobile,2025-06-08
E01550,C0303,K0244,/products,desktop,2024-12-03
E01551,C0404,K0098,/contact,desktop,2024-11-08
E01552,C0201,K0451,/case-studies,mobile,2025-02-16
E01553,C0101,K0003,/products,mobile,2024-10-12
E01554,C0004,K0336,/case-studies,desktop,2024-02-10
E01555,C0400,K0256,/case-studies,mobile,2025-04-03
E01556,C0402,K0085,/spec-sheets,desktop,2024-03-23
E01557,C0400,K0156,/pricing,desktop,2024-12-07
E01558,C0202,K0183,/spec-sheets,tablet,2025-03-06
E01559,C0201,K0282,/products,desktop,2024-09-16
E01560,C0203,K0356,/case-studies,mobile,2024-01-12
E01561,C0400,K0350,/spec-sheets,desktop,2025-03-21
E01562,C0403,K0300,/products,mobile,2024-02-06
E01563,C0104,K0259,/products,mobile,2025-06-04
E01564,C0202,K0224,/pricing,mobile,2024-12-31
E01565,C0002,K0278,/contact,desktop,2025-03-14
E01566,C0303,K0036,/contact,tablet,2024-08-06
E01567,C0202,K0189,/pricing,desktop,2024-09-21
E01568,C0102,K0431,/products,mobile,2024-07-08
E01569,C0403,K0235,/pricing,desktop,2024-01-31
E01570,C0104,K0176,/case-studies,desktop,2024-12-27
E01571,C0303,K0166,/pricing,desktop,2024-12-29
E01572,C0203,K0381,/spec-sheets,desktop,2024-12-13
E01573,C0003,K0409,/case-studies,mobile,2025-03-12
E01574,C0204,K0515,/contact,desktop,2025-05-28
E01575,C0004,K0415,/contact,mobile,2025-01-19
E01576,C0303,K0473,/case-studies,mobile,2024-08-08
E01577,C0404,K0005,/pricing,mobile,2024-05-30
E01578,C0004,K0179,/pricing,tablet,2024-04-03
E01579,C0303,K0362,/products,desktop,2024-04-05
E01580,C0400,K0084,/products,desktop,2024-08-05
E01581,C0002,K0278,/contact,mobile,2024-09-20
E01582,C0204,K0394,/spec-sheets,desktop,2024-12-16
E01583,C0004,K0462,/products,mobile,2025-03-19
E01584,C0303,K0492,/case-studies,desktop,2024-02-05
E01585,C0401,K0415,/spec-sheets,mobile,2024-01-10
E01586,C0404,K0497,/case-studies,desktop,2024-03-25
E01587,C0404,K0366,/contact,desktop,2024-11-12
E01588,C0400,K0041,/pricing,desktop,2024-11-09
E01589,C0000,K0382,/case-studies,mobile,2024-05-29
E01590,C0402,K0074,/spec-sheets,desktop,2024-10-08
E01591,C0100,K0354,/contact,desktop,2024-02-18
E01592,C0401,K0371,/contact,mobile,2025-06-06
E01593,C0101,K0134,/pricing,tablet,2024-03-14
E01594,C0004,K0421,/pricing,desktop,2024-02-29
E01595,C0200,K0389,/contact,mobile,2024-09-14
E01596,C0404,K0235,/contact,mobile,2024-01-26
E01597,C0202,K0480,/pricing,desktop,2025-03-23
E01598,C0104,K0304,/products,desktop,2024-10-25
E01599,C0002,K0368,/spec-sheets,desktop,2024-12-19
E01600,C0303,K0273,/contact,tablet,2025-02-22
E01601,C0303,K0422,/contact,desktop,2025-05-06
E01602,C0003,K0511,/spec-sheets,desktop,2024-06-17
E01603,C0201,K0407,/pricing,desktop,2024-04-27
E01604,C0104,K0095,/pricing,tablet,2024-05-27
E01605,C0303,K0506,/contact,desktop,2024-04-01
E01606,C0104,K0168,/spec-sheets,desktop,2024-05-06
E01607,C0404,K0454,/case-studies,desktop,2025-02-17
E01608,C0004,K0389,/spec-sheets,desktop,2024-09-23
E01609,C0303,K0310,/case-studies,tablet,2024-10-31
E01610,C0203,K0180,/spec-sheets,desktop,2024-03-09
E01611,C0200,K0319,/contact,desktop,2025-03-05
E01612,C0103,K0290,/case-studies,mobile,2025-04-04
E01613,C0401,K0373,/spec-sheets,desktop,2024-08-03
E01614,C0104,K0411,/case-studies,mobile,2025-01-28
E01615,C0000,K0141,/products,mobile,2025-04-04
E01616,C0100,K0034,/products,tablet,2024-02-28
E01617,C0201,K0339,/pricing,desktop,2025-05-30
E01618,C0303,K0092,/products,desktop,2025-01-31
E01619,C0303,K0229,/pricing,desktop,2025-03-25
E01620,C0103,K0337,/contact,mobile,2024-08-26
E01621,C0201,K0223,/spec-sheets,desktop,2025-04-28
E01622,C0004,K0156,/products,desktop,2024-05-31
E01623,C0201,K0376,/products,desktop,2025-01-05
E01624,C0404,K0060,/pricing,mobile,2024-08-05
E01625,C0103,K0084,/case-studies,desktop,2025-01-03
E01626,C0303,K0400,/products,desktop,2024-08-26
E01627,C0403,K0506,/contact,desktop,2024-06-21
E01628,C0303,K0380,/products,desktop,2024-11-06
E01629,C0204,K0105,/pricing,desktop,2024-10-24
E01630,C0004,K0509,/spec-sheets,tablet,2024-04-05
E01631,C0003,K0290,/case-studies,desktop,2024-08-13
E01632,C0201,K0016,/pricing,mobile,2025-05-17
E01633,C0303,K0483,/spec-sheets,desktop,2024-08-04
E01634,C0203,K0456,/contact,tablet,2024-08-21
E01635,C0102,K0454,/spec-sheets,desktop,2025-01-27
E01636,C0303,K0416,/contact,desktop,2024-12-03
E01637,C0303,K0416,/case-studies,desktop,2024-08-21
E01638,C0303,K0092,/products,desktop,2024-04-03
E01639,C0402,K0269,/products,tablet,2024-09-27
E01640,C0001,K0462,/case-studies,desktop,2025-05-17
E01641,C0201,K0086,/products,desktop,2024-09-13
E01642,C0100,K0034,/case-studies,desktop,2025-05-11
E01643,C0002,K0162,/contact,desktop,2024-10-15
E01644,C0104,K0415,/spec-sheets,desktop,2024-12-17
E01645,C0303,K0189,/case-studies,tablet,2024-09-20
E01646,C0303,K0386,/spec-sheets,mobile,2024-07-24
E01647,C0003,K0127,/spec-sheets,desktop,2025-03-07
E01648,C0400,K0098,/products,desktop,2024-10-19
E01649,C0402,K0089,/pricing,desktop,2024-12-09
E01650,C0100,K0180,/spec-sheets,desktop,2024-07-28
E01651,C0303,K0366,/contact,mobile,2025-01-06
E01652,C0000,K0333,/spec-sheets,desktop,2024-05-23
E01653,C0401,K0403,/products,mobile,2024-08-19
E01654,C0201,K0016,/products,desktop,2024-11-02
E01655,C0102,K0503,/pricing,desktop,2025-05-30
E01656,C0403,K0129,/case-studies,mobile,2024-12-01
E01657,C0004,K0235,/products,desktop,2024-12-16
E01658,C0003,K0100,/pricing,desktop,2024-02-07
E01659,C0203,K0119,/spec-sheets,mobile,2024-10-10
E01660,C0204,K0465,/case-studies,mobile,2025-05-05
E01661,C0203,K0341,/contact,tablet,2025-02-27
E01662,C0103,K0307,/spec-sheets,desktop,2024-05-08
E01663,C0201,K0097,/case-studies,desktop,2025-05-03
E01664,C0303,K0150,/products,tablet,2024-01-31
E01665,C0100,K0508,/spec-sheets,desktop,2024-11-01
E01666,C0303,K0033,/case-studies,desktop,2025-04-22
E01667,C0303,K0056,/products,desktop,2025-04-11
E01668,C0404,K0474,/spec-sheets,desktop,2024-04-25
E01669,C0403,K0077,/contact,desktop,2025-03-11
E01670,C0104,K0114,/pricing,desktop,2024-11-25
E01671,C0002,K0236,/contact,tablet,2024-02-09
E01672,C0303,K0499,/pricing,mobile,2024-03-08
E01673,C0303,K0354,/products,desktop,2024-10-19
E01674,C0200,K0107,/contact,tablet,2025-03-13
E01675,C0404,K0135,/case-studies,mobile,2024-11-13
E01676,C0403,K0086,/contact,desktop,2024-07-31
E01677,C0204,K0084,/case-studies,mobile,2025-02-26
E01678,C0100,K0438,/pricing,desktop,2024-12-13
E01679,C0401,K0509,/case-studies,desktop,2024-01-23
E01680,C0100,K0432,/spec-sheets,mobile,2024-10-22
E01681,C0202,K0028,/products,mobile,2025-02-04
E01682,C0203,K0356,/spec-sheets,desktop,2024-12-17
E01683,C0303,K0161,/products,desktop,2024-02-09
E01684,C0303,K0261,/contact,mobile,2024-02-19
E01685,C0303,K0486,/contact,desktop,2025-01-27
E01686,C0101,K0086,/pricing,desktop,2024-02-21
E01687,C0104,K0430,/spec-sheets,desktop,2024-10-26
E01688,C0001,K0283,/products,desktop,2024-06-30
E01689,C0200,K0324,/spec-sheets,mobile,2024-02-01
E01690,C0402,K0410,/pricing,tablet,2024-12-18
E01691,C0201,K0300,/case-studies,mobile,2024-03-15
E01692,C0200,K0271,/contact,mobile,2024-04-22
E01693,C0401,K0260,/contact,desktop,2024-07-31
E01694,C0402,K0158,/case-studies,mobile,2025-01-12
E01695,C0003,K0168,/products,desktop,2024-12-11
E01696,C0203,K0267,/spec-sheets,desktop,2025-04-05
E01697,C0002,K0360,/products,desktop,2025-04-05
E01698,C0003,K0054,/case-studies,desktop,2024-10-11
E01699,C0002,K0124,/contact,desktop,2025-01-17
E01700,C0103,K0112,/contact,mobile,2024-01-18
E01701,C0201,K0513,/contact,tablet,2024-05-20
E01702,C0002,K0307,/products,tablet,2025-01-22
E01703,C0404,K0181,/spec-sheets,tablet,2024-06-25
E01704,C0101,K0035,/contact,desktop,2024-01-16
E01705,C0101,K0071,/pricing,mobile,2024-02-01
E01706,C0403,K0192,/pricing,desktop,2025-04-26
E01707,C0004,K0439,/pricing,desktop,2024-06-12
E01708,C0401,K0171,/pricing,desktop,2025-02-10
E01709,C0400,K0394,/products,desktop,2024-11-24
E01710,C0400,K0067,/case-studies,desktop,2024-03-22
E01711,C0203,K0105,/case-studies,tablet,2024-08-28
E01712,C0401,K0223,/contact,mobile,2024-03-02
E01713,C0401,K0060,/spec-sheets,tablet,2024-11-02
E01714,C0201,K0131,/pricing,desktop,2024-03-20
E01715,C0001,K0474,/contact,mobile,2024-07-05
E01716,C0003,K0485,/pricing,desktop,2025-03-28
E01717,C0102,K0454,/pricing,desktop,2024-11-13
E01718,C0303,K0472,/spec-sheets,desktop,2024-02-29
E01719,C0303,K0036,/case-studies,desktop,2024-06-07
E01720,C0401,K0080,/products,desktop,2024-08-06
E01721,C0303,K0277,/products,desktop,2024-08-24
E01722,C0404,K0509,/contact,tablet,2025-03-21
E01723,C0404,K0511,/spec-sheets,desktop,2024-11-17
E01724,C0202,K0146,/spec-sheets,desktop,2025-04-29
E01725,C0101,K0291,/case-studies,tablet,2025-03-17
E01726,C0001,K0389,/case-studies,desktop,2024-11-27
E01727,C0000,K0009,/pricing,desktop,2024-03-16
E01728,C0401,K0100,/case-studies,desktop,2024-07-28
E01729,C0004,K0287,/case-studies,desktop,2024-05-23
E01730,C0002,K0351,/pricing,desktop,2025-04-07
E01731,C0200,K0492,/contact,desktop,2024-11-07
E01732,C0404,K0133,/spec-sheets,desktop,2024-07-07
E01733,C0100,K0012,/spec-sheets,desktop,2024-04-24
E01734,C0202,K0328,/case-studies,desktop,2024-01-24
E01735,C0402,K0432,/contact,desktop,2024-07-16
E01736,C0000,K0461,/products,tablet,2024-12-27
E01737,C0104,K0207,/products,mobile,2024-01-15
E01738,C0101,K0350,/pricing,desktop,2024-08-06
E01739,C0200,K0040,/case-studies,mobile,2024-08-10
E01740,C0402,K0110,/products,desktop,2024-12-15
E01741,C0204,K0349,/pricing,mobile,2024-07-17
E01742,C0201,K0075,/products,desktop,2024-11-28
E01743,C0001,K0193,/contact,mobile,2024-03-06
E01744,C0201,K0455,/spec-sheets,desktop,2024-09-18
E01745,C0103,K0340,/products,mobile,2024-11-22
E01746,C0402,K0044,/products,desktop,2024-11-27
E01747,C0201,K0113,/products,mobile,2025-04-13
E01748,C0203,K0155,/contact,tablet,2025-03-09
E01749,C0400,K0416,/spec-sheets,desktop,2025-01-12
E01750,C0403,K0112,/spec-sheets,desktop,2025-04-20
E01751,C0404,K0080,/contact,mobile,2025-03-16
E01752,C0203,K0050,/pricing,desktop,2025-02-20
E01753,C0104,K0084,/pricing,mobile,2025-05-10
E01754,C0004,K0485,/pricing,mobile,2024-08-22
E01755,C0402,K0033,/products,desktop,2025-02-04
E01756,C0404,K0083,/contact,mobile,2025-05-30
E01757,C0204,K0458,/case-studies,mobile,2024-02-07
E01758,C0102,K0322,/products,desktop,2024-09-07
E01759,C0004,K0075,/products,mobile,2024-11-28
E01760,C0303,K0294,/case-studies,desktop,2024-08-24
E01761,C0002,K0077,/products,desktop,2024-05-03
E01762,C0100,K0484,/contact,desktop,2025-03-29
E01763,C0100,K0427,/case-studies,mobile,2025-01-15
E01764,C0002,K0131,/spec-sheets,desktop,2024-03-26
E01765,C0101,K0354,/pricing,mobile,2024-11-08
E01766,C0000,K0485,/contact,desktop,2025-03-04
E01767,C0202,K0295,/case-studies,desktop,2024-06-01
E01768,C0002,K0138,/pricing,mobile,2024-01-14
E01769,C0204,K0352,/spec-sheets,desktop,2024-11-04
E01770,C0303,K0308,/spec-sheets,desktop,2024-12-03
E01771,C0101,K0385,/case-studies,desktop,2024-08-28
E01772,C0101,K0324,/case-studies,desktop,2024-03-22
E01773,C0204,K0295,/contact,mobile,2024-06-11
E01774,C0303,K0351,/contact,desktop,2025-04-26
E01775,C0203,K0166,/case-studies,mobile,2024-10-29
E01776,C0204,K0470,/spec-sheets,mobile,2025-02-16
E01777,C0303,K0034,/spec-sheets,mobile,2025-05-05
E01778,C0202,K0401,/pricing,mobile,2024-03-06
E01779,C0401,K0038,/case-studies,desktop,2024-07-01
E01780,C0102,K0461,/spec-sheets,desktop,2024-03-06
E01781,C0100,K0119,/spec-sheets,mobile,2025-03-16
E01782,C0101,K0352,/products,desktop,2025-03-21
E01783,C0103,K0281,/pricing,desktop,2024-01-22
E01784,C0100,K0186,/contact,desktop,2024-08-22
E01785,C0003,K0237,/pricing,mobile,2024-04-07
E01786,C0401,K0363,/case-studies,tablet,2025-03-15
E01787,C0303,K0024,/products,desktop,2024-05-25
E01788,C0100,K0234,/spec-sheets,desktop,2024-08-24
E01789,C0202,K0485,/pricing,mobile,2025-06-02
E01790,C0403,K0064,/pricing,desktop,2025-04-19
E01791,C0303,K0022,/contact,mobile,2024-07-17
E01792,C0402,K0367,/pricing,desktop,2024-04-11
E01793,C0204,K0093,/spec-sheets,mobile,2024-07-17
E01794,C0001,K0317,/pricing,mobile,2024-11-09
E01795,C0004,K0078,/case-studies,mobile,2025-03-28
E01796,C0004,K0309,/products,desktop,2025-06-10
E01797,C0303,K0087,/spec-sheets,desktop,2024-02-24
E01798,C0102,K0405,/spec-sheets,mobile,2024-08-21
E01799,C0402,K0357,/contact,desktop,2025-02-25
E01800,C0303,K0312,/pricing,mobile,2024-12-31
E01801,C0002,K0395,/case-studies,mobile,2024-08-06
E01802,C0303,K0313,/spec-sheets,desktop,2024-06-14
E01803,C0200,K0368,/spec-sheets,desktop,2024-02-24
E01804,C0100,K0425,/products,desktop,2024-06-22
E01805,C0402,K0222,/contact,tablet,2024-05-29
E01806,C0203,K0213,/case-studies,mobile,2024-02-05
E01807,C0402,K0001,/case-studies,desktop,2024-03-15
E01808,C0202,K0153,/contact,mobile,2025-04-06
E01809,C0000,K0208,/pricing,mobile,2024-11-29
E01810,C0101,K0181,/pricing,desktop,2025-06-02
E01811,C0202,K0112,/pricing,mobile,2024-03-26
E01812,C0200,K0385,/contact,mobile,2024-10-04
E01813,C0001,K0067,/pricing,mobile,2024-04-06
E01814,C0400,K0069,/pricing,tablet,2024-11-18
E01815,C0303,K0478,/products,mobile,2024-07-05
E01816,C0401,K0172,/pricing,desktop,2025-01-17
E01817,C0303,K0482,/spec-sheets,desktop,2024-06-09
E01818,C0204,K0284,/pricing,desktop,2024-08-10
E01819,C0303,K0022,/products,desktop,2024-04-23
E01820,C0403,K0365,/contact,desktop,2024-07-12
E01821,C0004,K0344,/case-studies,desktop,2025-05-20
E01822,C0103,K0267,/products,desktop,2025-03-18
E01823,C0003,K0339,/spec-sheets,desktop,2025-01-02
E01824,C0401,K0401,/products,desktop,2025-05-15
E01825,C0103,K0313,/case-studies,tablet,2025-01-28
E01826,C0303,K0086,/products,desktop,2024-08-11
E01827,C0202,K0343,/spec-sheets,mobile,2024-05-03
E01828,C0303,K0067,/contact,desktop,2025-03-18
E01829,C0000,K0428,/case-studies,mobile,2025-01-12
E01830,C0102,K0057,/pricing,desktop,2024-12-01
E01831,C0203,K0436,/pricing,desktop,2025-01-11
E01832,C0303,K0181,/pricing,desktop,2025-05-01
E01833,C0400,K0189,/products,desktop,2025-02-20
E01834,C0103,K0470,/contact,desktop,2024-04-05
E01835,C0002,K0337,/contact,desktop,2024-01-25
E01836,C0100,K0079,/pricing,tablet,2025-01-31
E01837,C0303,K0514,/spec-sheets,mobile,2024-08-22
E01838,C0204,K0047,/case-studies,desktop,2025-02-22
E01839,C0303,K0311,/products,tablet,2025-05-08
E01840,C0104,K0358,/pricing,desktop,2024-05-27
E01841,C0003,K0354,/spec-sheets,desktop,2024-02-12
E01842,C0103,K0393,/products,mobile,2024-07-02
E01843,C0402,K0380,/contact,mobile,2024-01-29
E01844,C0204,K0116,/contact,mobile,2024-08-21
E01845,C0203,K0495,/products,mobile,2024-10-16
E01846,C0201,K0427,/products,desktop,2024-01-14
E01847,C0001,K0167,/pricing,tablet,2024-08-17
E01848,C0002,K0492,/spec-sheets,desktop,2024-11-05
E01849,C0001,K0334,/products,desktop,2024-02-27
E01850,C0000,K0454,/contact,mobile,2024-09-01
E01851,C0102,K0149,/case-studies,desktop,2024-09-14
E01852,C0104,K0492,/case-studies,desktop,2024-03-23
E01853,C0004,K0286,/products,desktop,2024-02-19
E01854,C0200,K0365,/case-studies,desktop,2025-03-31
E01855,C0303,K0245,/contact,desktop,2025-06-10
E01856,C0200,K0214,/products,desktop,2025-05-07
E01857,C0401,K0067,/case-studies,desktop,2025-03-14
E01858,C0100,K0432,/contact,desktop,2024-08-12
E01859,C0400,K0343,/case-studies,mobile,2024-07-02
E01860,C0002,K0358,/case-studies,mobile,2024-09-16
E01861,C0404,K0278,/pricing,desktop,2024-12-27
E01862,C0303,K0519,/pricing,desktop,2024-09-29
E01863,C0100,K0450,/products,desktop,2024-12-17
E01864,C0204,K0311,/products,desktop,2024-03-08
E01865,C0004,K0195,/case-studies,desktop,2024-08-22
E01866,C0002,K0457,/pricing,desktop,2024-07-16
E01867,C0403,K0423,/case-studies,desktop,2024-07-05
E01868,C0002,K0089,/products,mobile,2024-05-05
E01869,C0303,K0200,/case-studies,mobile,2024-11-02
E01870,C0104,K0310,/case-studies,desktop,2024-04-26
E01871,C0000,K0021,/products,desktop,2024-06-12
E01872,C0101,K0081,/contact,desktop,2025-04-08
E01873,C0202,K0053,/products,desktop,2024-02-18
E01874,C0401,K0249,/case-studies,mobile,2024-09-30
E01875,C0001,K0119,/pricing,tablet,2024-02-22
E01876,C0203,K0426,/pricing,mobile,2025-03-04
E01877,C0404,K0390,/contact,desktop,2025-03-24
E01878,C0303,K0300,/pricing,desktop,2024-09-23
E01879,C0002,K0081,/spec-sheets,desktop,2025-02-12
E01880,C0004,K0251,/case-studies,desktop,2024-08-16
E01881,C0100,K0458,/products,tablet,2024-02-20
E01882,C0103,K0246,/products,tablet,2024-12-29
E01883,C0100,K0167,/products,desktop,2025-02-28
E01884,C0303,K0067,/contact,desktop,2025-04-01
E01885,C0000,K0363,/products,desktop,2025-05-23
E01886,C0001,K0137,/contact,desktop,2024-04-09
E01887,C0101,K0246,/spec-sheets,desktop,2025-02-28
E01888,C0001,K0024,/pricing,desktop,2024-02-16
E01889,C0001,K0425,/contact,mobile,2025-05-19
E01890,C0102,K0357,/products,desktop,2024-10-23
E01891,C0001,K0181,/contact,mobile,2025-02-17
E01892,C0401,K0413,/pricing,tablet,2024-08-20
E01893,C0000,K0266,/case-studies,desktop,2025-01-01
E01894,C0002,K0189,/case-studies,mobile,2025-04-01
E01895,C0303,K0297,/products,mobile,2024-11-19
E01896,C0103,K0448,/contact,desktop,2024-10-16
E01897,C0200,K0155,/products,mobile,2024-12-28
E01898,C0001,K0136,/products,desktop,2024-09-27
E01899,C0303,K0389,/pricing,desktop,2025-06-03
E01900,C0402,K0355,/products,tablet,2025-01-23
E01901,C0101,K0369,/products,tablet,2024-03-11
E01902,C0303,K0106,/products,desktop,2024-04-15
E01903,C0303,K0162,/spec-sheets,desktop,2024-05-25
E01904,C0400,K0163,/contact,desktop,2024-04-13
E01905,C0000,K0077,/spec-sheets,desktop,2024-03-30
E01906,C0001,K0500,/case-studies,mobile,2025-02-10
E01907,C0201,K0187,/pricing,mobile,2024-03-29
E01908,C0104,K0362,/pricing,desktop,2024-01-10
E01909,C0400,K0235,/products,desktop,2024-04-02
E01910,C0101,K0004,/case-studies,mobile,2025-04-05
E01911,C0100,K0299,/spec-sheets,tablet,2024-09-19
E01912,C0403,K0105,/pricing,tablet,2024-01-25
E01913,C0002,K0447,/products,desktop,2024-04-18
E01914,C0402,K0271,/contact,mobile,2024-03-06
E01915,C0003,K0235,/products,desktop,2024-03-23
E01916,C0202,K0223,/products,mobile,2024-10-25
E01917,C0200,K0452,/pricing,desktop,2024-02-07
E01918,C0203,K0194,/products,mobile,2024-11-26
E01919,C0001,K0181,/spec-sheets,mobile,2025-05-15
E01920,C0303,K0339,/spec-sheets,desktop,2024-07-11
E01921,C0204,K0074,/contact,mobile,2024-05-27
E01922,C0401,K0482,/case-studies,desktop,2025-05-15
E01923,C0401,K0159,/case-studies,desktop,2025-02-08
E01924,C0401,K0203,/case-studies,desktop,2024-05-24
E01925,C0201,K0419,/pricing,desktop,2024-02-15
E01926,C0200,K0432,/contact,mobile,2025-03-18
E01927,C0303,K0185,/contact,desktop,2025-01-10
E01928,C0303,K0341,/spec-sheets,desktop,2025-02-01
E01929,C0103,K0363,/case-studies,mobile,2024-02-14
E01930,C0202,K0253,/contact,desktop,2024-06-29
E01931,C0303,K0045,/spec-sheets,desktop,2024-12-13
E01932,C0101,K0328,/contact,desktop,2024-09-01
E01933,C0401,K0506,/products,mobile,2024-06-22
E01934,C0102,K0137,/case-studies,desktop,2025-03-22
E01935,C0002,K0066,/spec-sheets,desktop,2024-05-28
E01936,C0003,K0403,/spec-sheets,desktop,2024-03-12
E01937,C0202,K0426,/pricing,desktop,2024-09-07
E01938,C0400,K0319,/case-studies,mobile,2024-05-29
E01939,C0303,K0294,/case-studies,desktop,2024-05-01
E01940,C0401,K0119,/case-studies,desktop,2024-07-05
E01941,C0100,K0396,/contact,mobile,2025-02-16
E01942,C0402,K0431,/case-studies,mobile,2025-04-18
E01943,C0401,K0276,/contact,mobile,2025-06-03
E01944,C0001,K0141,/products,desktop,2025-05-12
E01945,C0402,K0131,/case-studies,mobile,2025-02-12
E01946,C0100,K0337,/spec-sheets,desktop,2025-02-14
E01947,C0303,K0422,/products,desktop,2024-07-12
E01948,C0303,K0471,/case-studies,mobile,2024-01-19
E01949,C0402,K0136,/case-studies,mobile,2024-07-03
E01950,C0003,K0356,/pricing,mobile,2024-03-25
E01951,C0002,K0173,/pricing,desktop,2024-05-07
E01952,C0202,K0287,/spec-sheets,desktop,2025-04-28
E01953,C0103,K0518,/spec-sheets,desktop,2025-06-07
E01954,C0303,K0501,/spec-sheets,desktop,2024-08-27
E01955,C0303,K0185,/pricing,desktop,2024-06-21
E01956,C0100,K0275,/products,mobile,2024-07-29
E01957,C0203,K0058,/contact,mobile,2024-12-03
E01958,C0402,K0119,/contact,desktop,2024-03-31
E01959,C0404,K0068,/spec-sheets,tablet,2025-05-18
E01960,C0303,K0045,/case-studies,tablet,2024-04-18
E01961,C0203,K0312,/pricing,desktop,2024-11-04
E01962,C0201,K0337,/pricing,desktop,2024-08-30
E01963,C0203,K0350,/products,mobile,2025-03-21
E01964,C0101,K0413,/pricing,desktop,2024-01-17
E01965,C0003,K0179,/spec-sheets,desktop,2025-03-18
E01966,C0303,K0160,/pricing,desktop,2024-12-19
E01967,C0001,K0389,/products,desktop,2024-06-30
E01968,C0001,K0243,/spec-sheets,desktop,2024-05-21
E01969,C0303,K0341,/case-studies,desktop,2025-01-24
E01970,C0303,K0410,/case-studies,tablet,2025-04-07
E01971,C0402,K0310,/contact,desktop,2025-02-05
E01972,C0303,K0390,/case-studies,tablet,2025-04-07
E01973,C0004,K0197,/contact,tablet,2025-02-05
E01974,C0400,K0242,/spec-sheets,mobile,2024-09-01
E01975,C0303,K0434,/case-studies,desktop,2024-09-17
E01976,C0404,K0307,/case-studies,desktop,2024-06-19
E01977,C0404,K0266,/products,desktop,2025-01-09
E01978,C0104,K0393,/spec-sheets,desktop,2025-02-05
E01979,C0104,K0481,/products,desktop,2024-10-02
E01980,C0303,K0043,/products,desktop,2024-02-02
E01981,C0201,K0429,/spec-sheets,mobile,2024-10-01
E01982,C0102,K0061,/products,mobile,2024-10-11
E01983,C0104,K0183,/spec-sheets,tablet,2024-08-27
E01984,C0303,K0168,/pricing,mobile,2024-01-27
E01985,C0303,K0247,/case-studies,desktop,2025-05-05
E01986,C0303,K0122,/case-studies,desktop,2024-09-27
E01987,C0002,K0394,/case-studies,mobile,2024-10-25
E01988,C0303,K0407,/contact,mobile,2024-08-08
E01989,C0400,K0079,/pricing,desktop,2024-06-18
E01990,C0201,K0253,/case-studies,mobile,2025-02-27
E01991,C0404,K0233,/case-studies,desktop,2024-05-06
E01992,C0203,K0327,/case-studies,desktop,2024-03-17
E01993,C0403,K0506,/contact,desktop,2024-03-04
E01994,C0204,K0003,/spec-sheets,desktop,2025-04-18
E01995,C0000,K0325,/products,desktop,2024-06-25
E01996,C0404,K0303,/products,desktop,2024-04-20
E01997,C0003,K0459,/case-studies,desktop,2024-06-04
E01998,C0401,K0191,/products,desktop,2024-02-27
E01999,C0303,K0218,/contact,desktop,2024-07-03
E02000,C0000,K0443,/case-studies,desktop,2024-10-09
E02001,C0202,K0250,/products,desktop,2025-01-27
E02002,C0102,K0228,/case-studies,desktop,2024-11-17
E02003,C0401,K0448,/pricing,desktop,2024-04-09
E02004,C0303,K0356,/contact,mobile,2024-02-21
E02005,C0403,K0176,/spec-sheets,mobile,2025-05-14
E02006,C0202,K0064,/contact,desktop,2024-04-13
E02007,C0101,K0484,/contact,desktop,2024-12-01
E02008,C0201,K0404,/spec-sheets,mobile,2024-08-25
E02009,C0004,K0386,/pricing,desktop,2025-02-22
E02010,C0303,K0045,/spec-sheets,mobile,2025-03-08
E02011,C0004,K0438,/products,tablet,2025-05-09
E02012,C0400,K0500,/case-studies,desktop,2024-05-04
E02013,C0001,K0434,/case-studies,tablet,2024-11-18
E02014,C0104,K0062,/case-studies,mobile,2025-05-09
E02015,C0303,K0321,/spec-sheets,mobile,2024-02-14
E02016,C0003,K0020,/pricing,desktop,2024-03-24
E02017,C0303,K0132,/spec-sheets,mobile,2024-05-31
E02018,C0103,K0279,/case-studies,desktop,2024-03-23
E02019,C0103,K0097,/spec-sheets,desktop,2025-05-30
E02020,C0404,K0472,/products,desktop,2025-01-29
E02021,C0103,K0218,/case-studies,mobile,2025-05-14
E02022,C0201,K0030,/contact,desktop,2024-02-28
E02023,C0400,K0460,/products,desktop,2024-04-19
E02024,C0100,K0173,/pricing,desktop,2024-10-18
E02025,C0104,K0393,/spec-sheets,mobile,2024-05-19
E02026,C0101,K0265,/contact,desktop,2024-01-12
E02027,C0303,K0194,/products,mobile,2025-03-12
E02028,C0403,K0135,/case-studies,mobile,2025-04-18
E02029,C0101,K0308,/case-studies,desktop,2025-03-28
E02030,C0403,K0010,/spec-sheets,desktop,2025-03-06
E02031,C0201,K0465,/pricing,desktop,2024-09-19
E02032,C0404,K0310,/products,desktop,2024-05-21
E02033,C0004,K0223,/case-studies,desktop,2024-08-30
E02034,C0202,K0029,/products,tablet,2024-11-27
E02035,C0303,K0218,/pricing,desktop,2024-06-18
E02036,C0202,K0389,/spec-sheets,mobile,2025-04-15
E02037,C0103,K0451,/spec-sheets,desktop,2025-04-23
E02038,C0303,K0100,/contact,desktop,2024-08-27
E02039,C0202,K0075,/products,desktop,2024-07-19
E02040,C0100,K0518,/contact,tablet,2024-07-08
E02041,C0002,K0278,/case-studies,desktop,2024-08-01
E02042,C0203,K0095,/spec-sheets,desktop,2024-07-01
E02043,C0104,K0350,/case-studies,mobile,2024-08-03
E02044,C0303,K0341,/products,mobile,2024-10-29
E02045,C0102,K0217,/spec-sheets,desktop,2025-02-14
E02046,C0101,K0394,/pricing,desktop,2024-07-31
E02047,C0204,K0419,/pricing,mobile,2025-02-16
E02048,C0204,K0507,/contact,mobile,2025-05-01
E02049,C0303,K0311,/products,mobile,2024-01-15
E02050,C0303,K0065,/spec-sheets,desktop,2024-12-11
E02051,C0201,K0050,/contact,desktop,2025-02-06
E02052,C0303,K0245,/pricing,desktop,2024-03-23
E02053,C0204,K0131,/products,tablet,2024-04-16
E02054,C0001,K0478,/case-studies,desktop,2024-10-23
E02055,C0103,K0360,/pricing,desktop,2024-05-06
E02056,C0303,K0266,/products,desktop,2025-04-08
E02057,C0201,K0410,/contact,mobile,2024-05-08
E02058,C0402,K0287,/case-studies,mobile,2024-05-13
E02059,C0201,K0393,/pricing,desktop,2024-02-24
E02060,C0203,K0217,/contact,desktop,2025-01-22
E02061,C0303,K0511,/products,mobile,2024-03-28
E02062,C0104,K0308,/spec-sheets,mobile,2024-04-02
E02063,C0000,K0220,/pricing,desktop,2024-08-19
E02064,C0001,K0238,/case-studies,desktop,2024-05-02
E02065,C0103,K0310,/contact,desktop,2025-03-17
E02066,C0401,K0115,/contact,desktop,2024-09-30
E02067,C0200,K0496,/products,desktop,2025-03-03
E02068,C0303,K0092,/spec-sheets,mobile,2024-02-16
E02069,C0102,K0135,/case-studies,desktop,2025-02-05
E02070,C0100,K0164,/spec-sheets,desktop,2025-02-20
E02071,C0103,K0415,/products,desktop,2025-04-15
E02072,C0204,K0516,/pricing,desktop,2024-09-05
E02073,C0101,K0231,/case-studies,mobile,2025-02-19
E02074,C0303,K0166,/spec-sheets,desktop,2025-04-10
E02075,C0204,K0348,/pricing,mobile,2024-03-02
E02076,C0303,K0461,/contact,desktop,2024-11-13
E02077,C0303,K0340,/products,mobile,2025-03-12
E02078,C0401,K0416,/spec-sheets,desktop,2024-03-23
E02079,C0202,K0138,/pricing,desktop,2024-05-22
E02080,C0400,K0362,/pricing,desktop,2025-02-16
E02081,C0201,K0325,/pricing,mobile,2024-04-09
E02082,C0200,K0043,/spec-sheets,mobile,2024-02-17
E02083,C0003,K0064,/pricing,desktop,2024-06-24
E02084,C0202,K0089,/contact,desktop,2025-01-09
E02085,C0001,K0072,/contact,tablet,2024-10-14
E02086,C0201,K0264,/contact,desktop,2024-09-06
E02087,C0003,K0509,/pricing,desktop,2025-03-26
E02088,C0303,K0137,/case-studies,desktop,2024-09-02
E02089,C0204,K0284,/spec-sheets,mobile,2025-01-22
E02090,C0203,K0296,/contact,mobile,2025-01-21
E02091,C0303,K0439,/products,desktop,2024-07-03
E02092,C0100,K0110,/pricing,desktop,2024-05-27
E02093,C0201,K0380,/pricing,desktop,2024-06-09
E02094,C0202,K0235,/products,mobile,2024-11-19
E02095,C0103,K0228,/products,desktop,2024-09-26
E02096,C0303,K0251,/products,mobile,2024-11-29
E02097,C0001,K0488,/pricing,mobile,2025-05-17
E02098,C0303,K0454,/contact,desktop,2024-02-06
E02099,C0403,K0383,/pricing,mobile,2025-02-24
E02100,C0403,K0163,/case-studies,mobile,2024-05-16
E02101,C0401,K0202,/case-studies,mobile,2025-01-29
E02102,C0402,K0478,/spec-sheets,desktop,2025-02-11
E02103,C0103,K0460,/products,mobile,2024-12-27
E02104,C0102,K0054,/case-studies,desktop,2024-12-19
E02105,C0203,K0186,/products,mobile,2024-12-30
E02106,C0204,K0075,/pricing,desktop,2024-03-19
E02107,C0303,K0307,/case-studies,desktop,2025-04-10
E02108,C0104,K0439,/case-studies,desktop,2025-03-15
E02109,C0400,K0288,/pricing,desktop,2025-04-18
E02110,C0104,K0255,/case-studies,desktop,2025-04-24
E02111,C0004,K0089,/contact,desktop,2025-05-31
E02112,C0100,K0064,/spec-sheets,tablet,2025-04-10
E02113,C0404,K0425,/case-studies,desktop,2024-04-19
E02114,C0004,K0193,/pricing,desktop,2024-11-14
E02115,C0201,K0114,/pricing,mobile,2024-05-26
E02116,C0102,K0080,/products,desktop,2024-05-12
E02117,C0004,K0352,/products,desktop,2025-02-26
E02118,C0001,K0105,/contact,tablet,2024-08-10
E02119,C0404,K0312,/contact,tablet,2024-06-12
E02120,C0400,K0370,/contact,desktop,2024-06-11
E02121,C0303,K0499,/products,desktop,2024-06-27
E02122,C0303,K0262,/pricing,mobile,2024-02-04
E02123,C0402,K0164,/contact,desktop,2024-02-23
E02124,C0403,K0326,/spec-sheets,desktop,2024-06-23
E02125,C0200,K0485,/spec-sheets,desktop,2025-03-28
E02126,C0201,K0271,/spec-sheets,desktop,2024-12-14
E02127,C0103,K0173,/contact,desktop,2025-03-23
E02128,C0204,K0312,/pricing,mobile,2024-09-07
E02129,C0002,K0467,/case-studies,mobile,2025-03-22
E02130,C0100,K0326,/contact,desktop,2024-04-03
E02131,C0403,K0417,/contact,desktop,2024-10-15
E02132,C0100,K0180,/contact,mobile,2025-03-05
E02133,C0400,K0223,/contact,desktop,2024-02-29
E02134,C0000,K0086,/contact,desktop,2024-02-04
E02135,C0202,K0224,/pricing,desktop,2025-04-13
E02136,C0202,K0108,/spec-sheets,desktop,2024-08-22
E02137,C0204,K0295,/spec-sheets,tablet,2024-11-06
E02138,C0102,K0363,/products,desktop,2024-02-03
E02139,C0203,K0486,/contact,mobile,2025-01-15
E02140,C0404,K0356,/products,tablet,2024-09-09
E02141,C0404,K0062,/pricing,desktop,2024-02-10
E02142,C0401,K0186,/contact,mobile,2024-01-29
E02143,C0303,K0162,/case-studies,tablet,2024-10-28
E02144,C0402,K0296,/case-studies,mobile,2025-06-04
E02145,C0303,K0466,/pricing,desktop,2024-07-23
E02146,C0002,K0314,/products,mobile,2024-10-12
E02147,C0000,K0398,/spec-sheets,tablet,2024-03-17
E02148,C0003,K0397,/case-studies,tablet,2025-05-05
E02149,C0303,K0393,/spec-sheets,mobile,2025-05-03
E02150,C0400,K0376,/products,mobile,2025-02-12
E02151,C0002,K0059,/products,desktop,2024-06-20
E02152,C0103,K0113,/contact,desktop,2025-04-20
E02153,C0402,K0242,/spec-sheets,desktop,2024-10-01
E02154,C0303,K0446,/products,mobile,2024-11-17
E02155,C0000,K0230,/products,desktop,2024-12-04
E02156,C0103,K0072,/spec-sheets,mobile,2025-04-17
E02157,C0103,K0385,/case-studies,mobile,2024-03-02
E02158,C0003,K0362,/case-studies,desktop,2024-11-18
E02159,C0101,K0184,/pricing,desktop,2024-05-07
E02160,C0102,K0300,/case-studies,desktop,2025-01-01
E02161,C0102,K0453,/case-studies,desktop,2024-09-20
E02162,C0101,K0396,/spec-sheets,desktop,2025-04-13
E02163,C0000,K0375,/pricing,mobile,2024-02-20
E02164,C0204,K0448,/case-studies,mobile,2024-09-04
E02165,C0400,K0079,/products,desktop,2025-02-17
E02166,C0303,K0510,/case-studies,desktop,2025-05-31
E02167,C0401,K0011,/case-studies,desktop,2024-01-08
E02168,C0004,K0300,/contact,mobile,2025-01-06
E02169,C0303,K0109,/spec-sheets,mobile,2024-11-15
E02170,C0100,K0306,/spec-sheets,mobile,2024-02-16
E02171,C0400,K0242,/products,desktop,2024-02-17
E02172,C0403,K0227,/case-studies,desktop,2024-09-05
E02173,C0202,K0376,/spec-sheets,desktop,2025-04-23
E02174,C0003,K0285,/spec-sheets,mobile,2025-03-15
E02175,C0203,K0368,/contact,desktop,2024-03-30
E02176,C0402,K0235,/products,desktop,2024-02-26
E02177,C0400,K0406,/pricing,mobile,2025-01-20
E02178,C0204,K0193,/spec-sheets,mobile,2025-05-16
E02179,C0000,K0201,/case-studies,desktop,2024-09-05
E02180,C0303,K0473,/case-studies,desktop,2025-01-23
E02181,C0403,K0449,/case-studies,desktop,2025-05-11
E02182,C0303,K0045,/spec-sheets,mobile,2024-01-13
E02183,C0002,K0075,/case-studies,desktop,2024-10-12
E02184,C0104,K0318,/case-studies,mobile,2024-03-30
E02185,C0303,K0432,/pricing,desktop,2024-06-17
E02186,C0201,K0159,/pricing,tablet,2025-03-08
E02187,C0103,K0097,/pricing,desktop,2024-08-16
E02188,C0402,K0385,/products,desktop,2024-11-17
E02189,C0100,K0447,/contact,desktop,2025-01-24
E02190,C0404,K0481,/contact,desktop,2024-08-17
E02191,C0003,K0488,/contact,desktop,2024-06-26
E02192,C0103,K0030,/spec-sheets,mobile,2024-04-25
E02193,C0202,K0418,/spec-sheets,mobile,2024-05-27
E02194,C0303,K0362,/case-studies,desktop,2025-05-02
E02195,C0404,K0144,/contact,desktop,2025-05-21
E02196,C0202,K0485,/products,desktop,2024-06-24
E02197,C0002,K0469,/spec-sheets,mobile,2024-11-02
E02198,C0303,K0341,/pricing,desktop,2024-10-03
E02199,C0004,K0516,/spec-sheets,desktop,2025-06-01
E02200,C0103,K0459,/pricing,desktop,2024-02-19
E02201,C0201,K0068,/pricing,desktop,2024-03-14
E02202,C0100,K0141,/products,desktop,2024-04-18
E02203,C0203,K0498,/products,desktop,2025-05-17
E02204,C0303,K0287,/case-studies,desktop,2025-02-20
E02205,C0303,K0517,/contact,desktop,2024-05-10
E02206,C0202,K0294,/spec-sheets,mobile,2025-05-28
E02207,C0303,K0085,/spec-sheets,desktop,2024-05-08
E02208,C0104,K0142,/contact,desktop,2024-07-18
E02209,C0202,K0166,/pricing,desktop,2024-12-05
E02210,C0201,K0079,/products,desktop,2024-10-13
E02211,C0100,K0398,/spec-sheets,desktop,2025-02-19
E02212,C0400,K0195,/products,desktop,2024-05-15
E02213,C0402,K0253,/contact,desktop,2025-04-04
E02214,C0402,K0264,/products,desktop,2025-04-24
E02215,C0202,K0203,/case-studies,desktop,2024-04-01
E02216,C0103,K0043,/pricing,desktop,2024-10-20
E02217,C0104,K0412,/case-studies,desktop,2024-02-23
E02218,C0200,K0380,/products,tablet,2025-02-02
E02219,C0202,K0078,/contact,desktop,2024-01-13
E02220,C0402,K0155,/products,desktop,2024-08-16
E02221,C0404,K0235,/contact,mobile,2024-08-18
E02222,C0100,K0328,/case-studies,tablet,2024-12-25
E02223,C0000,K0336,/case-studies,tablet,2025-02-27
E02224,C0204,K0089,/contact,mobile,2024-12-20
E02225,C0104,K0446,/contact,desktop,2025-04-25
E02226,C0102,K0367,/spec-sheets,desktop,2024-04-09
E02227,C0402,K0047,/case-studies,mobile,2024-07-11
E02228,C0303,K0054,/spec-sheets,tablet,2024-04-22
E02229,C0303,K0005,/case-studies,desktop,2025-03-28
E02230,C0204,K0441,/contact,mobile,2024-12-01
E02231,C0303,K0165,/spec-sheets,mobile,2024-10-09
E02232,C0403,K0338,/contact,desktop,2024-10-07
E02233,C0000,K0002,/contact,desktop,2025-06-08
E02234,C0203,K0193,/spec-sheets,desktop,2025-04-16
E02235,C0003,K0187,/contact,desktop,2024-02-02
E02236,C0004,K0368,/spec-sheets,desktop,2024-08-18
E02237,C0403,K0469,/case-studies,desktop,2025-01-26
E02238,C0303,K0317,/products,desktop,2024-11-16
E02239,C0101,K0408,/case-studies,tablet,2024-07-23
E02240,C0403,K0332,/case-studies,mobile,2025-01-01
E02241,C0201,K0143,/spec-sheets,desktop,2024-08-14
E02242,C0104,K0183,/products,mobile,2024-12-30
E02243,C0303,K0180,/products,mobile,2024-04-01
E02244,C0404,K0295,/spec-sheets,tablet,2025-04-11
E02245,C0303,K0382,/case-studies,mobile,2025-05-23
E02246,C0002,K0440,/case-studies,mobile,2024-12-03
E02247,C0100,K0423,/products,desktop,2024-07-06
E02248,C0001,K0352,/pricing,desktop,2025-03-04
E02249,C0003,K0306,/case-studies,mobile,2025-05-21
E02250,C0303,K0323,/contact,mobile,2024-03-30
E02251,C0201,K0200,/spec-sheets,desktop,2024-12-19
E02252,C0203,K0392,/products,desktop,2024-01-21
E02253,C0201,K0243,/pricing,desktop,2025-04-20
E02254,C0400,K0160,/spec-sheets,desktop,2024-10-11
E02255,C0001,K0442,/pricing,desktop,2025-03-10
E02256,C0102,K0198,/spec-sheets,desktop,2024-03-25
E02257,C0103,K0428,/pricing,desktop,2024-10-27
E02258,C0402,K0321,/contact,desktop,2025-05-21
E02259,C0303,K0386,/pricing,mobile,2024-06-08
E02260,C0200,K0437,/case-studies,mobile,2025-01-24
E02261,C0303,K0327,/case-studies,desktop,2024-10-11
E02262,C0400,K0396,/contact,mobile,2025-01-07
E02263,C0204,K0076,/contact,desktop,2024-05-20
E02264,C0303,K0038,/spec-sheets,desktop,2024-02-28
E02265,C0403,K0088,/case-studies,desktop,2024-06-05
E02266,C0303,K0360,/pricing,mobile,2024-02-03
E02267,C0303,K0350,/pricing,desktop,2025-03-20
E02268,C0401,K0361,/products,mobile,2025-05-12
E02269,C0403,K0275,/pricing,desktop,2025-04-30
E02270,C0004,K0304,/spec-sheets,tablet,2024-04-07
E02271,C0204,K0509,/contact,desktop,2024-12-05
E02272,C0204,K0429,/case-studies,desktop,2025-06-08
E02273,C0101,K0284,/spec-sheets,desktop,2024-03-24
E02274,C0303,K0514,/case-studies,mobile,2024-06-13
E02275,C0203,K0473,/pricing,mobile,2024-04-05
E02276,C0103,K0431,/case-studies,tablet,2024-05-21
E02277,C0404,K0439,/products,mobile,2025-04-02
E02278,C0104,K0260,/spec-sheets,desktop,2024-07-04
E02279,C0100,K0285,/spec-sheets,mobile,2024-10-30
E02280,C0100,K0346,/spec-sheets,desktop,2024-04-03
E02281,C0000,K0246,/spec-sheets,desktop,2024-07-08
E02282,C0303,K0339,/contact,desktop,2024-04-18
E02283,C0100,K0094,/products,desktop,2024-06-21
E02284,C0202,K0483,/products,desktop,2024-02-16
E02285,C0303,K0221,/spec-sheets,desktop,2025-04-06
E02286,C0201,K0183,/contact,mobile,2024-07-05
E02287,C0001,K0239,/pricing,desktop,2024-03-20
E02288,C0203,K0191,/contact,desktop,2024-11-05
E02289,C0000,K0511,/contact,mobile,2025-05-08
E02290,C0202,K0109,/products,tablet,2024-04-09
E02291,C0404,K0460,/contact,mobile,2025-04-10
E02292,C0201,K0440,/pricing,tablet,2024-03-02
E02293,C0101,K0401,/spec-sheets,mobile,2024-07-18
E02294,C0102,K0056,/case-studies,desktop,2025-05-11
E02295,C0104,K0416,/pricing,desktop,2025-01-02
E02296,C0303,K0270,/pricing,desktop,2025-03-23
E02297,C0303,K0374,/contact,desktop,2024-09-12
E02298,C0201,K0137,/contact,tablet,2024-03-24
E02299,C0200,K0119,/case-studies,desktop,2025-01-05
E02300,C0002,K0181,/case-studies,desktop,2024-12-27
E02301,C0303,K0020,/contact,desktop,2024-03-16
E02302,C0003,K0422,/case-studies,desktop,2024-05-23
E02303,C0003,K0039,/case-studies,desktop,2025-03-07
E02304,C0101,K0009,/contact,desktop,2024-09-14
E02305,C0001,K0356,/case-studies,desktop,2024-06-29
E02306,C0100,K0308,/pricing,tablet,2024-10-02
E02307,C0001,K0426,/case-studies,mobile,2024-02-21
E02308,C0104,K0352,/contact,desktop,2024-12-16
E02309,C0201,K0280,/contact,mobile,2024-07-04
E02310,C0003,K0025,/spec-sheets,mobile,2024-08-19
E02311,C0404,K0154,/products,desktop,2024-03-01
E02312,C0001,K0462,/spec-sheets,mobile,2024-09-19
E02313,C0000,K0121,/contact,desktop,2025-02-26
E02314,C0303,K0306,/products,mobile,2024-04-06
E02315,C0402,K0499,/case-studies,desktop,2024-01-12
E02316,C0303,K0080,/products,mobile,2024-01-18
E02317,C0303,K0255,/products,desktop,2025-06-07
E02318,C0401,K0125,/products,mobile,2024-02-13
E02319,C0104,K0223,/spec-sheets,desktop,2024-09-08
E02320,C0202,K0422,/case-studies,desktop,2024-01-28
E02321,C0204,K0340,/pricing,mobile,2024-11-30
E02322,C0303,K0429,/pricing,desktop,2025-04-27
E02323,C0003,K0311,/contact,mobile,2024-11-02
E02324,C0404,K0257,/contact,desktop,2024-11-14
E02325,C0104,K0164,/products,desktop,2024-05-26
E02326,C0404,K0508,/contact,desktop,2024-03-18
E02327,C0204,K0143,/contact,mobile,2024-07-20
E02328,C0404,K0379,/case-studies,desktop,2024-04-19
E02329,C0401,K0313,/case-studies,desktop,2024-03-28
E02330,C0204,K0090,/spec-sheets,mobile,2025-04-30
E02331,C0303,K0354,/products,desktop,2024-01-15
E02332,C0004,K0416,/pricing,desktop,2025-06-09
E02333,C0303,K0471,/case-studies,mobile,2024-10-02
E02334,C0303,K0179,/contact,mobile,2024-10-28
E02335,C0303,K0285,/spec-sheets,mobile,2025-04-27
E02336,C0202,K0321,/contact,mobile,2024-02-15
E02337,C0200,K0072,/case-studies,desktop,2024-08-31
E02338,C0402,K0281,/case-studies,desktop,2025-04-23
E02339,C0000,K0485,/contact,desktop,2024-12-03
E02340,C0303,K0510,/pricing,desktop,2024-11-15
E02341,C0303,K0306,/spec-sheets,desktop,2024-01-13
E02342,C0303,K0366,/contact,desktop,2025-04-11
E02343,C0104,K0278,/spec-sheets,desktop,2024-01-08
E02344,C0203,K0255,/spec-sheets,desktop,2024-11-18
E02345,C0104,K0100,/products,mobile,2024-05-31
E02346,C0303,K0507,/products,desktop,2024-05-31
E02347,C0401,K0272,/products,mobile,2024-06-06
E02348,C0303,K0517,/case-studies,mobile,2024-12-21
E02349,C0400,K0312,/contact,desktop,2024-12-28
E02350,C0104,K0367,/products,mobile,2025-05-05
E02351,C0002,K0293,/contact,desktop,2025-02-04
E02352,C0102,K0002,/contact,desktop,2025-02-10
E02353,C0203,K0425,/case-studies,desktop,2024-09-17
E02354,C0303,K0369,/case-studies,desktop,2024-11-23
E02355,C0400,K0171,/pricing,tablet,2025-02-16
E02356,C0204,K0375,/products,mobile,2024-12-15
E02357,C0200,K0057,/spec-sheets,tablet,2024-05-23
E02358,C0403,K0352,/contact,tablet,2024-11-03
E02359,C0400,K0369,/contact,desktop,2024-05-24
E02360,C0202,K0375,/products,desktop,2024-03-22
E02361,C0000,K0351,/contact,desktop,2024-03-23
E02362,C0100,K0226,/spec-sheets,tablet,2024-01-28
E02363,C0001,K0461,/spec-sheets,mobile,2024-09-10
E02364,C0303,K0165,/pricing,mobile,2025-04-05
E02365,C0200,K0352,/contact,desktop,2025-03-24
E02366,C0303,K0300,/spec-sheets,mobile,2025-02-25
E02367,C0204,K0330,/contact,desktop,2024-12-08
E02368,C0001,K0004,/pricing,tablet,2024-03-13
E02369,C0303,K0431,/products,desktop,2024-11-19
E02370,C0303,K0194,/products,tablet,2024-07-03
E02371,C0104,K0288,/contact,mobile,2024-02-26
E02372,C0203,K0129,/case-studies,desktop,2024-08-21
E02373,C0303,K0238,/spec-sheets,mobile,2024-09-27
E02374,C0404,K0449,/case-studies,desktop,2024-05-04
E02375,C0202,K0509,/spec-sheets,mobile,2024-03-04
E02376,C0203,K0252,/case-studies,desktop,2024-04-06
E02377,C0100,K0485,/contact,desktop,2024-01-10
E02378,C0004,K0249,/spec-sheets,mobile,2025-05-12
E02379,C0103,K0193,/spec-sheets,desktop,2024-02-07
E02380,C0003,K0451,/products,desktop,2024-11-24
E02381,C0102,K0284,/case-studies,mobile,2025-04-10
E02382,C0103,K0261,/case-studies,mobile,2025-05-27
E02383,C0101,K0131,/case-studies,mobile,2024-11-16
E02384,C0400,K0196,/products,desktop,2024-06-26
E02385,C0002,K0251,/contact,desktop,2024-12-12
E02386,C0400,K0228,/spec-sheets,tablet,2025-04-15
E02387,C0400,K0146,/pricing,desktop,2025-03-13
E02388,C0303,K0278,/products,desktop,2024-12-29
E02389,C0303,K0363,/case-studies,desktop,2025-04-15
E02390,C0303,K0505,/contact,desktop,2025-05-22
E02391,C0201,K0228,/pricing,mobile,2024-06-04
E02392,C0101,K0358,/products,tablet,2024-09-03
E02393,C0400,K0235,/products,mobile,2024-10-16
E02394,C0002,K0337,/spec-sheets,mobile,2024-10-19
E02395,C0403,K0272,/case-studies,desktop,2025-02-14
E02396,C0403,K0180,/contact,desktop,2025-02-16
E02397,C0004,K0420,/spec-sheets,tablet,2024-05-30
E02398,C0101,K0036,/products,desktop,2024-10-28
E02399,C0203,K0095,/contact,desktop,2024-10-04
E02400,C0104,K0212,/spec-sheets,desktop,2025-04-30
E02401,C0104,K0131,/case-studies,mobile,2024-01-25
E02402,C0401,K0512,/contact,desktop,2025-02-25
E02403,C0104,K0454,/case-studies,desktop,2024-03-02
E02404,C0201,K0024,/products,desktop,2024-01-28
E02405,C0401,K0026,/contact,desktop,2024-07-05
E02406,C0200,K0360,/spec-sheets,mobile,2024-01-09
E02407,C0004,K0259,/products,mobile,2024-12-29
E02408,C0204,K0225,/spec-sheets,desktop,2024-10-28
E02409,C0002,K0416,/contact,mobile,2024-02-24
E02410,C0303,K0010,/case-studies,tablet,2024-04-15
E02411,C0202,K0209,/pricing,mobile,2024-10-09
E02412,C0203,K0195,/case-studies,mobile,2025-01-26
E02413,C0403,K0336,/pricing,desktop,2024-04-18
E02414,C0400,K0061,/spec-sheets,mobile,2024-02-09
E02415,C0403,K0159,/pricing,tablet,2024-05-29
E02416,C0204,K0216,/contact,tablet,2024-12-07
E02417,C0104,K0504,/case-studies,desktop,2024-08-28
E02418,C0200,K0226,/contact,desktop,2024-10-25
E02419,C0303,K0159,/pricing,desktop,2024-08-15
E02420,C0303,K0176,/pricing,desktop,2024-10-07
E02421,C0104,K0313,/case-studies,desktop,2024-06-15
E02422,C0000,K0088,/pricing,tablet,2024-09-27
E02423,C0303,K0085,/pricing,desktop,2024-05-09
E02424,C0403,K0422,/products,mobile,2024-02-15
E02425,C0202,K0050,/products,desktop,2024-06-29
E02426,C0204,K0218,/products,mobile,2024-12-03
E02427,C0202,K0363,/pricing,desktop,2024-04-09
E02428,C0100,K0408,/pricing,mobile,2024-09-08
E02429,C0402,K0135,/products,desktop,2025-02-24
E02430,C0004,K0257,/contact,desktop,2024-05-29
E02431,C0404,K0187,/pricing,tablet,2025-03-31
E02432,C0400,K0476,/contact,desktop,2024-06-11
E02433,C0200,K0360,/case-studies,tablet,2024-12-01
E02434,C0202,K0426,/contact,desktop,2024-02-19
E02435,C0000,K0275,/contact,desktop,2024-08-10
E02436,C0001,K0373,/case-studies,tablet,2024-09-02
E02437,C0203,K0385,/spec-sheets,desktop,2025-01-29
E02438,C0401,K0104,/case-studies,mobile,2024-06-03
E02439,C0004,K0472,/contact,desktop,2025-03-16
E02440,C0000,K0438,/pricing,desktop,2024-11-15
E02441,C0303,K0181,/products,desktop,2024-06-30
E02442,C0003,K0171,/case-studies,desktop,2025-04-12
E02443,C0201,K0485,/case-studies,mobile,2024-11-16
E02444,C0400,K0368,/products,tablet,2024-08-14
E02445,C0404,K0264,/spec-sheets,mobile,2025-04-26
E02446,C0303,K0003,/pricing,desktop,2024-06-10
E02447,C0004,K0200,/case-studies,mobile,2024-05-10
E02448,C0400,K0370,/spec-sheets,desktop,2024-03-06
E02449,C0303,K0108,/contact,desktop,2024-03-30
E02450,C0101,K0235,/case-studies,mobile,2025-03-22
E02451,C0303,K0483,/contact,desktop,2024-07-11
E02452,C0402,K0377,/spec-sheets,desktop,2024-01-27
E02453,C0204,K0129,/products,mobile,2024-07-03
E02454,C0204,K0491,/pricing,desktop,2024-01-10
E02455,C0100,K0014,/case-studies,desktop,2024-01-14
E02456,C0303,K0062,/spec-sheets,desktop,2024-11-18
E02457,C0100,K0189,/products,mobile,2024-09-24
E02458,C0303,K0129,/products,tablet,2024-11-08
E02459,C0402,K0471,/spec-sheets,desktop,2024-03-22
E02460,C0400,K0056,/spec-sheets,desktop,2024-08-12
E02461,C0100,K0445,/spec-sheets,mobile,2024-03-05
E02462,C0402,K0309,/contact,mobile,2025-03-07
E02463,C0303,K0287,/contact,tablet,2024-10-28
E02464,C0402,K0024,/products,desktop,2025-04-09
E02465,C0401,K0501,/case-studies,desktop,2024-03-12
E02466,C0202,K0207,/products,mobile,2024-04-16
E02467,C0303,K0429,/products,mobile,2025-03-15
E02468,C0102,K0224,/case-studies,mobile,2024-11-27
E02469,C0001,K0159,/case-studies,mobile,2024-07-03
E02470,C0004,K0082,/contact,desktop,2024-05-02
E02471,C0202,K0481,/case-studies,tablet,2024-01-15
E02472,C0101,K0408,/spec-sheets,desktop,2024-03-07
E02473,C0104,K0319,/contact,mobile,2024-04-06
E02474,C0402,K0390,/spec-sheets,desktop,2025-05-21
E02475,C0002,K0220,/spec-sheets,desktop,2025-01-11
E02476,C0000,K0360,/pricing,mobile,2024-09-02
E02477,C0103,K0426,/pricing,desktop,2024-11-08
E02478,C0203,K0060,/contact,desktop,2024-08-30
E02479,C0400,K0476,/contact,mobile,2024-04-13
E02480,C0000,K0246,/pricing,desktop,2024-05-21
E02481,C0303,K0242,/case-studies,desktop,2024-03-12
E02482,C0403,K0467,/contact,desktop,2024-10-05
E02483,C0401,K0342,/pricing,desktop,2025-03-20
E02484,C0201,K0442,/contact,tablet,2024-12-10
E02485,C0401,K0236,/pricing,mobile,2025-04-26
E02486,C0102,K0125,/case-studies,desktop,2024-05-03
E02487,C0104,K0478,/contact,mobile,2024-01-17
E02488,C0200,K0431,/products,desktop,2024-03-14
E02489,C0101,K0097,/pricing,desktop,2024-01-19
E02490,C0200,K0092,/contact,desktop,2024-07-18
E02491,C0000,K0265,/spec-sheets,mobile,2024-03-17
E02492,C0003,K0382,/case-studies,mobile,2024-10-09
E02493,C0303,K0487,/contact,desktop,2024-07-27
E02494,C0002,K0368,/case-studies,desktop,2024-06-19
E02495,C0101,K0233,/pricing,mobile,2025-03-17
E02496,C0303,K0121,/contact,mobile,2025-04-08
E02497,C0103,K0229,/spec-sheets,mobile,2025-03-22
E02498,C0402,K0010,/spec-sheets,mobile,2024-03-22
E02499,C0303,K0446,/pricing,tablet,2025-05-02
E02500,C0404,K0363,/pricing,desktop,2025-06-09
E02501,C0000,K0228,/pricing,desktop,2024-02-03
E02502,C0104,K0303,/contact,desktop,2024-09-10
E02503,C0402,K0385,/contact,desktop,2024-07-24
E02504,C0001,K0316,/spec-sheets,mobile,2024-09-23
E02505,C0100,K0293,/case-studies,desktop,2024-06-02
E02506,C0403,K0431,/spec-sheets,desktop,2025-02-16
E02507,C0303,K0114,/products,desktop,2024-03-02
E02508,C0400,K0164,/contact,mobile,2024-06-01
E02509,C0103,K0446,/products,tablet,2024-07-27
E02510,C0003,K0318,/spec-sheets,tablet,2025-03-29
E02511,C0303,K0342,/case-studies,desktop,2025-04-25
E02512,C0203,K0169,/spec-sheets,mobile,2024-02-19
E02513,C0102,K0449,/spec-sheets,mobile,2024-06-08
E02514,C0100,K0333,/contact,mobile,2025-05-19
E02515,C0100,K0516,/spec-sheets,desktop,2024-08-07
E02516,C0104,K0452,/pricing,desktop,2024-03-05
E02517,C0303,K0284,/products,mobile,2024-07-13
E02518,C0203,K0134,/case-studies,desktop,2024-03-11
E02519,C0001,K0260,/contact,mobile,2024-03-18
E02520,C0401,K0329,/products,desktop,2024-01-14
E02521,C0200,K0135,/spec-sheets,mobile,2024-12-07
E02522,C0204,K0478,/case-studies,tablet,2024-04-01
E02523,C0000,K0119,/contact,desktop,2024-12-06
E02524,C0402,K0137,/pricing,desktop,2024-10-08
E02525,C0403,K0223,/contact,desktop,2024-09-28
E02526,C0303,K0506,/case-studies,desktop,2025-04-05
E02527,C0200,K0388,/spec-sheets,mobile,2024-10-24
E02528,C0001,K0428,/contact,desktop,2024-03-31
E02529,C0402,K0181,/contact,desktop,2024-05-07
E02530,C0201,K0330,/contact,mobile,2024-05-29
E02531,C0303,K0050,/case-studies,desktop,2024-10-21
E02532,C0102,K0270,/case-studies,desktop,2024-06-13
E02533,C0203,K0423,/spec-sheets,desktop,2024-11-16
E02534,C0202,K0335,/products,desktop,2024-07-06
E02535,C0303,K0312,/case-studies,desktop,2024-11-20
E02536,C0303,K0078,/case-studies,desktop,2025-02-11
E02537,C0303,K0332,/case-studies,desktop,2025-04-21
E02538,C0303,K0122,/pricing,desktop,2025-02-03
E02539,C0403,K0129,/case-studies,mobile,2024-11-07
E02540,C0102,K0124,/case-studies,desktop,2025-03-12
E02541,C0203,K0236,/pricing,mobile,2024-11-24
E02542,C0403,K0001,/case-studies,mobile,2025-03-12
E02543,C0401,K0337,/spec-sheets,mobile,2025-04-16
E02544,C0303,K0042,/products,mobile,2024-12-24
E02545,C0103,K0293,/spec-sheets,desktop,2025-06-08
E02546,C0404,K0190,/products,tablet,2024-07-10
E02547,C0001,K0096,/products,mobile,2025-01-03
E02548,C0204,K0490,/pricing,mobile,2024-10-03
E02549,C0404,K0429,/contact,tablet,2024-06-16
E02550,C0404,K0409,/case-studies,desktop,2024-10-02
E02551,C0201,K0435,/products,desktop,2024-10-12
E02552,C0202,K0074,/contact,desktop,2025-01-05
E02553,C0002,K0054,/spec-sheets,mobile,2024-04-25
E02554,C0200,K0128,/case-studies,mobile,2024-06-02
E02555,C0104,K0119,/spec-sheets,desktop,2025-02-10
E02556,C0303,K0270,/contact,desktop,2025-05-31
E02557,C0202,K0103,/spec-sheets,desktop,2024-08-20
E02558,C0403,K0433,/contact,desktop,2024-03-27
E02559,C0103,K0131,/spec-sheets,desktop,2024-03-30
E02560,C0202,K0105,/contact,desktop,2025-01-08
E02561,C0200,K0227,/products,mobile,2025-02-11
E02562,C0303,K0407,/spec-sheets,desktop,2024-03-08
E02563,C0000,K0054,/spec-sheets,desktop,2025-02-09
E02564,C0204,K0511,/products,mobile,2025-04-09
E02565,C0000,K0309,/spec-sheets,desktop,2024-08-26
E02566,C0400,K0333,/products,tablet,2025-05-02
E02567,C0203,K0086,/products,mobile,2024-04-25
E02568,C0303,K0474,/case-studies,desktop,2024-08-25
E02569,C0100,K0285,/products,tablet,2024-09-29
E02570,C0202,K0027,/spec-sheets,mobile,2024-08-15
E02571,C0001,K0394,/pricing,desktop,2024-02-16
E02572,C0303,K0517,/case-studies,desktop,2024-03-06
E02573,C0401,K0228,/spec-sheets,desktop,2024-01-15
E02574,C0400,K0321,/case-studies,desktop,2024-10-24
E02575,C0000,K0179,/pricing,desktop,2024-01-31
E02576,C0002,K0072,/spec-sheets,desktop,2025-04-10
E02577,C0400,K0390,/contact,desktop,2024-10-21
E02578,C0404,K0305,/case-studies,desktop,2024-10-22
E02579,C0303,K0129,/pricing,desktop,2024-02-19
E02580,C0103,K0486,/products,desktop,2024-07-25
E02581,C0002,K0442,/spec-sheets,desktop,2025-04-12
E02582,C0103,K0497,/products,mobile,2024-04-05
E02583,C0303,K0406,/case-studies,desktop,2024-12-16
E02584,C0400,K0236,/products,desktop,2024-08-18
E02585,C0004,K0394,/products,desktop,2024-12-28
E02586,C0002,K0207,/pricing,mobile,2025-02-26
E02587,C0201,K0333,/products,desktop,2025-03-03
E02588,C0404,K0386,/spec-sheets,desktop,2025-03-26
E02589,C0100,K0182,/products,desktop,2024-08-21
E02590,C0001,K0058,/spec-sheets,desktop,2024-08-20
E02591,C0303,K0056,/case-studies,desktop,2025-03-21
E02592,C0404,K0003,/contact,mobile,2025-02-12
E02593,C0202,K0511,/products,desktop,2024-05-27
E02594,C0303,K0313,/spec-sheets,mobile,2024-11-27
E02595,C0003,K0486,/spec-sheets,desktop,2024-11-16
E02596,C0101,K0159,/products,desktop,2025-05-25
E02597,C0202,K0485,/pricing,desktop,2025-06-06
E02598,C0203,K0352,/spec-sheets,desktop,2024-06-03
E02599,C0202,K0350,/contact,mobile,2024-10-18
E02600,C0102,K0417,/case-studies,tablet,2025-01-27
E02601,C0104,K0406,/case-studies,desktop,2024-12-03
E02602,C0400,K0254,/case-studies,desktop,2024-05-13
E02603,C0402,K0429,/case-studies,desktop,2024-12-21
E02604,C0004,K0366,/pricing,mobile,2024-03-19
E02605,C0402,K0117,/contact,tablet,2024-01-16
E02606,C0003,K0337,/contact,desktop,2025-03-30
E02607,C0103,K0058,/case-studies,tablet,2025-02-19
E02608,C0101,K0180,/case-studies,desktop,2024-07-26
E02609,C0103,K0218,/pricing,desktop,2024-08-30
E02610,C0303,K0507,/case-studies,mobile,2024-06-14
E02611,C0303,K0067,/case-studies,desktop,2024-08-06
E02612,C0303,K0310,/products,desktop,2024-01-15
E02613,C0103,K0337,/case-studies,desktop,2025-03-07
E02614,C0400,K0315,/products,mobile,2025-03-15
E02615,C0003,K0113,/case-studies,desktop,2024-07-16
E02616,C0401,K0050,/products,mobile,2024-12-28
E02617,C0201,K0145,/case-studies,desktop,2024-11-21
E02618,C0400,K0143,/case-studies,mobile,2024-07-06
E02619,C0000,K0333,/spec-sheets,desktop,2024-06-03
E02620,C0400,K0246,/pricing,desktop,2025-03-01
E02621,C0103,K0428,/products,desktop,2024-12-09
E02622,C0402,K0304,/case-studies,desktop,2024-04-27
E02623,C0002,K0085,/case-studies,mobile,2024-10-26
E02624,C0001,K0180,/pricing,desktop,2024-01-12
E02625,C0003,K0321,/spec-sheets,desktop,2024-11-03
E02626,C0401,K0002,/pricing,desktop,2024-08-28
E02627,C0102,K0131,/contact,desktop,2024-02-25
E02628,C0401,K0120,/pricing,desktop,2024-09-03
E02629,C0200,K0227,/case-studies,desktop,2025-02-27
E02630,C0101,K0255,/pricing,desktop,2024-08-10
E02631,C0303,K0251,/contact,tablet,2024-10-10
E02632,C0402,K0463,/spec-sheets,mobile,2024-11-25
E02633,C0204,K0061,/pricing,desktop,2025-05-09
E02634,C0401,K0401,/pricing,mobile,2024-09-29
E02635,C0402,K0112,/pricing,tablet,2024-09-29
E02636,C0204,K0507,/spec-sheets,desktop,2024-03-14
E02637,C0303,K0013,/spec-sheets,desktop,2024-04-22
E02638,C0102,K0407,/products,tablet,2024-03-16
E02639,C0401,K0394,/spec-sheets,desktop,2025-01-05
E02640,C0303,K0406,/case-studies,desktop,2024-04-06
E02641,C0203,K0279,/products,desktop,2024-04-14
E02642,C0002,K0032,/pricing,desktop,2025-02-07
E02643,C0003,K0159,/contact,desktop,2024-03-30
E02644,C0003,K0246,/pricing,mobile,2024-11-14
E02645,C0101,K0434,/case-studies,desktop,2025-04-17
E02646,C0303,K0189,/spec-sheets,desktop,2025-03-12
E02647,C0404,K0290,/products,mobile,2024-12-01
E02648,C0100,K0454,/pricing,desktop,2025-04-05
E02649,C0404,K0161,/case-studies,desktop,2024-10-16
E02650,C0403,K0227,/contact,desktop,2024-02-25
E02651,C0200,K0089,/products,desktop,2024-07-28
E02652,C0104,K0014,/pricing,mobile,2025-05-04
E02653,C0004,K0118,/pricing,mobile,2024-09-19
E02654,C0103,K0314,/case-studies,tablet,2025-01-08
E02655,C0002,K0317,/products,desktop,2024-03-15
E02656,C0003,K0220,/case-studies,desktop,2024-03-21
E02657,C0102,K0251,/case-studies,desktop,2025-05-17
E02658,C0204,K0283,/spec-sheets,desktop,2025-04-22
E02659,C0103,K0259,/pricing,mobile,2024-08-31
E02660,C0204,K0461,/pricing,desktop,2025-02-02
E02661,C0401,K0048,/spec-sheets,desktop,2024-08-11
E02662,C0403,K0005,/case-studies,mobile,2025-03-22
E02663,C0104,K0018,/case-studies,desktop,2024-01-15
E02664,C0401,K0436,/products,desktop,2024-10-20
E02665,C0303,K0480,/contact,mobile,2024-07-03
E02666,C0303,K0250,/pricing,mobile,2024-12-28
E02667,C0403,K0111,/spec-sheets,desktop,2024-01-19
E02668,C0402,K0478,/spec-sheets,desktop,2025-01-31
E02669,C0201,K0422,/case-studies,desktop,2024-11-18
E02670,C0200,K0040,/spec-sheets,desktop,2025-05-22
E02671,C0000,K0372,/contact,desktop,2025-05-04
E02672,C0204,K0044,/case-studies,desktop,2024-06-28
E02673,C0004,K0452,/case-studies,desktop,2024-12-19
E02674,C0003,K0451,/products,desktop,2024-01-09
E02675,C0100,K0280,/products,mobile,2024-04-03
E02676,C0400,K0483,/pricing,desktop,2024-08-27
E02677,C0303,K0411,/contact,desktop,2024-02-08
E02678,C0200,K0164,/case-studies,desktop,2024-05-10
E02679,C0102,K0124,/pricing,mobile,2024-10-31
E02680,C0403,K0129,/pricing,desktop,2024-11-29
E02681,C0303,K0242,/products,desktop,2025-05-09
E02682,C0103,K0255,/spec-sheets,desktop,2024-12-16
E02683,C0203,K0117,/contact,desktop,2024-10-11
E02684,C0403,K0506,/contact,mobile,2024-03-17
E02685,C0303,K0244,/products,desktop,2024-09-15
E02686,C0003,K0206,/spec-sheets,desktop,2024-11-10
E02687,C0000,K0311,/spec-sheets,desktop,2024-09-10
E02688,C0303,K0192,/contact,desktop,2024-03-03
E02689,C0001,K0447,/contact,desktop,2024-09-12
E02690,C0303,K0389,/products,mobile,2024-08-02
E02691,C0204,K0277,/spec-sheets,desktop,2025-05-07
E02692,C0000,K0105,/pricing,mobile,2025-02-19
E02693,C0404,K0229,/case-studies,desktop,2024-08-19
E02694,C0303,K0026,/contact,mobile,2024-09-01
E02695,C0201,K0462,/case-studies,mobile,2025-03-07
E02696,C0401,K0242,/case-studies,desktop,2025-01-08
E02697,C0402,K0501,/products,desktop,2024-07-26
E02698,C0403,K0089,/case-studies,mobile,2025-04-20
E02699,C0402,K0403,/products,mobile,2024-08-25
E02700,C0400,K0273,/pricing,desktop,2024-05-09
E02701,C0404,K0105,/products,desktop,2025-04-27
E02702,C0002,K0005,/products,mobile,2024-09-01
E02703,C0000,K0049,/products,desktop,2024-04-30
E02704,C0104,K0350,/products,mobile,2025-05-30
E02705,C0203,K0362,/spec-sheets,mobile,2025-02-08
E02706,C0100,K0033,/case-studies,desktop,2025-01-03
E02707,C0102,K0161,/spec-sheets,mobile,2024-08-28
E02708,C0104,K0064,/spec-sheets,desktop,2024-05-22
E02709,C0004,K0005,/products,desktop,2025-03-07
E02710,C0003,K0005,/pricing,desktop,2024-01-14
E02711,C0303,K0199,/contact,mobile,2025-01-10
E02712,C0102,K0181,/pricing,mobile,2025-06-02
E02713,C0202,K0036,/spec-sheets,desktop,2024-08-13
E02714,C0004,K0113,/spec-sheets,desktop,2025-02-03
E02715,C0204,K0159,/spec-sheets,desktop,2025-01-19
E02716,C0402,K0025,/contact,desktop,2024-08-24
E02717,C0404,K0520,/pricing,desktop,2024-09-28
E02718,C0202,K0046,/products,mobile,2025-02-22
E02719,C0103,K0284,/pricing,desktop,2024-11-12
E02720,C0104,K0207,/pricing,mobile,2024-10-20
E02721,C0303,K0233,/contact,desktop,2024-05-02
E02722,C0100,K0006,/products,desktop,2024-03-22
E02723,C0303,K0129,/products,desktop,2024-09-03
E02724,C0400,K0120,/case-studies,desktop,2024-09-28
E02725,C0200,K0462,/spec-sheets,desktop,2025-01-16
E02726,C0100,K0162,/contact,mobile,2025-03-30
E02727,C0404,K0349,/pricing,desktop,2024-09-05
E02728,C0004,K0030,/pricing,desktop,2024-05-31
E02729,C0201,K0311,/contact,mobile,2024-03-31
E02730,C0303,K0229,/case-studies,desktop,2024-09-23
E02731,C0001,K0305,/contact,mobile,2024-01-25
E02732,C0003,K0192,/case-studies,desktop,2024-10-23
E02733,C0303,K0310,/pricing,mobile,2025-01-11
E02734,C0401,K0337,/contact,desktop,2025-04-03
E02735,C0203,K0310,/spec-sheets,desktop,2025-01-17
E02736,C0203,K0469,/case-studies,mobile,2025-04-01
E02737,C0100,K0100,/case-studies,desktop,2024-03-25
E02738,C0204,K0058,/case-studies,tablet,2024-10-29
E02739,C0303,K0267,/pricing,tablet,2024-09-12
E02740,C0402,K0136,/case-studies,desktop,2024-07-10
E02741,C0203,K0423,/contact,desktop,2024-10-29
E02742,C0402,K0173,/products,desktop,2024-10-13
E02743,C0101,K0176,/products,desktop,2025-03-13
E02744,C0204,K0061,/products,desktop,2025-05-14
E02745,C0200,K0281,/contact,desktop,2025-01-28
E02746,C0404,K0023,/spec-sheets,mobile,2025-04-19
E02747,C0204,K0235,/pricing,desktop,2024-12-29
E02748,C0002,K0337,/contact,mobile,2025-04-14
E02749,C0202,K0509,/case-studies,desktop,2025-05-14
E02750,C0002,K0054,/pricing,mobile,2024-08-10
E02751,C0204,K0509,/contact,desktop,2024-11-03
E02752,C0303,K0379,/contact,desktop,2024-12-02
E02753,C0200,K0259,/case-studies,desktop,2024-03-25
E02754,C0104,K0388,/products,desktop,2025-03-13
E02755,C0003,K0313,/contact,mobile,2025-03-22
E02756,C0303,K0393,/spec-sheets,mobile,2024-03-31
E02757,C0400,K0154,/products,mobile,2025-01-08
E02758,C0403,K0461,/pricing,mobile,2025-02-20
E02759,C0303,K0219,/spec-sheets,desktop,2024-01-10
E02760,C0102,K0350,/pricing,desktop,2024-03-27
E02761,C0200,K0067,/contact,desktop,2024-01-14
E02762,C0404,K0408,/case-studies,desktop,2024-12-28
E02763,C0303,K0005,/pricing,desktop,2024-05-26
E02764,C0202,K0332,/contact,mobile,2025-02-25
E02765,C0004,K0086,/products,mobile,2024-05-18
E02766,C0104,K0308,/case-studies,mobile,2024-10-24
E02767,C0201,K0123,/contact,desktop,2025-02-05
E02768,C0002,K0415,/spec-sheets,desktop,2024-07-08
E02769,C0002,K0057,/pricing,mobile,2024-02-02
E02770,C0002,K0305,/spec-sheets,mobile,2024-02-26
E02771,C0303,K0360,/spec-sheets,mobile,2024-05-19
E02772,C0400,K0486,/contact,mobile,2025-05-09
E02773,C0402,K0135,/contact,desktop,2025-04-22
E02774,C0103,K0006,/products,mobile,2025-01-07
E02775,C0100,K0331,/spec-sheets,tablet,2024-07-17
E02776,C0202,K0341,/pricing,desktop,2024-11-28
E02777,C0002,K0458,/contact,desktop,2024-08-17
E02778,C0101,K0318,/contact,tablet,2025-01-25
E02779,C0303,K0273,/contact,desktop,2025-05-01
E02780,C0000,K0106,/case-studies,mobile,2024-12-08
E02781,C0303,K0339,/products,desktop,2025-03-17
E02782,C0100,K0498,/contact,mobile,2025-03-15
E02783,C0003,K0256,/pricing,mobile,2025-03-12
E02784,C0002,K0363,/products,tablet,2024-03-30
E02785,C0402,K0022,/products,mobile,2025-04-17
E02786,C0404,K0069,/contact,tablet,2025-05-29
E02787,C0200,K0453,/pricing,desktop,2024-11-13
E02788,C0403,K0380,/products,desktop,2024-08-25
E02789,C0400,K0510,/pricing,desktop,2025-01-02
E02790,C0400,K0218,/case-studies,tablet,2024-07-15
E02791,C0303,K0105,/spec-sheets,desktop,2025-01-26
E02792,C0104,K0068,/products,desktop,2025-02-23
E02793,C0303,K0311,/contact,mobile,2024-04-09
E02794,C0402,K0487,/contact,tablet,2024-01-19
E02795,C0203,K0226,/spec-sheets,tablet,2025-05-13
E02796,C0104,K0181,/products,desktop,2024-04-19
E02797,C0004,K0024,/products,desktop,2025-05-13
E02798,C0203,K0231,/case-studies,desktop,2025-04-25
E02799,C0000,K0277,/pricing,mobile,2025-02-19
E02800,C0203,K0282,/pricing,desktop,2025-04-23
E02801,C0303,K0400,/spec-sheets,mobile,2024-01-28
E02802,C0403,K0019,/spec-sheets,tablet,2025-01-29
E02803,C0200,K0495,/products,mobile,2024-04-01
E02804,C0403,K0083,/case-studies,desktop,2024-12-01
E02805,C0402,K0324,/contact,desktop,2024-02-04
E02806,C0303,K0518,/pricing,mobile,2024-01-11
E02807,C0200,K0308,/case-studies,mobile,2024-07-13
E02808,C0303,K0109,/pricing,desktop,2025-03-07
E02809,C0003,K0396,/case-studies,mobile,2024-04-28
E02810,C0303,K0092,/spec-sheets,desktop,2025-05-03
E02811,C0202,K0394,/pricing,desktop,2024-12-19
E02812,C0104,K0066,/spec-sheets,tablet,2025-01-14
E02813,C0002,K0112,/pricing,mobile,2024-02-14
E02814,C0400,K0033,/pricing,mobile,2024-10-20
E02815,C0402,K0389,/pricing,desktop,2024-06-07
E02816,C0102,K0106,/pricing,desktop,2024-07-25
E02817,C0003,K0096,/case-studies,desktop,2024-01-12
E02818,C0203,K0212,/pricing,desktop,2024-05-09
E02819,C0403,K0310,/products,desktop,2024-02-07
E02820,C0000,K0438,/case-studies,desktop,2024-02-25
E02821,C0101,K0096,/spec-sheets,mobile,2025-03-04
E02822,C0404,K0354,/spec-sheets,mobile,2025-05-03
E02823,C0004,K0082,/products,desktop,2025-04-24
E02824,C0204,K0474,/case-studies,desktop,2025-03-01
E02825,C0000,K0136,/case-studies,desktop,2024-06-20
E02826,C0303,K0363,/contact,mobile,2025-04-19
E02827,C0303,K0020,/pricing,desktop,2024-10-22
E02828,C0403,K0114,/spec-sheets,desktop,2024-03-22
E02829,C0004,K0490,/case-studies,desktop,2024-09-14
E02830,C0404,K0224,/case-studies,desktop,2024-07-06
E02831,C0404,K0076,/products,desktop,2025-02-27
E02832,C0200,K0056,/pricing,desktop,2024-08-06
E02833,C0002,K0002,/spec-sheets,mobile,2024-09-04
E02834,C0003,K0261,/pricing,mobile,2024-07-05
E02835,C0203,K0034,/products,desktop,2025-02-15
E02836,C0203,K0500,/pricing,desktop,2025-01-09
E02837,C0104,K0230,/case-studies,desktop,2024-02-11
E02838,C0201,K0442,/spec-sheets,desktop,2024-11-05
E02839,C0204,K0149,/case-studies,mobile,2024-08-20
E02840,C0402,K0010,/products,desktop,2024-07-01
E02841,C0400,K0127,/products,mobile,2024-04-28
E02842,C0003,K0135,/pricing,desktop,2024-08-19
E02843,C0401,K0352,/contact,desktop,2024-05-27
E02844,C0303,K0341,/case-studies,desktop,2024-07-05
E02845,C0003,K0264,/contact,desktop,2024-04-02
E02846,C0001,K0498,/products,desktop,2024-09-27
E02847,C0203,K0038,/spec-sheets,desktop,2024-10-26
E02848,C0303,K0256,/case-studies,desktop,2025-04-14
E02849,C0303,K0092,/contact,desktop,2024-02-05
E02850,C0002,K0417,/pricing,desktop,2025-04-30
E02851,C0200,K0312,/case-studies,desktop,2025-01-16
E02852,C0303,K0005,/contact,desktop,2025-05-07
E02853,C0402,K0206,/case-studies,mobile,2024-08-03
E02854,C0404,K0240,/spec-sheets,desktop,2025-01-02
E02855,C0404,K0076,/contact,mobile,2025-02-12
E02856,C0000,K0054,/case-studies,desktop,2024-07-29
E02857,C0001,K0405,/products,mobile,2024-12-20
E02858,C0403,K0213,/contact,desktop,2025-04-14
E02859,C0101,K0237,/case-studies,desktop,2024-08-20
E02860,C0403,K0131,/products,mobile,2024-08-18
E02861,C0403,K0398,/products,desktop,2024-09-02
E02862,C0003,K0515,/pricing,desktop,2025-03-31
E02863,C0002,K0360,/spec-sheets,desktop,2024-09-05
E02864,C0004,K0421,/pricing,tablet,2024-09-15
E02865,C0401,K0309,/spec-sheets,desktop,2024-09-08
E02866,C0303,K0108,/case-studies,desktop,2025-05-14
E02867,C0103,K0234,/contact,tablet,2025-04-17
E02868,C0000,K0173,/case-studies,mobile,2025-03-30
E02869,C0104,K0427,/case-studies,desktop,2024-01-30
E02870,C0003,K0251,/pricing,desktop,2024-03-27
E02871,C0303,K0005,/contact,desktop,2024-04-29
E02872,C0400,K0508,/spec-sheets,mobile,2025-05-24
E02873,C0102,K0220,/contact,desktop,2024-03-12
E02874,C0200,K0266,/products,desktop,2025-03-13
E02875,C0102,K0315,/case-studies,desktop,2024-09-21
E02876,C0002,K0088,/products,desktop,2024-05-10
E02877,C0103,K0263,/contact,desktop,2025-02-05
E02878,C0104,K0400,/pricing,mobile,2024-06-24
E02879,C0202,K0065,/contact,desktop,2024-06-24
E02880,C0403,K0045,/pricing,desktop,2024-05-02
E02881,C0303,K0161,/case-studies,desktop,2024-06-03
E02882,C0303,K0020,/case-studies,mobile,2025-01-21
E02883,C0204,K0310,/pricing,mobile,2024-02-15
E02884,C0400,K0380,/products,mobile,2025-05-05
E02885,C0002,K0123,/case-studies,desktop,2024-02-28
E02886,C0303,K0142,/contact,desktop,2024-02-08
E02887,C0004,K0062,/pricing,desktop,2024-06-28
E02888,C0203,K0056,/pricing,desktop,2025-05-08
E02889,C0400,K0510,/pricing,desktop,2024-10-16
E02890,C0201,K0443,/case-studies,mobile,2025-03-23
E02891,C0402,K0461,/pricing,desktop,2024-07-04
E02892,C0103,K0456,/spec-sheets,desktop,2024-10-08
E02893,C0401,K0020,/spec-sheets,desktop,2024-07-22
E02894,C0000,K0287,/pricing,desktop,2024-11-06
E02895,C0402,K0317,/case-studies,desktop,2024-12-29
E02896,C0002,K0262,/products,desktop,2024-03-28
E02897,C0001,K0337,/spec-sheets,mobile,2024-08-06
E02898,C0202,K0212,/pricing,desktop,2025-02-04
E02899,C0201,K0328,/spec-sheets,mobile,2024-07-25
E02900,C0402,K0144,/contact,desktop,2024-04-10
E02901,C0303,K0043,/case-studies,desktop,2024-07-26
E02902,C0002,K0108,/contact,desktop,2025-04-20
E02903,C0200,K0484,/case-studies,tablet,2024-06-05
E02904,C0101,K0076,/spec-sheets,desktop,2024-12-31
E02905,C0303,K0439,/products,desktop,2024-08-13
E02906,C0400,K0149,/case-studies,mobile,2024-12-05
E02907,C0303,K0062,/spec-sheets,desktop,2024-03-13
E02908,C0303,K0313,/products,desktop,2025-06-03
E02909,C0200,K0020,/spec-sheets,tablet,2024-04-30
E02910,C0001,K0371,/spec-sheets,desktop,2024-03-09
E02911,C0103,K0124,/contact,desktop,2024-08-31
E02912,C0202,K0155,/contact,desktop,2024-02-16
E02913,C0200,K0309,/products,desktop,2024-12-29
E02914,C0404,K0416,/contact,desktop,2025-05-05
E02915,C0003,K0256,/contact,desktop,2024-08-28
E02916,C0002,K0054,/pricing,mobile,2024-05-19
E02917,C0104,K0352,/case-studies,mobile,2025-01-21
E02918,C0002,K0088,/case-studies,desktop,2024-05-13
E02919,C0303,K0176,/contact,desktop,2024-09-12
E02920,C0303,K0233,/contact,mobile,2025-01-25
E02921,C0202,K0097,/products,desktop,2025-02-05
E02922,C0303,K0261,/products,desktop,2024-02-06
E02923,C0204,K0473,/products,mobile,2025-05-28
E02924,C0101,K0394,/contact,tablet,2024-09-29
E02925,C0200,K0104,/products,tablet,2024-01-27
E02926,C0303,K0204,/pricing,mobile,2024-09-16
E02927,C0200,K0287,/pricing,desktop,2024-09-02
E02928,C0403,K0198,/products,desktop,2024-04-04
E02929,C0303,K0159,/pricing,desktop,2025-02-16
E02930,C0003,K0405,/case-studies,desktop,2024-12-10
E02931,C0303,K0515,/spec-sheets,desktop,2024-12-24
E02932,C0102,K0520,/contact,mobile,2024-09-27
E02933,C0103,K0271,/products,desktop,2025-03-02
E02934,C0400,K0226,/case-studies,desktop,2024-10-19
E02935,C0403,K0033,/products,desktop,2024-08-24
E02936,C0102,K0310,/case-studies,mobile,2024-03-27
E02937,C0202,K0066,/products,desktop,2025-04-18
E02938,C0103,K0063,/contact,mobile,2025-02-07
E02939,C0202,K0131,/contact,desktop,2024-11-19
E02940,C0303,K0501,/spec-sheets,desktop,2024-12-24
E02941,C0203,K0346,/products,desktop,2025-02-08
E02942,C0303,K0243,/spec-sheets,desktop,2025-05-03
E02943,C0401,K0075,/spec-sheets,desktop,2024-02-10
E02944,C0001,K0068,/spec-sheets,mobile,2024-10-20
E02945,C0000,K0331,/case-studies,desktop,2024-03-07
E02946,C0303,K0043,/contact,mobile,2024-06-29
E02947,C0002,K0433,/case-studies,desktop,2024-03-17
E02948,C0204,K0490,/contact,desktop,2024-10-11
E02949,C0202,K0019,/pricing,desktop,2024-02-07
E02950,C0303,K0506,/contact,tablet,2025-04-20
E02951,C0303,K0363,/case-studies,desktop,2024-02-23
E02952,C0204,K0299,/contact,desktop,2024-03-15
E02953,C0303,K0340,/pricing,tablet,2024-10-14
E02954,C0303,K0317,/contact,desktop,2025-04-02
E02955,C0104,K0205,/pricing,desktop,2025-06-01
E02956,C0404,K0031,/pricing,desktop,2024-11-08
E02957,C0001,K0114,/spec-sheets,desktop,2024-04-28
E02958,C0201,K0342,/products,desktop,2024-10-02
E02959,C0303,K0327,/pricing,desktop,2025-03-14
E02960,C0102,K0027,/products,desktop,2025-04-19
E02961,C0100,K0445,/spec-sheets,mobile,2025-04-22
E02962,C0200,K0355,/contact,desktop,2025-01-10
E02963,C0402,K0474,/products,desktop,2024-01-11
E02964,C0203,K0370,/spec-sheets,desktop,2024-11-01
E02965,C0303,K0484,/case-studies,desktop,2025-05-03
E02966,C0003,K0288,/products,desktop,2025-02-19
E02967,C0404,K0126,/contact,desktop,2025-04-02
E02968,C0104,K0018,/pricing,mobile,2025-03-03
E02969,C0202,K0127,/spec-sheets,mobile,2024-01-22
E02970,C0004,K0012,/contact,mobile,2025-06-05
E02971,C0401,K0430,/contact,desktop,2025-02-08
E02972,C0103,K0366,/pricing,desktop,2024-11-21
E02973,C0400,K0465,/pricing,desktop,2025-05-29
E02974,C0403,K0351,/products,tablet,2024-02-17
E02975,C0303,K0317,/spec-sheets,desktop,2024-12-01
E02976,C0204,K0360,/spec-sheets,desktop,2025-06-01
E02977,C0203,K0431,/spec-sheets,mobile,2025-01-06
E02978,C0200,K0142,/case-studies,mobile,2024-12-09
E02979,C0201,K0512,/pricing,tablet,2024-03-21
E02980,C0002,K0405,/spec-sheets,desktop,2024-10-29
E02981,C0101,K0089,/products,mobile,2024-12-19
E02982,C0303,K0065,/products,desktop,2024-06-01
E02983,C0402,K0284,/case-studies,tablet,2025-01-27
E02984,C0203,K0387,/products,desktop,2025-05-28
E02985,C0001,K0379,/pricing,desktop,2024-08-14
E02986,C0103,K0124,/pricing,desktop,2024-12-24
E02987,C0004,K0509,/pricing,mobile,2024-07-04
E02988,C0403,K0330,/pricing,desktop,2025-03-20
E02989,C0303,K0501,/contact,mobile,2024-02-23
E02990,C0303,K0363,/pricing,desktop,2024-09-24
E02991,C0401,K0452,/products,desktop,2024-12-20
E02992,C0100,K0312,/spec-sheets,mobile,2025-03-20
E02993,C0101,K0491,/spec-sheets,mobile,2025-03-18
E02994,C0202,K0050,/pricing,desktop,2024-01-09
E02995,C0303,K0422,/case-studies,desktop,2024-10-15
E02996,C0202,K0375,/case-studies,desktop,2024-07-04
E02997,C0303,K0327,/case-studies,desktop,2025-06-06
E02998,C0000,K0144,/contact,mobile,2024-12-10
E02999,C0104,K0067,/contact,desktop,2025-01-23
E03000,C0303,K0473,/pricing,desktop,2024-04-28
