ticket_id,install,opened,category,body,first_response_h,resolved
T000001,I00003,2024-12-12,wear,"drive wear and vibration, continuous three shift operation since install",1,False
T000002,I00004,2024-10-24,electrical,"control board error code 21, replaced the relay, fault cleared",30,False
T000003,I00005,2025-05-27,wear,"drive wear and vibration, continuous three shift operation since install",3,False
T000004,I00007,2026-02-17,overheat,"recurring overheat alarm, heat soak in the enclosure, thermal derate all afternoon",4,True
T000005,I00009,2024-06-18,overheat,"machine stops when ambient climbs, thermal fault logged, restarts after cooling",4,True
T000006,I00011,2026-03-10,overheat,"thermal shutdown again at 41C ambient, passive cooling cannot keep up in summer",54,True
T000007,I00011,2025-07-18,overheat,"unit shuts down midday, ambient 44C on the yard, thermal cutout trips repeatedly",30,True
T000008,I00011,2025-09-09,wear,"bearing play after continuous running, wear on the drive belt, third shift usage",30,True
T000009,I00012,2025-05-27,wear,"bearing play after continuous running, wear on the drive belt, third shift usage",1,True
T000010,I00012,2026-01-10,user-error,"guard interlock left open, machine correctly refused to start, user error",3,True
T000011,I00013,2025-09-13,overheat,"unit shuts down midday, ambient 44C on the yard, thermal cutout trips repeatedly",12,False
T000012,I00014,2024-11-04,user-error,"wrong operating mode selected, user error, showed the team the correct sequence",8,True
T000013,I00017,2026-01-04,wear,"drive wear and vibration, continuous three shift operation since install",54,True
T000014,I00019,2025-02-14,overheat,"overheating during afternoon peak, thermal protection engaged, cooling fins caked",30,True
T000015,I00021,2025-12-09,overheat,"overheating during afternoon peak, thermal protection engaged, cooling fins caked",18,True
T000016,I00022,2025-01-17,wear,"drive wear and vibration, continuous three shift operation since install",18,True
T000017,I00023,2025-05-18,wear,"drive wear and vibration, continuous three shift operation since install",1,True
T000018,I00023,2024-11-30,user-error,"operator loaded above rated capacity, retrained the crew, no defect found",3,True
T000019,I00024,2025-06-11,electrical,"intermittent contactor fault, panel resets on its own, no pattern found",8,True
T000020,I00026,2024-11-13,wear,"bearing play after continuous running, wear on the drive belt, third shift usage",30,False
T000021,I00026,2025-03-20,electrical,"control board error code 21, replaced the relay, fault cleared",54,False
T000022,I00027,2025-07-01,overheat,"thermal shutdown again at 41C ambient, passive cooling cannot keep up in summer",54,True
T000023,I00029,2025-03-21,wear,"bearing play after continuous running, wear on the drive belt, third shift usage",54,True
T000024,I00032,2025-10-03,overheat,"thermal shutdown again at 41C ambient, passive cooling cannot keep up in summer",54,True
T000025,I00034,2024-12-30,overheat,"overheating during afternoon peak, thermal protection engaged, cooling fins caked",3,True
T000026,I00034,2025-09-14,overheat,"thermal shutdown again at 41C ambient, passive cooling cannot keep up in summer",8,True
T000027,I00034,2025-12-02,overheat,"machine stops when ambient climbs, thermal fault logged, restarts after cooling",3,True
T000028,I00035,2024-09-23,overheat,"machine stops when ambient climbs, thermal fault logged, restarts after cooling",1,True
T000029,I00035,2024-11-15,user-error,"wrong operating mode selected, user error, showed the team the correct sequence",8,True
T000030,I00039,2025-03-01,overheat,"machine stops when ambient climbs, thermal fault logged, restarts after cooling",1,True
T000031,I00040,2025-05-03,overheat,"machine stops when ambient climbs, thermal fault logged, restarts after cooling",12,False
T000032,I00040,2025-03-08,overheat,"machine stops when ambient climbs, thermal fault logged, restarts after cooling",54,True
T000033,I00040,2024-05-07,wear,"bearing play after continuous running, wear on the drive belt, third shift usage",54,True
T000034,I00044,2024-12-15,overheat,"machine stops when ambient climbs, thermal fault logged, restarts after cooling",30,True
T000035,I00047,2025-04-17,electrical,"intermittent contactor fault, panel resets on its own, no pattern found",8,True
T000036,I00050,2024-10-06,electrical,"control board error code 21, replaced the relay, fault cleared",12,True
T000037,I00052,2024-07-07,overheat,"thermal shutdown again at 41C ambient, passive cooling cannot keep up in summer",18,True
T000038,I00052,2025-02-01,wear,"drive wear and vibration, continuous three shift operation since install",3,True
T000039,I00053,2025-04-03,wear,"drive wear and vibration, continuous three shift operation since install",96,True
T000040,I00054,2025-12-13,overheat,"recurring overheat alarm, heat soak in the enclosure, thermal derate all afternoon",54,True
T000041,I00055,2024-06-05,overheat,"unit shuts down midday, ambient 44C on the yard, thermal cutout trips repeatedly",8,True
T000042,I00057,2025-12-26,wear,"drive wear and vibration, continuous three shift operation since install",12,True
T000043,I00058,2025-02-16,wear,"belt slippage and wear, machine never idles, wear parts replaced twice",30,False
T000044,I00059,2025-08-23,overheat,"overheating during afternoon peak, thermal protection engaged, cooling fins caked",54,True
T000045,I00059,2026-04-27,user-error,"operator loaded above rated capacity, retrained the crew, no defect found",4,True
T000046,I00065,2025-10-01,overheat,"thermal shutdown again at 41C ambient, passive cooling cannot keep up in summer",1,True
T000047,I00065,2025-04-28,overheat,"overheating during afternoon peak, thermal protection engaged, cooling fins caked",1,True
T000048,I00067,2024-11-09,overheat,"machine stops when ambient climbs, thermal fault logged, restarts after cooling",3,True
T000049,I00067,2025-02-17,user-error,"operator loaded above rated capacity, retrained the crew, no defect found",1,True
T000050,I00070,2024-09-28,overheat,"overheating during afternoon peak, thermal protection engaged, cooling fins caked",4,True
T000051,I00070,2024-08-09,electrical,"control board error code 21, replaced the relay, fault cleared",12,False
T000052,I00072,2025-04-07,electrical,"control board error code 21, replaced the relay, fault cleared",30,True
T000053,I00073,2025-12-08,overheat,"unit shuts down midday, ambient 44C on the yard, thermal cutout trips repeatedly",96,True
T000054,I00073,2025-10-26,overheat,"unit shuts down midday, ambient 44C on the yard, thermal cutout trips repeatedly",12,True
T000055,I00073,2026-01-01,wear,"excessive wear on rollers, unit running 24h, duty cycle far above rating",30,True
T000056,I00073,2026-01-13,wear,"drive wear and vibration, continuous three shift operation since install",12,True
T000057,I00074,2025-08-22,electrical,"control board error code 21, replaced the relay, fault cleared",54,True
T000058,I00075,2026-07-09,electrical,"intermittent contactor fault, panel resets on its own, no pattern found",30,True
T000059,I00076,2025-06-26,overheat,"machine stops when ambient climbs, thermal fault logged, restarts after cooling",8,True
T000060,I00078,2025-09-02,wear,"bearing play after continuous running, wear on the drive belt, third shift usage",30,True
T000061,I00078,2025-04-07,wear,"belt slippage and wear, machine never idles, wear parts replaced twice",96,True
T000062,I00080,2025-12-18,electrical,"power supply dropout, breaker tripped once, wiring inspected and fine",1,True
T000063,I00081,2025-11-02,wear,"excessive wear on rollers, unit running 24h, duty cycle far above rating",3,True
T000064,I00083,2025-04-23,overheat,"recurring overheat alarm, heat soak in the enclosure, thermal derate all afternoon",3,False
T000065,I00084,2026-01-21,electrical,"control board error code 21, replaced the relay, fault cleared",12,True
T000066,I00085,2025-03-27,user-error,"operator loaded above rated capacity, retrained the crew, no defect found",54,True
T000067,I00086,2025-04-09,electrical,"power supply dropout, breaker tripped once, wiring inspected and fine",96,True
T000068,I00087,2025-02-08,overheat,"unit shuts down midday, ambient 44C on the yard, thermal cutout trips repeatedly",30,True
T000069,I00088,2024-10-30,wear,"bearing play after continuous running, wear on the drive belt, third shift usage",54,True
T000070,I00090,2024-12-05,overheat,"recurring overheat alarm, heat soak in the enclosure, thermal derate all afternoon",4,True
T000071,I00092,2025-10-21,overheat,"recurring overheat alarm, heat soak in the enclosure, thermal derate all afternoon",96,True
T000072,I00093,2026-09-12,overheat,"recurring overheat alarm, heat soak in the enclosure, thermal derate all afternoon",4,True
T000073,I00093,2025-09-28,overheat,"unit shuts down midday, ambient 44C on the yard, thermal cutout trips repeatedly",54,True
T000074,I00093,2026-03-08,wear,"bearing play after continuous running, wear on the drive belt, third shift usage",12,True
T000075,I00093,2025-09-08,user-error,"wrong operating mode selected, user error, showed the team the correct sequence",12,True
T000076,I00094,2024-08-14,overheat,"thermal shutdown again at 41C ambient, passive cooling cannot keep up in summer",4,False
T000077,I00094,2025-04-28,overheat,"overheating during afternoon peak, thermal protection engaged, cooling fins caked",54,True
T000078,I00094,2025-01-22,wear,"excessive wear on rollers, unit running 24h, duty cycle far above rating",12,True
T000079,I00095,2025-10-09,overheat,"unit shuts down midday, ambient 44C on the yard, thermal cutout trips repeatedly",1,True
T000080,I00095,2025-05-01,user-error,"guard interlock left open, machine correctly refused to start, user error",8,True
T000081,I00095,2025-04-22,user-error,"operator loaded above rated capacity, retrained the crew, no defect found",3,False
T000082,I00097,2024-07-31,overheat,"overheating during afternoon peak, thermal protection engaged, cooling fins caked",30,True
T000083,I00097,2025-02-21,overheat,"thermal shutdown again at 41C ambient, passive cooling cannot keep up in summer",4,True
T000084,I00098,2024-09-20,overheat,"overheating during afternoon peak, thermal protection engaged, cooling fins caked",4,False
T000085,I00098,2024-10-20,overheat,"machine stops when ambient climbs, thermal fault logged, restarts after cooling",4,True
T000086,I00098,2025-04-04,electrical,"power supply dropout, breaker tripped once, wiring inspected and fine",30,False
T000087,I00099,2025-10-28,wear,"bearing play after continuous running, wear on the drive belt, third shift usage",3,True
T000088,I00099,2025-01-24,electrical,"control board error code 21, replaced the relay, fault cleared",40,True
T000089,I00102,2025-10-27,user-error,"guard interlock left open, machine correctly refused to start, user error",1,True
T000090,I00103,2026-03-28,user-error,"guard interlock left open, machine correctly refused to start, user error",1,True
T000091,I00104,2025-08-16,user-error,"wrong operating mode selected, user error, showed the team the correct sequence",1,True
T000092,I00106,2025-02-01,overheat,"unit shuts down midday, ambient 44C on the yard, thermal cutout trips repeatedly",40,True
T000093,I00108,2024-08-16,electrical,"control board error code 21, replaced the relay, fault cleared",1,True
T000094,I00108,2024-10-27,user-error,"guard interlock left open, machine correctly refused to start, user error",3,True
T000095,I00109,2024-06-12,wear,"bearing play after continuous running, wear on the drive belt, third shift usage",54,True
T000096,I00113,2025-05-20,overheat,"machine stops when ambient climbs, thermal fault logged, restarts after cooling",12,True
T000097,I00115,2025-02-16,electrical,"control board error code 21, replaced the relay, fault cleared",30,True
T000098,I00116,2025-12-31,wear,"belt slippage and wear, machine never idles, wear parts replaced twice",8,True
T000099,I00116,2026-02-12,electrical,"intermittent contactor fault, panel resets on its own, no pattern found",40,False
T000100,I00117,2025-11-14,overheat,"thermal shutdown again at 41C ambient, passive cooling cannot keep up in summer",3,True
T000101,I00117,2025-02-19,electrical,"control board error code 21, replaced the relay, fault cleared",8,True
T000102,I00119,2025-03-13,overheat,"machine stops when ambient climbs, thermal fault logged, restarts after cooling",12,True
T000103,I00119,2024-05-13,wear,"drive wear and vibration, continuous three shift operation since install",12,True
T000104,I00120,2026-02-10,wear,"belt slippage and wear, machine never idles, wear parts replaced twice",3,True
T000105,I00121,2025-12-28,wear,"belt slippage and wear, machine never idles, wear parts replaced twice",1,False
T000106,I00122,2025-04-28,overheat,"unit shuts down midday, ambient 44C on the yard, thermal cutout trips repeatedly",96,True
T000107,I00122,2025-03-12,overheat,"machine stops when ambient climbs, thermal fault logged, restarts after cooling",30,True
T000108,I00122,2025-06-05,wear,"drive wear and vibration, continuous three shift operation since install",54,True
T000109,I00122,2025-03-20,wear,"excessive wear on rollers, unit running 24h, duty cycle far above rating",12,True
T000110,I00124,2025-07-21,overheat,"machine stops when ambient climbs, thermal fault logged, restarts after cooling",30,True
T000111,I00125,2025-09-10,overheat,"recurring overheat alarm, heat soak in the enclosure, thermal derate all afternoon",96,True
T000112,I00125,2025-10-17,overheat,"overheating during afternoon peak, thermal protection engaged, cooling fins caked",12,True
T000113,I00125,2026-01-20,wear,"excessive wear on rollers, unit running 24h, duty cycle far above rating",54,True
T000114,I00125,2025-03-18,user-error,"wrong operating mode selected, user error, showed the team the correct sequence",54,True
T000115,I00126,2024-10-31,wear,"belt slippage and wear, machine never idles, wear parts replaced twice",30,True
T000116,I00127,2025-04-08,wear,"belt slippage and wear, machine never idles, wear parts replaced twice",8,False
T000117,I00128,2025-04-18,wear,"excessive wear on rollers, unit running 24h, duty cycle far above rating",30,True
T000118,I00131,2026-04-13,user-error,"operator loaded above rated capacity, retrained the crew, no defect found",30,False
T000119,I00132,2025-04-04,overheat,"recurring overheat alarm, heat soak in the enclosure, thermal derate all afternoon",8,True
T000120,I00135,2025-09-15,overheat,"thermal shutdown again at 41C ambient, passive cooling cannot keep up in summer",30,True
T000121,I00136,2024-07-14,electrical,"power supply dropout, breaker tripped once, wiring inspected and fine",1,False
T000122,I00137,2026-04-28,overheat,"overheating during afternoon peak, thermal protection engaged, cooling fins caked",4,True
T000123,I00137,2026-05-27,user-error,"operator loaded above rated capacity, retrained the crew, no defect found",96,True
T000124,I00139,2024-08-24,overheat,"recurring overheat alarm, heat soak in the enclosure, thermal derate all afternoon",1,True
T000125,I00144,2025-09-16,user-error,"operator loaded above rated capacity, retrained the crew, no defect found",18,True
T000126,I00146,2025-12-30,overheat,"overheating during afternoon peak, thermal protection engaged, cooling fins caked",54,True
T000127,I00148,2024-12-12,wear,"belt slippage and wear, machine never idles, wear parts replaced twice",54,True
T000128,I00149,2025-06-13,overheat,"unit shuts down midday, ambient 44C on the yard, thermal cutout trips repeatedly",54,True
T000129,I00151,2025-07-14,overheat,"overheating during afternoon peak, thermal protection engaged, cooling fins caked",40,True
T000130,I00151,2025-03-25,overheat,"recurring overheat alarm, heat soak in the enclosure, thermal derate all afternoon",1,True
T000131,I00151,2025-03-14,wear,"belt slippage and wear, machine never idles, wear parts replaced twice",40,True
T000132,I00151,2025-04-13,electrical,"intermittent contactor fault, panel resets on its own, no pattern found",3,False
T000133,I00153,2025-03-18,wear,"drive wear and vibration, continuous three shift operation since install",30,True
T000134,I00153,2025-09-30,wear,"drive wear and vibration, continuous three shift operation since install",96,True
T000135,I00154,2025-03-26,overheat,"recurring overheat alarm, heat soak in the enclosure, thermal derate all afternoon",12,True
T000136,I00154,2024-09-22,overheat,"unit shuts down midday, ambient 44C on the yard, thermal cutout trips repeatedly",4,True
T000137,I00154,2024-06-16,overheat,"thermal shutdown again at 41C ambient, passive cooling cannot keep up in summer",30,False
T000138,I00155,2025-05-19,overheat,"thermal shutdown again at 41C ambient, passive cooling cannot keep up in summer",12,False
T000139,I00156,2025-01-25,electrical,"control board error code 21, replaced the relay, fault cleared",54,False
T000140,I00157,2024-04-26,wear,"belt slippage and wear, machine never idles, wear parts replaced twice",8,True
T000141,I00159,2025-07-28,overheat,"recurring overheat alarm, heat soak in the enclosure, thermal derate all afternoon",1,False
T000142,I00159,2025-04-12,overheat,"unit shuts down midday, ambient 44C on the yard, thermal cutout trips repeatedly",3,True
T000143,I00159,2025-12-04,user-error,"operator loaded above rated capacity, retrained the crew, no defect found",3,True
T000144,I00160,2025-02-04,wear,"bearing play after continuous running, wear on the drive belt, third shift usage",18,True
T000145,I00161,2026-04-20,overheat,"machine stops when ambient climbs, thermal fault logged, restarts after cooling",8,True
T000146,I00161,2026-02-04,overheat,"recurring overheat alarm, heat soak in the enclosure, thermal derate all afternoon",3,True
T000147,I00162,2025-12-20,electrical,"control board error code 21, replaced the relay, fault cleared",40,True
T000148,I00163,2025-04-09,overheat,"recurring overheat alarm, heat soak in the enclosure, thermal derate all afternoon",4,False
T000149,I00163,2025-09-20,user-error,"operator loaded above rated capacity, retrained the crew, no defect found",12,True
T000150,I00165,2025-05-20,overheat,"recurring overheat alarm, heat soak in the enclosure, thermal derate all afternoon",1,True
T000151,I00166,2026-01-25,overheat,"thermal shutdown again at 41C ambient, passive cooling cannot keep up in summer",12,True
T000152,I00167,2025-11-05,wear,"bearing play after continuous running, wear on the drive belt, third shift usage",3,True
T000153,I00167,2025-02-20,wear,"belt slippage and wear, machine never idles, wear parts replaced twice",18,True
T000154,I00168,2025-10-31,overheat,"machine stops when ambient climbs, thermal fault logged, restarts after cooling",3,True
T000155,I00168,2026-01-26,overheat,"recurring overheat alarm, heat soak in the enclosure, thermal derate all afternoon",8,True
T000156,I00170,2025-02-27,overheat,"recurring overheat alarm, heat soak in the enclosure, thermal derate all afternoon",54,True
T000157,I00170,2025-06-11,overheat,"machine stops when ambient climbs, thermal fault logged, restarts after cooling",12,True
T000158,I00172,2024-08-10,wear,"belt slippage and wear, machine never idles, wear parts replaced twice",3,True
T000159,I00172,2024-10-08,wear,"excessive wear on rollers, unit running 24h, duty cycle far above rating",40,True
T000160,I00175,2026-01-14,wear,"drive wear and vibration, continuous three shift operation since install",12,False
T000161,I00175,2025-10-22,wear,"bearing play after continuous running, wear on the drive belt, third shift usage",30,False
T000162,I00176,2024-11-25,wear,"drive wear and vibration, continuous three shift operation since install",4,True
T000163,I00177,2025-01-22,overheat,"unit shuts down midday, ambient 44C on the yard, thermal cutout trips repeatedly",1,True
T000164,I00177,2025-04-01,overheat,"thermal shutdown again at 41C ambient, passive cooling cannot keep up in summer",40,False
T000165,I00177,2024-09-21,overheat,"recurring overheat alarm, heat soak in the enclosure, thermal derate all afternoon",18,True
T000166,I00177,2024-06-21,user-error,"guard interlock left open, machine correctly refused to start, user error",3,True
T000167,I00179,2025-06-29,overheat,"overheating during afternoon peak, thermal protection engaged, cooling fins caked",4,True
T000168,I00179,2025-11-15,user-error,"operator loaded above rated capacity, retrained the crew, no defect found",30,True
T000169,I00181,2025-04-13,overheat,"recurring overheat alarm, heat soak in the enclosure, thermal derate all afternoon",4,True
T000170,I00181,2024-11-14,wear,"excessive wear on rollers, unit running 24h, duty cycle far above rating",30,False
T000171,I00182,2025-05-29,electrical,"control board error code 21, replaced the relay, fault cleared",12,True
T000172,I00185,2025-04-29,wear,"belt slippage and wear, machine never idles, wear parts replaced twice",40,True
T000173,I00185,2025-03-04,wear,"belt slippage and wear, machine never idles, wear parts replaced twice",3,True
T000174,I00186,2025-02-01,overheat,"machine stops when ambient climbs, thermal fault logged, restarts after cooling",96,True
T000175,I00186,2025-11-25,electrical,"control board error code 21, replaced the relay, fault cleared",12,True
T000176,I00187,2025-07-24,overheat,"unit shuts down midday, ambient 44C on the yard, thermal cutout trips repeatedly",3,True
T000177,I00188,2025-10-20,overheat,"overheating during afternoon peak, thermal protection engaged, cooling fins caked",1,True
T000178,I00201,2026-01-10,overheat,"machine stops when ambient climbs, thermal fault logged, restarts after cooling",8,True
T000179,I00201,2025-08-27,overheat,"unit shuts down midday, ambient 44C on the yard, thermal cutout trips repeatedly",18,True
T000180,I00201,2025-08-31,user-error,"wrong operating mode selected, user error, showed the team the correct sequence",1,True
T000181,I00203,2025-03-05,overheat,"machine stops when ambient climbs, thermal fault logged, restarts after cooling",18,True
T000182,I00203,2025-01-17,overheat,"thermal shutdown again at 41C ambient, passive cooling cannot keep up in summer",40,False
T000183,I00207,2024-12-07,overheat,"recurring overheat alarm, heat soak in the enclosure, thermal derate all afternoon",1,True
T000184,I00208,2025-09-27,wear,"bearing play after continuous running, wear on the drive belt, third shift usage",12,True
T000185,I00210,2025-12-13,user-error,"operator loaded above rated capacity, retrained the crew, no defect found",8,False
T000186,I00211,2025-10-20,overheat,"unit shuts down midday, ambient 44C on the yard, thermal cutout trips repeatedly",3,False
T000187,I00213,2024-12-31,wear,"drive wear and vibration, continuous three shift operation since install",96,True
T000188,I00214,2026-04-10,wear,"excessive wear on rollers, unit running 24h, duty cycle far above rating",1,False
T000189,I00214,2026-01-02,wear,"excessive wear on rollers, unit running 24h, duty cycle far above rating",1,True
T000190,I00214,2026-02-28,electrical,"intermittent contactor fault, panel resets on its own, no pattern found",1,True
T000191,I00219,2025-10-16,user-error,"wrong operating mode selected, user error, showed the team the correct sequence",4,True
T000192,I00220,2026-04-28,overheat,"machine stops when ambient climbs, thermal fault logged, restarts after cooling",96,True
T000193,I00220,2026-03-22,overheat,"recurring overheat alarm, heat soak in the enclosure, thermal derate all afternoon",54,True
T000194,I00222,2026-05-06,overheat,"machine stops when ambient climbs, thermal fault logged, restarts after cooling",30,True
T000195,I00222,2025-06-30,wear,"bearing play after continuous running, wear on the drive belt, third shift usage",12,True
T000196,I00222,2026-05-08,user-error,"guard interlock left open, machine correctly refused to start, user error",12,True
T000197,I00223,2024-09-17,electrical,"intermittent contactor fault, panel resets on its own, no pattern found",96,False
T000198,I00227,2025-10-02,wear,"bearing play after continuous running, wear on the drive belt, third shift usage",4,True
T000199,I00227,2025-08-27,wear,"excessive wear on rollers, unit running 24h, duty cycle far above rating",4,True
T000200,I00229,2025-10-14,overheat,"unit shuts down midday, ambient 44C on the yard, thermal cutout trips repeatedly",12,True
T000201,I00229,2025-10-03,overheat,"recurring overheat alarm, heat soak in the enclosure, thermal derate all afternoon",96,True
T000202,I00235,2025-04-25,wear,"belt slippage and wear, machine never idles, wear parts replaced twice",30,True
T000203,I00236,2025-06-14,overheat,"machine stops when ambient climbs, thermal fault logged, restarts after cooling",54,True
T000204,I00236,2025-10-12,overheat,"thermal shutdown again at 41C ambient, passive cooling cannot keep up in summer",4,True
T000205,I00236,2025-04-05,overheat,"unit shuts down midday, ambient 44C on the yard, thermal cutout trips repeatedly",54,True
T000206,I00237,2025-08-28,overheat,"machine stops when ambient climbs, thermal fault logged, restarts after cooling",4,True
T000207,I00238,2025-03-31,wear,"bearing play after continuous running, wear on the drive belt, third shift usage",12,True
T000208,I00238,2025-09-15,electrical,"intermittent contactor fault, panel resets on its own, no pattern found",54,True
T000209,I00241,2025-06-19,overheat,"recurring overheat alarm, heat soak in the enclosure, thermal derate all afternoon",8,True
T000210,I00241,2025-12-09,wear,"drive wear and vibration, continuous three shift operation since install",18,False
T000211,I00241,2025-07-01,wear,"belt slippage and wear, machine never idles, wear parts replaced twice",8,True
T000212,I00242,2025-12-02,electrical,"control board error code 21, replaced the relay, fault cleared",18,True
T000213,I00242,2025-09-11,electrical,"power supply dropout, breaker tripped once, wiring inspected and fine",1,True
T000214,I00244,2025-07-09,overheat,"unit shuts down midday, ambient 44C on the yard, thermal cutout trips repeatedly",4,True
T000215,I00244,2026-02-22,overheat,"recurring overheat alarm, heat soak in the enclosure, thermal derate all afternoon",4,True
T000216,I00245,2024-11-18,overheat,"unit shuts down midday, ambient 44C on the yard, thermal cutout trips repeatedly",96,False
T000217,I00245,2025-04-09,wear,"belt slippage and wear, machine never idles, wear parts replaced twice",4,True
T000218,I00248,2025-04-16,wear,"bearing play after continuous running, wear on the drive belt, third shift usage",12,True
T000219,I00248,2025-04-02,electrical,"intermittent contactor fault, panel resets on its own, no pattern found",12,True
T000220,I00249,2025-04-30,overheat,"machine stops when ambient climbs, thermal fault logged, restarts after cooling",18,True
T000221,I00249,2024-07-22,overheat,"recurring overheat alarm, heat soak in the enclosure, thermal derate all afternoon",3,True
T000222,I00250,2025-07-10,electrical,"intermittent contactor fault, panel resets on its own, no pattern found",30,True
T000223,I00251,2025-09-30,user-error,"operator loaded above rated capacity, retrained the crew, no defect found",12,True
T000224,I00253,2024-07-01,overheat,"machine stops when ambient climbs, thermal fault logged, restarts after cooling",54,True
T000225,I00253,2025-06-29,electrical,"intermittent contactor fault, panel resets on its own, no pattern found",4,True
T000226,I00254,2025-05-02,overheat,"unit shuts down midday, ambient 44C on the yard, thermal cutout trips repeatedly",30,True
T000227,I00257,2025-09-29,user-error,"wrong operating mode selected, user error, showed the team the correct sequence",1,True
T000228,I00258,2024-10-17,overheat,"unit shuts down midday, ambient 44C on the yard, thermal cutout trips repeatedly",3,True
T000229,I00258,2025-08-08,wear,"belt slippage and wear, machine never idles, wear parts replaced twice",8,True
T000230,I00259,2025-06-14,electrical,"power supply dropout, breaker tripped once, wiring inspected and fine",12,True
T000231,I00264,2025-05-29,electrical,"intermittent contactor fault, panel resets on its own, no pattern found",30,True
T000232,I00267,2026-04-09,wear,"drive wear and vibration, continuous three shift operation since install",30,True
T000233,I00270,2024-05-14,overheat,"recurring overheat alarm, heat soak in the enclosure, thermal derate all afternoon",3,True
T000234,I00270,2024-11-26,electrical,"intermittent contactor fault, panel resets on its own, no pattern found",8,False
T000235,I00270,2024-08-02,user-error,"operator loaded above rated capacity, retrained the crew, no defect found",18,True
T000236,I00271,2026-02-01,electrical,"intermittent contactor fault, panel resets on its own, no pattern found",30,True
T000237,I00271,2025-05-04,electrical,"intermittent contactor fault, panel resets on its own, no pattern found",4,True
T000238,I00272,2025-03-02,overheat,"overheating during afternoon peak, thermal protection engaged, cooling fins caked",12,True
T000239,I00273,2025-02-21,overheat,"overheating during afternoon peak, thermal protection engaged, cooling fins caked",3,True
T000240,I00273,2025-01-25,overheat,"overheating during afternoon peak, thermal protection engaged, cooling fins caked",8,True
T000241,I00275,2025-11-12,user-error,"wrong operating mode selected, user error, showed the team the correct sequence",3,True
T000242,I00276,2024-08-06,wear,"drive wear and vibration, continuous three shift operation since install",1,True
T000243,I00278,2026-03-28,overheat,"machine stops when ambient climbs, thermal fault logged, restarts after cooling",3,False
T000244,I00278,2026-02-03,wear,"excessive wear on rollers, unit running 24h, duty cycle far above rating",3,True
T000245,I00279,2024-11-22,overheat,"unit shuts down midday, ambient 44C on the yard, thermal cutout trips repeatedly",4,True
T000246,I00280,2025-08-21,wear,"excessive wear on rollers, unit running 24h, duty cycle far above rating",30,True
T000247,I00281,2025-07-29,electrical,"power supply dropout, breaker tripped once, wiring inspected and fine",12,True
T000248,I00282,2026-01-30,overheat,"recurring overheat alarm, heat soak in the enclosure, thermal derate all afternoon",30,True
T000249,I00282,2025-05-06,overheat,"machine stops when ambient climbs, thermal fault logged, restarts after cooling",4,True
T000250,I00282,2025-12-04,overheat,"unit shuts down midday, ambient 44C on the yard, thermal cutout trips repeatedly",54,True
T000251,I00285,2024-07-25,overheat,"overheating during afternoon peak, thermal protection engaged, cooling fins caked",54,True
T000252,I00285,2024-11-08,overheat,"machine stops when ambient climbs, thermal fault logged, restarts after cooling",54,True
T000253,I00286,2025-05-06,wear,"bearing play after continuous running, wear on the drive belt, third shift usage",1,True
T000254,I00288,2025-01-18,overheat,"thermal shutdown again at 41C ambient, passive cooling cannot keep up in summer",1,True
T000255,I00288,2025-08-04,electrical,"intermittent contactor fault, panel resets on its own, no pattern found",1,False
T000256,I00290,2024-12-25,wear,"belt slippage and wear, machine never idles, wear parts replaced twice",1,False
T000257,I00290,2025-12-12,user-error,"operator loaded above rated capacity, retrained the crew, no defect found",3,True
T000258,I00292,2025-11-07,wear,"belt slippage and wear, machine never idles, wear parts replaced twice",3,True
T000259,I00296,2025-12-28,wear,"excessive wear on rollers, unit running 24h, duty cycle far above rating",12,True
T000260,I00298,2025-09-07,user-error,"guard interlock left open, machine correctly refused to start, user error",30,True
T000261,I00299,2025-01-20,overheat,"thermal shutdown again at 41C ambient, passive cooling cannot keep up in summer",18,False
T000262,I00300,2025-01-04,overheat,"overheating during afternoon peak, thermal protection engaged, cooling fins caked",40,True
T000263,I00300,2024-12-30,overheat,"overheating during afternoon peak, thermal protection engaged, cooling fins caked",18,True
T000264,I00300,2025-03-23,overheat,"thermal shutdown again at 41C ambient, passive cooling cannot keep up in summer",3,True
T000265,I00301,2024-12-22,overheat,"unit shuts down midday, ambient 44C on the yard, thermal cutout trips repeatedly",4,True
T000266,I00301,2025-04-03,electrical,"control board error code 21, replaced the relay, fault cleared",30,True
T000267,I00302,2025-11-22,overheat,"thermal shutdown again at 41C ambient, passive cooling cannot keep up in summer",1,True
T000268,I00302,2025-01-01,overheat,"overheating during afternoon peak, thermal protection engaged, cooling fins caked",8,True
T000269,I00305,2024-07-20,overheat,"machine stops when ambient climbs, thermal fault logged, restarts after cooling",1,True
T000270,I00305,2024-12-02,overheat,"thermal shutdown again at 41C ambient, passive cooling cannot keep up in summer",3,False
T000271,I00307,2025-05-23,overheat,"overheating during afternoon peak, thermal protection engaged, cooling fins caked",18,True
T000272,I00307,2024-11-04,overheat,"unit shuts down midday, ambient 44C on the yard, thermal cutout trips repeatedly",1,True
T000273,I00307,2025-04-16,wear,"excessive wear on rollers, unit running 24h, duty cycle far above rating",8,True
T000274,I00308,2024-05-25,wear,"belt slippage and wear, machine never idles, wear parts replaced twice",3,True
T000275,I00313,2026-05-09,overheat,"overheating during afternoon peak, thermal protection engaged, cooling fins caked",30,True
T000276,I00313,2025-12-21,electrical,"power supply dropout, breaker tripped once, wiring inspected and fine",12,True
T000277,I00314,2024-07-07,wear,"drive wear and vibration, continuous three shift operation since install",4,True
T000278,I00316,2025-10-09,overheat,"thermal shutdown again at 41C ambient, passive cooling cannot keep up in summer",1,True
T000279,I00317,2025-01-31,overheat,"thermal shutdown again at 41C ambient, passive cooling cannot keep up in summer",12,True
T000280,I00317,2025-07-01,overheat,"overheating during afternoon peak, thermal protection engaged, cooling fins caked",54,True
T000281,I00318,2026-04-18,overheat,"thermal shutdown again at 41C ambient, passive cooling cannot keep up in summer",8,True
T000282,I00319,2025-09-11,electrical,"control board error code 21, replaced the relay, fault cleared",4,True
T000283,I00321,2026-01-19,wear,"belt slippage and wear, machine never idles, wear parts replaced twice",30,True
T000284,I00321,2025-07-22,wear,"belt slippage and wear, machine never idles, wear parts replaced twice",30,True
T000285,I00321,2025-07-31,user-error,"guard interlock left open, machine correctly refused to start, user error",12,True
T000286,I00322,2025-05-26,electrical,"power supply dropout, breaker tripped once, wiring inspected and fine",8,False
T000287,I00324,2025-09-09,wear,"excessive wear on rollers, unit running 24h, duty cycle far above rating",54,True
T000288,I00324,2025-02-01,electrical,"power supply dropout, breaker tripped once, wiring inspected and fine",4,True
T000289,I00328,2025-03-13,wear,"drive wear and vibration, continuous three shift operation since install",18,False
T000290,I00330,2025-07-27,overheat,"machine stops when ambient climbs, thermal fault logged, restarts after cooling",1,True
T000291,I00331,2026-01-27,overheat,"thermal shutdown again at 41C ambient, passive cooling cannot keep up in summer",96,True
T000292,I00331,2026-01-27,overheat,"machine stops when ambient climbs, thermal fault logged, restarts after cooling",54,True
T000293,I00332,2025-10-24,overheat,"machine stops when ambient climbs, thermal fault logged, restarts after cooling",1,True
T000294,I00332,2025-09-12,overheat,"overheating during afternoon peak, thermal protection engaged, cooling fins caked",3,True
T000295,I00332,2025-04-13,wear,"drive wear and vibration, continuous three shift operation since install",1,True
T000296,I00333,2025-07-13,overheat,"unit shuts down midday, ambient 44C on the yard, thermal cutout trips repeatedly",3,True
T000297,I00334,2025-10-23,overheat,"thermal shutdown again at 41C ambient, passive cooling cannot keep up in summer",4,True
T000298,I00334,2025-11-27,overheat,"machine stops when ambient climbs, thermal fault logged, restarts after cooling",54,False
T000299,I00334,2025-12-27,overheat,"overheating during afternoon peak, thermal protection engaged, cooling fins caked",54,True
T000300,I00335,2024-09-08,overheat,"thermal shutdown again at 41C ambient, passive cooling cannot keep up in summer",12,True
T000301,I00336,2026-06-19,electrical,"control board error code 21, replaced the relay, fault cleared",40,True
T000302,I00337,2024-08-11,electrical,"intermittent contactor fault, panel resets on its own, no pattern found",54,True
T000303,I00338,2025-07-17,overheat,"machine stops when ambient climbs, thermal fault logged, restarts after cooling",12,True
T000304,I00340,2026-02-25,wear,"belt slippage and wear, machine never idles, wear parts replaced twice",3,True
T000305,I00342,2025-09-01,user-error,"operator loaded above rated capacity, retrained the crew, no defect found",1,True
T000306,I00343,2025-03-28,electrical,"intermittent contactor fault, panel resets on its own, no pattern found",30,True
T000307,I00344,2025-09-01,overheat,"unit shuts down midday, ambient 44C on the yard, thermal cutout trips repeatedly",54,False
T000308,I00344,2025-03-13,overheat,"machine stops when ambient climbs, thermal fault logged, restarts after cooling",4,True
T000309,I00344,2024-08-14,overheat,"thermal shutdown again at 41C ambient, passive cooling cannot keep up in summer",30,True
T000310,I00344,2025-07-20,wear,"bearing play after continuous running, wear on the drive belt, third shift usage",54,True
T000311,I00348,2026-03-03,overheat,"unit shuts down midday, ambient 44C on the yard, thermal cutout trips repeatedly",30,True
T000312,I00348,2025-09-01,wear,"drive wear and vibration, continuous three shift operation since install",54,False
T000313,I00351,2024-10-23,overheat,"overheating during afternoon peak, thermal protection engaged, cooling fins caked",18,True
T000314,I00351,2025-05-16,user-error,"guard interlock left open, machine correctly refused to start, user error",1,True
T000315,I00352,2024-07-22,electrical,"power supply dropout, breaker tripped once, wiring inspected and fine",30,False
T000316,I00354,2025-01-09,user-error,"guard interlock left open, machine correctly refused to start, user error",40,False
T000317,I00355,2026-06-08,overheat,"unit shuts down midday, ambient 44C on the yard, thermal cutout trips repeatedly",1,True
T000318,I00357,2026-01-22,wear,"excessive wear on rollers, unit running 24h, duty cycle far above rating",18,False
T000319,I00358,2025-06-24,overheat,"machine stops when ambient climbs, thermal fault logged, restarts after cooling",8,True
T000320,I00358,2025-12-06,wear,"excessive wear on rollers, unit running 24h, duty cycle far above rating",3,True
T000321,I00358,2025-09-12,electrical,"control board error code 21, replaced the relay, fault cleared",3,True
T000322,I00360,2024-04-03,electrical,"power supply dropout, breaker tripped once, wiring inspected and fine",12,True
T000323,I00362,2025-08-27,electrical,"power supply dropout, breaker tripped once, wiring inspected and fine",8,True
T000324,I00362,2026-04-05,electrical,"power supply dropout, breaker tripped once, wiring inspected and fine",3,True
T000325,I00363,2025-01-29,wear,"belt slippage and wear, machine never idles, wear parts replaced twice",3,True
T000326,I00364,2025-09-05,electrical,"power supply dropout, breaker tripped once, wiring inspected and fine",18,True
T000327,I00365,2025-08-28,overheat,"overheating during afternoon peak, thermal protection engaged, cooling fins caked",8,True
T000328,I00365,2025-06-30,electrical,"power supply dropout, breaker tripped once, wiring inspected and fine",18,True
T000329,I00366,2025-05-12,overheat,"unit shuts down midday, ambient 44C on the yard, thermal cutout trips repeatedly",12,True
T000330,I00366,2025-04-14,electrical,"control board error code 21, replaced the relay, fault cleared",30,True
T000331,I00367,2024-09-21,overheat,"recurring overheat alarm, heat soak in the enclosure, thermal derate all afternoon",12,True
T000332,I00367,2025-03-29,overheat,"overheating during afternoon peak, thermal protection engaged, cooling fins caked",12,True
T000333,I00367,2024-12-22,user-error,"guard interlock left open, machine correctly refused to start, user error",54,True
T000334,I00371,2025-02-04,overheat,"recurring overheat alarm, heat soak in the enclosure, thermal derate all afternoon",4,True
T000335,I00372,2025-03-07,user-error,"wrong operating mode selected, user error, showed the team the correct sequence",12,True
T000336,I00373,2024-10-22,overheat,"machine stops when ambient climbs, thermal fault logged, restarts after cooling",40,True
T000337,I00373,2025-06-09,overheat,"machine stops when ambient climbs, thermal fault logged, restarts after cooling",8,False
T000338,I00373,2024-10-18,wear,"drive wear and vibration, continuous three shift operation since install",8,True
T000339,I00373,2025-05-27,electrical,"control board error code 21, replaced the relay, fault cleared",1,True
T000340,I00378,2026-04-21,user-error,"guard interlock left open, machine correctly refused to start, user error",54,True
T000341,I00385,2024-12-27,electrical,"intermittent contactor fault, panel resets on its own, no pattern found",30,True
T000342,I00386,2025-10-30,wear,"bearing play after continuous running, wear on the drive belt, third shift usage",18,True
T000343,I00388,2025-02-06,overheat,"machine stops when ambient climbs, thermal fault logged, restarts after cooling",3,True
T000344,I00389,2026-01-23,overheat,"unit shuts down midday, ambient 44C on the yard, thermal cutout trips repeatedly",54,True
T000345,I00389,2025-07-16,user-error,"operator loaded above rated capacity, retrained the crew, no defect found",30,True
T000346,I00391,2026-01-22,user-error,"wrong operating mode selected, user error, showed the team the correct sequence",18,True
T000347,I00392,2024-09-23,wear,"belt slippage and wear, machine never idles, wear parts replaced twice",30,True
T000348,I00393,2024-12-21,overheat,"unit shuts down midday, ambient 44C on the yard, thermal cutout trips repeatedly",1,True
T000349,I00393,2025-04-01,wear,"excessive wear on rollers, unit running 24h, duty cycle far above rating",18,True
T000350,I00394,2024-10-26,overheat,"thermal shutdown again at 41C ambient, passive cooling cannot keep up in summer",8,True
T000351,I00394,2025-07-09,electrical,"power supply dropout, breaker tripped once, wiring inspected and fine",8,True
T000352,I00395,2026-02-02,overheat,"thermal shutdown again at 41C ambient, passive cooling cannot keep up in summer",30,True
T000353,I00395,2025-07-06,overheat,"overheating during afternoon peak, thermal protection engaged, cooling fins caked",4,True
T000354,I00395,2025-08-23,overheat,"thermal shutdown again at 41C ambient, passive cooling cannot keep up in summer",96,True
T000355,I00395,2025-09-17,wear,"drive wear and vibration, continuous three shift operation since install",54,True
T000356,I00395,2026-04-26,wear,"bearing play after continuous running, wear on the drive belt, third shift usage",12,True
T000357,I00397,2024-11-24,wear,"drive wear and vibration, continuous three shift operation since install",8,True
T000358,I00399,2025-01-18,electrical,"power supply dropout, breaker tripped once, wiring inspected and fine",30,True
T000359,I00400,2025-06-11,electrical,"power supply dropout, breaker tripped once, wiring inspected and fine",12,True
T000360,I00400,2026-02-22,user-error,"operator loaded above rated capacity, retrained the crew, no defect found",96,True
T000361,I00401,2025-11-06,overheat,"recurring overheat alarm, heat soak in the enclosure, thermal derate all afternoon",12,True
T000362,I00401,2025-06-19,electrical,"power supply dropout, breaker tripped once, wiring inspected and fine",54,True
T000363,I00410,2025-08-04,overheat,"overheating during afternoon peak, thermal protection engaged, cooling fins caked",30,True
T000364,I00410,2025-08-20,overheat,"overheating during afternoon peak, thermal protection engaged, cooling fins caked",4,True
T000365,I00410,2025-04-30,overheat,"recurring overheat alarm, heat soak in the enclosure, thermal derate all afternoon",12,True
T000366,I00411,2025-10-31,overheat,"recurring overheat alarm, heat soak in the enclosure, thermal derate all afternoon",96,True
T000367,I00411,2025-11-25,overheat,"unit shuts down midday, ambient 44C on the yard, thermal cutout trips repeatedly",54,True
T000368,I00412,2024-09-05,wear,"belt slippage and wear, machine never idles, wear parts replaced twice",3,True
T000369,I00413,2026-07-31,electrical,"power supply dropout, breaker tripped once, wiring inspected and fine",54,True
T000370,I00414,2025-04-18,wear,"belt slippage and wear, machine never idles, wear parts replaced twice",54,True
T000371,I00414,2025-05-11,wear,"drive wear and vibration, continuous three shift operation since install",30,True
T000372,I00414,2024-09-30,electrical,"intermittent contactor fault, panel resets on its own, no pattern found",30,True
T000373,I00415,2025-10-26,overheat,"machine stops when ambient climbs, thermal fault logged, restarts after cooling",54,True
T000374,I00415,2025-10-12,overheat,"recurring overheat alarm, heat soak in the enclosure, thermal derate all afternoon",30,True
T000375,I00419,2024-10-28,electrical,"intermittent contactor fault, panel resets on its own, no pattern found",30,True
T000376,I00420,2026-01-20,wear,"excessive wear on rollers, unit running 24h, duty cycle far above rating",30,False
T000377,I00420,2026-01-01,electrical,"control board error code 21, replaced the relay, fault cleared",4,False
T000378,I00422,2025-09-27,user-error,"wrong operating mode selected, user error, showed the team the correct sequence",12,True
T000379,I00424,2025-02-01,overheat,"overheating during afternoon peak, thermal protection engaged, cooling fins caked",18,False
T000380,I00424,2025-09-16,wear,"drive wear and vibration, continuous three shift operation since install",3,True
T000381,I00424,2024-12-26,electrical,"control board error code 21, replaced the relay, fault cleared",8,True
T000382,I00426,2026-03-26,electrical,"intermittent contactor fault, panel resets on its own, no pattern found",1,True
T000383,I00430,2026-05-19,overheat,"recurring overheat alarm, heat soak in the enclosure, thermal derate all afternoon",54,True
T000384,I00431,2025-08-03,overheat,"recurring overheat alarm, heat soak in the enclosure, thermal derate all afternoon",54,True
T000385,I00432,2025-08-13,electrical,"intermittent contactor fault, panel resets on its own, no pattern found",4,True
T000386,I00436,2026-03-13,electrical,"intermittent contactor fault, panel resets on its own, no pattern found",12,True
T000387,I00436,2025-11-07,electrical,"control board error code 21, replaced the relay, fault cleared",12,False
T000388,I00438,2024-11-22,overheat,"unit shuts down midday, ambient 44C on the yard, thermal cutout trips repeatedly",12,True
T000389,I00440,2025-07-01,overheat,"recurring overheat alarm, heat soak in the enclosure, thermal derate all afternoon",4,True
T000390,I00440,2025-05-04,overheat,"recurring overheat alarm, heat soak in the enclosure, thermal derate all afternoon",30,True
T000391,I00440,2025-03-06,wear,"bearing play after continuous running, wear on the drive belt, third shift usage",54,False
T000392,I00440,2025-05-24,wear,"excessive wear on rollers, unit running 24h, duty cycle far above rating",12,False
T000393,I00440,2025-04-14,electrical,"power supply dropout, breaker tripped once, wiring inspected and fine",96,False
T000394,I00441,2025-04-23,overheat,"unit shuts down midday, ambient 44C on the yard, thermal cutout trips repeatedly",54,True
T000395,I00442,2025-02-28,wear,"drive wear and vibration, continuous three shift operation since install",54,True
T000396,I00442,2024-08-06,wear,"excessive wear on rollers, unit running 24h, duty cycle far above rating",12,False
T000397,I00442,2025-06-04,user-error,"operator loaded above rated capacity, retrained the crew, no defect found",12,True
T000398,I00445,2025-02-15,overheat,"machine stops when ambient climbs, thermal fault logged, restarts after cooling",1,True
T000399,I00445,2025-05-24,overheat,"unit shuts down midday, ambient 44C on the yard, thermal cutout trips repeatedly",3,True
T000400,I00445,2025-01-15,wear,"drive wear and vibration, continuous three shift operation since install",3,True
T000401,I00446,2025-04-22,overheat,"machine stops when ambient climbs, thermal fault logged, restarts after cooling",8,True
T000402,I00446,2026-01-23,electrical,"power supply dropout, breaker tripped once, wiring inspected and fine",3,True
T000403,I00451,2025-02-09,wear,"belt slippage and wear, machine never idles, wear parts replaced twice",54,True
T000404,I00451,2025-06-29,wear,"belt slippage and wear, machine never idles, wear parts replaced twice",12,True
T000405,I00451,2024-08-26,electrical,"intermittent contactor fault, panel resets on its own, no pattern found",12,True
T000406,I00452,2025-08-14,user-error,"operator loaded above rated capacity, retrained the crew, no defect found",3,True
T000407,I00455,2025-01-03,overheat,"thermal shutdown again at 41C ambient, passive cooling cannot keep up in summer",4,True
T000408,I00455,2025-05-01,electrical,"control board error code 21, replaced the relay, fault cleared",54,False
T000409,I00457,2024-12-15,user-error,"operator loaded above rated capacity, retrained the crew, no defect found",1,False
T000410,I00458,2025-04-03,electrical,"intermittent contactor fault, panel resets on its own, no pattern found",30,False
T000411,I00462,2024-06-12,overheat,"machine stops when ambient climbs, thermal fault logged, restarts after cooling",40,True
T000412,I00464,2026-04-06,overheat,"recurring overheat alarm, heat soak in the enclosure, thermal derate all afternoon",4,True
T000413,I00464,2025-05-12,wear,"belt slippage and wear, machine never idles, wear parts replaced twice",30,True
T000414,I00465,2026-08-13,wear,"belt slippage and wear, machine never idles, wear parts replaced twice",3,True
T000415,I00468,2025-08-15,wear,"drive wear and vibration, continuous three shift operation since install",54,True
T000416,I00468,2026-04-09,electrical,"intermittent contactor fault, panel resets on its own, no pattern found",96,True
T000417,I00471,2025-11-11,overheat,"thermal shutdown again at 41C ambient, passive cooling cannot keep up in summer",54,True
T000418,I00471,2025-04-10,overheat,"machine stops when ambient climbs, thermal fault logged, restarts after cooling",4,True
T000419,I00472,2026-02-05,overheat,"unit shuts down midday, ambient 44C on the yard, thermal cutout trips repeatedly",12,True
T000420,I00472,2025-07-13,overheat,"thermal shutdown again at 41C ambient, passive cooling cannot keep up in summer",54,True
T000421,I00473,2026-03-26,overheat,"thermal shutdown again at 41C ambient, passive cooling cannot keep up in summer",12,True
T000422,I00476,2025-03-07,wear,"excessive wear on rollers, unit running 24h, duty cycle far above rating",18,True
T000423,I00478,2025-05-16,wear,"belt slippage and wear, machine never idles, wear parts replaced twice",96,True
T000424,I00479,2025-02-13,overheat,"overheating during afternoon peak, thermal protection engaged, cooling fins caked",8,True
T000425,I00479,2024-11-22,wear,"bearing play after continuous running, wear on the drive belt, third shift usage",1,True
T000426,I00480,2024-08-09,overheat,"thermal shutdown again at 41C ambient, passive cooling cannot keep up in summer",30,True
T000427,I00481,2025-03-31,overheat,"machine stops when ambient climbs, thermal fault logged, restarts after cooling",18,True
T000428,I00483,2025-02-19,electrical,"power supply dropout, breaker tripped once, wiring inspected and fine",30,False
T000429,I00485,2024-09-10,overheat,"recurring overheat alarm, heat soak in the enclosure, thermal derate all afternoon",3,True
T000430,I00485,2024-09-09,overheat,"unit shuts down midday, ambient 44C on the yard, thermal cutout trips repeatedly",8,True
T000431,I00485,2025-05-27,electrical,"intermittent contactor fault, panel resets on its own, no pattern found",18,True
T000432,I00488,2025-08-25,user-error,"wrong operating mode selected, user error, showed the team the correct sequence",40,True
T000433,I00489,2026-05-10,overheat,"machine stops when ambient climbs, thermal fault logged, restarts after cooling",54,True
T000434,I00491,2026-01-10,overheat,"recurring overheat alarm, heat soak in the enclosure, thermal derate all afternoon",54,True
T000435,I00491,2026-02-21,overheat,"overheating during afternoon peak, thermal protection engaged, cooling fins caked",12,True
T000436,I00492,2025-08-29,overheat,"overheating during afternoon peak, thermal protection engaged, cooling fins caked",8,True
T000437,I00495,2025-07-31,overheat,"machine stops when ambient climbs, thermal fault logged, restarts after cooling",12,True
T000438,I00496,2025-04-27,overheat,"machine stops when ambient climbs, thermal fault logged, restarts after cooling",18,True
T000439,I00496,2025-12-30,overheat,"recurring overheat alarm, heat soak in the enclosure, thermal derate all afternoon",3,True
T000440,I00496,2026-01-08,overheat,"machine stops when ambient climbs, thermal fault logged, restarts after cooling",3,True
T000441,I00496,2025-05-23,wear,"drive wear and vibration, continuous three shift operation since install",1,True
T000442,I00497,2025-08-05,overheat,"overheating during afternoon peak, thermal protection engaged, cooling fins caked",1,True
T000443,I00497,2026-01-12,overheat,"thermal shutdown again at 41C ambient, passive cooling cannot keep up in summer",1,False
T000444,I00497,2026-02-04,overheat,"recurring overheat alarm, heat soak in the enclosure, thermal derate all afternoon",8,True
T000445,I00497,2025-05-31,wear,"drive wear and vibration, continuous three shift operation since install",3,True
T000446,I00497,2025-10-21,wear,"drive wear and vibration, continuous three shift operation since install",3,True
T000447,I00498,2024-11-19,overheat,"recurring overheat alarm, heat soak in the enclosure, thermal derate all afternoon",96,True
T000448,I00500,2024-08-05,wear,"bearing play after continuous running, wear on the drive belt, third shift usage",8,True
T000449,I00501,2025-02-08,electrical,"intermittent contactor fault, panel resets on its own, no pattern found",3,True
T000450,I00502,2025-11-19,overheat,"machine stops when ambient climbs, thermal fault logged, restarts after cooling",18,True
T000451,I00502,2025-12-07,user-error,"wrong operating mode selected, user error, showed the team the correct sequence",1,True
T000452,I00503,2026-05-30,overheat,"thermal shutdown again at 41C ambient, passive cooling cannot keep up in summer",1,True
T000453,I00503,2025-06-30,user-error,"guard interlock left open, machine correctly refused to start, user error",18,True
T000454,I00504,2025-05-03,overheat,"unit shuts down midday, ambient 44C on the yard, thermal cutout trips repeatedly",54,True
T000455,I00504,2025-10-03,electrical,"control board error code 21, replaced the relay, fault cleared",30,True
T000456,I00504,2025-05-31,electrical,"control board error code 21, replaced the relay, fault cleared",12,True
T000457,I00505,2025-09-01,wear,"excessive wear on rollers, unit running 24h, duty cycle far above rating",1,False
T000458,I00508,2025-10-22,user-error,"operator loaded above rated capacity, retrained the crew, no defect found",1,True
T000459,I00509,2025-08-14,overheat,"recurring overheat alarm, heat soak in the enclosure, thermal derate all afternoon",1,True
T000460,I00509,2025-09-17,overheat,"unit shuts down midday, ambient 44C on the yard, thermal cutout trips repeatedly",1,True
T000461,I00511,2026-01-03,overheat,"overheating during afternoon peak, thermal protection engaged, cooling fins caked",12,True
T000462,I00511,2026-04-07,overheat,"overheating during afternoon peak, thermal protection engaged, cooling fins caked",30,True
T000463,I00511,2025-12-18,overheat,"machine stops when ambient climbs, thermal fault logged, restarts after cooling",12,True
T000464,I00511,2026-03-21,electrical,"control board error code 21, replaced the relay, fault cleared",12,True
T000465,I00512,2025-01-01,overheat,"thermal shutdown again at 41C ambient, passive cooling cannot keep up in summer",12,True
T000466,I00512,2025-01-18,wear,"drive wear and vibration, continuous three shift operation since install",54,True
T000467,I00512,2025-05-09,wear,"excessive wear on rollers, unit running 24h, duty cycle far above rating",54,True
T000468,I00512,2024-08-21,user-error,"wrong operating mode selected, user error, showed the team the correct sequence",54,True
T000469,I00514,2024-07-29,wear,"bearing play after continuous running, wear on the drive belt, third shift usage",3,True
T000470,I00514,2025-04-23,wear,"drive wear and vibration, continuous three shift operation since install",3,False
T000471,I00515,2025-02-14,user-error,"wrong operating mode selected, user error, showed the team the correct sequence",4,False
T000472,I00516,2024-09-09,wear,"excessive wear on rollers, unit running 24h, duty cycle far above rating",54,True
T000473,I00517,2025-01-23,overheat,"recurring overheat alarm, heat soak in the enclosure, thermal derate all afternoon",8,True
T000474,I00517,2025-09-30,electrical,"intermittent contactor fault, panel resets on its own, no pattern found",1,True
T000475,I00519,2025-04-16,overheat,"unit shuts down midday, ambient 44C on the yard, thermal cutout trips repeatedly",30,False
T000476,I00519,2025-03-08,overheat,"unit shuts down midday, ambient 44C on the yard, thermal cutout trips repeatedly",54,False
T000477,I00520,2026-09-16,electrical,"power supply dropout, breaker tripped once, wiring inspected and fine",4,True
T000478,I00521,2025-10-01,wear,"bearing play after continuous running, wear on the drive belt, third shift usage",54,False
T000479,I00523,2025-09-03,overheat,"overheating during afternoon peak, thermal protection engaged, cooling fins caked",8,False
T000480,I00525,2025-02-24,wear,"excessive wear on rollers, unit running 24h, duty cycle far above rating",3,True
T000481,I00526,2025-05-26,wear,"excessive wear on rollers, unit running 24h, duty cycle far above rating",30,True
T000482,I00527,2026-01-08,wear,"bearing play after continuous running, wear on the drive belt, third shift usage",40,True
T000483,I00527,2025-06-24,user-error,"guard interlock left open, machine correctly refused to start, user error",8,True
T000484,I00528,2024-09-13,overheat,"overheating during afternoon peak, thermal protection engaged, cooling fins caked",8,True
T000485,I00529,2025-03-09,overheat,"machine stops when ambient climbs, thermal fault logged, restarts after cooling",12,True
T000486,I00529,2024-09-05,overheat,"unit shuts down midday, ambient 44C on the yard, thermal cutout trips repeatedly",54,True
T000487,I00529,2025-02-17,user-error,"wrong operating mode selected, user error, showed the team the correct sequence",30,False
T000488,I00530,2026-07-07,overheat,"machine stops when ambient climbs, thermal fault logged, restarts after cooling",54,False
T000489,I00530,2026-01-15,overheat,"unit shuts down midday, ambient 44C on the yard, thermal cutout trips repeatedly",96,True
T000490,I00531,2026-03-25,wear,"excessive wear on rollers, unit running 24h, duty cycle far above rating",1,False
T000491,I00532,2026-03-19,overheat,"unit shuts down midday, ambient 44C on the yard, thermal cutout trips repeatedly",12,True
T000492,I00532,2026-08-19,overheat,"overheating during afternoon peak, thermal protection engaged, cooling fins caked",4,True
T000493,I00532,2026-09-19,electrical,"intermittent contactor fault, panel resets on its own, no pattern found",54,True
T000494,I00537,2026-05-20,user-error,"wrong operating mode selected, user error, showed the team the correct sequence",1,True
T000495,I00538,2025-01-24,user-error,"operator loaded above rated capacity, retrained the crew, no defect found",12,False
T000496,I00541,2026-01-09,overheat,"thermal shutdown again at 41C ambient, passive cooling cannot keep up in summer",3,False
T000497,I00541,2026-06-25,user-error,"guard interlock left open, machine correctly refused to start, user error",18,True
T000498,I00545,2025-05-06,overheat,"unit shuts down midday, ambient 44C on the yard, thermal cutout trips repeatedly",96,True
T000499,I00545,2024-11-10,wear,"drive wear and vibration, continuous three shift operation since install",30,True
T000500,I00546,2026-02-22,user-error,"operator loaded above rated capacity, retrained the crew, no defect found",12,True
T000501,I00547,2025-08-25,user-error,"guard interlock left open, machine correctly refused to start, user error",4,True
T000502,I00548,2026-03-13,wear,"bearing play after continuous running, wear on the drive belt, third shift usage",54,False
T000503,I00549,2025-08-24,overheat,"unit shuts down midday, ambient 44C on the yard, thermal cutout trips repeatedly",30,True
T000504,I00549,2025-12-29,overheat,"machine stops when ambient climbs, thermal fault logged, restarts after cooling",54,True
T000505,I00550,2025-03-17,overheat,"thermal shutdown again at 41C ambient, passive cooling cannot keep up in summer",1,True
T000506,I00550,2025-11-28,wear,"bearing play after continuous running, wear on the drive belt, third shift usage",40,False
T000507,I00551,2026-03-22,wear,"drive wear and vibration, continuous three shift operation since install",40,True
T000508,I00553,2025-08-11,overheat,"thermal shutdown again at 41C ambient, passive cooling cannot keep up in summer",54,True
T000509,I00553,2025-06-29,overheat,"recurring overheat alarm, heat soak in the enclosure, thermal derate all afternoon",12,True
T000510,I00554,2025-10-26,overheat,"thermal shutdown again at 41C ambient, passive cooling cannot keep up in summer",30,False
T000511,I00555,2025-03-23,overheat,"machine stops when ambient climbs, thermal fault logged, restarts after cooling",54,True
T000512,I00556,2024-07-18,overheat,"thermal shutdown again at 41C ambient, passive cooling cannot keep up in summer",1,True
T000513,I00556,2025-04-02,overheat,"machine stops when ambient climbs, thermal fault logged, restarts after cooling",8,True
T000514,I00556,2024-11-20,electrical,"control board error code 21, replaced the relay, fault cleared",3,True
T000515,I00557,2024-08-02,wear,"bearing play after continuous running, wear on the drive belt, third shift usage",54,True
T000516,I00558,2025-05-25,wear,"excessive wear on rollers, unit running 24h, duty cycle far above rating",30,True
T000517,I00558,2025-10-18,wear,"drive wear and vibration, continuous three shift operation since install",54,True
T000518,I00560,2025-10-08,overheat,"unit shuts down midday, ambient 44C on the yard, thermal cutout trips repeatedly",3,True
T000519,I00560,2026-05-31,overheat,"recurring overheat alarm, heat soak in the enclosure, thermal derate all afternoon",3,True
T000520,I00561,2025-03-03,wear,"excessive wear on rollers, unit running 24h, duty cycle far above rating",1,True
T000521,I00564,2025-11-18,electrical,"power supply dropout, breaker tripped once, wiring inspected and fine",30,True
T000522,I00565,2025-05-25,wear,"belt slippage and wear, machine never idles, wear parts replaced twice",96,True
T000523,I00565,2025-06-22,wear,"drive wear and vibration, continuous three shift operation since install",54,False
T000524,I00565,2025-03-25,wear,"excessive wear on rollers, unit running 24h, duty cycle far above rating",12,True
T000525,I00566,2026-02-28,overheat,"recurring overheat alarm, heat soak in the enclosure, thermal derate all afternoon",3,True
T000526,I00567,2024-12-06,overheat,"machine stops when ambient climbs, thermal fault logged, restarts after cooling",4,True
T000527,I00568,2024-07-12,overheat,"machine stops when ambient climbs, thermal fault logged, restarts after cooling",12,True
T000528,I00570,2025-01-22,wear,"drive wear and vibration, continuous three shift operation since install",30,True
T000529,I00573,2026-05-30,overheat,"machine stops when ambient climbs, thermal fault logged, restarts after cooling",4,True
T000530,I00576,2025-08-15,overheat,"thermal shutdown again at 41C ambient, passive cooling cannot keep up in summer",1,True
T000531,I00577,2025-02-11,user-error,"wrong operating mode selected, user error, showed the team the correct sequence",40,False
T000532,I00581,2025-09-16,overheat,"overheating during afternoon peak, thermal protection engaged, cooling fins caked",54,True
T000533,I00582,2026-03-08,wear,"excessive wear on rollers, unit running 24h, duty cycle far above rating",3,False
T000534,I00583,2026-02-16,overheat,"thermal shutdown again at 41C ambient, passive cooling cannot keep up in summer",96,True
T000535,I00583,2026-04-10,overheat,"thermal shutdown again at 41C ambient, passive cooling cannot keep up in summer",54,True
T000536,I00584,2026-02-25,overheat,"overheating during afternoon peak, thermal protection engaged, cooling fins caked",96,True
T000537,I00584,2026-04-19,overheat,"thermal shutdown again at 41C ambient, passive cooling cannot keep up in summer",96,True
T000538,I00585,2024-06-03,overheat,"recurring overheat alarm, heat soak in the enclosure, thermal derate all afternoon",8,True
T000539,I00586,2025-05-23,wear,"excessive wear on rollers, unit running 24h, duty cycle far above rating",3,True
T000540,I00586,2025-02-26,wear,"bearing play after continuous running, wear on the drive belt, third shift usage",3,False
T000541,I00587,2025-01-21,overheat,"machine stops when ambient climbs, thermal fault logged, restarts after cooling",30,True
T000542,I00588,2025-12-01,overheat,"machine stops when ambient climbs, thermal fault logged, restarts after cooling",18,True
T000543,I00590,2026-02-01,user-error,"wrong operating mode selected, user error, showed the team the correct sequence",30,True
T000544,I00591,2024-07-30,overheat,"overheating during afternoon peak, thermal protection engaged, cooling fins caked",54,True
T000545,I00592,2024-08-21,user-error,"operator loaded above rated capacity, retrained the crew, no defect found",54,True
T000546,I00595,2024-08-13,overheat,"recurring overheat alarm, heat soak in the enclosure, thermal derate all afternoon",1,True
T000547,I00595,2024-12-01,wear,"belt slippage and wear, machine never idles, wear parts replaced twice",1,False
T000548,I00596,2025-12-29,overheat,"recurring overheat alarm, heat soak in the enclosure, thermal derate all afternoon",8,True
T000549,I00597,2025-01-04,wear,"drive wear and vibration, continuous three shift operation since install",54,False
T000550,I00598,2025-09-10,electrical,"intermittent contactor fault, panel resets on its own, no pattern found",18,True
T000551,I00599,2024-08-02,wear,"drive wear and vibration, continuous three shift operation since install",1,True
T000552,I00599,2024-06-26,wear,"drive wear and vibration, continuous three shift operation since install",18,True
T000553,I00599,2024-07-22,user-error,"guard interlock left open, machine correctly refused to start, user error",1,True
T000554,I00601,2025-08-21,overheat,"overheating during afternoon peak, thermal protection engaged, cooling fins caked",54,True
T000555,I00603,2025-10-15,wear,"bearing play after continuous running, wear on the drive belt, third shift usage",96,True
T000556,I00604,2025-12-10,overheat,"unit shuts down midday, ambient 44C on the yard, thermal cutout trips repeatedly",8,True
T000557,I00605,2026-07-16,wear,"belt slippage and wear, machine never idles, wear parts replaced twice",30,True
T000558,I00606,2026-03-21,user-error,"wrong operating mode selected, user error, showed the team the correct sequence",12,True
T000559,I00607,2026-01-03,overheat,"unit shuts down midday, ambient 44C on the yard, thermal cutout trips repeatedly",3,True
T000560,I00607,2025-09-01,overheat,"unit shuts down midday, ambient 44C on the yard, thermal cutout trips repeatedly",3,True
T000561,I00613,2024-08-26,overheat,"overheating during afternoon peak, thermal protection engaged, cooling fins caked",1,True
T000562,I00613,2025-04-06,overheat,"machine stops when ambient climbs, thermal fault logged, restarts after cooling",8,True
T000563,I00616,2025-03-29,overheat,"unit shuts down midday, ambient 44C on the yard, thermal cutout trips repeatedly",96,True
T000564,I00617,2024-07-26,overheat,"recurring overheat alarm, heat soak in the enclosure, thermal derate all afternoon",12,False
T000565,I00619,2025-10-18,wear,"excessive wear on rollers, unit running 24h, duty cycle far above rating",8,True
T000566,I00621,2025-04-12,overheat,"machine stops when ambient climbs, thermal fault logged, restarts after cooling",54,True
T000567,I00621,2025-06-21,wear,"bearing play after continuous running, wear on the drive belt, third shift usage",4,True
T000568,I00625,2025-03-26,overheat,"recurring overheat alarm, heat soak in the enclosure, thermal derate all afternoon",4,True
T000569,I00625,2024-11-08,overheat,"recurring overheat alarm, heat soak in the enclosure, thermal derate all afternoon",96,True
T000570,I00625,2024-12-27,overheat,"overheating during afternoon peak, thermal protection engaged, cooling fins caked",4,False
T000571,I00625,2025-02-21,wear,"belt slippage and wear, machine never idles, wear parts replaced twice",12,True
T000572,I00626,2026-01-08,overheat,"thermal shutdown again at 41C ambient, passive cooling cannot keep up in summer",96,True
T000573,I00626,2025-12-27,electrical,"control board error code 21, replaced the relay, fault cleared",4,True
T000574,I00627,2025-03-31,overheat,"recurring overheat alarm, heat soak in the enclosure, thermal derate all afternoon",1,True
T000575,I00628,2025-05-29,user-error,"operator loaded above rated capacity, retrained the crew, no defect found",8,True
T000576,I00629,2025-01-11,overheat,"recurring overheat alarm, heat soak in the enclosure, thermal derate all afternoon",1,True
T000577,I00629,2025-02-17,overheat,"recurring overheat alarm, heat soak in the enclosure, thermal derate all afternoon",8,True
T000578,I00630,2025-01-04,overheat,"overheating during afternoon peak, thermal protection engaged, cooling fins caked",4,False
T000579,I00630,2024-09-15,overheat,"overheating during afternoon peak, thermal protection engaged, cooling fins caked",4,True
T000580,I00630,2025-08-07,user-error,"wrong operating mode selected, user error, showed the team the correct sequence",12,False
T000581,I00631,2025-01-08,user-error,"wrong operating mode selected, user error, showed the team the correct sequence",1,False
T000582,I00634,2025-06-28,wear,"drive wear and vibration, continuous three shift operation since install",12,True
T000583,I00634,2025-02-10,wear,"belt slippage and wear, machine never idles, wear parts replaced twice",54,True
T000584,I00636,2025-06-11,wear,"bearing play after continuous running, wear on the drive belt, third shift usage",18,False
T000585,I00636,2025-09-30,wear,"drive wear and vibration, continuous three shift operation since install",1,True
T000586,I00637,2025-04-06,overheat,"machine stops when ambient climbs, thermal fault logged, restarts after cooling",12,True
T000587,I00637,2025-09-10,overheat,"recurring overheat alarm, heat soak in the enclosure, thermal derate all afternoon",54,True
T000588,I00637,2025-10-04,overheat,"thermal shutdown again at 41C ambient, passive cooling cannot keep up in summer",30,True
T000589,I00638,2025-05-21,overheat,"unit shuts down midday, ambient 44C on the yard, thermal cutout trips repeatedly",1,False
T000590,I00639,2025-08-16,user-error,"operator loaded above rated capacity, retrained the crew, no defect found",8,True
T000591,I00640,2025-10-21,overheat,"recurring overheat alarm, heat soak in the enclosure, thermal derate all afternoon",3,True
T000592,I00644,2025-09-17,overheat,"recurring overheat alarm, heat soak in the enclosure, thermal derate all afternoon",40,False
T000593,I00645,2025-06-01,user-error,"wrong operating mode selected, user error, showed the team the correct sequence",8,True
T000594,I00646,2025-04-11,overheat,"machine stops when ambient climbs, thermal fault logged, restarts after cooling",54,True
T000595,I00646,2025-05-01,overheat,"machine stops when ambient climbs, thermal fault logged, restarts after cooling",12,True
T000596,I00646,2025-03-09,overheat,"recurring overheat alarm, heat soak in the enclosure, thermal derate all afternoon",54,False
T000597,I00647,2025-05-26,overheat,"overheating during afternoon peak, thermal protection engaged, cooling fins caked",30,False
T000598,I00647,2024-08-14,overheat,"machine stops when ambient climbs, thermal fault logged, restarts after cooling",96,True
T000599,I00651,2025-03-01,overheat,"thermal shutdown again at 41C ambient, passive cooling cannot keep up in summer",54,True
T000600,I00651,2025-06-13,overheat,"thermal shutdown again at 41C ambient, passive cooling cannot keep up in summer",30,True
T000601,I00651,2025-09-24,electrical,"control board error code 21, replaced the relay, fault cleared",54,False
T000602,I00652,2025-05-11,electrical,"control board error code 21, replaced the relay, fault cleared",18,True
T000603,I00655,2026-04-15,user-error,"operator loaded above rated capacity, retrained the crew, no defect found",30,True
T000604,I00658,2024-11-07,overheat,"recurring overheat alarm, heat soak in the enclosure, thermal derate all afternoon",12,True
T000605,I00658,2024-08-29,overheat,"overheating during afternoon peak, thermal protection engaged, cooling fins caked",54,True
T000606,I00658,2025-04-11,overheat,"overheating during afternoon peak, thermal protection engaged, cooling fins caked",30,True
T000607,I00659,2026-05-29,overheat,"thermal shutdown again at 41C ambient, passive cooling cannot keep up in summer",8,True
T000608,I00659,2026-03-25,wear,"drive wear and vibration, continuous three shift operation since install",8,True
T000609,I00660,2025-03-09,overheat,"unit shuts down midday, ambient 44C on the yard, thermal cutout trips repeatedly",12,True
T000610,I00660,2025-08-28,wear,"bearing play after continuous running, wear on the drive belt, third shift usage",4,True
T000611,I00661,2024-12-09,overheat,"machine stops when ambient climbs, thermal fault logged, restarts after cooling",4,False
T000612,I00662,2025-04-02,electrical,"intermittent contactor fault, panel resets on its own, no pattern found",8,True
T000613,I00663,2025-04-27,overheat,"thermal shutdown again at 41C ambient, passive cooling cannot keep up in summer",8,True
T000614,I00663,2024-07-04,electrical,"power supply dropout, breaker tripped once, wiring inspected and fine",3,True
T000615,I00664,2025-08-15,overheat,"recurring overheat alarm, heat soak in the enclosure, thermal derate all afternoon",40,True
T000616,I00664,2025-03-28,overheat,"recurring overheat alarm, heat soak in the enclosure, thermal derate all afternoon",8,True
T000617,I00667,2025-11-04,overheat,"machine stops when ambient climbs, thermal fault logged, restarts after cooling",54,True
T000618,I00668,2025-06-13,wear,"bearing play after continuous running, wear on the drive belt, third shift usage",96,True
T000619,I00670,2024-11-17,overheat,"unit shuts down midday, ambient 44C on the yard, thermal cutout trips repeatedly",12,True
T000620,I00670,2024-12-27,overheat,"machine stops when ambient climbs, thermal fault logged, restarts after cooling",30,True
T000621,I00670,2025-05-14,wear,"excessive wear on rollers, unit running 24h, duty cycle far above rating",12,True
T000622,I00670,2024-08-24,wear,"belt slippage and wear, machine never idles, wear parts replaced twice",30,True
T000623,I00671,2025-04-11,overheat,"overheating during afternoon peak, thermal protection engaged, cooling fins caked",4,True
T000624,I00671,2025-11-25,overheat,"unit shuts down midday, ambient 44C on the yard, thermal cutout trips repeatedly",12,True
T000625,I00672,2025-09-24,overheat,"unit shuts down midday, ambient 44C on the yard, thermal cutout trips repeatedly",30,True
T000626,I00672,2025-12-19,overheat,"recurring overheat alarm, heat soak in the enclosure, thermal derate all afternoon",96,True
T000627,I00672,2026-06-06,wear,"drive wear and vibration, continuous three shift operation since install",30,True
T000628,I00682,2026-01-12,overheat,"thermal shutdown again at 41C ambient, passive cooling cannot keep up in summer",12,True
T000629,I00683,2025-10-06,wear,"bearing play after continuous running, wear on the drive belt, third shift usage",3,True
T000630,I00684,2025-10-01,user-error,"guard interlock left open, machine correctly refused to start, user error",12,True
T000631,I00686,2025-07-11,user-error,"guard interlock left open, machine correctly refused to start, user error",30,True
T000632,I00687,2024-11-20,wear,"bearing play after continuous running, wear on the drive belt, third shift usage",30,True
T000633,I00687,2025-06-04,electrical,"control board error code 21, replaced the relay, fault cleared",4,False
T000634,I00689,2025-09-21,electrical,"intermittent contactor fault, panel resets on its own, no pattern found",3,True
T000635,I00690,2026-02-06,overheat,"thermal shutdown again at 41C ambient, passive cooling cannot keep up in summer",8,True
T000636,I00692,2025-05-22,overheat,"recurring overheat alarm, heat soak in the enclosure, thermal derate all afternoon",96,True
T000637,I00692,2025-07-26,overheat,"recurring overheat alarm, heat soak in the enclosure, thermal derate all afternoon",54,True
T000638,I00692,2025-05-14,overheat,"recurring overheat alarm, heat soak in the enclosure, thermal derate all afternoon",54,True
T000639,I00696,2026-04-17,wear,"belt slippage and wear, machine never idles, wear parts replaced twice",30,True
T000640,I00696,2025-10-29,user-error,"guard interlock left open, machine correctly refused to start, user error",12,True
T000641,I00698,2025-10-20,electrical,"power supply dropout, breaker tripped once, wiring inspected and fine",30,True
T000642,I00700,2026-06-22,overheat,"recurring overheat alarm, heat soak in the enclosure, thermal derate all afternoon",96,True
T000643,I00700,2026-02-07,wear,"bearing play after continuous running, wear on the drive belt, third shift usage",30,False
T000644,I00700,2026-05-22,wear,"excessive wear on rollers, unit running 24h, duty cycle far above rating",54,True
T000645,I00700,2025-12-17,wear,"bearing play after continuous running, wear on the drive belt, third shift usage",54,True
T000646,I00703,2025-07-16,wear,"bearing play after continuous running, wear on the drive belt, third shift usage",4,True
T000647,I00704,2026-01-10,user-error,"guard interlock left open, machine correctly refused to start, user error",12,False
T000648,I00705,2025-01-02,overheat,"overheating during afternoon peak, thermal protection engaged, cooling fins caked",12,False
T000649,I00705,2025-09-15,overheat,"machine stops when ambient climbs, thermal fault logged, restarts after cooling",12,True
T000650,I00706,2026-09-02,overheat,"machine stops when ambient climbs, thermal fault logged, restarts after cooling",54,True
T000651,I00706,2026-02-08,user-error,"guard interlock left open, machine correctly refused to start, user error",96,True
T000652,I00706,2026-09-06,user-error,"operator loaded above rated capacity, retrained the crew, no defect found",30,True
T000653,I00707,2026-07-17,electrical,"intermittent contactor fault, panel resets on its own, no pattern found",3,True
T000654,I00712,2025-02-26,overheat,"overheating during afternoon peak, thermal protection engaged, cooling fins caked",54,True
T000655,I00713,2025-10-31,overheat,"thermal shutdown again at 41C ambient, passive cooling cannot keep up in summer",12,True
T000656,I00713,2025-10-11,overheat,"overheating during afternoon peak, thermal protection engaged, cooling fins caked",30,True
T000657,I00713,2025-11-26,overheat,"recurring overheat alarm, heat soak in the enclosure, thermal derate all afternoon",30,True
T000658,I00713,2025-12-10,electrical,"intermittent contactor fault, panel resets on its own, no pattern found",96,True
T000659,I00714,2025-05-09,user-error,"guard interlock left open, machine correctly refused to start, user error",1,True
T000660,I00715,2025-09-22,overheat,"machine stops when ambient climbs, thermal fault logged, restarts after cooling",96,False
T000661,I00719,2025-07-31,overheat,"thermal shutdown again at 41C ambient, passive cooling cannot keep up in summer",40,True
T000662,I00719,2026-04-01,wear,"drive wear and vibration, continuous three shift operation since install",1,True
T000663,I00719,2026-04-25,electrical,"power supply dropout, breaker tripped once, wiring inspected and fine",3,True
T000664,I00720,2024-09-13,overheat,"recurring overheat alarm, heat soak in the enclosure, thermal derate all afternoon",8,True
T000665,I00721,2025-02-18,electrical,"intermittent contactor fault, panel resets on its own, no pattern found",8,True
T000666,I00722,2025-07-26,overheat,"machine stops when ambient climbs, thermal fault logged, restarts after cooling",4,False
T000667,I00722,2025-03-23,overheat,"unit shuts down midday, ambient 44C on the yard, thermal cutout trips repeatedly",30,True
T000668,I00723,2024-07-26,overheat,"unit shuts down midday, ambient 44C on the yard, thermal cutout trips repeatedly",3,True
T000669,I00724,2025-04-28,wear,"belt slippage and wear, machine never idles, wear parts replaced twice",8,True
T000670,I00724,2026-01-24,wear,"bearing play after continuous running, wear on the drive belt, third shift usage",3,True
T000671,I00725,2026-03-06,wear,"excessive wear on rollers, unit running 24h, duty cycle far above rating",30,True
T000672,I00725,2026-05-31,wear,"drive wear and vibration, continuous three shift operation since install",4,True
T000673,I00725,2026-03-20,wear,"belt slippage and wear, machine never idles, wear parts replaced twice",4,True
T000674,I00726,2025-03-24,overheat,"unit shuts down midday, ambient 44C on the yard, thermal cutout trips repeatedly",54,True
T000675,I00730,2025-08-06,overheat,"overheating during afternoon peak, thermal protection engaged, cooling fins caked",8,True
T000676,I00730,2025-06-26,user-error,"guard interlock left open, machine correctly refused to start, user error",3,True
T000677,I00731,2024-10-13,wear,"excessive wear on rollers, unit running 24h, duty cycle far above rating",54,False
T000678,I00731,2024-09-09,wear,"bearing play after continuous running, wear on the drive belt, third shift usage",30,True
T000679,I00732,2025-02-15,user-error,"guard interlock left open, machine correctly refused to start, user error",30,True
T000680,I00733,2025-06-21,overheat,"machine stops when ambient climbs, thermal fault logged, restarts after cooling",54,True
T000681,I00736,2025-04-21,overheat,"overheating during afternoon peak, thermal protection engaged, cooling fins caked",1,True
T000682,I00741,2026-06-05,overheat,"thermal shutdown again at 41C ambient, passive cooling cannot keep up in summer",54,True
T000683,I00742,2025-08-09,electrical,"control board error code 21, replaced the relay, fault cleared",8,True
T000684,I00742,2025-11-08,user-error,"guard interlock left open, machine correctly refused to start, user error",1,True
T000685,I00743,2024-10-08,overheat,"machine stops when ambient climbs, thermal fault logged, restarts after cooling",3,True
T000686,I00743,2024-11-07,wear,"bearing play after continuous running, wear on the drive belt, third shift usage",3,True
T000687,I00744,2025-12-12,overheat,"overheating during afternoon peak, thermal protection engaged, cooling fins caked",54,True
T000688,I00744,2025-07-01,overheat,"recurring overheat alarm, heat soak in the enclosure, thermal derate all afternoon",54,True
T000689,I00746,2024-12-11,overheat,"machine stops when ambient climbs, thermal fault logged, restarts after cooling",3,True
T000690,I00746,2024-11-24,wear,"drive wear and vibration, continuous three shift operation since install",8,True
T000691,I00747,2024-06-03,wear,"drive wear and vibration, continuous three shift operation since install",12,False
T000692,I00748,2025-09-08,overheat,"machine stops when ambient climbs, thermal fault logged, restarts after cooling",1,True
T000693,I00749,2024-08-23,overheat,"machine stops when ambient climbs, thermal fault logged, restarts after cooling",12,True
T000694,I00749,2025-05-29,overheat,"recurring overheat alarm, heat soak in the enclosure, thermal derate all afternoon",12,False
T000695,I00750,2026-05-10,wear,"belt slippage and wear, machine never idles, wear parts replaced twice",30,True
T000696,I00750,2026-03-17,user-error,"wrong operating mode selected, user error, showed the team the correct sequence",54,True
T000697,I00752,2026-01-29,overheat,"thermal shutdown again at 41C ambient, passive cooling cannot keep up in summer",8,True
T000698,I00752,2026-06-28,overheat,"recurring overheat alarm, heat soak in the enclosure, thermal derate all afternoon",8,True
T000699,I00753,2025-12-27,overheat,"overheating during afternoon peak, thermal protection engaged, cooling fins caked",1,True
T000700,I00754,2025-04-17,overheat,"machine stops when ambient climbs, thermal fault logged, restarts after cooling",54,True
T000701,I00757,2025-06-01,electrical,"control board error code 21, replaced the relay, fault cleared",3,True
T000702,I00758,2026-04-17,overheat,"overheating during afternoon peak, thermal protection engaged, cooling fins caked",12,True
T000703,I00758,2025-10-30,overheat,"thermal shutdown again at 41C ambient, passive cooling cannot keep up in summer",4,False
T000704,I00759,2025-01-15,overheat,"overheating during afternoon peak, thermal protection engaged, cooling fins caked",18,False
T000705,I00759,2025-08-20,overheat,"thermal shutdown again at 41C ambient, passive cooling cannot keep up in summer",40,True
T000706,I00759,2024-10-30,overheat,"overheating during afternoon peak, thermal protection engaged, cooling fins caked",1,False
T000707,I00759,2024-11-10,wear,"drive wear and vibration, continuous three shift operation since install",8,True
T000708,I00760,2026-01-14,overheat,"machine stops when ambient climbs, thermal fault logged, restarts after cooling",4,True
T000709,I00760,2026-05-11,wear,"bearing play after continuous running, wear on the drive belt, third shift usage",4,True
T000710,I00760,2026-05-29,wear,"excessive wear on rollers, unit running 24h, duty cycle far above rating",12,True
T000711,I00763,2025-01-13,user-error,"operator loaded above rated capacity, retrained the crew, no defect found",54,True
T000712,I00766,2025-01-03,overheat,"overheating during afternoon peak, thermal protection engaged, cooling fins caked",54,True
T000713,I00766,2025-01-29,overheat,"recurring overheat alarm, heat soak in the enclosure, thermal derate all afternoon",30,False
T000714,I00767,2025-01-30,overheat,"recurring overheat alarm, heat soak in the enclosure, thermal derate all afternoon",54,True
T000715,I00767,2025-01-07,overheat,"machine stops when ambient climbs, thermal fault logged, restarts after cooling",30,True
T000716,I00768,2024-12-31,wear,"excessive wear on rollers, unit running 24h, duty cycle far above rating",54,True
T000717,I00769,2025-09-29,wear,"bearing play after continuous running, wear on the drive belt, third shift usage",18,True
T000718,I00771,2025-06-07,overheat,"recurring overheat alarm, heat soak in the enclosure, thermal derate all afternoon",3,True
T000719,I00772,2026-01-11,wear,"drive wear and vibration, continuous three shift operation since install",30,False
T000720,I00773,2025-04-14,overheat,"machine stops when ambient climbs, thermal fault logged, restarts after cooling",12,True
T000721,I00774,2025-01-21,overheat,"thermal shutdown again at 41C ambient, passive cooling cannot keep up in summer",12,True
T000722,I00775,2025-07-02,electrical,"control board error code 21, replaced the relay, fault cleared",3,True
T000723,I00777,2025-10-24,electrical,"intermittent contactor fault, panel resets on its own, no pattern found",12,True
T000724,I00778,2025-05-24,overheat,"machine stops when ambient climbs, thermal fault logged, restarts after cooling",96,True
T000725,I00778,2025-01-05,overheat,"machine stops when ambient climbs, thermal fault logged, restarts after cooling",30,True
T000726,I00779,2025-08-22,overheat,"thermal shutdown again at 41C ambient, passive cooling cannot keep up in summer",4,True
T000727,I00780,2025-03-25,overheat,"unit shuts down midday, ambient 44C on the yard, thermal cutout trips repeatedly",8,True
T000728,I00781,2025-04-14,overheat,"machine stops when ambient climbs, thermal fault logged, restarts after cooling",54,True
T000729,I00781,2026-03-21,overheat,"thermal shutdown again at 41C ambient, passive cooling cannot keep up in summer",4,False
T000730,I00782,2025-05-09,electrical,"intermittent contactor fault, panel resets on its own, no pattern found",1,True
T000731,I00786,2024-07-20,overheat,"overheating during afternoon peak, thermal protection engaged, cooling fins caked",8,True
T000732,I00786,2025-06-15,overheat,"thermal shutdown again at 41C ambient, passive cooling cannot keep up in summer",8,True
T000733,I00788,2025-02-07,overheat,"machine stops when ambient climbs, thermal fault logged, restarts after cooling",3,True
T000734,I00790,2026-03-27,overheat,"overheating during afternoon peak, thermal protection engaged, cooling fins caked",54,True
T000735,I00790,2025-05-25,user-error,"operator loaded above rated capacity, retrained the crew, no defect found",4,True
T000736,I00791,2026-02-18,overheat,"unit shuts down midday, ambient 44C on the yard, thermal cutout trips repeatedly",8,True
T000737,I00792,2025-06-01,overheat,"recurring overheat alarm, heat soak in the enclosure, thermal derate all afternoon",54,True
T000738,I00792,2025-09-01,overheat,"recurring overheat alarm, heat soak in the enclosure, thermal derate all afternoon",12,True
T000739,I00792,2025-10-17,wear,"drive wear and vibration, continuous three shift operation since install",54,True
T000740,I00792,2025-11-29,wear,"bearing play after continuous running, wear on the drive belt, third shift usage",54,True
T000741,I00792,2025-09-05,wear,"excessive wear on rollers, unit running 24h, duty cycle far above rating",96,True
T000742,I00793,2024-12-23,overheat,"thermal shutdown again at 41C ambient, passive cooling cannot keep up in summer",1,True
T000743,I00793,2025-08-19,user-error,"operator loaded above rated capacity, retrained the crew, no defect found",8,True
T000744,I00798,2026-08-02,overheat,"overheating during afternoon peak, thermal protection engaged, cooling fins caked",54,False
T000745,I00798,2025-12-07,overheat,"machine stops when ambient climbs, thermal fault logged, restarts after cooling",12,True
T000746,I00798,2026-01-28,wear,"belt slippage and wear, machine never idles, wear parts replaced twice",30,True
T000747,I00799,2025-05-23,overheat,"unit shuts down midday, ambient 44C on the yard, thermal cutout trips repeatedly",12,True
T000748,I00799,2024-11-14,overheat,"overheating during afternoon peak, thermal protection engaged, cooling fins caked",30,True
T000749,I00799,2024-09-07,overheat,"unit shuts down midday, ambient 44C on the yard, thermal cutout trips repeatedly",30,True
T000750,I00800,2026-08-10,overheat,"unit shuts down midday, ambient 44C on the yard, thermal cutout trips repeatedly",12,True
T000751,I00803,2025-08-09,electrical,"power supply dropout, breaker tripped once, wiring inspected and fine",96,True
T000752,I00804,2024-09-21,overheat,"unit shuts down midday, ambient 44C on the yard, thermal cutout trips repeatedly",1,True
T000753,I00804,2024-09-18,overheat,"overheating during afternoon peak, thermal protection engaged, cooling fins caked",18,True
T000754,I00804,2025-06-13,wear,"bearing play after continuous running, wear on the drive belt, third shift usage",1,True
T000755,I00805,2025-12-16,overheat,"unit shuts down midday, ambient 44C on the yard, thermal cutout trips repeatedly",8,True
T000756,I00808,2025-01-30,overheat,"thermal shutdown again at 41C ambient, passive cooling cannot keep up in summer",1,True
T000757,I00810,2025-09-02,overheat,"overheating during afternoon peak, thermal protection engaged, cooling fins caked",30,True
T000758,I00810,2025-06-02,wear,"drive wear and vibration, continuous three shift operation since install",4,True
T000759,I00812,2025-11-21,overheat,"thermal shutdown again at 41C ambient, passive cooling cannot keep up in summer",30,True
T000760,I00812,2025-06-11,overheat,"overheating during afternoon peak, thermal protection engaged, cooling fins caked",12,True
T000761,I00812,2026-01-15,wear,"belt slippage and wear, machine never idles, wear parts replaced twice",12,True
T000762,I00814,2025-08-30,wear,"drive wear and vibration, continuous three shift operation since install",3,True
T000763,I00815,2025-05-14,electrical,"control board error code 21, replaced the relay, fault cleared",18,False
T000764,I00816,2024-11-01,wear,"belt slippage and wear, machine never idles, wear parts replaced twice",12,True
T000765,I00818,2025-08-12,user-error,"wrong operating mode selected, user error, showed the team the correct sequence",30,True
T000766,I00819,2024-07-28,overheat,"overheating during afternoon peak, thermal protection engaged, cooling fins caked",30,True
T000767,I00819,2024-12-16,overheat,"thermal shutdown again at 41C ambient, passive cooling cannot keep up in summer",30,True
T000768,I00819,2025-03-01,wear,"excessive wear on rollers, unit running 24h, duty cycle far above rating",96,True
T000769,I00819,2024-10-10,wear,"belt slippage and wear, machine never idles, wear parts replaced twice",54,False
T000770,I00819,2024-07-01,electrical,"power supply dropout, breaker tripped once, wiring inspected and fine",54,False
T000771,I00821,2025-08-02,overheat,"unit shuts down midday, ambient 44C on the yard, thermal cutout trips repeatedly",8,True
T000772,I00822,2025-12-19,overheat,"unit shuts down midday, ambient 44C on the yard, thermal cutout trips repeatedly",1,True
T000773,I00822,2026-03-01,overheat,"overheating during afternoon peak, thermal protection engaged, cooling fins caked",3,True
T000774,I00822,2026-03-30,wear,"bearing play after continuous running, wear on the drive belt, third shift usage",8,True
T000775,I00822,2026-06-17,user-error,"operator loaded above rated capacity, retrained the crew, no defect found",1,True
T000776,I00825,2024-09-21,overheat,"unit shuts down midday, ambient 44C on the yard, thermal cutout trips repeatedly",3,True
T000777,I00826,2025-12-15,overheat,"overheating during afternoon peak, thermal protection engaged, cooling fins caked",1,True
T000778,I00826,2026-04-03,wear,"belt slippage and wear, machine never idles, wear parts replaced twice",3,True
T000779,I00827,2026-05-22,electrical,"intermittent contactor fault, panel resets on its own, no pattern found",3,True
T000780,I00829,2026-05-06,overheat,"recurring overheat alarm, heat soak in the enclosure, thermal derate all afternoon",18,True
T000781,I00829,2026-03-28,wear,"excessive wear on rollers, unit running 24h, duty cycle far above rating",3,True
T000782,I00830,2025-07-17,electrical,"power supply dropout, breaker tripped once, wiring inspected and fine",8,True
T000783,I00831,2025-06-06,wear,"excessive wear on rollers, unit running 24h, duty cycle far above rating",3,True
T000784,I00832,2025-04-29,overheat,"overheating during afternoon peak, thermal protection engaged, cooling fins caked",12,False
T000785,I00832,2025-08-12,overheat,"overheating during afternoon peak, thermal protection engaged, cooling fins caked",30,True
T000786,I00832,2026-01-22,overheat,"unit shuts down midday, ambient 44C on the yard, thermal cutout trips repeatedly",12,True
T000787,I00833,2025-01-27,overheat,"machine stops when ambient climbs, thermal fault logged, restarts after cooling",30,True
T000788,I00834,2025-07-27,overheat,"unit shuts down midday, ambient 44C on the yard, thermal cutout trips repeatedly",30,True
T000789,I00834,2025-08-18,overheat,"thermal shutdown again at 41C ambient, passive cooling cannot keep up in summer",30,True
T000790,I00837,2024-09-29,wear,"excessive wear on rollers, unit running 24h, duty cycle far above rating",3,True
T000791,I00837,2024-11-28,wear,"drive wear and vibration, continuous three shift operation since install",8,False
T000792,I00838,2024-06-05,wear,"belt slippage and wear, machine never idles, wear parts replaced twice",12,True
T000793,I00841,2025-04-10,wear,"excessive wear on rollers, unit running 24h, duty cycle far above rating",1,True
T000794,I00841,2025-09-23,electrical,"control board error code 21, replaced the relay, fault cleared",1,True
T000795,I00842,2025-10-30,overheat,"machine stops when ambient climbs, thermal fault logged, restarts after cooling",3,True
T000796,I00842,2025-12-13,overheat,"unit shuts down midday, ambient 44C on the yard, thermal cutout trips repeatedly",8,False
T000797,I00844,2025-05-14,overheat,"recurring overheat alarm, heat soak in the enclosure, thermal derate all afternoon",1,True
T000798,I00844,2025-08-21,wear,"bearing play after continuous running, wear on the drive belt, third shift usage",3,False
T000799,I00848,2025-12-23,wear,"bearing play after continuous running, wear on the drive belt, third shift usage",3,True
T000800,I00849,2024-10-03,overheat,"overheating during afternoon peak, thermal protection engaged, cooling fins caked",4,True
T000801,I00849,2024-11-01,wear,"belt slippage and wear, machine never idles, wear parts replaced twice",54,True
T000802,I00849,2025-03-09,user-error,"wrong operating mode selected, user error, showed the team the correct sequence",12,True
T000803,I00850,2024-09-21,overheat,"overheating during afternoon peak, thermal protection engaged, cooling fins caked",1,True
T000804,I00850,2024-10-26,overheat,"thermal shutdown again at 41C ambient, passive cooling cannot keep up in summer",3,True
T000805,I00852,2025-07-06,wear,"excessive wear on rollers, unit running 24h, duty cycle far above rating",4,False
T000806,I00853,2026-07-22,overheat,"unit shuts down midday, ambient 44C on the yard, thermal cutout trips repeatedly",18,True
T000807,I00854,2026-05-21,electrical,"intermittent contactor fault, panel resets on its own, no pattern found",40,True
T000808,I00854,2026-02-09,electrical,"power supply dropout, breaker tripped once, wiring inspected and fine",1,True
T000809,I00858,2024-05-17,overheat,"unit shuts down midday, ambient 44C on the yard, thermal cutout trips repeatedly",30,True
T000810,I00858,2024-07-19,wear,"belt slippage and wear, machine never idles, wear parts replaced twice",12,True
T000811,I00859,2025-06-15,overheat,"recurring overheat alarm, heat soak in the enclosure, thermal derate all afternoon",12,True
T000812,I00859,2025-11-01,overheat,"recurring overheat alarm, heat soak in the enclosure, thermal derate all afternoon",4,True
T000813,I00861,2025-09-13,overheat,"overheating during afternoon peak, thermal protection engaged, cooling fins caked",40,True
T000814,I00861,2025-09-23,overheat,"recurring overheat alarm, heat soak in the enclosure, thermal derate all afternoon",8,False
T000815,I00862,2025-11-03,overheat,"thermal shutdown again at 41C ambient, passive cooling cannot keep up in summer",12,True
T000816,I00862,2025-09-01,overheat,"recurring overheat alarm, heat soak in the enclosure, thermal derate all afternoon",30,True
T000817,I00862,2025-07-06,wear,"bearing play after continuous running, wear on the drive belt, third shift usage",96,True
T000818,I00863,2025-03-20,overheat,"unit shuts down midday, ambient 44C on the yard, thermal cutout trips repeatedly",30,True
T000819,I00864,2024-12-15,overheat,"machine stops when ambient climbs, thermal fault logged, restarts after cooling",30,True
T000820,I00864,2024-11-08,overheat,"overheating during afternoon peak, thermal protection engaged, cooling fins caked",96,True
T000821,I00864,2025-08-06,overheat,"overheating during afternoon peak, thermal protection engaged, cooling fins caked",30,True
T000822,I00864,2025-03-01,wear,"belt slippage and wear, machine never idles, wear parts replaced twice",54,True
T000823,I00865,2025-02-09,wear,"excessive wear on rollers, unit running 24h, duty cycle far above rating",8,True
T000824,I00865,2025-02-17,user-error,"wrong operating mode selected, user error, showed the team the correct sequence",1,False
T000825,I00866,2026-09-06,wear,"excessive wear on rollers, unit running 24h, duty cycle far above rating",30,True
T000826,I00868,2024-09-13,wear,"bearing play after continuous running, wear on the drive belt, third shift usage",54,True
T000827,I00868,2025-05-27,user-error,"guard interlock left open, machine correctly refused to start, user error",30,True
T000828,I00870,2024-08-08,wear,"bearing play after continuous running, wear on the drive belt, third shift usage",30,True
T000829,I00872,2025-08-27,overheat,"recurring overheat alarm, heat soak in the enclosure, thermal derate all afternoon",1,True
T000830,I00872,2025-05-24,wear,"bearing play after continuous running, wear on the drive belt, third shift usage",1,False
T000831,I00873,2025-09-30,wear,"drive wear and vibration, continuous three shift operation since install",30,True
T000832,I00873,2025-10-07,wear,"excessive wear on rollers, unit running 24h, duty cycle far above rating",30,True
T000833,I00873,2025-07-14,wear,"belt slippage and wear, machine never idles, wear parts replaced twice",12,True
T000834,I00874,2026-05-22,wear,"drive wear and vibration, continuous three shift operation since install",3,True
T000835,I00875,2024-11-01,electrical,"control board error code 21, replaced the relay, fault cleared",54,True
T000836,I00878,2025-01-03,wear,"belt slippage and wear, machine never idles, wear parts replaced twice",12,True
T000837,I00880,2026-03-15,overheat,"unit shuts down midday, ambient 44C on the yard, thermal cutout trips repeatedly",3,True
T000838,I00880,2026-08-19,wear,"drive wear and vibration, continuous three shift operation since install",8,True
T000839,I00884,2025-04-05,overheat,"machine stops when ambient climbs, thermal fault logged, restarts after cooling",4,False
T000840,I00884,2024-09-04,overheat,"machine stops when ambient climbs, thermal fault logged, restarts after cooling",4,True
T000841,I00885,2025-02-27,wear,"bearing play after continuous running, wear on the drive belt, third shift usage",1,False
T000842,I00887,2025-02-24,wear,"bearing play after continuous running, wear on the drive belt, third shift usage",54,False
T000843,I00888,2025-05-05,electrical,"intermittent contactor fault, panel resets on its own, no pattern found",1,True
T000844,I00889,2025-01-27,overheat,"recurring overheat alarm, heat soak in the enclosure, thermal derate all afternoon",8,True
T000845,I00889,2024-07-24,overheat,"machine stops when ambient climbs, thermal fault logged, restarts after cooling",3,True
T000846,I00891,2025-10-24,overheat,"unit shuts down midday, ambient 44C on the yard, thermal cutout trips repeatedly",3,True
T000847,I00891,2024-10-28,electrical,"control board error code 21, replaced the relay, fault cleared",1,True
T000848,I00892,2025-10-02,overheat,"recurring overheat alarm, heat soak in the enclosure, thermal derate all afternoon",1,True
T000849,I00895,2026-02-20,overheat,"thermal shutdown again at 41C ambient, passive cooling cannot keep up in summer",18,True
T000850,I00895,2025-12-13,overheat,"recurring overheat alarm, heat soak in the enclosure, thermal derate all afternoon",1,True
T000851,I00897,2024-08-23,user-error,"wrong operating mode selected, user error, showed the team the correct sequence",96,False
T000852,I00899,2025-07-22,overheat,"thermal shutdown again at 41C ambient, passive cooling cannot keep up in summer",30,True
T000853,I00899,2025-08-06,overheat,"recurring overheat alarm, heat soak in the enclosure, thermal derate all afternoon",12,False
T000854,I00899,2025-06-13,overheat,"recurring overheat alarm, heat soak in the enclosure, thermal derate all afternoon",4,False
T000855,I00900,2025-09-15,wear,"drive wear and vibration, continuous three shift operation since install",18,True
T000856,I00903,2025-07-10,user-error,"guard interlock left open, machine correctly refused to start, user error",1,True
T000857,I00905,2025-07-28,overheat,"recurring overheat alarm, heat soak in the enclosure, thermal derate all afternoon",54,True
T000858,I00905,2025-12-16,user-error,"wrong operating mode selected, user error, showed the team the correct sequence",54,True
T000859,I00907,2025-11-30,user-error,"operator loaded above rated capacity, retrained the crew, no defect found",3,True
T000860,I00908,2026-04-05,overheat,"overheating during afternoon peak, thermal protection engaged, cooling fins caked",30,False
T000861,I00908,2025-10-12,overheat,"overheating during afternoon peak, thermal protection engaged, cooling fins caked",30,True
T000862,I00910,2025-09-11,overheat,"overheating during afternoon peak, thermal protection engaged, cooling fins caked",54,True
T000863,I00910,2026-07-29,overheat,"overheating during afternoon peak, thermal protection engaged, cooling fins caked",96,True
T000864,I00912,2026-01-22,overheat,"unit shuts down midday, ambient 44C on the yard, thermal cutout trips repeatedly",30,True
T000865,I00912,2025-10-20,wear,"drive wear and vibration, continuous three shift operation since install",4,True
T000866,I00912,2025-10-31,electrical,"control board error code 21, replaced the relay, fault cleared",12,True
T000867,I00913,2025-06-13,overheat,"unit shuts down midday, ambient 44C on the yard, thermal cutout trips repeatedly",18,True
T000868,I00914,2025-05-18,wear,"excessive wear on rollers, unit running 24h, duty cycle far above rating",12,True
T000869,I00915,2025-04-24,overheat,"thermal shutdown again at 41C ambient, passive cooling cannot keep up in summer",3,True
T000870,I00915,2024-06-26,wear,"excessive wear on rollers, unit running 24h, duty cycle far above rating",1,True
T000871,I00919,2025-04-03,overheat,"unit shuts down midday, ambient 44C on the yard, thermal cutout trips repeatedly",8,True
T000872,I00919,2025-04-15,wear,"bearing play after continuous running, wear on the drive belt, third shift usage",1,True
T000873,I00920,2024-11-26,wear,"belt slippage and wear, machine never idles, wear parts replaced twice",30,True
T000874,I00921,2024-11-29,overheat,"unit shuts down midday, ambient 44C on the yard, thermal cutout trips repeatedly",3,False
T000875,I00921,2025-11-06,wear,"drive wear and vibration, continuous three shift operation since install",1,False
T000876,I00922,2026-08-17,user-error,"operator loaded above rated capacity, retrained the crew, no defect found",4,False
T000877,I00923,2025-02-08,electrical,"control board error code 21, replaced the relay, fault cleared",1,True
T000878,I00924,2025-01-03,overheat,"machine stops when ambient climbs, thermal fault logged, restarts after cooling",12,True
T000879,I00927,2025-08-15,overheat,"machine stops when ambient climbs, thermal fault logged, restarts after cooling",1,True
T000880,I00928,2025-05-06,overheat,"machine stops when ambient climbs, thermal fault logged, restarts after cooling",30,True
T000881,I00929,2024-03-31,wear,"belt slippage and wear, machine never idles, wear parts replaced twice",18,True
T000882,I00935,2025-12-29,overheat,"overheating during afternoon peak, thermal protection engaged, cooling fins caked",30,True
T000883,I00937,2026-02-26,overheat,"thermal shutdown again at 41C ambient, passive cooling cannot keep up in summer",8,True
T000884,I00938,2025-03-14,overheat,"thermal shutdown again at 41C ambient, passive cooling cannot keep up in summer",4,True
T000885,I00938,2024-07-21,overheat,"machine stops when ambient climbs, thermal fault logged, restarts after cooling",30,False
T000886,I00938,2024-10-02,wear,"excessive wear on rollers, unit running 24h, duty cycle far above rating",12,True
T000887,I00938,2024-11-19,user-error,"operator loaded above rated capacity, retrained the crew, no defect found",30,True
T000888,I00939,2024-04-02,overheat,"unit shuts down midday, ambient 44C on the yard, thermal cutout trips repeatedly",3,True
T000889,I00939,2025-01-17,wear,"drive wear and vibration, continuous three shift operation since install",8,True
T000890,I00939,2025-03-22,user-error,"operator loaded above rated capacity, retrained the crew, no defect found",1,False
T000891,I00940,2026-02-18,overheat,"recurring overheat alarm, heat soak in the enclosure, thermal derate all afternoon",54,True
T000892,I00946,2025-08-22,user-error,"wrong operating mode selected, user error, showed the team the correct sequence",4,True
T000893,I00947,2025-12-07,wear,"drive wear and vibration, continuous three shift operation since install",54,True
T000894,I00947,2025-10-17,user-error,"guard interlock left open, machine correctly refused to start, user error",30,False
T000895,I00949,2026-09-07,overheat,"recurring overheat alarm, heat soak in the enclosure, thermal derate all afternoon",1,False
T000896,I00949,2026-05-15,wear,"belt slippage and wear, machine never idles, wear parts replaced twice",8,True
T000897,I00950,2025-03-14,overheat,"thermal shutdown again at 41C ambient, passive cooling cannot keep up in summer",54,True
T000898,I00952,2025-07-02,wear,"drive wear and vibration, continuous three shift operation since install",3,False
T000899,I00952,2026-03-21,user-error,"guard interlock left open, machine correctly refused to start, user error",1,True
T000900,I00955,2025-07-11,user-error,"guard interlock left open, machine correctly refused to start, user error",1,True
T000901,I00956,2024-10-06,wear,"belt slippage and wear, machine never idles, wear parts replaced twice",30,True
T000902,I00957,2025-08-28,user-error,"operator loaded above rated capacity, retrained the crew, no defect found",96,True
T000903,I00959,2025-12-10,overheat,"unit shuts down midday, ambient 44C on the yard, thermal cutout trips repeatedly",1,True
T000904,I00959,2026-03-22,wear,"bearing play after continuous running, wear on the drive belt, third shift usage",3,True
T000905,I00959,2025-10-26,electrical,"intermittent contactor fault, panel resets on its own, no pattern found",8,True
T000906,I00964,2025-05-19,overheat,"machine stops when ambient climbs, thermal fault logged, restarts after cooling",4,True
T000907,I00964,2025-05-05,overheat,"thermal shutdown again at 41C ambient, passive cooling cannot keep up in summer",54,False
T000908,I00965,2026-04-20,overheat,"machine stops when ambient climbs, thermal fault logged, restarts after cooling",12,True
T000909,I00965,2025-09-25,wear,"bearing play after continuous running, wear on the drive belt, third shift usage",30,True
T000910,I00966,2026-03-06,user-error,"operator loaded above rated capacity, retrained the crew, no defect found",8,False
T000911,I00967,2025-01-27,overheat,"thermal shutdown again at 41C ambient, passive cooling cannot keep up in summer",30,True
T000912,I00967,2025-01-14,overheat,"machine stops when ambient climbs, thermal fault logged, restarts after cooling",30,True
T000913,I00967,2025-08-01,user-error,"guard interlock left open, machine correctly refused to start, user error",54,True
T000914,I00968,2025-08-15,electrical,"intermittent contactor fault, panel resets on its own, no pattern found",96,True
T000915,I00971,2024-12-24,overheat,"recurring overheat alarm, heat soak in the enclosure, thermal derate all afternoon",18,True
T000916,I00972,2026-02-18,electrical,"intermittent contactor fault, panel resets on its own, no pattern found",96,True
T000917,I00973,2026-04-24,overheat,"thermal shutdown again at 41C ambient, passive cooling cannot keep up in summer",12,True
T000918,I00973,2025-08-22,wear,"excessive wear on rollers, unit running 24h, duty cycle far above rating",54,True
T000919,I00974,2025-03-25,overheat,"thermal shutdown again at 41C ambient, passive cooling cannot keep up in summer",3,True
T000920,I00975,2025-12-19,wear,"belt slippage and wear, machine never idles, wear parts replaced twice",54,False
T000921,I00976,2025-01-10,wear,"bearing play after continuous running, wear on the drive belt, third shift usage",3,True
T000922,I00979,2026-01-04,user-error,"operator loaded above rated capacity, retrained the crew, no defect found",54,True
T000923,I00982,2024-09-20,wear,"excessive wear on rollers, unit running 24h, duty cycle far above rating",3,False
T000924,I00983,2025-07-22,wear,"excessive wear on rollers, unit running 24h, duty cycle far above rating",96,True
T000925,I00983,2026-01-21,wear,"excessive wear on rollers, unit running 24h, duty cycle far above rating",4,True
T000926,I00983,2026-04-23,wear,"bearing play after continuous running, wear on the drive belt, third shift usage",30,True
T000927,I00984,2025-11-29,overheat,"overheating during afternoon peak, thermal protection engaged, cooling fins caked",1,True
T000928,I00984,2025-08-01,overheat,"overheating during afternoon peak, thermal protection engaged, cooling fins caked",8,True
T000929,I00984,2025-04-28,user-error,"operator loaded above rated capacity, retrained the crew, no defect found",40,True
T000930,I00987,2026-03-13,overheat,"machine stops when ambient climbs, thermal fault logged, restarts after cooling",18,True
T000931,I00987,2026-04-18,overheat,"overheating during afternoon peak, thermal protection engaged, cooling fins caked",8,True
T000932,I00988,2026-02-26,electrical,"control board error code 21, replaced the relay, fault cleared",18,True
T000933,I00989,2024-09-04,wear,"excessive wear on rollers, unit running 24h, duty cycle far above rating",30,True
T000934,I00990,2025-12-28,wear,"excessive wear on rollers, unit running 24h, duty cycle far above rating",18,True
T000935,I00992,2025-12-22,wear,"excessive wear on rollers, unit running 24h, duty cycle far above rating",3,True
T000936,I00995,2025-11-14,overheat,"machine stops when ambient climbs, thermal fault logged, restarts after cooling",18,True
T000937,I00995,2026-02-12,overheat,"unit shuts down midday, ambient 44C on the yard, thermal cutout trips repeatedly",18,True
T000938,I00995,2026-04-08,overheat,"thermal shutdown again at 41C ambient, passive cooling cannot keep up in summer",3,False
T000939,I00997,2024-06-24,wear,"belt slippage and wear, machine never idles, wear parts replaced twice",54,True
T000940,I00998,2025-04-01,overheat,"recurring overheat alarm, heat soak in the enclosure, thermal derate all afternoon",12,True
T000941,I00999,2026-02-02,overheat,"unit shuts down midday, ambient 44C on the yard, thermal cutout trips repeatedly",30,True
T000942,I00999,2026-04-15,wear,"excessive wear on rollers, unit running 24h, duty cycle far above rating",12,True
T000943,I00999,2026-03-25,wear,"excessive wear on rollers, unit running 24h, duty cycle far above rating",30,True
T000944,I01000,2025-12-29,wear,"belt slippage and wear, machine never idles, wear parts replaced twice",1,False
T000945,I01003,2026-06-13,overheat,"overheating during afternoon peak, thermal protection engaged, cooling fins caked",54,True
T000946,I01003,2025-06-25,wear,"bearing play after continuous running, wear on the drive belt, third shift usage",4,True
T000947,I01004,2025-06-17,overheat,"thermal shutdown again at 41C ambient, passive cooling cannot keep up in summer",3,True
T000948,I01006,2026-02-15,overheat,"machine stops when ambient climbs, thermal fault logged, restarts after cooling",12,True
T000949,I01007,2025-03-28,overheat,"unit shuts down midday, ambient 44C on the yard, thermal cutout trips repeatedly",1,True
T000950,I01007,2025-10-08,wear,"bearing play after continuous running, wear on the drive belt, third shift usage",18,True
T000951,I01009,2026-01-08,overheat,"recurring overheat alarm, heat soak in the enclosure, thermal derate all afternoon",4,True
T000952,I01009,2025-03-15,overheat,"recurring overheat alarm, heat soak in the enclosure, thermal derate all afternoon",54,True
T000953,I01009,2025-11-24,overheat,"recurring overheat alarm, heat soak in the enclosure, thermal derate all afternoon",96,True
T000954,I01009,2025-10-26,wear,"bearing play after continuous running, wear on the drive belt, third shift usage",54,True
T000955,I01010,2024-08-26,user-error,"guard interlock left open, machine correctly refused to start, user error",54,False
T000956,I01013,2026-01-09,electrical,"power supply dropout, breaker tripped once, wiring inspected and fine",54,True
T000957,I01015,2025-12-28,wear,"excessive wear on rollers, unit running 24h, duty cycle far above rating",1,True
T000958,I01017,2025-11-19,wear,"drive wear and vibration, continuous three shift operation since install",40,True
T000959,I01018,2025-09-05,overheat,"overheating during afternoon peak, thermal protection engaged, cooling fins caked",30,True
T000960,I01019,2025-02-11,overheat,"thermal shutdown again at 41C ambient, passive cooling cannot keep up in summer",8,True
T000961,I01019,2024-11-21,wear,"belt slippage and wear, machine never idles, wear parts replaced twice",1,True
T000962,I01020,2025-07-14,user-error,"wrong operating mode selected, user error, showed the team the correct sequence",1,True
T000963,I01021,2025-08-02,overheat,"unit shuts down midday, ambient 44C on the yard, thermal cutout trips repeatedly",12,True
T000964,I01021,2025-08-02,wear,"bearing play after continuous running, wear on the drive belt, third shift usage",96,True
T000965,I01022,2025-05-26,user-error,"wrong operating mode selected, user error, showed the team the correct sequence",96,True
T000966,I01023,2026-08-24,electrical,"power supply dropout, breaker tripped once, wiring inspected and fine",12,True
T000967,I01024,2025-03-06,overheat,"overheating during afternoon peak, thermal protection engaged, cooling fins caked",96,True
T000968,I01024,2025-06-30,overheat,"recurring overheat alarm, heat soak in the enclosure, thermal derate all afternoon",54,True
T000969,I01024,2025-12-01,wear,"bearing play after continuous running, wear on the drive belt, third shift usage",12,True
T000970,I01025,2026-01-13,overheat,"machine stops when ambient climbs, thermal fault logged, restarts after cooling",30,True
T000971,I01025,2025-10-04,overheat,"overheating during afternoon peak, thermal protection engaged, cooling fins caked",96,True
T000972,I01025,2025-08-16,overheat,"recurring overheat alarm, heat soak in the enclosure, thermal derate all afternoon",12,True
T000973,I01026,2025-03-17,wear,"belt slippage and wear, machine never idles, wear parts replaced twice",18,True
T000974,I01027,2025-11-15,wear,"belt slippage and wear, machine never idles, wear parts replaced twice",18,True
T000975,I01028,2026-01-03,overheat,"machine stops when ambient climbs, thermal fault logged, restarts after cooling",30,True
T000976,I01028,2025-08-28,user-error,"operator loaded above rated capacity, retrained the crew, no defect found",12,True
T000977,I01030,2026-06-30,wear,"bearing play after continuous running, wear on the drive belt, third shift usage",1,True
T000978,I01030,2025-08-24,user-error,"operator loaded above rated capacity, retrained the crew, no defect found",1,False
T000979,I01033,2024-06-25,overheat,"machine stops when ambient climbs, thermal fault logged, restarts after cooling",3,False
T000980,I01033,2024-09-01,overheat,"recurring overheat alarm, heat soak in the enclosure, thermal derate all afternoon",8,True
T000981,I01033,2025-03-25,overheat,"thermal shutdown again at 41C ambient, passive cooling cannot keep up in summer",40,True
T000982,I01034,2025-10-15,electrical,"control board error code 21, replaced the relay, fault cleared",40,True
T000983,I01035,2026-08-28,wear,"excessive wear on rollers, unit running 24h, duty cycle far above rating",18,True
T000984,I01035,2025-09-12,wear,"excessive wear on rollers, unit running 24h, duty cycle far above rating",18,True
T000985,I01037,2026-02-11,electrical,"power supply dropout, breaker tripped once, wiring inspected and fine",96,True
T000986,I01039,2025-09-08,overheat,"overheating during afternoon peak, thermal protection engaged, cooling fins caked",96,True
T000987,I01039,2025-05-06,user-error,"operator loaded above rated capacity, retrained the crew, no defect found",12,True
T000988,I01040,2025-06-13,wear,"drive wear and vibration, continuous three shift operation since install",4,True
T000989,I01040,2025-07-20,wear,"bearing play after continuous running, wear on the drive belt, third shift usage",96,True
T000990,I01040,2025-03-31,user-error,"operator loaded above rated capacity, retrained the crew, no defect found",12,False
T000991,I01042,2024-08-28,wear,"excessive wear on rollers, unit running 24h, duty cycle far above rating",12,True
T000992,I01046,2025-06-03,wear,"excessive wear on rollers, unit running 24h, duty cycle far above rating",3,True
T000993,I01046,2025-12-13,wear,"bearing play after continuous running, wear on the drive belt, third shift usage",8,True
T000994,I01048,2026-03-11,overheat,"overheating during afternoon peak, thermal protection engaged, cooling fins caked",12,True
T000995,I01048,2026-03-11,overheat,"overheating during afternoon peak, thermal protection engaged, cooling fins caked",4,True
T000996,I01048,2025-06-24,overheat,"machine stops when ambient climbs, thermal fault logged, restarts after cooling",12,True
T000997,I01048,2025-11-04,user-error,"operator loaded above rated capacity, retrained the crew, no defect found",30,True
T000998,I01049,2026-03-24,overheat,"machine stops when ambient climbs, thermal fault logged, restarts after cooling",54,False
T000999,I01049,2025-08-25,overheat,"overheating during afternoon peak, thermal protection engaged, cooling fins caked",54,True
T001000,I01050,2026-04-20,wear,"excessive wear on rollers, unit running 24h, duty cycle far above rating",54,True
T001001,I01050,2026-06-17,wear,"excessive wear on rollers, unit running 24h, duty cycle far above rating",30,True
T001002,I01051,2026-02-21,user-error,"guard interlock left open, machine correctly refused to start, user error",96,True
T001003,I01052,2024-07-06,user-error,"operator loaded above rated capacity, retrained the crew, no defect found",12,True
T001004,I01053,2025-07-29,overheat,"machine stops when ambient climbs, thermal fault logged, restarts after cooling",3,True
T001005,I01054,2026-06-14,user-error,"wrong operating mode selected, user error, showed the team the correct sequence",96,True
T001006,I01055,2026-07-12,overheat,"overheating during afternoon peak, thermal protection engaged, cooling fins caked",1,True
T001007,I01055,2026-02-26,user-error,"wrong operating mode selected, user error, showed the team the correct sequence",1,True
T001008,I01055,2025-09-18,electrical,"intermittent contactor fault, panel resets on its own, no pattern found",3,True
T001009,I01058,2025-04-19,overheat,"overheating during afternoon peak, thermal protection engaged, cooling fins caked",30,True
T001010,I01058,2025-04-10,overheat,"machine stops when ambient climbs, thermal fault logged, restarts after cooling",4,True
T001011,I01059,2025-03-18,wear,"belt slippage and wear, machine never idles, wear parts replaced twice",8,True
T001012,I01061,2025-12-05,overheat,"thermal shutdown again at 41C ambient, passive cooling cannot keep up in summer",18,True
T001013,I01063,2025-04-23,wear,"drive wear and vibration, continuous three shift operation since install",8,True
T001014,I01064,2025-08-21,overheat,"machine stops when ambient climbs, thermal fault logged, restarts after cooling",8,True
T001015,I01065,2026-02-01,wear,"bearing play after continuous running, wear on the drive belt, third shift usage",12,True
T001016,I01065,2025-10-20,wear,"excessive wear on rollers, unit running 24h, duty cycle far above rating",54,True
T001017,I01067,2025-05-19,wear,"bearing play after continuous running, wear on the drive belt, third shift usage",12,True
T001018,I01068,2026-07-26,overheat,"recurring overheat alarm, heat soak in the enclosure, thermal derate all afternoon",1,True
T001019,I01068,2026-02-04,wear,"excessive wear on rollers, unit running 24h, duty cycle far above rating",8,True
T001020,I01069,2024-10-16,overheat,"recurring overheat alarm, heat soak in the enclosure, thermal derate all afternoon",54,True
T001021,I01070,2024-06-09,overheat,"unit shuts down midday, ambient 44C on the yard, thermal cutout trips repeatedly",4,True
T001022,I01072,2025-10-06,overheat,"recurring overheat alarm, heat soak in the enclosure, thermal derate all afternoon",18,True
T001023,I01073,2026-02-06,wear,"drive wear and vibration, continuous three shift operation since install",12,True
T001024,I01075,2025-02-08,overheat,"recurring overheat alarm, heat soak in the enclosure, thermal derate all afternoon",30,True
T001025,I01076,2025-07-09,overheat,"recurring overheat alarm, heat soak in the enclosure, thermal derate all afternoon",12,True
T001026,I01076,2025-11-04,overheat,"machine stops when ambient climbs, thermal fault logged, restarts after cooling",30,True
T001027,I01076,2025-10-21,electrical,"control board error code 21, replaced the relay, fault cleared",96,True
T001028,I01077,2025-04-28,overheat,"thermal shutdown again at 41C ambient, passive cooling cannot keep up in summer",30,True
T001029,I01077,2024-12-23,wear,"drive wear and vibration, continuous three shift operation since install",30,True
T001030,I01078,2026-01-04,overheat,"machine stops when ambient climbs, thermal fault logged, restarts after cooling",1,True
T001031,I01080,2025-09-13,wear,"bearing play after continuous running, wear on the drive belt, third shift usage",3,True
T001032,I01081,2025-02-20,electrical,"intermittent contactor fault, panel resets on its own, no pattern found",3,True
T001033,I01083,2025-08-02,overheat,"machine stops when ambient climbs, thermal fault logged, restarts after cooling",40,True
T001034,I01083,2025-09-07,overheat,"recurring overheat alarm, heat soak in the enclosure, thermal derate all afternoon",3,False
T001035,I01085,2025-05-17,overheat,"overheating during afternoon peak, thermal protection engaged, cooling fins caked",8,True
T001036,I01085,2024-08-21,overheat,"recurring overheat alarm, heat soak in the enclosure, thermal derate all afternoon",18,True
T001037,I01088,2024-12-23,overheat,"overheating during afternoon peak, thermal protection engaged, cooling fins caked",8,True
T001038,I01092,2025-05-02,user-error,"guard interlock left open, machine correctly refused to start, user error",12,True
T001039,I01093,2025-11-17,overheat,"unit shuts down midday, ambient 44C on the yard, thermal cutout trips repeatedly",40,True
T001040,I01093,2025-06-17,overheat,"recurring overheat alarm, heat soak in the enclosure, thermal derate all afternoon",1,True
T001041,I01093,2026-03-20,electrical,"control board error code 21, replaced the relay, fault cleared",40,True
T001042,I01094,2024-10-09,overheat,"overheating during afternoon peak, thermal protection engaged, cooling fins caked",3,True
T001043,I01097,2025-03-02,wear,"belt slippage and wear, machine never idles, wear parts replaced twice",12,True
T001044,I01097,2025-05-13,wear,"excessive wear on rollers, unit running 24h, duty cycle far above rating",30,True
T001045,I01100,2024-12-31,overheat,"machine stops when ambient climbs, thermal fault logged, restarts after cooling",3,True
T001046,I01100,2025-08-05,overheat,"unit shuts down midday, ambient 44C on the yard, thermal cutout trips repeatedly",1,False
T001047,I01100,2025-05-13,wear,"drive wear and vibration, continuous three shift operation since install",18,True
T001048,I01101,2026-02-22,overheat,"machine stops when ambient climbs, thermal fault logged, restarts after cooling",8,True
T001049,I01103,2024-09-12,overheat,"overheating during afternoon peak, thermal protection engaged, cooling fins caked",96,True
T001050,I01103,2024-10-09,wear,"drive wear and vibration, continuous three shift operation since install",54,True
T001051,I01106,2025-06-13,overheat,"recurring overheat alarm, heat soak in the enclosure, thermal derate all afternoon",12,True
T001052,I01106,2025-06-30,overheat,"recurring overheat alarm, heat soak in the enclosure, thermal derate all afternoon",30,True
T001053,I01106,2024-07-14,wear,"drive wear and vibration, continuous three shift operation since install",96,True
T001054,I01107,2025-10-22,overheat,"machine stops when ambient climbs, thermal fault logged, restarts after cooling",54,False
T001055,I01107,2025-11-19,overheat,"unit shuts down midday, ambient 44C on the yard, thermal cutout trips repeatedly",54,True
T001056,I01107,2026-04-03,overheat,"machine stops when ambient climbs, thermal fault logged, restarts after cooling",30,False
T001057,I01109,2025-11-04,electrical,"control board error code 21, replaced the relay, fault cleared",54,True
T001058,I01109,2025-12-03,electrical,"intermittent contactor fault, panel resets on its own, no pattern found",4,True
T001059,I01110,2025-07-13,overheat,"thermal shutdown again at 41C ambient, passive cooling cannot keep up in summer",30,True
T001060,I01110,2025-03-25,user-error,"operator loaded above rated capacity, retrained the crew, no defect found",54,True
T001061,I01111,2025-06-19,overheat,"machine stops when ambient climbs, thermal fault logged, restarts after cooling",30,True
T001062,I01116,2025-04-29,overheat,"thermal shutdown again at 41C ambient, passive cooling cannot keep up in summer",8,True
T001063,I01116,2026-02-04,overheat,"machine stops when ambient climbs, thermal fault logged, restarts after cooling",1,True
T001064,I01116,2025-09-02,overheat,"unit shuts down midday, ambient 44C on the yard, thermal cutout trips repeatedly",8,False
T001065,I01117,2025-06-12,overheat,"unit shuts down midday, ambient 44C on the yard, thermal cutout trips repeatedly",12,True
T001066,I01118,2025-07-18,overheat,"recurring overheat alarm, heat soak in the enclosure, thermal derate all afternoon",3,False
T001067,I01118,2024-10-08,overheat,"unit shuts down midday, ambient 44C on the yard, thermal cutout trips repeatedly",3,True
T001068,I01119,2025-04-05,wear,"belt slippage and wear, machine never idles, wear parts replaced twice",1,True
T001069,I01120,2025-11-10,wear,"drive wear and vibration, continuous three shift operation since install",54,True
T001070,I01121,2024-06-29,overheat,"thermal shutdown again at 41C ambient, passive cooling cannot keep up in summer",18,True
T001071,I01121,2024-09-29,wear,"drive wear and vibration, continuous three shift operation since install",1,True
T001072,I01122,2025-09-08,overheat,"unit shuts down midday, ambient 44C on the yard, thermal cutout trips repeatedly",1,True
T001073,I01124,2025-09-29,overheat,"recurring overheat alarm, heat soak in the enclosure, thermal derate all afternoon",12,True
T001074,I01124,2025-02-02,electrical,"intermittent contactor fault, panel resets on its own, no pattern found",96,True
T001075,I01124,2025-08-29,electrical,"power supply dropout, breaker tripped once, wiring inspected and fine",12,True
T001076,I01125,2025-07-15,overheat,"recurring overheat alarm, heat soak in the enclosure, thermal derate all afternoon",12,True
T001077,I01125,2024-12-28,overheat,"machine stops when ambient climbs, thermal fault logged, restarts after cooling",12,False
T001078,I01128,2024-08-29,wear,"belt slippage and wear, machine never idles, wear parts replaced twice",54,True
T001079,I01128,2024-11-04,wear,"belt slippage and wear, machine never idles, wear parts replaced twice",30,True
T001080,I01129,2026-07-11,overheat,"thermal shutdown again at 41C ambient, passive cooling cannot keep up in summer",54,True
T001081,I01129,2026-06-19,electrical,"power supply dropout, breaker tripped once, wiring inspected and fine",30,True
T001082,I01131,2024-10-13,wear,"excessive wear on rollers, unit running 24h, duty cycle far above rating",18,True
T001083,I01132,2025-01-21,wear,"bearing play after continuous running, wear on the drive belt, third shift usage",1,True
T001084,I01135,2025-05-15,overheat,"recurring overheat alarm, heat soak in the enclosure, thermal derate all afternoon",1,True
T001085,I01138,2025-07-09,overheat,"thermal shutdown again at 41C ambient, passive cooling cannot keep up in summer",96,True
T001086,I01138,2025-07-02,overheat,"overheating during afternoon peak, thermal protection engaged, cooling fins caked",4,True
T001087,I01139,2025-09-23,wear,"excessive wear on rollers, unit running 24h, duty cycle far above rating",96,True
T001088,I01140,2025-03-31,electrical,"power supply dropout, breaker tripped once, wiring inspected and fine",12,True
T001089,I01141,2026-02-10,overheat,"thermal shutdown again at 41C ambient, passive cooling cannot keep up in summer",96,True
T001090,I01141,2025-08-17,wear,"drive wear and vibration, continuous three shift operation since install",12,True
T001091,I01141,2025-12-14,wear,"bearing play after continuous running, wear on the drive belt, third shift usage",54,True
T001092,I01143,2025-01-26,wear,"drive wear and vibration, continuous three shift operation since install",4,True
T001093,I01144,2024-05-31,user-error,"wrong operating mode selected, user error, showed the team the correct sequence",54,True
T001094,I01147,2024-11-01,wear,"bearing play after continuous running, wear on the drive belt, third shift usage",3,False
T001095,I01147,2025-01-31,wear,"drive wear and vibration, continuous three shift operation since install",3,False
T001096,I01147,2024-12-09,user-error,"guard interlock left open, machine correctly refused to start, user error",8,True
T001097,I01148,2024-10-01,user-error,"wrong operating mode selected, user error, showed the team the correct sequence",18,False
T001098,I01149,2025-09-26,overheat,"machine stops when ambient climbs, thermal fault logged, restarts after cooling",30,True
T001099,I01149,2025-05-14,overheat,"thermal shutdown again at 41C ambient, passive cooling cannot keep up in summer",30,True
T001100,I01149,2025-06-18,wear,"excessive wear on rollers, unit running 24h, duty cycle far above rating",54,True
T001101,I01151,2025-01-25,wear,"bearing play after continuous running, wear on the drive belt, third shift usage",8,True
T001102,I01151,2025-09-29,wear,"belt slippage and wear, machine never idles, wear parts replaced twice",3,True
T001103,I01153,2024-10-04,overheat,"thermal shutdown again at 41C ambient, passive cooling cannot keep up in summer",30,True
T001104,I01154,2025-12-11,overheat,"unit shuts down midday, ambient 44C on the yard, thermal cutout trips repeatedly",4,True
T001105,I01154,2025-09-01,user-error,"wrong operating mode selected, user error, showed the team the correct sequence",96,False
T001106,I01154,2026-04-25,electrical,"power supply dropout, breaker tripped once, wiring inspected and fine",96,True
T001107,I01158,2025-01-26,overheat,"overheating during afternoon peak, thermal protection engaged, cooling fins caked",3,True
T001108,I01160,2026-05-15,overheat,"machine stops when ambient climbs, thermal fault logged, restarts after cooling",12,True
T001109,I01160,2026-01-16,overheat,"unit shuts down midday, ambient 44C on the yard, thermal cutout trips repeatedly",54,False
T001110,I01161,2025-08-31,wear,"drive wear and vibration, continuous three shift operation since install",54,True
T001111,I01162,2025-10-09,overheat,"recurring overheat alarm, heat soak in the enclosure, thermal derate all afternoon",4,True
T001112,I01163,2024-08-23,overheat,"thermal shutdown again at 41C ambient, passive cooling cannot keep up in summer",3,True
T001113,I01163,2024-11-08,overheat,"machine stops when ambient climbs, thermal fault logged, restarts after cooling",8,True
T001114,I01163,2024-12-22,overheat,"recurring overheat alarm, heat soak in the enclosure, thermal derate all afternoon",3,True
T001115,I01163,2024-11-18,wear,"bearing play after continuous running, wear on the drive belt, third shift usage",8,False
T001116,I01165,2025-05-12,overheat,"thermal shutdown again at 41C ambient, passive cooling cannot keep up in summer",1,True
T001117,I01165,2026-04-20,wear,"belt slippage and wear, machine never idles, wear parts replaced twice",3,True
T001118,I01165,2025-12-13,wear,"bearing play after continuous running, wear on the drive belt, third shift usage",8,False
T001119,I01166,2024-09-09,wear,"belt slippage and wear, machine never idles, wear parts replaced twice",1,True
T001120,I01166,2024-12-23,electrical,"intermittent contactor fault, panel resets on its own, no pattern found",3,True
T001121,I01168,2025-09-07,user-error,"wrong operating mode selected, user error, showed the team the correct sequence",30,True
T001122,I01170,2025-11-23,overheat,"machine stops when ambient climbs, thermal fault logged, restarts after cooling",40,True
T001123,I01172,2025-08-27,electrical,"power supply dropout, breaker tripped once, wiring inspected and fine",96,False
T001124,I01172,2025-12-16,electrical,"control board error code 21, replaced the relay, fault cleared",96,True
T001125,I01173,2025-03-26,wear,"excessive wear on rollers, unit running 24h, duty cycle far above rating",18,True
T001126,I01173,2024-08-14,wear,"drive wear and vibration, continuous three shift operation since install",3,True
T001127,I01176,2024-11-25,overheat,"overheating during afternoon peak, thermal protection engaged, cooling fins caked",96,True
T001128,I01176,2025-08-28,overheat,"recurring overheat alarm, heat soak in the enclosure, thermal derate all afternoon",12,True
T001129,I01176,2025-11-03,overheat,"recurring overheat alarm, heat soak in the enclosure, thermal derate all afternoon",96,True
T001130,I01178,2026-02-17,wear,"drive wear and vibration, continuous three shift operation since install",1,True
T001131,I01179,2025-01-27,overheat,"unit shuts down midday, ambient 44C on the yard, thermal cutout trips repeatedly",96,False
T001132,I01179,2025-11-10,overheat,"unit shuts down midday, ambient 44C on the yard, thermal cutout trips repeatedly",30,True
T001133,I01179,2024-11-30,overheat,"unit shuts down midday, ambient 44C on the yard, thermal cutout trips repeatedly",96,True
T001134,I01181,2026-01-04,overheat,"overheating during afternoon peak, thermal protection engaged, cooling fins caked",40,True
T001135,I01182,2026-04-20,overheat,"overheating during afternoon peak, thermal protection engaged, cooling fins caked",54,True
T001136,I01182,2026-01-22,overheat,"recurring overheat alarm, heat soak in the enclosure, thermal derate all afternoon",54,False
T001137,I01184,2026-02-01,user-error,"guard interlock left open, machine correctly refused to start, user error",3,True
T001138,I01185,2025-10-31,overheat,"unit shuts down midday, ambient 44C on the yard, thermal cutout trips repeatedly",54,False
T001139,I01189,2025-11-27,overheat,"thermal shutdown again at 41C ambient, passive cooling cannot keep up in summer",30,True
T001140,I01189,2024-12-15,overheat,"recurring overheat alarm, heat soak in the enclosure, thermal derate all afternoon",96,False
T001141,I01189,2025-01-26,wear,"belt slippage and wear, machine never idles, wear parts replaced twice",30,True
T001142,I01189,2024-12-22,user-error,"operator loaded above rated capacity, retrained the crew, no defect found",96,False
T001143,I01190,2025-10-02,overheat,"machine stops when ambient climbs, thermal fault logged, restarts after cooling",18,True
T001144,I01191,2026-04-06,overheat,"machine stops when ambient climbs, thermal fault logged, restarts after cooling",3,True
T001145,I01191,2025-12-30,overheat,"recurring overheat alarm, heat soak in the enclosure, thermal derate all afternoon",3,True
T001146,I01191,2025-10-19,wear,"belt slippage and wear, machine never idles, wear parts replaced twice",3,True
T001147,I01192,2024-12-03,overheat,"machine stops when ambient climbs, thermal fault logged, restarts after cooling",1,True
T001148,I01192,2025-05-15,user-error,"guard interlock left open, machine correctly refused to start, user error",1,True
T001149,I01193,2025-04-26,user-error,"wrong operating mode selected, user error, showed the team the correct sequence",1,True
T001150,I01194,2025-11-03,wear,"excessive wear on rollers, unit running 24h, duty cycle far above rating",3,True
T001151,I01195,2025-08-18,overheat,"thermal shutdown again at 41C ambient, passive cooling cannot keep up in summer",3,True
T001152,I01195,2025-06-29,overheat,"overheating during afternoon peak, thermal protection engaged, cooling fins caked",1,True
T001153,I01195,2024-09-18,electrical,"intermittent contactor fault, panel resets on its own, no pattern found",8,True
T001154,I01195,2025-04-07,electrical,"control board error code 21, replaced the relay, fault cleared",8,True
T001155,I01196,2025-05-20,electrical,"power supply dropout, breaker tripped once, wiring inspected and fine",3,True
T001156,I01197,2025-07-19,wear,"drive wear and vibration, continuous three shift operation since install",54,True
T001157,I01198,2026-01-02,user-error,"operator loaded above rated capacity, retrained the crew, no defect found",1,False
T001158,I01198,2025-12-31,user-error,"wrong operating mode selected, user error, showed the team the correct sequence",40,True
T001159,I01199,2025-08-28,wear,"belt slippage and wear, machine never idles, wear parts replaced twice",3,True
T001160,I01201,2026-07-01,overheat,"overheating during afternoon peak, thermal protection engaged, cooling fins caked",4,True
T001161,I01201,2025-07-18,overheat,"machine stops when ambient climbs, thermal fault logged, restarts after cooling",54,True
T001162,I01202,2025-02-06,overheat,"machine stops when ambient climbs, thermal fault logged, restarts after cooling",18,True
T001163,I01203,2025-05-09,electrical,"intermittent contactor fault, panel resets on its own, no pattern found",18,True
T001164,I01207,2025-06-30,wear,"excessive wear on rollers, unit running 24h, duty cycle far above rating",1,True
T001165,I01209,2025-07-23,wear,"excessive wear on rollers, unit running 24h, duty cycle far above rating",8,False
T001166,I01210,2025-06-27,overheat,"recurring overheat alarm, heat soak in the enclosure, thermal derate all afternoon",12,True
T001167,I01210,2025-01-09,overheat,"overheating during afternoon peak, thermal protection engaged, cooling fins caked",96,True
T001168,I01210,2025-03-01,wear,"drive wear and vibration, continuous three shift operation since install",54,True
T001169,I01214,2026-05-07,overheat,"machine stops when ambient climbs, thermal fault logged, restarts after cooling",12,True
T001170,I01214,2026-02-19,overheat,"unit shuts down midday, ambient 44C on the yard, thermal cutout trips repeatedly",12,True
T001171,I01216,2025-02-12,overheat,"thermal shutdown again at 41C ambient, passive cooling cannot keep up in summer",12,True
T001172,I01216,2025-05-04,overheat,"unit shuts down midday, ambient 44C on the yard, thermal cutout trips repeatedly",30,True
T001173,I01217,2025-11-26,wear,"drive wear and vibration, continuous three shift operation since install",18,False
T001174,I01217,2025-11-24,wear,"belt slippage and wear, machine never idles, wear parts replaced twice",8,True
T001175,I01219,2024-11-05,wear,"bearing play after continuous running, wear on the drive belt, third shift usage",96,True
T001176,I01219,2025-05-12,wear,"drive wear and vibration, continuous three shift operation since install",54,True
T001177,I01219,2025-09-03,user-error,"wrong operating mode selected, user error, showed the team the correct sequence",12,True
T001178,I01221,2025-07-04,overheat,"unit shuts down midday, ambient 44C on the yard, thermal cutout trips repeatedly",18,True
T001179,I01221,2025-03-05,wear,"drive wear and vibration, continuous three shift operation since install",1,False
T001180,I01222,2025-05-02,overheat,"thermal shutdown again at 41C ambient, passive cooling cannot keep up in summer",12,True
T001181,I01222,2025-08-23,wear,"drive wear and vibration, continuous three shift operation since install",30,True
T001182,I01222,2024-08-15,user-error,"operator loaded above rated capacity, retrained the crew, no defect found",54,True
T001183,I01222,2024-11-06,user-error,"wrong operating mode selected, user error, showed the team the correct sequence",54,True
T001184,I01223,2025-02-02,overheat,"recurring overheat alarm, heat soak in the enclosure, thermal derate all afternoon",8,True
T001185,I01224,2025-09-10,overheat,"machine stops when ambient climbs, thermal fault logged, restarts after cooling",1,True
T001186,I01224,2024-12-20,electrical,"control board error code 21, replaced the relay, fault cleared",8,True
T001187,I01225,2025-01-10,overheat,"overheating during afternoon peak, thermal protection engaged, cooling fins caked",30,True
T001188,I01227,2026-06-10,overheat,"overheating during afternoon peak, thermal protection engaged, cooling fins caked",4,True
T001189,I01228,2025-05-09,overheat,"unit shuts down midday, ambient 44C on the yard, thermal cutout trips repeatedly",4,True
T001190,I01229,2026-07-05,overheat,"unit shuts down midday, ambient 44C on the yard, thermal cutout trips repeatedly",12,True
T001191,I01230,2025-12-22,overheat,"thermal shutdown again at 41C ambient, passive cooling cannot keep up in summer",1,True
T001192,I01230,2026-04-15,overheat,"thermal shutdown again at 41C ambient, passive cooling cannot keep up in summer",3,True
T001193,I01231,2025-09-25,electrical,"control board error code 21, replaced the relay, fault cleared",1,True
T001194,I01232,2025-10-16,overheat,"recurring overheat alarm, heat soak in the enclosure, thermal derate all afternoon",3,True
T001195,I01233,2025-08-20,electrical,"control board error code 21, replaced the relay, fault cleared",8,True
T001196,I01234,2025-06-09,wear,"belt slippage and wear, machine never idles, wear parts replaced twice",54,True
T001197,I01236,2025-08-11,electrical,"intermittent contactor fault, panel resets on its own, no pattern found",1,True
T001198,I01237,2026-02-26,electrical,"control board error code 21, replaced the relay, fault cleared",30,True
T001199,I01241,2024-08-28,electrical,"intermittent contactor fault, panel resets on its own, no pattern found",8,True
T001200,I01243,2026-07-02,overheat,"unit shuts down midday, ambient 44C on the yard, thermal cutout trips repeatedly",30,True
T001201,I01245,2024-02-27,wear,"drive wear and vibration, continuous three shift operation since install",30,True
T001202,I01245,2024-11-30,electrical,"intermittent contactor fault, panel resets on its own, no pattern found",30,True
T001203,I01246,2025-03-04,wear,"drive wear and vibration, continuous three shift operation since install",40,True
T001204,I01248,2026-03-20,wear,"drive wear and vibration, continuous three shift operation since install",4,True
T001205,I01249,2024-07-20,overheat,"overheating during afternoon peak, thermal protection engaged, cooling fins caked",54,True
T001206,I01249,2025-01-13,overheat,"overheating during afternoon peak, thermal protection engaged, cooling fins caked",54,False
T001207,I01249,2024-12-05,overheat,"unit shuts down midday, ambient 44C on the yard, thermal cutout trips repeatedly",30,False
T001208,I01249,2025-07-12,wear,"bearing play after continuous running, wear on the drive belt, third shift usage",54,True
T001209,I01249,2025-07-08,electrical,"power supply dropout, breaker tripped once, wiring inspected and fine",96,True
T001210,I01252,2026-04-25,overheat,"thermal shutdown again at 41C ambient, passive cooling cannot keep up in summer",96,True
T001211,I01252,2026-05-25,overheat,"recurring overheat alarm, heat soak in the enclosure, thermal derate all afternoon",54,True
T001212,I01254,2024-10-17,user-error,"wrong operating mode selected, user error, showed the team the correct sequence",1,True
T001213,I01255,2025-04-12,overheat,"unit shuts down midday, ambient 44C on the yard, thermal cutout trips repeatedly",8,True
T001214,I01256,2025-07-25,user-error,"guard interlock left open, machine correctly refused to start, user error",8,True
T001215,I01258,2025-08-25,wear,"belt slippage and wear, machine never idles, wear parts replaced twice",54,True
T001216,I01258,2024-12-14,user-error,"operator loaded above rated capacity, retrained the crew, no defect found",12,True
T001217,I01260,2024-12-20,wear,"excessive wear on rollers, unit running 24h, duty cycle far above rating",54,True
T001218,I01260,2025-04-27,user-error,"guard interlock left open, machine correctly refused to start, user error",54,True
T001219,I01262,2025-09-27,overheat,"machine stops when ambient climbs, thermal fault logged, restarts after cooling",3,True
T001220,I01263,2024-12-19,user-error,"operator loaded above rated capacity, retrained the crew, no defect found",54,True
T001221,I01263,2024-11-23,user-error,"operator loaded above rated capacity, retrained the crew, no defect found",30,True
T001222,I01264,2025-12-30,wear,"belt slippage and wear, machine never idles, wear parts replaced twice",12,True
T001223,I01264,2025-06-12,electrical,"intermittent contactor fault, panel resets on its own, no pattern found",54,True
T001224,I01268,2025-03-05,overheat,"unit shuts down midday, ambient 44C on the yard, thermal cutout trips repeatedly",3,False
T001225,I01268,2025-01-04,overheat,"overheating during afternoon peak, thermal protection engaged, cooling fins caked",3,True
T001226,I01270,2025-04-18,wear,"belt slippage and wear, machine never idles, wear parts replaced twice",12,True
T001227,I01271,2025-08-15,electrical,"control board error code 21, replaced the relay, fault cleared",30,True
T001228,I01274,2024-11-14,overheat,"unit shuts down midday, ambient 44C on the yard, thermal cutout trips repeatedly",54,True
T001229,I01274,2025-02-03,wear,"belt slippage and wear, machine never idles, wear parts replaced twice",4,True
T001230,I01275,2025-10-23,overheat,"machine stops when ambient climbs, thermal fault logged, restarts after cooling",18,True
T001231,I01275,2025-07-09,overheat,"overheating during afternoon peak, thermal protection engaged, cooling fins caked",18,True
T001232,I01275,2025-08-09,overheat,"thermal shutdown again at 41C ambient, passive cooling cannot keep up in summer",8,True
T001233,I01276,2025-05-04,overheat,"unit shuts down midday, ambient 44C on the yard, thermal cutout trips repeatedly",8,True
T001234,I01276,2025-07-16,overheat,"machine stops when ambient climbs, thermal fault logged, restarts after cooling",8,True
T001235,I01276,2025-07-02,electrical,"power supply dropout, breaker tripped once, wiring inspected and fine",3,True
T001236,I01277,2026-02-02,overheat,"thermal shutdown again at 41C ambient, passive cooling cannot keep up in summer",18,True
T001237,I01277,2026-01-14,overheat,"recurring overheat alarm, heat soak in the enclosure, thermal derate all afternoon",3,True
T001238,I01277,2025-08-04,overheat,"overheating during afternoon peak, thermal protection engaged, cooling fins caked",18,True
T001239,I01279,2025-05-01,wear,"excessive wear on rollers, unit running 24h, duty cycle far above rating",30,True
T001240,I01279,2025-04-29,electrical,"intermittent contactor fault, panel resets on its own, no pattern found",30,True
T001241,I01280,2025-04-16,overheat,"machine stops when ambient climbs, thermal fault logged, restarts after cooling",3,True
T001242,I01282,2025-08-23,wear,"belt slippage and wear, machine never idles, wear parts replaced twice",54,True
T001243,I01283,2024-10-15,overheat,"machine stops when ambient climbs, thermal fault logged, restarts after cooling",54,True
T001244,I01284,2025-04-27,electrical,"control board error code 21, replaced the relay, fault cleared",96,False
T001245,I01285,2025-04-22,overheat,"unit shuts down midday, ambient 44C on the yard, thermal cutout trips repeatedly",3,True
T001246,I01285,2025-10-16,overheat,"overheating during afternoon peak, thermal protection engaged, cooling fins caked",1,True
T001247,I01285,2026-03-01,overheat,"machine stops when ambient climbs, thermal fault logged, restarts after cooling",3,True
T001248,I01288,2025-12-07,wear,"bearing play after continuous running, wear on the drive belt, third shift usage",12,True
T001249,I01290,2025-02-25,user-error,"guard interlock left open, machine correctly refused to start, user error",54,True
T001250,I01291,2024-10-03,overheat,"recurring overheat alarm, heat soak in the enclosure, thermal derate all afternoon",8,True
T001251,I01293,2026-07-03,wear,"bearing play after continuous running, wear on the drive belt, third shift usage",54,True
T001252,I01294,2026-01-27,overheat,"machine stops when ambient climbs, thermal fault logged, restarts after cooling",54,True
T001253,I01296,2025-12-15,overheat,"machine stops when ambient climbs, thermal fault logged, restarts after cooling",18,True
T001254,I01296,2025-08-17,overheat,"thermal shutdown again at 41C ambient, passive cooling cannot keep up in summer",18,True
T001255,I01297,2025-11-05,overheat,"recurring overheat alarm, heat soak in the enclosure, thermal derate all afternoon",8,True
T001256,I01298,2025-08-14,user-error,"operator loaded above rated capacity, retrained the crew, no defect found",3,True
T001257,I01301,2025-10-08,user-error,"wrong operating mode selected, user error, showed the team the correct sequence",1,True
T001258,I01303,2025-06-15,overheat,"overheating during afternoon peak, thermal protection engaged, cooling fins caked",8,True
T001259,I01303,2025-05-12,overheat,"overheating during afternoon peak, thermal protection engaged, cooling fins caked",1,True
T001260,I01305,2025-01-21,overheat,"overheating during afternoon peak, thermal protection engaged, cooling fins caked",3,True
T001261,I01305,2024-11-29,overheat,"machine stops when ambient climbs, thermal fault logged, restarts after cooling",3,True
T001262,I01307,2025-12-22,user-error,"guard interlock left open, machine correctly refused to start, user error",1,False
T001263,I01307,2025-07-19,electrical,"control board error code 21, replaced the relay, fault cleared",8,True
T001264,I01308,2024-11-28,overheat,"machine stops when ambient climbs, thermal fault logged, restarts after cooling",30,True
T001265,I01309,2025-01-09,overheat,"recurring overheat alarm, heat soak in the enclosure, thermal derate all afternoon",12,True
T001266,I01310,2025-07-23,overheat,"overheating during afternoon peak, thermal protection engaged, cooling fins caked",3,True
T001267,I01311,2025-04-06,user-error,"operator loaded above rated capacity, retrained the crew, no defect found",3,False
T001268,I01312,2026-04-19,user-error,"wrong operating mode selected, user error, showed the team the correct sequence",8,True
T001269,I01313,2025-05-02,overheat,"recurring overheat alarm, heat soak in the enclosure, thermal derate all afternoon",1,True
T001270,I01313,2026-03-17,user-error,"guard interlock left open, machine correctly refused to start, user error",18,True
T001271,I01313,2026-01-10,user-error,"operator loaded above rated capacity, retrained the crew, no defect found",3,True
T001272,I01314,2024-08-19,overheat,"recurring overheat alarm, heat soak in the enclosure, thermal derate all afternoon",96,True
T001273,I01314,2025-01-08,overheat,"unit shuts down midday, ambient 44C on the yard, thermal cutout trips repeatedly",30,True
T001274,I01314,2025-01-06,overheat,"recurring overheat alarm, heat soak in the enclosure, thermal derate all afternoon",4,True
T001275,I01314,2025-04-25,wear,"belt slippage and wear, machine never idles, wear parts replaced twice",30,False
T001276,I01314,2025-05-01,wear,"bearing play after continuous running, wear on the drive belt, third shift usage",4,True
T001277,I01316,2026-04-15,overheat,"unit shuts down midday, ambient 44C on the yard, thermal cutout trips repeatedly",3,True
T001278,I01316,2025-08-26,overheat,"overheating during afternoon peak, thermal protection engaged, cooling fins caked",8,False
T001279,I01318,2025-04-10,overheat,"overheating during afternoon peak, thermal protection engaged, cooling fins caked",3,True
T001280,I01320,2025-11-21,overheat,"overheating during afternoon peak, thermal protection engaged, cooling fins caked",3,False
T001281,I01321,2024-07-10,user-error,"wrong operating mode selected, user error, showed the team the correct sequence",30,True
T001282,I01323,2025-02-19,overheat,"unit shuts down midday, ambient 44C on the yard, thermal cutout trips repeatedly",12,True
T001283,I01323,2025-04-27,electrical,"power supply dropout, breaker tripped once, wiring inspected and fine",96,True
T001284,I01324,2026-06-01,wear,"excessive wear on rollers, unit running 24h, duty cycle far above rating",3,True
T001285,I01327,2025-08-23,user-error,"operator loaded above rated capacity, retrained the crew, no defect found",54,True
T001286,I01329,2024-09-30,overheat,"thermal shutdown again at 41C ambient, passive cooling cannot keep up in summer",96,True
T001287,I01329,2025-03-23,overheat,"machine stops when ambient climbs, thermal fault logged, restarts after cooling",30,True
T001288,I01329,2025-05-30,overheat,"machine stops when ambient climbs, thermal fault logged, restarts after cooling",12,True
T001289,I01331,2026-06-29,overheat,"machine stops when ambient climbs, thermal fault logged, restarts after cooling",12,True
T001290,I01331,2026-03-01,overheat,"overheating during afternoon peak, thermal protection engaged, cooling fins caked",4,True
T001291,I01331,2025-09-22,overheat,"machine stops when ambient climbs, thermal fault logged, restarts after cooling",96,True
T001292,I01331,2026-02-12,user-error,"guard interlock left open, machine correctly refused to start, user error",30,True
T001293,I01335,2025-11-27,overheat,"overheating during afternoon peak, thermal protection engaged, cooling fins caked",1,True
T001294,I01335,2025-10-13,wear,"drive wear and vibration, continuous three shift operation since install",3,True
T001295,I01336,2024-08-13,overheat,"machine stops when ambient climbs, thermal fault logged, restarts after cooling",12,True
T001296,I01336,2025-02-07,overheat,"overheating during afternoon peak, thermal protection engaged, cooling fins caked",30,True
T001297,I01336,2024-08-26,overheat,"recurring overheat alarm, heat soak in the enclosure, thermal derate all afternoon",54,True
T001298,I01337,2025-09-21,wear,"drive wear and vibration, continuous three shift operation since install",1,True
T001299,I01339,2024-12-26,overheat,"unit shuts down midday, ambient 44C on the yard, thermal cutout trips repeatedly",96,True
T001300,I01340,2025-06-02,overheat,"machine stops when ambient climbs, thermal fault logged, restarts after cooling",30,True
T001301,I01341,2025-07-21,overheat,"overheating during afternoon peak, thermal protection engaged, cooling fins caked",12,True
T001302,I01341,2026-02-12,wear,"drive wear and vibration, continuous three shift operation since install",96,True
T001303,I01342,2025-12-23,overheat,"machine stops when ambient climbs, thermal fault logged, restarts after cooling",54,True
T001304,I01342,2025-10-15,overheat,"overheating during afternoon peak, thermal protection engaged, cooling fins caked",96,True
T001305,I01342,2025-06-03,user-error,"wrong operating mode selected, user error, showed the team the correct sequence",54,True
T001306,I01343,2025-03-22,electrical,"intermittent contactor fault, panel resets on its own, no pattern found",8,True
T001307,I01344,2024-10-03,overheat,"overheating during afternoon peak, thermal protection engaged, cooling fins caked",12,True
T001308,I01345,2026-03-17,electrical,"power supply dropout, breaker tripped once, wiring inspected and fine",18,True
T001309,I01348,2025-06-18,user-error,"wrong operating mode selected, user error, showed the team the correct sequence",8,True
T001310,I01349,2025-09-06,user-error,"guard interlock left open, machine correctly refused to start, user error",54,False
T001311,I01350,2025-04-27,user-error,"operator loaded above rated capacity, retrained the crew, no defect found",96,True
T001312,I01353,2026-01-04,overheat,"machine stops when ambient climbs, thermal fault logged, restarts after cooling",8,True
T001313,I01355,2025-10-03,overheat,"unit shuts down midday, ambient 44C on the yard, thermal cutout trips repeatedly",12,True
T001314,I01355,2025-08-22,overheat,"recurring overheat alarm, heat soak in the enclosure, thermal derate all afternoon",54,False
T001315,I01355,2025-06-20,overheat,"machine stops when ambient climbs, thermal fault logged, restarts after cooling",12,True
T001316,I01356,2025-03-04,overheat,"unit shuts down midday, ambient 44C on the yard, thermal cutout trips repeatedly",30,True
T001317,I01356,2024-09-24,overheat,"recurring overheat alarm, heat soak in the enclosure, thermal derate all afternoon",12,True
T001318,I01357,2025-10-16,overheat,"machine stops when ambient climbs, thermal fault logged, restarts after cooling",18,True
T001319,I01358,2025-11-06,overheat,"overheating during afternoon peak, thermal protection engaged, cooling fins caked",54,True
T001320,I01358,2025-04-11,overheat,"machine stops when ambient climbs, thermal fault logged, restarts after cooling",54,True
T001321,I01359,2025-05-06,overheat,"unit shuts down midday, ambient 44C on the yard, thermal cutout trips repeatedly",3,True
T001322,I01362,2026-03-25,overheat,"recurring overheat alarm, heat soak in the enclosure, thermal derate all afternoon",12,True
T001323,I01362,2025-06-03,overheat,"thermal shutdown again at 41C ambient, passive cooling cannot keep up in summer",12,True
T001324,I01362,2025-12-10,overheat,"thermal shutdown again at 41C ambient, passive cooling cannot keep up in summer",4,True
T001325,I01362,2025-07-15,wear,"excessive wear on rollers, unit running 24h, duty cycle far above rating",54,True
T001326,I01362,2025-08-20,wear,"drive wear and vibration, continuous three shift operation since install",30,True
T001327,I01366,2025-11-21,overheat,"thermal shutdown again at 41C ambient, passive cooling cannot keep up in summer",8,True
T001328,I01366,2025-08-02,overheat,"machine stops when ambient climbs, thermal fault logged, restarts after cooling",1,True
T001329,I01368,2025-04-16,wear,"drive wear and vibration, continuous three shift operation since install",54,True
T001330,I01372,2025-12-27,overheat,"thermal shutdown again at 41C ambient, passive cooling cannot keep up in summer",30,True
T001331,I01373,2026-03-21,wear,"bearing play after continuous running, wear on the drive belt, third shift usage",54,True
T001332,I01374,2025-09-25,electrical,"power supply dropout, breaker tripped once, wiring inspected and fine",12,True
T001333,I01377,2025-10-04,overheat,"overheating during afternoon peak, thermal protection engaged, cooling fins caked",3,False
T001334,I01379,2026-04-10,electrical,"control board error code 21, replaced the relay, fault cleared",12,True
T001335,I01380,2025-03-26,overheat,"recurring overheat alarm, heat soak in the enclosure, thermal derate all afternoon",12,False
T001336,I01382,2025-08-05,overheat,"machine stops when ambient climbs, thermal fault logged, restarts after cooling",1,True
T001337,I01382,2025-11-14,overheat,"unit shuts down midday, ambient 44C on the yard, thermal cutout trips repeatedly",1,True
T001338,I01382,2025-10-08,wear,"belt slippage and wear, machine never idles, wear parts replaced twice",3,False
T001339,I01389,2025-11-06,wear,"drive wear and vibration, continuous three shift operation since install",30,True
T001340,I01390,2024-11-14,user-error,"operator loaded above rated capacity, retrained the crew, no defect found",30,True
T001341,I01392,2025-12-13,overheat,"overheating during afternoon peak, thermal protection engaged, cooling fins caked",54,True
T001342,I01392,2025-09-08,overheat,"unit shuts down midday, ambient 44C on the yard, thermal cutout trips repeatedly",12,True
T001343,I01392,2025-11-26,wear,"bearing play after continuous running, wear on the drive belt, third shift usage",30,True
T001344,I01392,2025-07-19,wear,"bearing play after continuous running, wear on the drive belt, third shift usage",12,True
T001345,I01393,2025-06-03,electrical,"power supply dropout, breaker tripped once, wiring inspected and fine",96,True
T001346,I01397,2025-02-12,overheat,"overheating during afternoon peak, thermal protection engaged, cooling fins caked",54,True
T001347,I01397,2025-08-06,overheat,"thermal shutdown again at 41C ambient, passive cooling cannot keep up in summer",96,True
T001348,I01397,2026-02-04,wear,"belt slippage and wear, machine never idles, wear parts replaced twice",54,True
T001349,I01399,2025-08-20,overheat,"recurring overheat alarm, heat soak in the enclosure, thermal derate all afternoon",54,True
T001350,I01399,2026-02-03,overheat,"recurring overheat alarm, heat soak in the enclosure, thermal derate all afternoon",54,True
T001351,I01399,2025-12-19,overheat,"overheating during afternoon peak, thermal protection engaged, cooling fins caked",30,True
T001352,I01399,2025-08-15,wear,"drive wear and vibration, continuous three shift operation since install",96,False
T001353,I01399,2025-03-02,electrical,"control board error code 21, replaced the relay, fault cleared",96,True
T001354,I01400,2025-01-08,wear,"excessive wear on rollers, unit running 24h, duty cycle far above rating",96,True
T001355,I01401,2026-03-06,wear,"belt slippage and wear, machine never idles, wear parts replaced twice",18,False
T001356,I01401,2025-07-04,wear,"bearing play after continuous running, wear on the drive belt, third shift usage",18,True
T001357,I01402,2025-04-25,electrical,"power supply dropout, breaker tripped once, wiring inspected and fine",8,True
T001358,I01403,2025-06-15,wear,"excessive wear on rollers, unit running 24h, duty cycle far above rating",30,True
T001359,I01405,2025-07-17,overheat,"recurring overheat alarm, heat soak in the enclosure, thermal derate all afternoon",54,True
T001360,I01405,2025-09-02,overheat,"unit shuts down midday, ambient 44C on the yard, thermal cutout trips repeatedly",54,True
T001361,I01405,2025-11-13,overheat,"unit shuts down midday, ambient 44C on the yard, thermal cutout trips repeatedly",30,False
T001362,I01405,2025-01-29,wear,"belt slippage and wear, machine never idles, wear parts replaced twice",12,True
T001363,I01406,2024-12-06,overheat,"machine stops when ambient climbs, thermal fault logged, restarts after cooling",3,True
T001364,I01406,2025-03-10,overheat,"unit shuts down midday, ambient 44C on the yard, thermal cutout trips repeatedly",3,True
T001365,I01412,2025-05-26,overheat,"thermal shutdown again at 41C ambient, passive cooling cannot keep up in summer",12,True
T001366,I01412,2025-04-04,overheat,"thermal shutdown again at 41C ambient, passive cooling cannot keep up in summer",54,True
T001367,I01412,2025-12-31,electrical,"control board error code 21, replaced the relay, fault cleared",30,True
T001368,I01413,2025-09-29,electrical,"control board error code 21, replaced the relay, fault cleared",3,True
T001369,I01416,2025-07-08,wear,"drive wear and vibration, continuous three shift operation since install",54,True
T001370,I01418,2025-12-30,user-error,"wrong operating mode selected, user error, showed the team the correct sequence",8,True
T001371,I01420,2025-03-14,overheat,"unit shuts down midday, ambient 44C on the yard, thermal cutout trips repeatedly",12,True
T001372,I01420,2025-03-08,electrical,"intermittent contactor fault, panel resets on its own, no pattern found",30,True
T001373,I01422,2025-09-09,user-error,"guard interlock left open, machine correctly refused to start, user error",1,True
T001374,I01425,2025-09-06,wear,"excessive wear on rollers, unit running 24h, duty cycle far above rating",54,True
T001375,I01426,2025-08-14,wear,"belt slippage and wear, machine never idles, wear parts replaced twice",8,True
T001376,I01426,2025-09-15,user-error,"guard interlock left open, machine correctly refused to start, user error",40,True
T001377,I01427,2025-09-03,overheat,"overheating during afternoon peak, thermal protection engaged, cooling fins caked",96,True
T001378,I01428,2025-05-24,overheat,"recurring overheat alarm, heat soak in the enclosure, thermal derate all afternoon",3,True
T001379,I01428,2025-03-19,overheat,"thermal shutdown again at 41C ambient, passive cooling cannot keep up in summer",1,True
T001380,I01428,2024-12-12,overheat,"overheating during afternoon peak, thermal protection engaged, cooling fins caked",1,False
T001381,I01429,2024-11-15,overheat,"machine stops when ambient climbs, thermal fault logged, restarts after cooling",12,True
T001382,I01429,2025-03-19,overheat,"unit shuts down midday, ambient 44C on the yard, thermal cutout trips repeatedly",54,True
T001383,I01429,2025-05-28,user-error,"operator loaded above rated capacity, retrained the crew, no defect found",54,True
T001384,I01430,2025-12-11,electrical,"control board error code 21, replaced the relay, fault cleared",54,True
T001385,I01431,2025-05-30,overheat,"overheating during afternoon peak, thermal protection engaged, cooling fins caked",96,True
T001386,I01431,2025-02-10,wear,"belt slippage and wear, machine never idles, wear parts replaced twice",12,True
T001387,I01431,2025-06-18,electrical,"power supply dropout, breaker tripped once, wiring inspected and fine",12,True
T001388,I01433,2026-05-26,overheat,"machine stops when ambient climbs, thermal fault logged, restarts after cooling",30,True
T001389,I01433,2026-07-10,wear,"belt slippage and wear, machine never idles, wear parts replaced twice",4,True
T001390,I01434,2026-05-16,overheat,"overheating during afternoon peak, thermal protection engaged, cooling fins caked",3,True
T001391,I01434,2026-09-13,overheat,"unit shuts down midday, ambient 44C on the yard, thermal cutout trips repeatedly",8,True
T001392,I01434,2026-06-06,overheat,"overheating during afternoon peak, thermal protection engaged, cooling fins caked",18,False
T001393,I01434,2025-11-03,wear,"drive wear and vibration, continuous three shift operation since install",3,True
T001394,I01436,2025-11-14,overheat,"overheating during afternoon peak, thermal protection engaged, cooling fins caked",54,True
T001395,I01438,2025-05-31,wear,"excessive wear on rollers, unit running 24h, duty cycle far above rating",12,True
T001396,I01438,2025-05-04,user-error,"operator loaded above rated capacity, retrained the crew, no defect found",4,True
T001397,I01439,2025-05-08,overheat,"thermal shutdown again at 41C ambient, passive cooling cannot keep up in summer",1,True
T001398,I01442,2026-05-08,overheat,"machine stops when ambient climbs, thermal fault logged, restarts after cooling",4,True
T001399,I01442,2025-10-15,wear,"excessive wear on rollers, unit running 24h, duty cycle far above rating",54,True
T001400,I01445,2025-01-19,wear,"bearing play after continuous running, wear on the drive belt, third shift usage",3,True
T001401,I01447,2025-12-05,overheat,"overheating during afternoon peak, thermal protection engaged, cooling fins caked",54,True
T001402,I01447,2025-03-10,user-error,"guard interlock left open, machine correctly refused to start, user error",12,True
T001403,I01449,2025-10-14,overheat,"unit shuts down midday, ambient 44C on the yard, thermal cutout trips repeatedly",3,True
T001404,I01449,2025-09-04,electrical,"intermittent contactor fault, panel resets on its own, no pattern found",3,True
T001405,I01449,2025-12-25,electrical,"intermittent contactor fault, panel resets on its own, no pattern found",8,True
T001406,I01451,2025-07-23,wear,"drive wear and vibration, continuous three shift operation since install",12,True
T001407,I01451,2025-04-30,electrical,"power supply dropout, breaker tripped once, wiring inspected and fine",54,True
T001408,I01452,2026-01-02,overheat,"recurring overheat alarm, heat soak in the enclosure, thermal derate all afternoon",54,False
T001409,I01452,2026-01-16,wear,"drive wear and vibration, continuous three shift operation since install",30,False
T001410,I01453,2024-07-03,overheat,"machine stops when ambient climbs, thermal fault logged, restarts after cooling",54,True
T001411,I01453,2024-07-20,overheat,"recurring overheat alarm, heat soak in the enclosure, thermal derate all afternoon",96,True
T001412,I01454,2025-01-02,overheat,"thermal shutdown again at 41C ambient, passive cooling cannot keep up in summer",12,True
T001413,I01454,2024-06-18,overheat,"thermal shutdown again at 41C ambient, passive cooling cannot keep up in summer",54,False
T001414,I01454,2024-10-29,overheat,"recurring overheat alarm, heat soak in the enclosure, thermal derate all afternoon",12,True
T001415,I01454,2024-07-12,wear,"drive wear and vibration, continuous three shift operation since install",12,True
T001416,I01455,2025-04-05,overheat,"unit shuts down midday, ambient 44C on the yard, thermal cutout trips repeatedly",3,True
T001417,I01456,2024-12-13,electrical,"control board error code 21, replaced the relay, fault cleared",30,False
T001418,I01458,2024-12-17,overheat,"thermal shutdown again at 41C ambient, passive cooling cannot keep up in summer",18,True
T001419,I01459,2025-05-15,user-error,"wrong operating mode selected, user error, showed the team the correct sequence",96,True
T001420,I01460,2025-08-08,user-error,"guard interlock left open, machine correctly refused to start, user error",1,True
T001421,I01462,2026-02-14,overheat,"machine stops when ambient climbs, thermal fault logged, restarts after cooling",3,True
T001422,I01462,2025-11-15,wear,"bearing play after continuous running, wear on the drive belt, third shift usage",18,True
T001423,I01463,2026-06-19,overheat,"unit shuts down midday, ambient 44C on the yard, thermal cutout trips repeatedly",1,True
T001424,I01463,2026-01-10,overheat,"overheating during afternoon peak, thermal protection engaged, cooling fins caked",3,True
T001425,I01464,2025-12-13,user-error,"operator loaded above rated capacity, retrained the crew, no defect found",96,True
T001426,I01466,2025-05-14,overheat,"overheating during afternoon peak, thermal protection engaged, cooling fins caked",4,False
T001427,I01468,2025-09-28,wear,"belt slippage and wear, machine never idles, wear parts replaced twice",3,True
T001428,I01470,2025-09-16,overheat,"thermal shutdown again at 41C ambient, passive cooling cannot keep up in summer",8,True
T001429,I01470,2024-11-29,wear,"excessive wear on rollers, unit running 24h, duty cycle far above rating",3,True
T001430,I01471,2024-10-21,overheat,"unit shuts down midday, ambient 44C on the yard, thermal cutout trips repeatedly",18,True
T001431,I01471,2025-08-05,user-error,"guard interlock left open, machine correctly refused to start, user error",8,True
T001432,I01472,2025-10-31,overheat,"recurring overheat alarm, heat soak in the enclosure, thermal derate all afternoon",3,True
T001433,I01472,2025-07-18,overheat,"unit shuts down midday, ambient 44C on the yard, thermal cutout trips repeatedly",40,True
T001434,I01472,2026-05-13,overheat,"recurring overheat alarm, heat soak in the enclosure, thermal derate all afternoon",8,True
T001435,I01473,2024-12-29,overheat,"overheating during afternoon peak, thermal protection engaged, cooling fins caked",1,True
T001436,I01473,2025-12-01,overheat,"unit shuts down midday, ambient 44C on the yard, thermal cutout trips repeatedly",1,True
T001437,I01473,2025-09-02,user-error,"operator loaded above rated capacity, retrained the crew, no defect found",8,True
T001438,I01474,2025-09-14,overheat,"overheating during afternoon peak, thermal protection engaged, cooling fins caked",8,True
T001439,I01475,2025-11-18,user-error,"guard interlock left open, machine correctly refused to start, user error",12,True
T001440,I01476,2026-04-02,overheat,"recurring overheat alarm, heat soak in the enclosure, thermal derate all afternoon",96,True
T001441,I01476,2026-02-22,overheat,"machine stops when ambient climbs, thermal fault logged, restarts after cooling",30,True
T001442,I01476,2025-09-07,overheat,"recurring overheat alarm, heat soak in the enclosure, thermal derate all afternoon",12,True
T001443,I01477,2024-09-19,overheat,"recurring overheat alarm, heat soak in the enclosure, thermal derate all afternoon",12,True
T001444,I01477,2025-01-21,overheat,"overheating during afternoon peak, thermal protection engaged, cooling fins caked",4,True
T001445,I01478,2025-04-19,overheat,"thermal shutdown again at 41C ambient, passive cooling cannot keep up in summer",30,True
T001446,I01478,2024-11-30,overheat,"overheating during afternoon peak, thermal protection engaged, cooling fins caked",30,True
T001447,I01478,2025-09-18,wear,"drive wear and vibration, continuous three shift operation since install",4,True
T001448,I01478,2025-09-06,wear,"belt slippage and wear, machine never idles, wear parts replaced twice",30,True
T001449,I01479,2026-01-04,electrical,"control board error code 21, replaced the relay, fault cleared",30,True
T001450,I01482,2025-05-09,overheat,"thermal shutdown again at 41C ambient, passive cooling cannot keep up in summer",8,True
T001451,I01484,2025-06-06,overheat,"recurring overheat alarm, heat soak in the enclosure, thermal derate all afternoon",18,True
T001452,I01485,2025-07-07,wear,"excessive wear on rollers, unit running 24h, duty cycle far above rating",54,True
T001453,I01485,2025-12-31,wear,"drive wear and vibration, continuous three shift operation since install",96,True
T001454,I01485,2025-08-25,user-error,"guard interlock left open, machine correctly refused to start, user error",96,True
T001455,I01486,2025-12-05,overheat,"thermal shutdown again at 41C ambient, passive cooling cannot keep up in summer",96,True
T001456,I01486,2025-06-26,overheat,"recurring overheat alarm, heat soak in the enclosure, thermal derate all afternoon",12,True
T001457,I01487,2025-04-05,wear,"excessive wear on rollers, unit running 24h, duty cycle far above rating",54,True
T001458,I01490,2026-02-11,overheat,"thermal shutdown again at 41C ambient, passive cooling cannot keep up in summer",18,True
T001459,I01492,2025-08-04,wear,"excessive wear on rollers, unit running 24h, duty cycle far above rating",4,True
T001460,I01492,2025-06-05,electrical,"power supply dropout, breaker tripped once, wiring inspected and fine",12,True
T001461,I01494,2025-05-15,user-error,"wrong operating mode selected, user error, showed the team the correct sequence",30,True
T001462,I01497,2026-01-01,wear,"belt slippage and wear, machine never idles, wear parts replaced twice",4,True
T001463,I01498,2025-12-25,wear,"excessive wear on rollers, unit running 24h, duty cycle far above rating",8,True
T001464,I01499,2025-03-23,overheat,"overheating during afternoon peak, thermal protection engaged, cooling fins caked",3,True
T001465,I01501,2025-10-01,wear,"drive wear and vibration, continuous three shift operation since install",12,True
T001466,I01503,2026-07-20,user-error,"operator loaded above rated capacity, retrained the crew, no defect found",30,False
T001467,I01506,2025-05-18,overheat,"unit shuts down midday, ambient 44C on the yard, thermal cutout trips repeatedly",1,True
T001468,I01509,2026-01-30,electrical,"intermittent contactor fault, panel resets on its own, no pattern found",8,True
T001469,I01510,2026-02-22,wear,"belt slippage and wear, machine never idles, wear parts replaced twice",4,False
T001470,I01513,2025-01-01,electrical,"power supply dropout, breaker tripped once, wiring inspected and fine",54,True
T001471,I01514,2025-03-05,user-error,"wrong operating mode selected, user error, showed the team the correct sequence",3,True
T001472,I01517,2025-10-15,overheat,"recurring overheat alarm, heat soak in the enclosure, thermal derate all afternoon",54,True
T001473,I01517,2025-01-08,overheat,"machine stops when ambient climbs, thermal fault logged, restarts after cooling",30,True
T001474,I01517,2025-05-04,overheat,"machine stops when ambient climbs, thermal fault logged, restarts after cooling",12,True
T001475,I01519,2024-11-25,overheat,"thermal shutdown again at 41C ambient, passive cooling cannot keep up in summer",1,True
T001476,I01523,2024-08-30,wear,"excessive wear on rollers, unit running 24h, duty cycle far above rating",1,True
T001477,I01523,2024-10-20,wear,"drive wear and vibration, continuous three shift operation since install",1,True
T001478,I01523,2025-02-21,user-error,"wrong operating mode selected, user error, showed the team the correct sequence",8,True
T001479,I01524,2024-11-06,wear,"drive wear and vibration, continuous three shift operation since install",54,True
T001480,I01526,2025-02-09,overheat,"machine stops when ambient climbs, thermal fault logged, restarts after cooling",54,True
T001481,I01527,2025-12-28,overheat,"unit shuts down midday, ambient 44C on the yard, thermal cutout trips repeatedly",1,False
T001482,I01528,2025-10-14,overheat,"thermal shutdown again at 41C ambient, passive cooling cannot keep up in summer",18,False
T001483,I01528,2025-10-12,wear,"excessive wear on rollers, unit running 24h, duty cycle far above rating",3,True
T001484,I01530,2026-02-23,electrical,"power supply dropout, breaker tripped once, wiring inspected and fine",40,True
T001485,I01531,2025-06-10,user-error,"operator loaded above rated capacity, retrained the crew, no defect found",1,False
T001486,I01535,2024-12-08,overheat,"overheating during afternoon peak, thermal protection engaged, cooling fins caked",1,True
T001487,I01535,2025-09-07,wear,"excessive wear on rollers, unit running 24h, duty cycle far above rating",3,True
T001488,I01537,2024-12-01,overheat,"machine stops when ambient climbs, thermal fault logged, restarts after cooling",30,False
T001489,I01539,2025-07-14,wear,"bearing play after continuous running, wear on the drive belt, third shift usage",96,True
T001490,I01540,2024-11-28,wear,"drive wear and vibration, continuous three shift operation since install",96,True
T001491,I01544,2025-05-27,wear,"belt slippage and wear, machine never idles, wear parts replaced twice",4,False
T001492,I01545,2024-10-08,wear,"bearing play after continuous running, wear on the drive belt, third shift usage",30,True
T001493,I01546,2026-06-20,overheat,"recurring overheat alarm, heat soak in the enclosure, thermal derate all afternoon",12,True
T001494,I01546,2026-04-04,overheat,"overheating during afternoon peak, thermal protection engaged, cooling fins caked",12,True
T001495,I01546,2026-01-21,electrical,"power supply dropout, breaker tripped once, wiring inspected and fine",30,True
T001496,I01549,2026-02-19,overheat,"machine stops when ambient climbs, thermal fault logged, restarts after cooling",12,True
T001497,I01554,2024-06-10,wear,"bearing play after continuous running, wear on the drive belt, third shift usage",3,True
T001498,I01554,2025-02-19,user-error,"guard interlock left open, machine correctly refused to start, user error",3,True
T001499,I01558,2026-06-27,wear,"drive wear and vibration, continuous three shift operation since install",4,True
T001500,I01559,2025-01-27,wear,"bearing play after continuous running, wear on the drive belt, third shift usage",1,True
T001501,I01561,2026-06-17,overheat,"recurring overheat alarm, heat soak in the enclosure, thermal derate all afternoon",4,True
T001502,I01563,2025-12-04,user-error,"operator loaded above rated capacity, retrained the crew, no defect found",3,True
T001503,I01566,2025-03-30,electrical,"intermittent contactor fault, panel resets on its own, no pattern found",30,True
T001504,I01568,2025-05-20,overheat,"recurring overheat alarm, heat soak in the enclosure, thermal derate all afternoon",96,True
T001505,I01569,2025-05-02,wear,"belt slippage and wear, machine never idles, wear parts replaced twice",8,True
T001506,I01570,2025-12-26,electrical,"control board error code 21, replaced the relay, fault cleared",1,True
T001507,I01571,2025-04-24,overheat,"unit shuts down midday, ambient 44C on the yard, thermal cutout trips repeatedly",30,True
T001508,I01572,2025-05-16,user-error,"guard interlock left open, machine correctly refused to start, user error",96,True
T001509,I01574,2026-08-23,wear,"excessive wear on rollers, unit running 24h, duty cycle far above rating",3,False
T001510,I01577,2025-08-06,user-error,"wrong operating mode selected, user error, showed the team the correct sequence",1,True
T001511,I01578,2024-07-11,overheat,"unit shuts down midday, ambient 44C on the yard, thermal cutout trips repeatedly",1,True
T001512,I01578,2025-03-25,overheat,"recurring overheat alarm, heat soak in the enclosure, thermal derate all afternoon",1,True
T001513,I01578,2024-09-10,overheat,"recurring overheat alarm, heat soak in the enclosure, thermal derate all afternoon",1,True
T001514,I01580,2025-04-18,wear,"bearing play after continuous running, wear on the drive belt, third shift usage",96,True
T001515,I01584,2025-04-10,overheat,"unit shuts down midday, ambient 44C on the yard, thermal cutout trips repeatedly",1,True
T001516,I01585,2025-03-29,user-error,"guard interlock left open, machine correctly refused to start, user error",18,True
T001517,I01586,2024-06-28,overheat,"unit shuts down midday, ambient 44C on the yard, thermal cutout trips repeatedly",54,True
T001518,I01586,2025-05-20,overheat,"machine stops when ambient climbs, thermal fault logged, restarts after cooling",30,True
T001519,I01586,2025-07-13,electrical,"power supply dropout, breaker tripped once, wiring inspected and fine",54,True
T001520,I01591,2025-06-07,overheat,"unit shuts down midday, ambient 44C on the yard, thermal cutout trips repeatedly",54,True
T001521,I01591,2025-05-31,overheat,"thermal shutdown again at 41C ambient, passive cooling cannot keep up in summer",30,False
T001522,I01592,2025-09-19,electrical,"power supply dropout, breaker tripped once, wiring inspected and fine",12,True
T001523,I01597,2026-03-03,overheat,"overheating during afternoon peak, thermal protection engaged, cooling fins caked",30,True
T001524,I01597,2025-10-18,wear,"drive wear and vibration, continuous three shift operation since install",30,True
T001525,I01598,2025-08-22,electrical,"intermittent contactor fault, panel resets on its own, no pattern found",96,True
T001526,I01600,2025-05-16,wear,"drive wear and vibration, continuous three shift operation since install",96,True
T001527,I01602,2025-08-20,overheat,"unit shuts down midday, ambient 44C on the yard, thermal cutout trips repeatedly",54,True
T001528,I01602,2024-12-29,overheat,"thermal shutdown again at 41C ambient, passive cooling cannot keep up in summer",54,True
T001529,I01604,2025-07-29,wear,"excessive wear on rollers, unit running 24h, duty cycle far above rating",54,False
T001530,I01605,2024-10-19,overheat,"machine stops when ambient climbs, thermal fault logged, restarts after cooling",96,True
T001531,I01605,2025-01-25,overheat,"machine stops when ambient climbs, thermal fault logged, restarts after cooling",96,True
T001532,I01606,2025-07-12,overheat,"machine stops when ambient climbs, thermal fault logged, restarts after cooling",12,True
T001533,I01606,2024-09-25,electrical,"control board error code 21, replaced the relay, fault cleared",54,False
T001534,I01608,2025-01-20,wear,"belt slippage and wear, machine never idles, wear parts replaced twice",30,True
T001535,I01609,2025-02-15,overheat,"overheating during afternoon peak, thermal protection engaged, cooling fins caked",1,True
T001536,I01609,2025-07-07,wear,"excessive wear on rollers, unit running 24h, duty cycle far above rating",3,True
T001537,I01609,2026-01-12,user-error,"operator loaded above rated capacity, retrained the crew, no defect found",8,True
T001538,I01610,2024-06-27,overheat,"overheating during afternoon peak, thermal protection engaged, cooling fins caked",1,True
T001539,I01611,2025-12-28,user-error,"guard interlock left open, machine correctly refused to start, user error",8,True
T001540,I01614,2026-03-16,overheat,"thermal shutdown again at 41C ambient, passive cooling cannot keep up in summer",3,False
T001541,I01615,2025-11-27,overheat,"overheating during afternoon peak, thermal protection engaged, cooling fins caked",30,True
T001542,I01615,2025-10-19,user-error,"wrong operating mode selected, user error, showed the team the correct sequence",54,True
T001543,I01617,2026-08-07,overheat,"thermal shutdown again at 41C ambient, passive cooling cannot keep up in summer",3,False
T001544,I01617,2026-09-27,overheat,"overheating during afternoon peak, thermal protection engaged, cooling fins caked",1,True
T001545,I01617,2026-09-12,overheat,"unit shuts down midday, ambient 44C on the yard, thermal cutout trips repeatedly",3,True
T001546,I01617,2026-09-10,user-error,"guard interlock left open, machine correctly refused to start, user error",18,True
T001547,I01622,2024-08-05,wear,"excessive wear on rollers, unit running 24h, duty cycle far above rating",12,True
T001548,I01622,2024-11-07,wear,"excessive wear on rollers, unit running 24h, duty cycle far above rating",4,True
T001549,I01624,2024-12-03,user-error,"operator loaded above rated capacity, retrained the crew, no defect found",96,True
T001550,I01625,2025-10-14,overheat,"unit shuts down midday, ambient 44C on the yard, thermal cutout trips repeatedly",30,True
T001551,I01625,2025-08-25,electrical,"control board error code 21, replaced the relay, fault cleared",12,True
T001552,I01627,2025-08-06,overheat,"overheating during afternoon peak, thermal protection engaged, cooling fins caked",1,True
T001553,I01627,2025-01-01,user-error,"operator loaded above rated capacity, retrained the crew, no defect found",8,True
T001554,I01628,2025-11-01,electrical,"power supply dropout, breaker tripped once, wiring inspected and fine",30,True
T001555,I01629,2025-03-16,overheat,"overheating during afternoon peak, thermal protection engaged, cooling fins caked",40,True
T001556,I01629,2025-09-11,overheat,"recurring overheat alarm, heat soak in the enclosure, thermal derate all afternoon",18,True
T001557,I01631,2024-11-14,user-error,"operator loaded above rated capacity, retrained the crew, no defect found",3,True
T001558,I01632,2026-02-13,overheat,"overheating during afternoon peak, thermal protection engaged, cooling fins caked",4,True
T001559,I01633,2025-05-26,overheat,"unit shuts down midday, ambient 44C on the yard, thermal cutout trips repeatedly",54,False
T001560,I01633,2025-02-13,overheat,"machine stops when ambient climbs, thermal fault logged, restarts after cooling",54,True
T001561,I01636,2025-10-06,overheat,"unit shuts down midday, ambient 44C on the yard, thermal cutout trips repeatedly",30,True
T001562,I01638,2024-07-06,overheat,"overheating during afternoon peak, thermal protection engaged, cooling fins caked",3,True
T001563,I01638,2024-07-30,overheat,"thermal shutdown again at 41C ambient, passive cooling cannot keep up in summer",40,True
T001564,I01641,2025-12-23,wear,"excessive wear on rollers, unit running 24h, duty cycle far above rating",12,True
T001565,I01642,2026-04-13,overheat,"unit shuts down midday, ambient 44C on the yard, thermal cutout trips repeatedly",18,True
T001566,I01643,2025-04-02,overheat,"thermal shutdown again at 41C ambient, passive cooling cannot keep up in summer",4,True
T001567,I01643,2025-05-19,overheat,"thermal shutdown again at 41C ambient, passive cooling cannot keep up in summer",12,True
T001568,I01643,2025-04-20,wear,"drive wear and vibration, continuous three shift operation since install",12,True
T001569,I01643,2025-05-09,wear,"excessive wear on rollers, unit running 24h, duty cycle far above rating",30,True
T001570,I01645,2025-02-09,overheat,"unit shuts down midday, ambient 44C on the yard, thermal cutout trips repeatedly",3,True
T001571,I01645,2025-09-08,overheat,"recurring overheat alarm, heat soak in the enclosure, thermal derate all afternoon",1,True
T001572,I01646,2025-04-20,overheat,"overheating during afternoon peak, thermal protection engaged, cooling fins caked",4,True
T001573,I01646,2025-08-24,wear,"belt slippage and wear, machine never idles, wear parts replaced twice",54,True
T001574,I01647,2025-10-15,wear,"belt slippage and wear, machine never idles, wear parts replaced twice",12,False
T001575,I01647,2025-07-01,user-error,"wrong operating mode selected, user error, showed the team the correct sequence",54,True
T001576,I01652,2024-09-30,wear,"excessive wear on rollers, unit running 24h, duty cycle far above rating",8,True
T001577,I01655,2025-09-13,overheat,"unit shuts down midday, ambient 44C on the yard, thermal cutout trips repeatedly",8,True
T001578,I01656,2026-02-28,wear,"excessive wear on rollers, unit running 24h, duty cycle far above rating",30,True
T001579,I01657,2025-07-31,wear,"bearing play after continuous running, wear on the drive belt, third shift usage",4,True
T001580,I01657,2025-05-31,electrical,"power supply dropout, breaker tripped once, wiring inspected and fine",30,True
T001581,I01658,2024-04-30,wear,"drive wear and vibration, continuous three shift operation since install",8,True
T001582,I01659,2025-05-24,overheat,"thermal shutdown again at 41C ambient, passive cooling cannot keep up in summer",30,True
T001583,I01659,2025-05-20,electrical,"power supply dropout, breaker tripped once, wiring inspected and fine",54,False
T001584,I01662,2025-04-02,overheat,"overheating during afternoon peak, thermal protection engaged, cooling fins caked",4,True
T001585,I01662,2024-08-27,overheat,"unit shuts down midday, ambient 44C on the yard, thermal cutout trips repeatedly",4,True
T001586,I01662,2025-01-02,overheat,"unit shuts down midday, ambient 44C on the yard, thermal cutout trips repeatedly",54,True
T001587,I01663,2026-06-18,electrical,"intermittent contactor fault, panel resets on its own, no pattern found",18,True
T001588,I01666,2025-07-16,overheat,"machine stops when ambient climbs, thermal fault logged, restarts after cooling",40,True
T001589,I01667,2025-08-13,wear,"excessive wear on rollers, unit running 24h, duty cycle far above rating",1,True
T001590,I01669,2025-06-13,overheat,"unit shuts down midday, ambient 44C on the yard, thermal cutout trips repeatedly",1,False
T001591,I01669,2026-05-06,overheat,"machine stops when ambient climbs, thermal fault logged, restarts after cooling",18,True
T001592,I01669,2026-04-16,overheat,"overheating during afternoon peak, thermal protection engaged, cooling fins caked",40,True
T001593,I01669,2026-03-03,electrical,"intermittent contactor fault, panel resets on its own, no pattern found",18,True
T001594,I01670,2025-03-02,user-error,"operator loaded above rated capacity, retrained the crew, no defect found",8,True
T001595,I01671,2025-04-07,overheat,"recurring overheat alarm, heat soak in the enclosure, thermal derate all afternoon",96,True
T001596,I01671,2024-09-12,wear,"belt slippage and wear, machine never idles, wear parts replaced twice",30,True
T001597,I01672,2024-11-03,overheat,"recurring overheat alarm, heat soak in the enclosure, thermal derate all afternoon",30,True
T001598,I01673,2025-10-03,wear,"excessive wear on rollers, unit running 24h, duty cycle far above rating",40,True
T001599,I01673,2025-04-24,wear,"excessive wear on rollers, unit running 24h, duty cycle far above rating",3,True
T001600,I01673,2025-01-30,user-error,"operator loaded above rated capacity, retrained the crew, no defect found",1,True
T001601,I01674,2025-05-30,wear,"belt slippage and wear, machine never idles, wear parts replaced twice",8,False
T001602,I01675,2025-04-02,wear,"bearing play after continuous running, wear on the drive belt, third shift usage",54,True
T001603,I01676,2025-05-13,overheat,"overheating during afternoon peak, thermal protection engaged, cooling fins caked",18,True
T001604,I01676,2025-04-10,wear,"bearing play after continuous running, wear on the drive belt, third shift usage",8,True
T001605,I01678,2025-08-04,overheat,"overheating during afternoon peak, thermal protection engaged, cooling fins caked",30,True
T001606,I01678,2025-10-28,overheat,"recurring overheat alarm, heat soak in the enclosure, thermal derate all afternoon",30,True
T001607,I01678,2026-03-02,overheat,"recurring overheat alarm, heat soak in the enclosure, thermal derate all afternoon",96,True
T001608,I01678,2026-03-04,user-error,"operator loaded above rated capacity, retrained the crew, no defect found",96,True
T001609,I01679,2024-05-04,overheat,"machine stops when ambient climbs, thermal fault logged, restarts after cooling",3,True
T001610,I01681,2026-01-17,overheat,"recurring overheat alarm, heat soak in the enclosure, thermal derate all afternoon",18,True
T001611,I01681,2025-12-03,overheat,"recurring overheat alarm, heat soak in the enclosure, thermal derate all afternoon",1,True
T001612,I01681,2026-02-21,user-error,"operator loaded above rated capacity, retrained the crew, no defect found",3,True
T001613,I01682,2025-04-10,overheat,"unit shuts down midday, ambient 44C on the yard, thermal cutout trips repeatedly",4,True
T001614,I01682,2025-12-27,overheat,"recurring overheat alarm, heat soak in the enclosure, thermal derate all afternoon",12,True
T001615,I01683,2024-11-13,overheat,"thermal shutdown again at 41C ambient, passive cooling cannot keep up in summer",54,True
T001616,I01683,2024-08-18,overheat,"overheating during afternoon peak, thermal protection engaged, cooling fins caked",96,True
T001617,I01683,2025-01-26,user-error,"wrong operating mode selected, user error, showed the team the correct sequence",96,True
T001618,I01684,2024-10-15,overheat,"recurring overheat alarm, heat soak in the enclosure, thermal derate all afternoon",18,True
T001619,I01684,2024-07-21,overheat,"overheating during afternoon peak, thermal protection engaged, cooling fins caked",18,True
T001620,I01685,2025-07-20,overheat,"recurring overheat alarm, heat soak in the enclosure, thermal derate all afternoon",1,True
T001621,I01685,2025-06-30,overheat,"thermal shutdown again at 41C ambient, passive cooling cannot keep up in summer",8,True
T001622,I01690,2025-10-27,overheat,"unit shuts down midday, ambient 44C on the yard, thermal cutout trips repeatedly",8,True
T001623,I01690,2025-07-06,overheat,"recurring overheat alarm, heat soak in the enclosure, thermal derate all afternoon",18,True
T001624,I01694,2026-01-20,wear,"excessive wear on rollers, unit running 24h, duty cycle far above rating",1,True
T001625,I01696,2026-01-15,overheat,"overheating during afternoon peak, thermal protection engaged, cooling fins caked",8,False
T001626,I01696,2026-04-10,overheat,"unit shuts down midday, ambient 44C on the yard, thermal cutout trips repeatedly",8,True
T001627,I01698,2025-01-14,wear,"bearing play after continuous running, wear on the drive belt, third shift usage",30,True
T001628,I01700,2025-03-22,overheat,"thermal shutdown again at 41C ambient, passive cooling cannot keep up in summer",8,False
T001629,I01706,2025-10-28,user-error,"wrong operating mode selected, user error, showed the team the correct sequence",8,False
T001630,I01708,2026-01-25,wear,"drive wear and vibration, continuous three shift operation since install",54,True
T001631,I01709,2025-08-28,wear,"belt slippage and wear, machine never idles, wear parts replaced twice",12,True
T001632,I01709,2025-07-01,wear,"drive wear and vibration, continuous three shift operation since install",54,True
T001633,I01710,2025-02-12,overheat,"overheating during afternoon peak, thermal protection engaged, cooling fins caked",4,True
T001634,I01710,2024-08-03,overheat,"recurring overheat alarm, heat soak in the enclosure, thermal derate all afternoon",12,True
T001635,I01714,2025-06-29,user-error,"operator loaded above rated capacity, retrained the crew, no defect found",54,False
T001636,I01715,2025-04-23,overheat,"unit shuts down midday, ambient 44C on the yard, thermal cutout trips repeatedly",18,True
T001637,I01715,2025-08-13,overheat,"unit shuts down midday, ambient 44C on the yard, thermal cutout trips repeatedly",3,True
T001638,I01715,2025-02-21,overheat,"thermal shutdown again at 41C ambient, passive cooling cannot keep up in summer",18,True
T001639,I01718,2024-09-27,electrical,"control board error code 21, replaced the relay, fault cleared",3,True
T001640,I01719,2024-10-28,user-error,"guard interlock left open, machine correctly refused to start, user error",8,True
T001641,I01723,2025-05-14,overheat,"recurring overheat alarm, heat soak in the enclosure, thermal derate all afternoon",12,True
T001642,I01723,2025-10-25,overheat,"recurring overheat alarm, heat soak in the enclosure, thermal derate all afternoon",54,True
T001643,I01723,2025-10-29,overheat,"thermal shutdown again at 41C ambient, passive cooling cannot keep up in summer",54,False
T001644,I01724,2025-10-14,wear,"excessive wear on rollers, unit running 24h, duty cycle far above rating",4,True
T001645,I01725,2025-08-11,user-error,"guard interlock left open, machine correctly refused to start, user error",54,True
T001646,I01726,2025-08-26,overheat,"machine stops when ambient climbs, thermal fault logged, restarts after cooling",18,True
T001647,I01728,2025-01-15,overheat,"thermal shutdown again at 41C ambient, passive cooling cannot keep up in summer",54,True
T001648,I01730,2025-08-26,overheat,"unit shuts down midday, ambient 44C on the yard, thermal cutout trips repeatedly",96,True
T001649,I01730,2025-12-09,overheat,"thermal shutdown again at 41C ambient, passive cooling cannot keep up in summer",12,True
T001650,I01730,2026-06-19,overheat,"unit shuts down midday, ambient 44C on the yard, thermal cutout trips repeatedly",96,True
T001651,I01731,2025-01-19,wear,"drive wear and vibration, continuous three shift operation since install",8,True
T001652,I01734,2024-12-07,electrical,"control board error code 21, replaced the relay, fault cleared",18,True
T001653,I01737,2024-08-14,user-error,"wrong operating mode selected, user error, showed the team the correct sequence",30,True
T001654,I01739,2025-05-30,electrical,"power supply dropout, breaker tripped once, wiring inspected and fine",1,True
T001655,I01741,2025-04-17,overheat,"recurring overheat alarm, heat soak in the enclosure, thermal derate all afternoon",3,True
T001656,I01741,2025-08-07,wear,"drive wear and vibration, continuous three shift operation since install",3,True
T001657,I01742,2026-03-10,user-error,"guard interlock left open, machine correctly refused to start, user error",1,True
T001658,I01743,2025-05-12,user-error,"operator loaded above rated capacity, retrained the crew, no defect found",3,False
T001659,I01745,2025-11-07,overheat,"overheating during afternoon peak, thermal protection engaged, cooling fins caked",40,True
T001660,I01746,2025-11-02,wear,"belt slippage and wear, machine never idles, wear parts replaced twice",1,True
T001661,I01749,2026-03-18,user-error,"operator loaded above rated capacity, retrained the crew, no defect found",8,True
T001662,I01750,2026-07-08,wear,"bearing play after continuous running, wear on the drive belt, third shift usage",30,True
T001663,I01750,2026-08-30,wear,"excessive wear on rollers, unit running 24h, duty cycle far above rating",96,True
T001664,I01751,2025-12-07,user-error,"wrong operating mode selected, user error, showed the team the correct sequence",18,True
T001665,I01751,2025-07-04,user-error,"guard interlock left open, machine correctly refused to start, user error",3,True
T001666,I01752,2026-01-20,wear,"belt slippage and wear, machine never idles, wear parts replaced twice",54,True
T001667,I01753,2025-09-27,wear,"excessive wear on rollers, unit running 24h, duty cycle far above rating",12,True
T001668,I01753,2026-02-22,wear,"bearing play after continuous running, wear on the drive belt, third shift usage",30,True
T001669,I01754,2025-08-24,wear,"drive wear and vibration, continuous three shift operation since install",3,True
T001670,I01754,2025-01-03,wear,"bearing play after continuous running, wear on the drive belt, third shift usage",8,True
T001671,I01754,2025-08-25,electrical,"power supply dropout, breaker tripped once, wiring inspected and fine",8,False
T001672,I01755,2025-06-13,overheat,"recurring overheat alarm, heat soak in the enclosure, thermal derate all afternoon",4,False
T001673,I01755,2025-08-24,overheat,"overheating during afternoon peak, thermal protection engaged, cooling fins caked",12,True
T001674,I01755,2025-12-25,electrical,"control board error code 21, replaced the relay, fault cleared",30,True
T001675,I01758,2025-06-14,overheat,"recurring overheat alarm, heat soak in the enclosure, thermal derate all afternoon",3,True
T001676,I01758,2025-05-06,wear,"drive wear and vibration, continuous three shift operation since install",1,True
T001677,I01758,2024-11-12,wear,"belt slippage and wear, machine never idles, wear parts replaced twice",8,True
T001678,I01758,2025-11-09,wear,"belt slippage and wear, machine never idles, wear parts replaced twice",1,True
T001679,I01759,2025-06-16,user-error,"wrong operating mode selected, user error, showed the team the correct sequence",40,True
T001680,I01761,2024-12-23,overheat,"unit shuts down midday, ambient 44C on the yard, thermal cutout trips repeatedly",3,False
T001681,I01762,2026-05-14,electrical,"control board error code 21, replaced the relay, fault cleared",54,True
T001682,I01762,2025-06-05,user-error,"operator loaded above rated capacity, retrained the crew, no defect found",30,True
T001683,I01763,2026-04-07,overheat,"thermal shutdown again at 41C ambient, passive cooling cannot keep up in summer",4,True
T001684,I01763,2025-07-19,user-error,"wrong operating mode selected, user error, showed the team the correct sequence",12,True
T001685,I01766,2026-04-02,wear,"bearing play after continuous running, wear on the drive belt, third shift usage",30,True
T001686,I01767,2024-09-18,overheat,"machine stops when ambient climbs, thermal fault logged, restarts after cooling",54,True
T001687,I01767,2025-05-04,user-error,"guard interlock left open, machine correctly refused to start, user error",54,True
T001688,I01770,2025-06-22,overheat,"recurring overheat alarm, heat soak in the enclosure, thermal derate all afternoon",12,True
T001689,I01771,2025-06-10,overheat,"thermal shutdown again at 41C ambient, passive cooling cannot keep up in summer",1,True
T001690,I01771,2024-12-26,electrical,"intermittent contactor fault, panel resets on its own, no pattern found",3,True
T001691,I01773,2025-05-25,wear,"excessive wear on rollers, unit running 24h, duty cycle far above rating",8,True
T001692,I01773,2025-01-28,electrical,"control board error code 21, replaced the relay, fault cleared",3,True
T001693,I01774,2025-10-14,overheat,"machine stops when ambient climbs, thermal fault logged, restarts after cooling",3,True
T001694,I01774,2026-06-21,overheat,"recurring overheat alarm, heat soak in the enclosure, thermal derate all afternoon",8,True
T001695,I01774,2026-02-07,wear,"belt slippage and wear, machine never idles, wear parts replaced twice",3,True
T001696,I01776,2025-11-16,wear,"drive wear and vibration, continuous three shift operation since install",4,True
T001697,I01777,2026-06-12,overheat,"overheating during afternoon peak, thermal protection engaged, cooling fins caked",3,False
T001698,I01778,2025-01-03,wear,"bearing play after continuous running, wear on the drive belt, third shift usage",96,True
T001699,I01778,2025-04-23,wear,"excessive wear on rollers, unit running 24h, duty cycle far above rating",4,True
T001700,I01781,2025-10-30,overheat,"machine stops when ambient climbs, thermal fault logged, restarts after cooling",1,True
T001701,I01781,2025-05-17,wear,"drive wear and vibration, continuous three shift operation since install",1,True
T001702,I01781,2025-12-25,wear,"excessive wear on rollers, unit running 24h, duty cycle far above rating",1,True
T001703,I01781,2026-01-05,wear,"belt slippage and wear, machine never idles, wear parts replaced twice",1,True
T001704,I01782,2025-10-30,electrical,"power supply dropout, breaker tripped once, wiring inspected and fine",4,True
T001705,I01787,2024-11-10,user-error,"wrong operating mode selected, user error, showed the team the correct sequence",30,True
T001706,I01789,2026-07-15,wear,"excessive wear on rollers, unit running 24h, duty cycle far above rating",18,True
T001707,I01790,2025-10-23,wear,"excessive wear on rollers, unit running 24h, duty cycle far above rating",54,True
T001708,I01790,2026-05-06,wear,"excessive wear on rollers, unit running 24h, duty cycle far above rating",4,True
T001709,I01790,2026-04-28,wear,"drive wear and vibration, continuous three shift operation since install",4,True
T001710,I01791,2025-01-30,overheat,"machine stops when ambient climbs, thermal fault logged, restarts after cooling",96,True
T001711,I01791,2025-10-24,overheat,"recurring overheat alarm, heat soak in the enclosure, thermal derate all afternoon",30,True
T001712,I01793,2024-11-17,user-error,"operator loaded above rated capacity, retrained the crew, no defect found",18,True
T001713,I01794,2026-01-28,overheat,"recurring overheat alarm, heat soak in the enclosure, thermal derate all afternoon",12,False
T001714,I01794,2025-03-06,overheat,"overheating during afternoon peak, thermal protection engaged, cooling fins caked",30,False
T001715,I01797,2024-09-19,overheat,"unit shuts down midday, ambient 44C on the yard, thermal cutout trips repeatedly",3,True
T001716,I01798,2025-06-29,electrical,"control board error code 21, replaced the relay, fault cleared",54,False
T001717,I01800,2025-10-22,overheat,"recurring overheat alarm, heat soak in the enclosure, thermal derate all afternoon",1,True
T001718,I01801,2025-02-14,user-error,"operator loaded above rated capacity, retrained the crew, no defect found",8,True
T001719,I01802,2025-01-10,overheat,"overheating during afternoon peak, thermal protection engaged, cooling fins caked",3,True
T001720,I01802,2025-01-25,overheat,"recurring overheat alarm, heat soak in the enclosure, thermal derate all afternoon",3,True
T001721,I01802,2025-02-07,overheat,"overheating during afternoon peak, thermal protection engaged, cooling fins caked",8,True
T001722,I01804,2025-01-06,wear,"excessive wear on rollers, unit running 24h, duty cycle far above rating",54,True
T001723,I01804,2025-08-19,wear,"bearing play after continuous running, wear on the drive belt, third shift usage",30,True
T001724,I01806,2024-12-11,wear,"bearing play after continuous running, wear on the drive belt, third shift usage",96,True
T001725,I01808,2026-02-26,overheat,"unit shuts down midday, ambient 44C on the yard, thermal cutout trips repeatedly",1,True
T001726,I01808,2026-06-29,overheat,"recurring overheat alarm, heat soak in the enclosure, thermal derate all afternoon",8,True
T001727,I01808,2025-11-03,overheat,"unit shuts down midday, ambient 44C on the yard, thermal cutout trips repeatedly",3,True
T001728,I01809,2026-03-11,user-error,"guard interlock left open, machine correctly refused to start, user error",8,True
T001729,I01809,2025-03-18,user-error,"guard interlock left open, machine correctly refused to start, user error",1,True
T001730,I01812,2025-07-20,wear,"excessive wear on rollers, unit running 24h, duty cycle far above rating",12,True
T001731,I01814,2025-07-09,overheat,"unit shuts down midday, ambient 44C on the yard, thermal cutout trips repeatedly",30,True
T001732,I01814,2025-12-06,overheat,"overheating during afternoon peak, thermal protection engaged, cooling fins caked",4,True
T001733,I01816,2025-08-14,wear,"belt slippage and wear, machine never idles, wear parts replaced twice",1,True
T001734,I01817,2025-07-12,user-error,"operator loaded above rated capacity, retrained the crew, no defect found",54,True
T001735,I01818,2025-07-14,wear,"belt slippage and wear, machine never idles, wear parts replaced twice",54,False
T001736,I01819,2025-06-23,overheat,"recurring overheat alarm, heat soak in the enclosure, thermal derate all afternoon",18,True
T001737,I01819,2025-04-16,user-error,"guard interlock left open, machine correctly refused to start, user error",40,False
T001738,I01821,2025-12-24,overheat,"overheating during afternoon peak, thermal protection engaged, cooling fins caked",3,True
T001739,I01823,2025-10-23,wear,"excessive wear on rollers, unit running 24h, duty cycle far above rating",3,False
T001740,I01823,2025-12-12,user-error,"wrong operating mode selected, user error, showed the team the correct sequence",1,True
T001741,I01824,2026-05-14,overheat,"thermal shutdown again at 41C ambient, passive cooling cannot keep up in summer",12,True
T001742,I01826,2025-02-08,overheat,"machine stops when ambient climbs, thermal fault logged, restarts after cooling",40,True
T001743,I01827,2024-07-22,electrical,"power supply dropout, breaker tripped once, wiring inspected and fine",40,False
T001744,I01828,2026-06-04,overheat,"unit shuts down midday, ambient 44C on the yard, thermal cutout trips repeatedly",30,True
T001745,I01828,2026-02-12,overheat,"recurring overheat alarm, heat soak in the enclosure, thermal derate all afternoon",30,True
T001746,I01828,2026-02-28,wear,"belt slippage and wear, machine never idles, wear parts replaced twice",54,True
T001747,I01828,2026-01-15,wear,"bearing play after continuous running, wear on the drive belt, third shift usage",54,True
T001748,I01828,2026-03-25,wear,"bearing play after continuous running, wear on the drive belt, third shift usage",4,False
T001749,I01830,2025-09-28,overheat,"thermal shutdown again at 41C ambient, passive cooling cannot keep up in summer",12,True
T001750,I01830,2026-01-27,user-error,"wrong operating mode selected, user error, showed the team the correct sequence",12,True
T001751,I01832,2026-05-17,overheat,"overheating during afternoon peak, thermal protection engaged, cooling fins caked",8,True
T001752,I01832,2026-02-12,electrical,"control board error code 21, replaced the relay, fault cleared",1,True
T001753,I01835,2024-12-30,overheat,"thermal shutdown again at 41C ambient, passive cooling cannot keep up in summer",1,True
T001754,I01835,2024-04-16,overheat,"machine stops when ambient climbs, thermal fault logged, restarts after cooling",1,True
T001755,I01835,2025-04-26,wear,"drive wear and vibration, continuous three shift operation since install",8,True
T001756,I01837,2025-02-26,overheat,"overheating during afternoon peak, thermal protection engaged, cooling fins caked",18,True
T001757,I01837,2025-01-15,overheat,"overheating during afternoon peak, thermal protection engaged, cooling fins caked",8,True
T001758,I01837,2025-11-21,user-error,"wrong operating mode selected, user error, showed the team the correct sequence",8,True
T001759,I01839,2025-12-22,wear,"bearing play after continuous running, wear on the drive belt, third shift usage",40,True
T001760,I01841,2025-04-03,overheat,"unit shuts down midday, ambient 44C on the yard, thermal cutout trips repeatedly",30,True
T001761,I01841,2025-04-23,wear,"belt slippage and wear, machine never idles, wear parts replaced twice",12,True
T001762,I01843,2024-08-04,user-error,"guard interlock left open, machine correctly refused to start, user error",30,True
T001763,I01844,2025-05-08,wear,"belt slippage and wear, machine never idles, wear parts replaced twice",4,True
T001764,I01845,2025-10-10,overheat,"unit shuts down midday, ambient 44C on the yard, thermal cutout trips repeatedly",8,True
T001765,I01845,2025-02-26,wear,"drive wear and vibration, continuous three shift operation since install",3,True
T001766,I01849,2025-01-05,overheat,"recurring overheat alarm, heat soak in the enclosure, thermal derate all afternoon",3,True
T001767,I01849,2025-05-01,user-error,"guard interlock left open, machine correctly refused to start, user error",1,True
T001768,I01849,2025-04-23,electrical,"control board error code 21, replaced the relay, fault cleared",40,True
T001769,I01850,2025-03-23,overheat,"machine stops when ambient climbs, thermal fault logged, restarts after cooling",3,True
T001770,I01850,2025-08-01,overheat,"recurring overheat alarm, heat soak in the enclosure, thermal derate all afternoon",3,True
T001771,I01850,2025-04-10,overheat,"machine stops when ambient climbs, thermal fault logged, restarts after cooling",8,True
T001772,I01851,2025-01-19,overheat,"machine stops when ambient climbs, thermal fault logged, restarts after cooling",18,True
T001773,I01851,2025-07-19,wear,"drive wear and vibration, continuous three shift operation since install",1,True
T001774,I01852,2024-07-21,overheat,"recurring overheat alarm, heat soak in the enclosure, thermal derate all afternoon",12,True
T001775,I01852,2024-09-05,electrical,"intermittent contactor fault, panel resets on its own, no pattern found",54,True
T001776,I01855,2025-11-23,electrical,"intermittent contactor fault, panel resets on its own, no pattern found",12,True
T001777,I01856,2025-08-11,wear,"belt slippage and wear, machine never idles, wear parts replaced twice",96,True
T001778,I01857,2026-05-16,overheat,"unit shuts down midday, ambient 44C on the yard, thermal cutout trips repeatedly",30,True
T001779,I01857,2026-05-04,overheat,"unit shuts down midday, ambient 44C on the yard, thermal cutout trips repeatedly",30,True
T001780,I01860,2025-06-16,overheat,"unit shuts down midday, ambient 44C on the yard, thermal cutout trips repeatedly",30,True
T001781,I01862,2025-01-12,overheat,"machine stops when ambient climbs, thermal fault logged, restarts after cooling",3,True
T001782,I01863,2025-03-25,user-error,"guard interlock left open, machine correctly refused to start, user error",8,False
T001783,I01864,2024-07-09,overheat,"unit shuts down midday, ambient 44C on the yard, thermal cutout trips repeatedly",12,True
T001784,I01867,2025-07-09,overheat,"machine stops when ambient climbs, thermal fault logged, restarts after cooling",12,True
T001785,I01868,2024-09-13,overheat,"machine stops when ambient climbs, thermal fault logged, restarts after cooling",1,True
T001786,I01869,2025-07-29,electrical,"control board error code 21, replaced the relay, fault cleared",54,True
T001787,I01872,2026-03-28,overheat,"overheating during afternoon peak, thermal protection engaged, cooling fins caked",1,True
T001788,I01872,2026-02-13,user-error,"guard interlock left open, machine correctly refused to start, user error",18,True
T001789,I01874,2025-11-20,electrical,"intermittent contactor fault, panel resets on its own, no pattern found",54,True
T001790,I01875,2025-03-12,wear,"excessive wear on rollers, unit running 24h, duty cycle far above rating",18,True
T001791,I01875,2024-11-30,wear,"bearing play after continuous running, wear on the drive belt, third shift usage",40,True
T001792,I01877,2026-04-10,overheat,"unit shuts down midday, ambient 44C on the yard, thermal cutout trips repeatedly",54,True
T001793,I01879,2026-06-02,wear,"excessive wear on rollers, unit running 24h, duty cycle far above rating",30,False
T001794,I01879,2025-08-17,wear,"belt slippage and wear, machine never idles, wear parts replaced twice",96,False
T001795,I01881,2025-01-26,wear,"bearing play after continuous running, wear on the drive belt, third shift usage",30,True
T001796,I01881,2024-12-20,wear,"bearing play after continuous running, wear on the drive belt, third shift usage",96,True
T001797,I01881,2024-10-28,wear,"bearing play after continuous running, wear on the drive belt, third shift usage",54,True
T001798,I01884,2025-11-10,wear,"bearing play after continuous running, wear on the drive belt, third shift usage",40,True
T001799,I01885,2025-08-18,overheat,"unit shuts down midday, ambient 44C on the yard, thermal cutout trips repeatedly",3,True
T001800,I01885,2026-04-08,wear,"bearing play after continuous running, wear on the drive belt, third shift usage",3,True
T001801,I01885,2025-12-22,wear,"drive wear and vibration, continuous three shift operation since install",3,True
T001802,I01885,2026-05-23,wear,"bearing play after continuous running, wear on the drive belt, third shift usage",8,False
T001803,I01885,2026-05-03,user-error,"wrong operating mode selected, user error, showed the team the correct sequence",1,True
T001804,I01886,2024-10-16,overheat,"thermal shutdown again at 41C ambient, passive cooling cannot keep up in summer",8,False
T001805,I01886,2025-06-09,overheat,"thermal shutdown again at 41C ambient, passive cooling cannot keep up in summer",40,True
T001806,I01890,2025-10-10,wear,"excessive wear on rollers, unit running 24h, duty cycle far above rating",1,False
T001807,I01891,2025-09-13,overheat,"unit shuts down midday, ambient 44C on the yard, thermal cutout trips repeatedly",1,False
T001808,I01892,2025-11-01,wear,"excessive wear on rollers, unit running 24h, duty cycle far above rating",3,True
T001809,I01895,2026-02-02,overheat,"thermal shutdown again at 41C ambient, passive cooling cannot keep up in summer",1,True
T001810,I01896,2025-05-13,wear,"excessive wear on rollers, unit running 24h, duty cycle far above rating",3,True
T001811,I01899,2025-10-27,wear,"drive wear and vibration, continuous three shift operation since install",12,True
T001812,I01899,2025-10-08,wear,"drive wear and vibration, continuous three shift operation since install",30,True
T001813,I01903,2025-06-02,overheat,"machine stops when ambient climbs, thermal fault logged, restarts after cooling",4,True
T001814,I01905,2024-12-09,overheat,"machine stops when ambient climbs, thermal fault logged, restarts after cooling",4,False
T001815,I01905,2025-01-15,wear,"drive wear and vibration, continuous three shift operation since install",54,True
T001816,I01905,2025-01-13,wear,"belt slippage and wear, machine never idles, wear parts replaced twice",4,True
T001817,I01905,2024-11-13,wear,"belt slippage and wear, machine never idles, wear parts replaced twice",12,True
T001818,I01907,2024-09-12,overheat,"unit shuts down midday, ambient 44C on the yard, thermal cutout trips repeatedly",54,True
T001819,I01907,2025-04-06,wear,"bearing play after continuous running, wear on the drive belt, third shift usage",30,False
T001820,I01908,2024-07-19,overheat,"recurring overheat alarm, heat soak in the enclosure, thermal derate all afternoon",3,True
T001821,I01908,2024-04-04,overheat,"overheating during afternoon peak, thermal protection engaged, cooling fins caked",1,True
T001822,I01908,2024-09-23,electrical,"power supply dropout, breaker tripped once, wiring inspected and fine",8,True
T001823,I01909,2024-06-25,wear,"drive wear and vibration, continuous three shift operation since install",1,True
T001824,I01910,2026-03-02,wear,"excessive wear on rollers, unit running 24h, duty cycle far above rating",18,True
T001825,I01911,2025-06-21,wear,"bearing play after continuous running, wear on the drive belt, third shift usage",3,True
T001826,I01911,2024-12-21,electrical,"intermittent contactor fault, panel resets on its own, no pattern found",1,True
T001827,I01914,2024-05-11,wear,"bearing play after continuous running, wear on the drive belt, third shift usage",1,True
T001828,I01918,2025-07-28,wear,"belt slippage and wear, machine never idles, wear parts replaced twice",1,True
T001829,I01918,2025-08-17,user-error,"operator loaded above rated capacity, retrained the crew, no defect found",18,True
T001830,I01919,2025-11-14,wear,"drive wear and vibration, continuous three shift operation since install",12,True
T001831,I01920,2025-09-19,wear,"belt slippage and wear, machine never idles, wear parts replaced twice",1,True
T001832,I01924,2024-08-11,overheat,"machine stops when ambient climbs, thermal fault logged, restarts after cooling",12,True
T001833,I01925,2024-08-06,overheat,"overheating during afternoon peak, thermal protection engaged, cooling fins caked",12,True
T001834,I01925,2025-02-10,overheat,"recurring overheat alarm, heat soak in the enclosure, thermal derate all afternoon",30,True
T001835,I01925,2025-02-22,overheat,"thermal shutdown again at 41C ambient, passive cooling cannot keep up in summer",96,True
T001836,I01927,2025-04-30,user-error,"guard interlock left open, machine correctly refused to start, user error",18,True
T001837,I01928,2025-06-03,overheat,"recurring overheat alarm, heat soak in the enclosure, thermal derate all afternoon",12,True
T001838,I01935,2024-11-09,user-error,"wrong operating mode selected, user error, showed the team the correct sequence",3,True
T001839,I01936,2025-03-02,user-error,"wrong operating mode selected, user error, showed the team the correct sequence",30,True
T001840,I01937,2025-05-09,wear,"excessive wear on rollers, unit running 24h, duty cycle far above rating",30,True
T001841,I01939,2024-09-27,overheat,"machine stops when ambient climbs, thermal fault logged, restarts after cooling",30,True
T001842,I01940,2024-11-11,overheat,"overheating during afternoon peak, thermal protection engaged, cooling fins caked",30,False
T001843,I01940,2025-05-10,overheat,"thermal shutdown again at 41C ambient, passive cooling cannot keep up in summer",96,True
T001844,I01940,2025-09-22,electrical,"intermittent contactor fault, panel resets on its own, no pattern found",30,True
T001845,I01942,2026-08-14,wear,"excessive wear on rollers, unit running 24h, duty cycle far above rating",1,True
T001846,I01942,2026-05-29,electrical,"intermittent contactor fault, panel resets on its own, no pattern found",8,True
T001847,I01943,2026-05-24,overheat,"recurring overheat alarm, heat soak in the enclosure, thermal derate all afternoon",1,True
T001848,I01943,2026-05-06,electrical,"power supply dropout, breaker tripped once, wiring inspected and fine",18,True
T001849,I01947,2025-09-11,wear,"drive wear and vibration, continuous three shift operation since install",4,True
T001850,I01948,2024-06-11,wear,"bearing play after continuous running, wear on the drive belt, third shift usage",54,True
T001851,I01949,2025-05-16,overheat,"machine stops when ambient climbs, thermal fault logged, restarts after cooling",3,True
T001852,I01949,2025-01-18,overheat,"unit shuts down midday, ambient 44C on the yard, thermal cutout trips repeatedly",3,True
T001853,I01950,2024-05-31,overheat,"machine stops when ambient climbs, thermal fault logged, restarts after cooling",18,False
T001854,I01950,2024-07-02,overheat,"overheating during afternoon peak, thermal protection engaged, cooling fins caked",1,False
T001855,I01950,2024-10-29,overheat,"machine stops when ambient climbs, thermal fault logged, restarts after cooling",1,False
T001856,I01950,2025-06-06,wear,"drive wear and vibration, continuous three shift operation since install",8,True
T001857,I01953,2026-09-13,electrical,"power supply dropout, breaker tripped once, wiring inspected and fine",18,True
T001858,I01954,2025-11-14,wear,"excessive wear on rollers, unit running 24h, duty cycle far above rating",4,True
T001859,I01954,2025-08-31,electrical,"control board error code 21, replaced the relay, fault cleared",54,True
T001860,I01955,2025-02-24,wear,"excessive wear on rollers, unit running 24h, duty cycle far above rating",18,True
T001861,I01956,2025-05-01,overheat,"thermal shutdown again at 41C ambient, passive cooling cannot keep up in summer",8,True
T001862,I01956,2025-09-19,overheat,"unit shuts down midday, ambient 44C on the yard, thermal cutout trips repeatedly",3,False
T001863,I01957,2025-07-19,overheat,"machine stops when ambient climbs, thermal fault logged, restarts after cooling",54,True
T001864,I01958,2025-01-20,user-error,"operator loaded above rated capacity, retrained the crew, no defect found",8,True
T001865,I01960,2024-09-18,overheat,"thermal shutdown again at 41C ambient, passive cooling cannot keep up in summer",30,False
T001866,I01960,2024-09-20,overheat,"overheating during afternoon peak, thermal protection engaged, cooling fins caked",54,True
T001867,I01960,2025-09-09,overheat,"thermal shutdown again at 41C ambient, passive cooling cannot keep up in summer",12,True
T001868,I01961,2026-01-10,electrical,"power supply dropout, breaker tripped once, wiring inspected and fine",12,False
T001869,I01963,2026-03-01,wear,"bearing play after continuous running, wear on the drive belt, third shift usage",54,True
T001870,I01964,2024-08-06,wear,"excessive wear on rollers, unit running 24h, duty cycle far above rating",1,True
T001871,I01966,2026-04-19,overheat,"machine stops when ambient climbs, thermal fault logged, restarts after cooling",8,True
T001872,I01966,2025-06-16,overheat,"overheating during afternoon peak, thermal protection engaged, cooling fins caked",3,True
T001873,I01966,2025-12-07,wear,"drive wear and vibration, continuous three shift operation since install",3,True
T001874,I01967,2024-11-21,user-error,"guard interlock left open, machine correctly refused to start, user error",54,True
T001875,I01968,2024-10-19,wear,"excessive wear on rollers, unit running 24h, duty cycle far above rating",30,True
T001876,I01969,2025-05-13,user-error,"operator loaded above rated capacity, retrained the crew, no defect found",3,True
T001877,I01970,2025-11-16,wear,"excessive wear on rollers, unit running 24h, duty cycle far above rating",96,True
T001878,I01972,2026-02-03,overheat,"unit shuts down midday, ambient 44C on the yard, thermal cutout trips repeatedly",3,True
T001879,I01973,2025-06-22,overheat,"machine stops when ambient climbs, thermal fault logged, restarts after cooling",8,True
T001880,I01974,2025-06-27,overheat,"overheating during afternoon peak, thermal protection engaged, cooling fins caked",12,True
T001881,I01974,2025-07-19,wear,"bearing play after continuous running, wear on the drive belt, third shift usage",4,True
T001882,I01974,2025-08-29,wear,"bearing play after continuous running, wear on the drive belt, third shift usage",54,True
T001883,I01974,2024-11-28,wear,"excessive wear on rollers, unit running 24h, duty cycle far above rating",96,True
T001884,I01977,2025-10-31,wear,"excessive wear on rollers, unit running 24h, duty cycle far above rating",30,True
T001885,I01977,2025-12-18,wear,"belt slippage and wear, machine never idles, wear parts replaced twice",30,True
T001886,I01978,2026-03-13,overheat,"unit shuts down midday, ambient 44C on the yard, thermal cutout trips repeatedly",1,True
T001887,I01978,2025-05-22,overheat,"thermal shutdown again at 41C ambient, passive cooling cannot keep up in summer",3,True
T001888,I01981,2025-10-11,wear,"belt slippage and wear, machine never idles, wear parts replaced twice",96,True
T001889,I01981,2025-04-16,wear,"drive wear and vibration, continuous three shift operation since install",30,True
T001890,I01981,2025-11-24,electrical,"control board error code 21, replaced the relay, fault cleared",30,True
T001891,I01984,2025-04-03,user-error,"guard interlock left open, machine correctly refused to start, user error",96,True
T001892,I01985,2026-01-31,overheat,"overheating during afternoon peak, thermal protection engaged, cooling fins caked",12,True
T001893,I01986,2025-06-01,overheat,"thermal shutdown again at 41C ambient, passive cooling cannot keep up in summer",4,True
T001894,I01986,2025-12-21,overheat,"recurring overheat alarm, heat soak in the enclosure, thermal derate all afternoon",54,True
T001895,I01987,2025-06-21,overheat,"recurring overheat alarm, heat soak in the enclosure, thermal derate all afternoon",96,True
T001896,I01988,2025-08-09,overheat,"recurring overheat alarm, heat soak in the enclosure, thermal derate all afternoon",54,False
T001897,I01988,2025-10-11,overheat,"unit shuts down midday, ambient 44C on the yard, thermal cutout trips repeatedly",4,True
T001898,I01990,2025-06-12,wear,"excessive wear on rollers, unit running 24h, duty cycle far above rating",3,True
T001899,I01990,2026-01-01,wear,"drive wear and vibration, continuous three shift operation since install",3,True
T001900,I01996,2024-07-25,wear,"drive wear and vibration, continuous three shift operation since install",96,True
T001901,I01997,2025-05-19,overheat,"recurring overheat alarm, heat soak in the enclosure, thermal derate all afternoon",18,True
T001902,I01998,2025-02-08,overheat,"unit shuts down midday, ambient 44C on the yard, thermal cutout trips repeatedly",30,True
T001903,I01999,2025-03-16,overheat,"thermal shutdown again at 41C ambient, passive cooling cannot keep up in summer",12,True
T001904,I02000,2025-02-22,overheat,"thermal shutdown again at 41C ambient, passive cooling cannot keep up in summer",40,True
T001905,I02001,2025-05-30,wear,"drive wear and vibration, continuous three shift operation since install",1,True
T001906,I02003,2024-08-17,wear,"bearing play after continuous running, wear on the drive belt, third shift usage",18,True
T001907,I02005,2026-07-02,wear,"excessive wear on rollers, unit running 24h, duty cycle far above rating",12,True
T001908,I02006,2025-06-06,overheat,"overheating during afternoon peak, thermal protection engaged, cooling fins caked",96,True
T001909,I02006,2025-04-20,user-error,"guard interlock left open, machine correctly refused to start, user error",12,True
T001910,I02007,2025-10-07,overheat,"overheating during afternoon peak, thermal protection engaged, cooling fins caked",8,True
T001911,I02008,2025-04-16,overheat,"recurring overheat alarm, heat soak in the enclosure, thermal derate all afternoon",8,True
T001912,I02008,2024-11-30,overheat,"machine stops when ambient climbs, thermal fault logged, restarts after cooling",3,True
T001913,I02008,2025-04-21,overheat,"recurring overheat alarm, heat soak in the enclosure, thermal derate all afternoon",3,True
T001914,I02008,2025-05-10,electrical,"intermittent contactor fault, panel resets on its own, no pattern found",8,False
T001915,I02009,2025-06-30,overheat,"thermal shutdown again at 41C ambient, passive cooling cannot keep up in summer",1,False
T001916,I02010,2025-12-29,overheat,"machine stops when ambient climbs, thermal fault logged, restarts after cooling",3,True
T001917,I02011,2025-11-25,overheat,"thermal shutdown again at 41C ambient, passive cooling cannot keep up in summer",1,True
T001918,I02013,2026-01-25,overheat,"unit shuts down midday, ambient 44C on the yard, thermal cutout trips repeatedly",54,True
T001919,I02013,2025-04-20,overheat,"machine stops when ambient climbs, thermal fault logged, restarts after cooling",30,True
T001920,I02013,2026-01-24,overheat,"unit shuts down midday, ambient 44C on the yard, thermal cutout trips repeatedly",54,True
T001921,I02013,2025-02-18,wear,"drive wear and vibration, continuous three shift operation since install",4,True
T001922,I02014,2026-02-25,overheat,"unit shuts down midday, ambient 44C on the yard, thermal cutout trips repeatedly",1,True
T001923,I02015,2024-10-27,user-error,"wrong operating mode selected, user error, showed the team the correct sequence",3,True
T001924,I02016,2024-12-19,overheat,"machine stops when ambient climbs, thermal fault logged, restarts after cooling",1,True
T001925,I02016,2025-03-02,overheat,"unit shuts down midday, ambient 44C on the yard, thermal cutout trips repeatedly",18,True
T001926,I02016,2024-11-03,overheat,"unit shuts down midday, ambient 44C on the yard, thermal cutout trips repeatedly",40,True
T001927,I02016,2024-06-11,wear,"belt slippage and wear, machine never idles, wear parts replaced twice",18,True
T001928,I02016,2024-11-10,electrical,"power supply dropout, breaker tripped once, wiring inspected and fine",8,True
T001929,I02017,2025-09-14,overheat,"overheating during afternoon peak, thermal protection engaged, cooling fins caked",54,True
T001930,I02017,2024-10-22,overheat,"recurring overheat alarm, heat soak in the enclosure, thermal derate all afternoon",4,True
T001931,I02018,2025-02-13,overheat,"unit shuts down midday, ambient 44C on the yard, thermal cutout trips repeatedly",96,True
T001932,I02019,2026-03-19,overheat,"thermal shutdown again at 41C ambient, passive cooling cannot keep up in summer",4,True
T001933,I02020,2025-12-02,overheat,"machine stops when ambient climbs, thermal fault logged, restarts after cooling",18,True
T001934,I02020,2025-12-03,overheat,"thermal shutdown again at 41C ambient, passive cooling cannot keep up in summer",18,True
T001935,I02020,2026-05-27,user-error,"operator loaded above rated capacity, retrained the crew, no defect found",1,True
T001936,I02021,2025-08-30,electrical,"power supply dropout, breaker tripped once, wiring inspected and fine",1,True
T001937,I02023,2024-11-15,user-error,"operator loaded above rated capacity, retrained the crew, no defect found",3,False
T001938,I02028,2025-09-26,overheat,"recurring overheat alarm, heat soak in the enclosure, thermal derate all afternoon",1,True
T001939,I02029,2025-11-19,overheat,"recurring overheat alarm, heat soak in the enclosure, thermal derate all afternoon",54,True
T001940,I02030,2025-06-07,user-error,"operator loaded above rated capacity, retrained the crew, no defect found",8,True
T001941,I02032,2024-12-04,overheat,"recurring overheat alarm, heat soak in the enclosure, thermal derate all afternoon",96,True
T001942,I02032,2025-07-21,overheat,"thermal shutdown again at 41C ambient, passive cooling cannot keep up in summer",54,True
T001943,I02033,2025-05-29,wear,"belt slippage and wear, machine never idles, wear parts replaced twice",54,True
T001944,I02035,2025-05-26,overheat,"overheating during afternoon peak, thermal protection engaged, cooling fins caked",30,True
T001945,I02035,2025-02-17,overheat,"machine stops when ambient climbs, thermal fault logged, restarts after cooling",96,True
T001946,I02035,2024-12-23,wear,"excessive wear on rollers, unit running 24h, duty cycle far above rating",12,True
T001947,I02035,2025-07-03,wear,"drive wear and vibration, continuous three shift operation since install",30,True
T001948,I02036,2026-06-27,overheat,"machine stops when ambient climbs, thermal fault logged, restarts after cooling",3,False
T001949,I02036,2025-09-21,overheat,"machine stops when ambient climbs, thermal fault logged, restarts after cooling",18,True
T001950,I02036,2026-07-13,user-error,"operator loaded above rated capacity, retrained the crew, no defect found",40,True
T001951,I02038,2024-12-17,overheat,"recurring overheat alarm, heat soak in the enclosure, thermal derate all afternoon",54,True
T001952,I02038,2025-12-13,wear,"bearing play after continuous running, wear on the drive belt, third shift usage",54,True
T001953,I02039,2025-06-02,overheat,"recurring overheat alarm, heat soak in the enclosure, thermal derate all afternoon",3,True
T001954,I02040,2025-08-01,overheat,"thermal shutdown again at 41C ambient, passive cooling cannot keep up in summer",12,True
T001955,I02040,2025-05-11,overheat,"unit shuts down midday, ambient 44C on the yard, thermal cutout trips repeatedly",4,True
T001956,I02041,2025-07-20,overheat,"overheating during afternoon peak, thermal protection engaged, cooling fins caked",96,True
T001957,I02041,2025-04-03,overheat,"unit shuts down midday, ambient 44C on the yard, thermal cutout trips repeatedly",30,False
T001958,I02042,2025-05-31,wear,"excessive wear on rollers, unit running 24h, duty cycle far above rating",30,True
T001959,I02043,2025-01-05,wear,"belt slippage and wear, machine never idles, wear parts replaced twice",54,True
T001960,I02044,2025-04-23,overheat,"unit shuts down midday, ambient 44C on the yard, thermal cutout trips repeatedly",1,True
T001961,I02044,2025-10-03,wear,"belt slippage and wear, machine never idles, wear parts replaced twice",3,False
T001962,I02044,2026-02-07,user-error,"guard interlock left open, machine correctly refused to start, user error",1,True
T001963,I02046,2025-05-20,overheat,"machine stops when ambient climbs, thermal fault logged, restarts after cooling",30,True
T001964,I02046,2024-11-23,wear,"excessive wear on rollers, unit running 24h, duty cycle far above rating",12,True
T001965,I02046,2025-09-18,wear,"belt slippage and wear, machine never idles, wear parts replaced twice",54,True
T001966,I02049,2024-11-25,overheat,"recurring overheat alarm, heat soak in the enclosure, thermal derate all afternoon",30,True
T001967,I02049,2024-06-17,overheat,"unit shuts down midday, ambient 44C on the yard, thermal cutout trips repeatedly",30,True
T001968,I02049,2025-05-03,wear,"drive wear and vibration, continuous three shift operation since install",54,True
T001969,I02052,2024-12-30,electrical,"control board error code 21, replaced the relay, fault cleared",8,True
T001970,I02054,2025-10-03,overheat,"thermal shutdown again at 41C ambient, passive cooling cannot keep up in summer",18,True
T001971,I02056,2025-11-07,overheat,"recurring overheat alarm, heat soak in the enclosure, thermal derate all afternoon",1,True
T001972,I02058,2024-11-28,overheat,"machine stops when ambient climbs, thermal fault logged, restarts after cooling",4,True
T001973,I02058,2024-10-07,overheat,"recurring overheat alarm, heat soak in the enclosure, thermal derate all afternoon",54,True
T001974,I02059,2025-03-12,overheat,"unit shuts down midday, ambient 44C on the yard, thermal cutout trips repeatedly",96,True
T001975,I02059,2025-03-20,overheat,"overheating during afternoon peak, thermal protection engaged, cooling fins caked",54,False
T001976,I02059,2025-02-14,electrical,"power supply dropout, breaker tripped once, wiring inspected and fine",54,True
T001977,I02061,2024-06-07,overheat,"thermal shutdown again at 41C ambient, passive cooling cannot keep up in summer",40,True
T001978,I02061,2024-06-21,overheat,"machine stops when ambient climbs, thermal fault logged, restarts after cooling",1,True
T001979,I02061,2024-09-17,overheat,"overheating during afternoon peak, thermal protection engaged, cooling fins caked",40,True
T001980,I02062,2025-06-28,overheat,"unit shuts down midday, ambient 44C on the yard, thermal cutout trips repeatedly",96,True
T001981,I02062,2024-08-06,overheat,"thermal shutdown again at 41C ambient, passive cooling cannot keep up in summer",4,True
T001982,I02069,2025-06-07,wear,"bearing play after continuous running, wear on the drive belt, third shift usage",96,True
T001983,I02070,2025-07-03,electrical,"control board error code 21, replaced the relay, fault cleared",3,True
T001984,I02071,2025-10-27,user-error,"operator loaded above rated capacity, retrained the crew, no defect found",8,True
T001985,I02074,2026-04-13,overheat,"overheating during afternoon peak, thermal protection engaged, cooling fins caked",1,True
T001986,I02074,2025-09-15,overheat,"overheating during afternoon peak, thermal protection engaged, cooling fins caked",3,True
T001987,I02075,2025-05-06,overheat,"overheating during afternoon peak, thermal protection engaged, cooling fins caked",30,True
T001988,I02075,2025-04-03,electrical,"control board error code 21, replaced the relay, fault cleared",54,True
T001989,I02079,2025-03-15,overheat,"overheating during afternoon peak, thermal protection engaged, cooling fins caked",3,True
T001990,I02079,2025-05-05,overheat,"overheating during afternoon peak, thermal protection engaged, cooling fins caked",1,True
T001991,I02081,2024-12-19,overheat,"thermal shutdown again at 41C ambient, passive cooling cannot keep up in summer",54,True
T001992,I02081,2025-04-03,overheat,"machine stops when ambient climbs, thermal fault logged, restarts after cooling",54,True
T001993,I02082,2024-11-07,user-error,"guard interlock left open, machine correctly refused to start, user error",8,True
T001994,I02085,2026-02-03,electrical,"intermittent contactor fault, panel resets on its own, no pattern found",8,True
T001995,I02087,2026-02-07,overheat,"recurring overheat alarm, heat soak in the enclosure, thermal derate all afternoon",54,False
T001996,I02091,2025-10-15,user-error,"operator loaded above rated capacity, retrained the crew, no defect found",8,True
T001997,I02092,2024-11-02,wear,"belt slippage and wear, machine never idles, wear parts replaced twice",12,True
T001998,I02092,2024-10-12,wear,"belt slippage and wear, machine never idles, wear parts replaced twice",54,True
T001999,I02095,2025-02-03,electrical,"control board error code 21, replaced the relay, fault cleared",30,True
T002000,I02096,2025-07-20,overheat,"overheating during afternoon peak, thermal protection engaged, cooling fins caked",8,True
T002001,I02096,2025-04-03,overheat,"recurring overheat alarm, heat soak in the enclosure, thermal derate all afternoon",8,True
T002002,I02100,2024-10-07,wear,"drive wear and vibration, continuous three shift operation since install",54,True
T002003,I02102,2025-07-16,overheat,"recurring overheat alarm, heat soak in the enclosure, thermal derate all afternoon",96,True
T002004,I02102,2025-07-24,overheat,"recurring overheat alarm, heat soak in the enclosure, thermal derate all afternoon",4,True
T002005,I02102,2025-08-02,overheat,"machine stops when ambient climbs, thermal fault logged, restarts after cooling",4,True
T002006,I02104,2025-12-15,overheat,"machine stops when ambient climbs, thermal fault logged, restarts after cooling",12,False
T002007,I02104,2026-01-26,overheat,"thermal shutdown again at 41C ambient, passive cooling cannot keep up in summer",54,True
T002008,I02104,2026-01-15,overheat,"unit shuts down midday, ambient 44C on the yard, thermal cutout trips repeatedly",54,True
T002009,I02105,2025-03-26,wear,"bearing play after continuous running, wear on the drive belt, third shift usage",96,True
T002010,I02106,2025-07-14,overheat,"machine stops when ambient climbs, thermal fault logged, restarts after cooling",3,True
T002011,I02106,2024-09-28,overheat,"recurring overheat alarm, heat soak in the enclosure, thermal derate all afternoon",1,True
T002012,I02106,2024-12-30,overheat,"thermal shutdown again at 41C ambient, passive cooling cannot keep up in summer",18,True
T002013,I02107,2026-07-29,wear,"drive wear and vibration, continuous three shift operation since install",1,True
T002014,I02111,2025-09-25,electrical,"power supply dropout, breaker tripped once, wiring inspected and fine",30,False
T002015,I02115,2025-01-29,overheat,"thermal shutdown again at 41C ambient, passive cooling cannot keep up in summer",30,True
T002016,I02115,2025-08-23,overheat,"unit shuts down midday, ambient 44C on the yard, thermal cutout trips repeatedly",54,True
T002017,I02115,2025-04-21,overheat,"machine stops when ambient climbs, thermal fault logged, restarts after cooling",12,True
T002018,I02116,2025-04-13,wear,"belt slippage and wear, machine never idles, wear parts replaced twice",1,True
T002019,I02118,2025-01-01,overheat,"thermal shutdown again at 41C ambient, passive cooling cannot keep up in summer",1,True
T002020,I02118,2025-09-06,overheat,"machine stops when ambient climbs, thermal fault logged, restarts after cooling",1,True
T002021,I02118,2025-08-12,overheat,"thermal shutdown again at 41C ambient, passive cooling cannot keep up in summer",3,True
T002022,I02122,2024-12-17,overheat,"machine stops when ambient climbs, thermal fault logged, restarts after cooling",30,True
T002023,I02122,2024-10-09,overheat,"thermal shutdown again at 41C ambient, passive cooling cannot keep up in summer",30,True
T002024,I02122,2025-04-12,overheat,"recurring overheat alarm, heat soak in the enclosure, thermal derate all afternoon",30,True
T002025,I02123,2024-11-17,wear,"bearing play after continuous running, wear on the drive belt, third shift usage",1,True
T002026,I02124,2024-10-28,overheat,"thermal shutdown again at 41C ambient, passive cooling cannot keep up in summer",54,True
T002027,I02126,2025-07-20,overheat,"thermal shutdown again at 41C ambient, passive cooling cannot keep up in summer",8,True
T002028,I02128,2025-01-21,overheat,"unit shuts down midday, ambient 44C on the yard, thermal cutout trips repeatedly",8,True
T002029,I02131,2025-02-24,wear,"excessive wear on rollers, unit running 24h, duty cycle far above rating",1,True
T002030,I02133,2025-02-19,wear,"bearing play after continuous running, wear on the drive belt, third shift usage",1,True
T002031,I02135,2025-11-18,overheat,"thermal shutdown again at 41C ambient, passive cooling cannot keep up in summer",3,True
T002032,I02135,2025-12-03,overheat,"recurring overheat alarm, heat soak in the enclosure, thermal derate all afternoon",3,True
T002033,I02136,2025-08-05,electrical,"control board error code 21, replaced the relay, fault cleared",12,True
T002034,I02137,2026-02-02,overheat,"unit shuts down midday, ambient 44C on the yard, thermal cutout trips repeatedly",54,True
T002035,I02138,2025-02-16,overheat,"thermal shutdown again at 41C ambient, passive cooling cannot keep up in summer",1,True
T002036,I02138,2024-05-07,overheat,"overheating during afternoon peak, thermal protection engaged, cooling fins caked",3,True
T002037,I02138,2024-07-14,wear,"bearing play after continuous running, wear on the drive belt, third shift usage",1,True
T002038,I02138,2025-03-27,wear,"excessive wear on rollers, unit running 24h, duty cycle far above rating",1,True
T002039,I02139,2025-09-19,wear,"excessive wear on rollers, unit running 24h, duty cycle far above rating",12,True
T002040,I02139,2025-05-22,wear,"drive wear and vibration, continuous three shift operation since install",54,True
T002041,I02143,2025-04-07,wear,"drive wear and vibration, continuous three shift operation since install",12,False
T002042,I02143,2026-02-10,wear,"excessive wear on rollers, unit running 24h, duty cycle far above rating",54,True
T002043,I02144,2026-03-31,overheat,"overheating during afternoon peak, thermal protection engaged, cooling fins caked",4,False
T002044,I02145,2025-07-23,overheat,"machine stops when ambient climbs, thermal fault logged, restarts after cooling",4,True
T002045,I02147,2024-08-17,overheat,"thermal shutdown again at 41C ambient, passive cooling cannot keep up in summer",1,True
T002046,I02147,2024-06-20,electrical,"power supply dropout, breaker tripped once, wiring inspected and fine",8,True
T002047,I02148,2025-12-12,wear,"belt slippage and wear, machine never idles, wear parts replaced twice",30,True
T002048,I02150,2025-09-04,wear,"belt slippage and wear, machine never idles, wear parts replaced twice",54,True
T002049,I02150,2026-02-11,wear,"bearing play after continuous running, wear on the drive belt, third shift usage",30,True
T002050,I02153,2026-01-18,wear,"excessive wear on rollers, unit running 24h, duty cycle far above rating",3,True
T002051,I02153,2025-03-10,wear,"excessive wear on rollers, unit running 24h, duty cycle far above rating",3,True
T002052,I02155,2025-04-06,overheat,"machine stops when ambient climbs, thermal fault logged, restarts after cooling",8,False
T002053,I02155,2026-03-08,electrical,"control board error code 21, replaced the relay, fault cleared",8,True
T002054,I02156,2026-06-24,overheat,"overheating during afternoon peak, thermal protection engaged, cooling fins caked",54,True
T002055,I02156,2025-07-29,electrical,"control board error code 21, replaced the relay, fault cleared",96,True
T002056,I02158,2025-12-16,overheat,"overheating during afternoon peak, thermal protection engaged, cooling fins caked",12,True
T002057,I02160,2026-03-31,overheat,"thermal shutdown again at 41C ambient, passive cooling cannot keep up in summer",30,True
T002058,I02160,2026-05-10,overheat,"unit shuts down midday, ambient 44C on the yard, thermal cutout trips repeatedly",30,True
T002059,I02161,2025-04-07,user-error,"operator loaded above rated capacity, retrained the crew, no defect found",18,True
T002060,I02162,2025-12-06,wear,"drive wear and vibration, continuous three shift operation since install",12,True
T002061,I02162,2025-09-30,user-error,"guard interlock left open, machine correctly refused to start, user error",30,False
T002062,I02163,2024-05-11,wear,"belt slippage and wear, machine never idles, wear parts replaced twice",8,True
T002063,I02163,2024-05-23,user-error,"wrong operating mode selected, user error, showed the team the correct sequence",3,True
T002064,I02164,2025-08-23,overheat,"thermal shutdown again at 41C ambient, passive cooling cannot keep up in summer",96,True
T002065,I02164,2025-02-11,overheat,"machine stops when ambient climbs, thermal fault logged, restarts after cooling",54,True
T002066,I02165,2026-02-19,wear,"drive wear and vibration, continuous three shift operation since install",54,True
T002067,I02167,2024-04-27,overheat,"thermal shutdown again at 41C ambient, passive cooling cannot keep up in summer",4,True
T002068,I02167,2025-02-26,wear,"belt slippage and wear, machine never idles, wear parts replaced twice",30,True
T002069,I02169,2026-01-25,electrical,"intermittent contactor fault, panel resets on its own, no pattern found",30,True
T002070,I02169,2025-12-30,electrical,"control board error code 21, replaced the relay, fault cleared",30,True
T002071,I02170,2025-05-03,overheat,"thermal shutdown again at 41C ambient, passive cooling cannot keep up in summer",3,True
T002072,I02170,2025-02-04,overheat,"machine stops when ambient climbs, thermal fault logged, restarts after cooling",3,True
T002073,I02170,2024-12-10,wear,"belt slippage and wear, machine never idles, wear parts replaced twice",3,True
T002074,I02170,2025-01-07,wear,"excessive wear on rollers, unit running 24h, duty cycle far above rating",1,True
T002075,I02172,2025-08-25,overheat,"recurring overheat alarm, heat soak in the enclosure, thermal derate all afternoon",3,True
T002076,I02173,2025-09-05,overheat,"unit shuts down midday, ambient 44C on the yard, thermal cutout trips repeatedly",3,True
T002077,I02173,2026-06-06,electrical,"control board error code 21, replaced the relay, fault cleared",18,True
T002078,I02175,2024-06-14,overheat,"unit shuts down midday, ambient 44C on the yard, thermal cutout trips repeatedly",1,True
T002079,I02176,2024-12-30,user-error,"wrong operating mode selected, user error, showed the team the correct sequence",30,True
T002080,I02181,2025-09-01,overheat,"thermal shutdown again at 41C ambient, passive cooling cannot keep up in summer",54,True
T002081,I02181,2026-01-10,wear,"drive wear and vibration, continuous three shift operation since install",12,True
T002082,I02181,2025-11-24,user-error,"wrong operating mode selected, user error, showed the team the correct sequence",4,True
T002083,I02183,2026-01-09,overheat,"overheating during afternoon peak, thermal protection engaged, cooling fins caked",54,True
T002084,I02183,2025-10-13,overheat,"recurring overheat alarm, heat soak in the enclosure, thermal derate all afternoon",54,True
T002085,I02183,2025-08-26,overheat,"thermal shutdown again at 41C ambient, passive cooling cannot keep up in summer",12,True
T002086,I02183,2025-09-05,wear,"excessive wear on rollers, unit running 24h, duty cycle far above rating",12,True
T002087,I02183,2025-08-19,wear,"belt slippage and wear, machine never idles, wear parts replaced twice",30,True
T002088,I02185,2025-01-27,overheat,"overheating during afternoon peak, thermal protection engaged, cooling fins caked",96,True
T002089,I02185,2024-10-17,electrical,"control board error code 21, replaced the relay, fault cleared",30,True
T002090,I02187,2025-08-20,electrical,"control board error code 21, replaced the relay, fault cleared",18,True
T002091,I02188,2025-09-30,overheat,"machine stops when ambient climbs, thermal fault logged, restarts after cooling",8,True
T002092,I02188,2025-11-14,user-error,"guard interlock left open, machine correctly refused to start, user error",1,False
T002093,I02189,2025-08-21,overheat,"thermal shutdown again at 41C ambient, passive cooling cannot keep up in summer",3,True
T002094,I02189,2026-03-13,user-error,"wrong operating mode selected, user error, showed the team the correct sequence",3,True
T002095,I02192,2025-06-14,overheat,"unit shuts down midday, ambient 44C on the yard, thermal cutout trips repeatedly",30,True
T002096,I02192,2024-09-09,overheat,"overheating during afternoon peak, thermal protection engaged, cooling fins caked",30,True
T002097,I02192,2025-05-28,wear,"belt slippage and wear, machine never idles, wear parts replaced twice",96,True
T002098,I02193,2025-04-01,electrical,"power supply dropout, breaker tripped once, wiring inspected and fine",18,True
T002099,I02194,2026-01-20,overheat,"overheating during afternoon peak, thermal protection engaged, cooling fins caked",12,True
T002100,I02195,2026-04-24,user-error,"operator loaded above rated capacity, retrained the crew, no defect found",54,True
T002101,I02198,2024-12-25,overheat,"unit shuts down midday, ambient 44C on the yard, thermal cutout trips repeatedly",12,True
T002102,I02198,2025-09-02,wear,"belt slippage and wear, machine never idles, wear parts replaced twice",96,True
T002103,I02199,2026-08-24,overheat,"recurring overheat alarm, heat soak in the enclosure, thermal derate all afternoon",18,False
T002104,I02199,2026-01-30,user-error,"operator loaded above rated capacity, retrained the crew, no defect found",1,True
T002105,I02202,2025-01-17,wear,"drive wear and vibration, continuous three shift operation since install",12,True
T002106,I02202,2025-04-13,electrical,"intermittent contactor fault, panel resets on its own, no pattern found",54,True
T002107,I02204,2025-07-21,electrical,"power supply dropout, breaker tripped once, wiring inspected and fine",30,True
T002108,I02205,2024-12-27,overheat,"thermal shutdown again at 41C ambient, passive cooling cannot keep up in summer",3,True
T002109,I02208,2025-07-15,overheat,"unit shuts down midday, ambient 44C on the yard, thermal cutout trips repeatedly",1,True
T002110,I02209,2026-02-25,overheat,"overheating during afternoon peak, thermal protection engaged, cooling fins caked",3,True
T002111,I02209,2025-04-14,overheat,"overheating during afternoon peak, thermal protection engaged, cooling fins caked",3,True
T002112,I02211,2025-12-22,overheat,"machine stops when ambient climbs, thermal fault logged, restarts after cooling",8,False
T002113,I02212,2025-08-12,wear,"bearing play after continuous running, wear on the drive belt, third shift usage",12,True
T002114,I02213,2026-07-28,wear,"bearing play after continuous running, wear on the drive belt, third shift usage",18,True
T002115,I02213,2025-09-10,wear,"excessive wear on rollers, unit running 24h, duty cycle far above rating",3,False
T002116,I02215,2025-04-08,overheat,"unit shuts down midday, ambient 44C on the yard, thermal cutout trips repeatedly",3,True
T002117,I02217,2024-09-20,user-error,"guard interlock left open, machine correctly refused to start, user error",1,True
T002118,I02218,2025-07-15,user-error,"guard interlock left open, machine correctly refused to start, user error",96,True
T002119,I02219,2024-12-04,overheat,"thermal shutdown again at 41C ambient, passive cooling cannot keep up in summer",30,True
T002120,I02219,2024-10-20,wear,"excessive wear on rollers, unit running 24h, duty cycle far above rating",12,True
T002121,I02222,2025-03-02,wear,"excessive wear on rollers, unit running 24h, duty cycle far above rating",4,True
T002122,I02224,2025-09-15,user-error,"wrong operating mode selected, user error, showed the team the correct sequence",3,True
T002123,I02224,2026-01-03,user-error,"guard interlock left open, machine correctly refused to start, user error",1,True
T002124,I02225,2025-10-22,user-error,"guard interlock left open, machine correctly refused to start, user error",1,True
T002125,I02227,2025-06-06,user-error,"operator loaded above rated capacity, retrained the crew, no defect found",96,True
T002126,I02228,2025-03-23,overheat,"unit shuts down midday, ambient 44C on the yard, thermal cutout trips repeatedly",4,True
T002127,I02229,2025-09-08,overheat,"overheating during afternoon peak, thermal protection engaged, cooling fins caked",8,True
T002128,I02229,2026-01-28,user-error,"guard interlock left open, machine correctly refused to start, user error",18,True
T002129,I02230,2025-10-15,overheat,"recurring overheat alarm, heat soak in the enclosure, thermal derate all afternoon",1,True
T002130,I02230,2026-01-24,electrical,"control board error code 21, replaced the relay, fault cleared",1,False
T002131,I02232,2025-08-23,electrical,"power supply dropout, breaker tripped once, wiring inspected and fine",96,True
T002132,I02233,2026-02-04,wear,"excessive wear on rollers, unit running 24h, duty cycle far above rating",30,True
T002133,I02233,2025-10-25,user-error,"operator loaded above rated capacity, retrained the crew, no defect found",12,True
T002134,I02236,2025-08-23,overheat,"machine stops when ambient climbs, thermal fault logged, restarts after cooling",18,True
T002135,I02237,2025-07-06,overheat,"thermal shutdown again at 41C ambient, passive cooling cannot keep up in summer",8,True
T002136,I02237,2026-03-27,overheat,"machine stops when ambient climbs, thermal fault logged, restarts after cooling",3,True
T002137,I02239,2024-09-30,electrical,"control board error code 21, replaced the relay, fault cleared",1,True
T002138,I02240,2025-07-04,overheat,"thermal shutdown again at 41C ambient, passive cooling cannot keep up in summer",1,True
T002139,I02240,2025-11-19,overheat,"unit shuts down midday, ambient 44C on the yard, thermal cutout trips repeatedly",18,False
T002140,I02241,2024-11-05,electrical,"power supply dropout, breaker tripped once, wiring inspected and fine",30,False
T002141,I02247,2025-03-02,overheat,"machine stops when ambient climbs, thermal fault logged, restarts after cooling",18,True
T002142,I02247,2024-10-17,overheat,"overheating during afternoon peak, thermal protection engaged, cooling fins caked",8,True
T002143,I02248,2025-11-26,overheat,"machine stops when ambient climbs, thermal fault logged, restarts after cooling",12,False
T002144,I02248,2026-02-17,overheat,"overheating during afternoon peak, thermal protection engaged, cooling fins caked",96,True
T002145,I02248,2026-01-12,user-error,"wrong operating mode selected, user error, showed the team the correct sequence",30,True
T002146,I02249,2026-06-17,overheat,"thermal shutdown again at 41C ambient, passive cooling cannot keep up in summer",1,True
T002147,I02249,2026-03-24,overheat,"thermal shutdown again at 41C ambient, passive cooling cannot keep up in summer",1,True
T002148,I02250,2024-07-13,overheat,"thermal shutdown again at 41C ambient, passive cooling cannot keep up in summer",30,True
T002149,I02250,2024-10-30,wear,"excessive wear on rollers, unit running 24h, duty cycle far above rating",30,True
T002150,I02254,2025-09-19,overheat,"thermal shutdown again at 41C ambient, passive cooling cannot keep up in summer",4,True
T002151,I02257,2025-01-02,wear,"belt slippage and wear, machine never idles, wear parts replaced twice",8,True
T002152,I02258,2026-02-22,overheat,"unit shuts down midday, ambient 44C on the yard, thermal cutout trips repeatedly",1,True
T002153,I02258,2025-12-22,overheat,"unit shuts down midday, ambient 44C on the yard, thermal cutout trips repeatedly",3,True
T002154,I02258,2025-10-26,wear,"bearing play after continuous running, wear on the drive belt, third shift usage",1,True
T002155,I02259,2025-04-17,overheat,"overheating during afternoon peak, thermal protection engaged, cooling fins caked",1,True
T002156,I02260,2026-04-19,overheat,"unit shuts down midday, ambient 44C on the yard, thermal cutout trips repeatedly",1,True
T002157,I02260,2026-03-26,electrical,"control board error code 21, replaced the relay, fault cleared",18,True
T002158,I02262,2025-07-29,overheat,"unit shuts down midday, ambient 44C on the yard, thermal cutout trips repeatedly",54,True
T002159,I02262,2025-04-15,overheat,"thermal shutdown again at 41C ambient, passive cooling cannot keep up in summer",30,True
T002160,I02264,2024-07-13,overheat,"recurring overheat alarm, heat soak in the enclosure, thermal derate all afternoon",30,True
T002161,I02264,2025-01-29,overheat,"thermal shutdown again at 41C ambient, passive cooling cannot keep up in summer",96,True
T002162,I02268,2026-02-14,overheat,"machine stops when ambient climbs, thermal fault logged, restarts after cooling",12,True
T002163,I02272,2026-03-11,overheat,"machine stops when ambient climbs, thermal fault logged, restarts after cooling",96,True
T002164,I02272,2026-08-18,overheat,"recurring overheat alarm, heat soak in the enclosure, thermal derate all afternoon",54,True
T002165,I02272,2025-12-15,overheat,"unit shuts down midday, ambient 44C on the yard, thermal cutout trips repeatedly",30,True
T002166,I02272,2025-08-31,wear,"excessive wear on rollers, unit running 24h, duty cycle far above rating",30,True
T002167,I02272,2026-05-18,electrical,"control board error code 21, replaced the relay, fault cleared",30,True
T002168,I02274,2025-04-11,electrical,"control board error code 21, replaced the relay, fault cleared",54,True
T002169,I02275,2025-03-08,wear,"drive wear and vibration, continuous three shift operation since install",30,False
T002170,I02276,2025-04-14,overheat,"recurring overheat alarm, heat soak in the enclosure, thermal derate all afternoon",3,True
T002171,I02276,2025-07-23,overheat,"unit shuts down midday, ambient 44C on the yard, thermal cutout trips repeatedly",3,False
T002172,I02276,2025-08-23,overheat,"machine stops when ambient climbs, thermal fault logged, restarts after cooling",3,True
T002173,I02277,2025-09-05,wear,"excessive wear on rollers, unit running 24h, duty cycle far above rating",1,True
T002174,I02278,2025-02-04,overheat,"unit shuts down midday, ambient 44C on the yard, thermal cutout trips repeatedly",54,True
T002175,I02278,2024-11-05,wear,"bearing play after continuous running, wear on the drive belt, third shift usage",12,True
T002176,I02279,2025-07-28,overheat,"unit shuts down midday, ambient 44C on the yard, thermal cutout trips repeatedly",96,True
T002177,I02279,2025-05-14,overheat,"unit shuts down midday, ambient 44C on the yard, thermal cutout trips repeatedly",54,False
T002178,I02279,2025-06-23,overheat,"machine stops when ambient climbs, thermal fault logged, restarts after cooling",30,True
T002179,I02283,2024-12-21,wear,"bearing play after continuous running, wear on the drive belt, third shift usage",96,True
T002180,I02283,2025-03-12,wear,"excessive wear on rollers, unit running 24h, duty cycle far above rating",30,True
T002181,I02285,2025-11-23,electrical,"power supply dropout, breaker tripped once, wiring inspected and fine",30,True
T002182,I02290,2024-07-03,overheat,"recurring overheat alarm, heat soak in the enclosure, thermal derate all afternoon",12,False
T002183,I02297,2025-09-04,overheat,"overheating during afternoon peak, thermal protection engaged, cooling fins caked",54,True
T002184,I02298,2024-08-30,overheat,"unit shuts down midday, ambient 44C on the yard, thermal cutout trips repeatedly",96,True
T002185,I02302,2024-11-13,wear,"bearing play after continuous running, wear on the drive belt, third shift usage",12,True
T002186,I02303,2026-05-30,wear,"belt slippage and wear, machine never idles, wear parts replaced twice",54,True
T002187,I02304,2025-08-12,wear,"belt slippage and wear, machine never idles, wear parts replaced twice",3,True
T002188,I02304,2025-11-10,electrical,"control board error code 21, replaced the relay, fault cleared",1,True
T002189,I02306,2025-02-23,overheat,"machine stops when ambient climbs, thermal fault logged, restarts after cooling",3,True
T002190,I02309,2024-11-10,overheat,"recurring overheat alarm, heat soak in the enclosure, thermal derate all afternoon",54,True
T002191,I02310,2025-12-01,wear,"belt slippage and wear, machine never idles, wear parts replaced twice",4,True
T002192,I02310,2025-01-25,wear,"excessive wear on rollers, unit running 24h, duty cycle far above rating",4,True
T002193,I02311,2024-12-14,overheat,"overheating during afternoon peak, thermal protection engaged, cooling fins caked",8,True
T002194,I02311,2025-01-14,overheat,"overheating during afternoon peak, thermal protection engaged, cooling fins caked",8,True
T002195,I02312,2024-12-26,user-error,"guard interlock left open, machine correctly refused to start, user error",4,True
T002196,I02314,2024-12-27,electrical,"power supply dropout, breaker tripped once, wiring inspected and fine",30,True
T002197,I02317,2026-01-23,overheat,"unit shuts down midday, ambient 44C on the yard, thermal cutout trips repeatedly",96,True
T002198,I02320,2024-08-18,overheat,"overheating during afternoon peak, thermal protection engaged, cooling fins caked",8,True
T002199,I02320,2024-05-03,overheat,"unit shuts down midday, ambient 44C on the yard, thermal cutout trips repeatedly",1,True
T002200,I02322,2026-01-14,overheat,"thermal shutdown again at 41C ambient, passive cooling cannot keep up in summer",30,True
T002201,I02322,2025-08-13,wear,"drive wear and vibration, continuous three shift operation since install",4,True
T002202,I02322,2025-09-10,user-error,"wrong operating mode selected, user error, showed the team the correct sequence",54,True
T002203,I02322,2026-02-17,user-error,"operator loaded above rated capacity, retrained the crew, no defect found",96,True
T002204,I02323,2025-02-10,overheat,"unit shuts down midday, ambient 44C on the yard, thermal cutout trips repeatedly",12,True
T002205,I02324,2025-08-29,user-error,"operator loaded above rated capacity, retrained the crew, no defect found",54,True
T002206,I02325,2024-08-04,wear,"drive wear and vibration, continuous three shift operation since install",1,True
T002207,I02329,2024-11-20,overheat,"overheating during afternoon peak, thermal protection engaged, cooling fins caked",8,True
T002208,I02329,2025-07-26,wear,"bearing play after continuous running, wear on the drive belt, third shift usage",3,False
T002209,I02331,2024-08-16,user-error,"wrong operating mode selected, user error, showed the team the correct sequence",1,True
T002210,I02333,2025-05-23,overheat,"thermal shutdown again at 41C ambient, passive cooling cannot keep up in summer",3,True
T002211,I02333,2025-05-09,overheat,"machine stops when ambient climbs, thermal fault logged, restarts after cooling",40,True
T002212,I02333,2025-02-05,wear,"belt slippage and wear, machine never idles, wear parts replaced twice",1,True
T002213,I02333,2025-02-26,wear,"drive wear and vibration, continuous three shift operation since install",3,True
T002214,I02333,2025-01-26,wear,"belt slippage and wear, machine never idles, wear parts replaced twice",3,True
T002215,I02334,2025-08-29,overheat,"machine stops when ambient climbs, thermal fault logged, restarts after cooling",40,False
T002216,I02335,2026-02-26,wear,"belt slippage and wear, machine never idles, wear parts replaced twice",54,True
T002217,I02340,2025-04-19,overheat,"recurring overheat alarm, heat soak in the enclosure, thermal derate all afternoon",54,False
T002218,I02340,2025-10-28,overheat,"overheating during afternoon peak, thermal protection engaged, cooling fins caked",54,True
T002219,I02340,2025-12-03,wear,"belt slippage and wear, machine never idles, wear parts replaced twice",30,True
T002220,I02341,2025-03-19,wear,"belt slippage and wear, machine never idles, wear parts replaced twice",4,True
T002221,I02342,2025-11-03,overheat,"overheating during afternoon peak, thermal protection engaged, cooling fins caked",30,True
T002222,I02342,2025-11-16,wear,"belt slippage and wear, machine never idles, wear parts replaced twice",54,True
T002223,I02345,2024-12-11,wear,"bearing play after continuous running, wear on the drive belt, third shift usage",30,True
T002224,I02346,2024-11-22,electrical,"intermittent contactor fault, panel resets on its own, no pattern found",1,True
T002225,I02348,2025-08-16,wear,"drive wear and vibration, continuous three shift operation since install",1,True
T002226,I02350,2026-01-29,overheat,"recurring overheat alarm, heat soak in the enclosure, thermal derate all afternoon",3,True
T002227,I02350,2026-06-29,wear,"drive wear and vibration, continuous three shift operation since install",1,True
T002228,I02353,2025-12-05,overheat,"recurring overheat alarm, heat soak in the enclosure, thermal derate all afternoon",8,True
T002229,I02354,2025-05-15,overheat,"thermal shutdown again at 41C ambient, passive cooling cannot keep up in summer",54,True
T002230,I02354,2025-09-17,overheat,"recurring overheat alarm, heat soak in the enclosure, thermal derate all afternoon",4,True
T002231,I02357,2025-01-03,wear,"belt slippage and wear, machine never idles, wear parts replaced twice",54,False
T002232,I02359,2024-08-24,overheat,"recurring overheat alarm, heat soak in the enclosure, thermal derate all afternoon",1,True
T002233,I02359,2025-03-08,overheat,"overheating during afternoon peak, thermal protection engaged, cooling fins caked",3,True
T002234,I02359,2025-07-12,wear,"drive wear and vibration, continuous three shift operation since install",18,True
T002235,I02361,2025-06-29,overheat,"overheating during afternoon peak, thermal protection engaged, cooling fins caked",3,True
T002236,I02361,2025-04-28,overheat,"thermal shutdown again at 41C ambient, passive cooling cannot keep up in summer",1,True
T002237,I02362,2024-08-22,overheat,"machine stops when ambient climbs, thermal fault logged, restarts after cooling",4,False
T002238,I02363,2025-07-04,overheat,"overheating during afternoon peak, thermal protection engaged, cooling fins caked",4,False
T002239,I02363,2025-07-15,wear,"bearing play after continuous running, wear on the drive belt, third shift usage",12,True
T002240,I02366,2026-03-11,overheat,"machine stops when ambient climbs, thermal fault logged, restarts after cooling",30,True
T002241,I02366,2025-07-27,overheat,"machine stops when ambient climbs, thermal fault logged, restarts after cooling",12,True
T002242,I02366,2025-12-21,overheat,"recurring overheat alarm, heat soak in the enclosure, thermal derate all afternoon",96,True
T002243,I02366,2026-03-19,wear,"drive wear and vibration, continuous three shift operation since install",12,True
T002244,I02367,2025-11-28,user-error,"guard interlock left open, machine correctly refused to start, user error",96,True
T002245,I02368,2025-01-08,overheat,"unit shuts down midday, ambient 44C on the yard, thermal cutout trips repeatedly",12,True
T002246,I02370,2024-11-24,wear,"bearing play after continuous running, wear on the drive belt, third shift usage",1,True
T002247,I02373,2025-01-23,overheat,"recurring overheat alarm, heat soak in the enclosure, thermal derate all afternoon",96,True
T002248,I02375,2025-04-18,overheat,"machine stops when ambient climbs, thermal fault logged, restarts after cooling",96,True
T002249,I02376,2025-03-24,user-error,"operator loaded above rated capacity, retrained the crew, no defect found",12,True
T002250,I02379,2024-10-15,overheat,"machine stops when ambient climbs, thermal fault logged, restarts after cooling",54,True
T002251,I02379,2025-04-06,wear,"drive wear and vibration, continuous three shift operation since install",12,True
T002252,I02379,2024-07-01,wear,"belt slippage and wear, machine never idles, wear parts replaced twice",54,False
T002253,I02380,2026-02-09,overheat,"unit shuts down midday, ambient 44C on the yard, thermal cutout trips repeatedly",8,True
T002254,I02382,2026-03-16,overheat,"thermal shutdown again at 41C ambient, passive cooling cannot keep up in summer",8,True
T002255,I02384,2025-07-02,overheat,"overheating during afternoon peak, thermal protection engaged, cooling fins caked",12,True
T002256,I02384,2024-12-08,wear,"drive wear and vibration, continuous three shift operation since install",30,True
T002257,I02384,2025-09-01,wear,"excessive wear on rollers, unit running 24h, duty cycle far above rating",54,True
T002258,I02385,2025-04-18,overheat,"machine stops when ambient climbs, thermal fault logged, restarts after cooling",12,True
T002259,I02385,2025-09-01,overheat,"recurring overheat alarm, heat soak in the enclosure, thermal derate all afternoon",54,True
T002260,I02389,2026-07-07,overheat,"unit shuts down midday, ambient 44C on the yard, thermal cutout trips repeatedly",18,True
T002261,I02390,2026-05-17,user-error,"guard interlock left open, machine correctly refused to start, user error",1,True
T002262,I02393,2025-08-03,overheat,"overheating during afternoon peak, thermal protection engaged, cooling fins caked",96,True
T002263,I02393,2025-04-01,wear,"belt slippage and wear, machine never idles, wear parts replaced twice",12,True
T002264,I02393,2025-08-25,user-error,"guard interlock left open, machine correctly refused to start, user error",30,False
T002265,I02394,2025-09-07,overheat,"overheating during afternoon peak, thermal protection engaged, cooling fins caked",40,True
T002266,I02395,2025-07-20,overheat,"recurring overheat alarm, heat soak in the enclosure, thermal derate all afternoon",30,True
T002267,I02396,2026-03-10,overheat,"overheating during afternoon peak, thermal protection engaged, cooling fins caked",3,False
T002268,I02397,2024-12-31,user-error,"wrong operating mode selected, user error, showed the team the correct sequence",96,True
T002269,I02398,2025-09-02,overheat,"unit shuts down midday, ambient 44C on the yard, thermal cutout trips repeatedly",30,True
T002270,I02399,2026-02-02,electrical,"power supply dropout, breaker tripped once, wiring inspected and fine",8,True
T002271,I02400,2026-01-05,overheat,"machine stops when ambient climbs, thermal fault logged, restarts after cooling",1,False
T002272,I02401,2024-08-24,overheat,"machine stops when ambient climbs, thermal fault logged, restarts after cooling",3,True
T002273,I02402,2026-01-13,overheat,"recurring overheat alarm, heat soak in the enclosure, thermal derate all afternoon",3,True
T002274,I02402,2026-04-02,overheat,"thermal shutdown again at 41C ambient, passive cooling cannot keep up in summer",40,False
T002275,I02402,2026-04-04,overheat,"overheating during afternoon peak, thermal protection engaged, cooling fins caked",1,True
T002276,I02405,2024-09-25,overheat,"overheating during afternoon peak, thermal protection engaged, cooling fins caked",30,False
T002277,I02406,2024-11-07,overheat,"unit shuts down midday, ambient 44C on the yard, thermal cutout trips repeatedly",1,False
T002278,I02406,2025-03-15,overheat,"machine stops when ambient climbs, thermal fault logged, restarts after cooling",1,True
T002279,I02407,2025-08-25,overheat,"machine stops when ambient climbs, thermal fault logged, restarts after cooling",1,True
T002280,I02408,2026-01-27,user-error,"operator loaded above rated capacity, retrained the crew, no defect found",8,True
T002281,I02410,2025-02-01,overheat,"machine stops when ambient climbs, thermal fault logged, restarts after cooling",4,True
T002282,I02410,2025-05-22,overheat,"unit shuts down midday, ambient 44C on the yard, thermal cutout trips repeatedly",4,True
T002283,I02410,2025-06-27,overheat,"unit shuts down midday, ambient 44C on the yard, thermal cutout trips repeatedly",12,True
T002284,I02410,2024-07-21,wear,"drive wear and vibration, continuous three shift operation since install",54,True
T002285,I02410,2024-12-31,electrical,"control board error code 21, replaced the relay, fault cleared",4,True
T002286,I02412,2025-12-15,user-error,"guard interlock left open, machine correctly refused to start, user error",1,True
T002287,I02416,2025-06-30,electrical,"control board error code 21, replaced the relay, fault cleared",3,True
T002288,I02417,2025-02-25,overheat,"unit shuts down midday, ambient 44C on the yard, thermal cutout trips repeatedly",1,True
T002289,I02417,2025-08-09,wear,"bearing play after continuous running, wear on the drive belt, third shift usage",3,True
T002290,I02419,2025-03-28,user-error,"wrong operating mode selected, user error, showed the team the correct sequence",4,True
T002291,I02420,2025-01-18,electrical,"power supply dropout, breaker tripped once, wiring inspected and fine",96,True
T002292,I02421,2025-05-03,wear,"excessive wear on rollers, unit running 24h, duty cycle far above rating",3,False
T002293,I02422,2025-02-13,electrical,"intermittent contactor fault, panel resets on its own, no pattern found",96,True
T002294,I02423,2024-09-29,overheat,"thermal shutdown again at 41C ambient, passive cooling cannot keep up in summer",12,True
T002295,I02423,2025-04-13,overheat,"unit shuts down midday, ambient 44C on the yard, thermal cutout trips repeatedly",12,True
T002296,I02424,2025-04-29,overheat,"recurring overheat alarm, heat soak in the enclosure, thermal derate all afternoon",3,True
T002297,I02424,2024-08-03,overheat,"machine stops when ambient climbs, thermal fault logged, restarts after cooling",8,True
T002298,I02424,2025-03-22,overheat,"unit shuts down midday, ambient 44C on the yard, thermal cutout trips repeatedly",3,True
T002299,I02424,2025-05-12,electrical,"power supply dropout, breaker tripped once, wiring inspected and fine",18,True
T002300,I02426,2026-01-17,overheat,"unit shuts down midday, ambient 44C on the yard, thermal cutout trips repeatedly",8,True
T002301,I02427,2025-08-04,overheat,"unit shuts down midday, ambient 44C on the yard, thermal cutout trips repeatedly",12,True
T002302,I02431,2025-09-17,overheat,"machine stops when ambient climbs, thermal fault logged, restarts after cooling",12,False
T002303,I02437,2025-08-12,user-error,"operator loaded above rated capacity, retrained the crew, no defect found",1,True
T002304,I02439,2026-06-04,overheat,"machine stops when ambient climbs, thermal fault logged, restarts after cooling",96,True
T002305,I02439,2025-12-29,overheat,"recurring overheat alarm, heat soak in the enclosure, thermal derate all afternoon",12,True
T002306,I02439,2025-09-03,wear,"excessive wear on rollers, unit running 24h, duty cycle far above rating",30,True
T002307,I02440,2025-03-27,overheat,"unit shuts down midday, ambient 44C on the yard, thermal cutout trips repeatedly",30,True
T002308,I02440,2025-04-13,overheat,"unit shuts down midday, ambient 44C on the yard, thermal cutout trips repeatedly",4,True
T002309,I02441,2025-01-17,user-error,"guard interlock left open, machine correctly refused to start, user error",3,True
T002310,I02443,2025-09-17,wear,"belt slippage and wear, machine never idles, wear parts replaced twice",54,True
T002311,I02444,2025-04-27,wear,"belt slippage and wear, machine never idles, wear parts replaced twice",1,True
T002312,I02446,2025-02-22,overheat,"machine stops when ambient climbs, thermal fault logged, restarts after cooling",12,True
T002313,I02446,2024-11-05,wear,"excessive wear on rollers, unit running 24h, duty cycle far above rating",96,True
T002314,I02449,2025-04-06,wear,"belt slippage and wear, machine never idles, wear parts replaced twice",30,True
T002315,I02450,2025-08-13,wear,"belt slippage and wear, machine never idles, wear parts replaced twice",8,True
T002316,I02450,2025-08-30,wear,"drive wear and vibration, continuous three shift operation since install",8,True
T002317,I02451,2024-12-06,overheat,"overheating during afternoon peak, thermal protection engaged, cooling fins caked",18,True
T002318,I02451,2024-11-02,overheat,"recurring overheat alarm, heat soak in the enclosure, thermal derate all afternoon",1,False
T002319,I02452,2025-02-12,overheat,"recurring overheat alarm, heat soak in the enclosure, thermal derate all afternoon",40,False
T002320,I02452,2024-09-06,wear,"belt slippage and wear, machine never idles, wear parts replaced twice",18,True
T002321,I02452,2024-09-22,user-error,"guard interlock left open, machine correctly refused to start, user error",3,True
T002322,I02453,2025-01-10,electrical,"power supply dropout, breaker tripped once, wiring inspected and fine",40,True
T002323,I02455,2024-11-18,wear,"belt slippage and wear, machine never idles, wear parts replaced twice",96,True
T002324,I02455,2024-08-27,wear,"excessive wear on rollers, unit running 24h, duty cycle far above rating",30,True
T002325,I02455,2024-10-20,electrical,"power supply dropout, breaker tripped once, wiring inspected and fine",96,True
T002326,I02456,2026-03-03,overheat,"unit shuts down midday, ambient 44C on the yard, thermal cutout trips repeatedly",96,True
T002327,I02456,2025-09-03,overheat,"machine stops when ambient climbs, thermal fault logged, restarts after cooling",54,True
T002328,I02456,2025-04-18,wear,"excessive wear on rollers, unit running 24h, duty cycle far above rating",30,True
T002329,I02457,2025-11-25,overheat,"overheating during afternoon peak, thermal protection engaged, cooling fins caked",1,True
T002330,I02457,2025-11-26,electrical,"intermittent contactor fault, panel resets on its own, no pattern found",3,True
T002331,I02458,2025-05-30,overheat,"thermal shutdown again at 41C ambient, passive cooling cannot keep up in summer",96,True
T002332,I02458,2025-09-14,overheat,"recurring overheat alarm, heat soak in the enclosure, thermal derate all afternoon",4,True
T002333,I02459,2025-05-08,overheat,"thermal shutdown again at 41C ambient, passive cooling cannot keep up in summer",12,True
T002334,I02459,2024-10-23,overheat,"recurring overheat alarm, heat soak in the enclosure, thermal derate all afternoon",4,True
T002335,I02464,2026-03-12,wear,"excessive wear on rollers, unit running 24h, duty cycle far above rating",40,True
T002336,I02464,2026-02-10,electrical,"control board error code 21, replaced the relay, fault cleared",1,True
T002337,I02467,2026-02-15,user-error,"operator loaded above rated capacity, retrained the crew, no defect found",96,True
T002338,I02468,2026-01-21,overheat,"machine stops when ambient climbs, thermal fault logged, restarts after cooling",3,True
T002339,I02468,2025-06-21,electrical,"control board error code 21, replaced the relay, fault cleared",40,True
T002340,I02469,2025-06-02,overheat,"machine stops when ambient climbs, thermal fault logged, restarts after cooling",1,True
T002341,I02469,2025-02-05,overheat,"thermal shutdown again at 41C ambient, passive cooling cannot keep up in summer",8,True
T002342,I02472,2025-05-21,wear,"drive wear and vibration, continuous three shift operation since install",4,True
T002343,I02472,2025-01-21,electrical,"control board error code 21, replaced the relay, fault cleared",54,True
T002344,I02473,2024-07-08,overheat,"thermal shutdown again at 41C ambient, passive cooling cannot keep up in summer",3,True
T002345,I02475,2025-10-20,wear,"drive wear and vibration, continuous three shift operation since install",1,True
T002346,I02475,2026-01-12,wear,"belt slippage and wear, machine never idles, wear parts replaced twice",1,True
T002347,I02476,2025-10-17,overheat,"thermal shutdown again at 41C ambient, passive cooling cannot keep up in summer",40,False
T002348,I02476,2024-12-25,wear,"excessive wear on rollers, unit running 24h, duty cycle far above rating",40,True
T002349,I02478,2025-05-07,overheat,"unit shuts down midday, ambient 44C on the yard, thermal cutout trips repeatedly",54,True
T002350,I02478,2025-03-06,wear,"drive wear and vibration, continuous three shift operation since install",4,True
T002351,I02479,2024-07-14,wear,"drive wear and vibration, continuous three shift operation since install",12,True
T002352,I02479,2024-10-02,wear,"bearing play after continuous running, wear on the drive belt, third shift usage",12,True
T002353,I02482,2025-07-08,wear,"drive wear and vibration, continuous three shift operation since install",54,True
T002354,I02484,2025-11-10,wear,"drive wear and vibration, continuous three shift operation since install",40,True
T002355,I02485,2026-04-04,wear,"bearing play after continuous running, wear on the drive belt, third shift usage",4,True
T002356,I02485,2025-09-20,wear,"excessive wear on rollers, unit running 24h, duty cycle far above rating",96,False
T002357,I02486,2025-01-28,overheat,"recurring overheat alarm, heat soak in the enclosure, thermal derate all afternoon",4,True
T002358,I02486,2024-09-08,overheat,"machine stops when ambient climbs, thermal fault logged, restarts after cooling",4,True
T002359,I02488,2024-07-09,overheat,"machine stops when ambient climbs, thermal fault logged, restarts after cooling",96,True
T002360,I02489,2024-11-18,wear,"excessive wear on rollers, unit running 24h, duty cycle far above rating",1,True
T002361,I02489,2024-08-02,wear,"excessive wear on rollers, unit running 24h, duty cycle far above rating",1,False
T002362,I02490,2025-03-01,overheat,"unit shuts down midday, ambient 44C on the yard, thermal cutout trips repeatedly",96,True
T002363,I02490,2025-03-11,overheat,"thermal shutdown again at 41C ambient, passive cooling cannot keep up in summer",54,True
T002364,I02490,2025-04-28,electrical,"intermittent contactor fault, panel resets on its own, no pattern found",96,True
T002365,I02491,2025-06-29,wear,"bearing play after continuous running, wear on the drive belt, third shift usage",54,True
T002366,I02493,2025-09-01,wear,"excessive wear on rollers, unit running 24h, duty cycle far above rating",96,True
T002367,I02496,2025-08-03,wear,"belt slippage and wear, machine never idles, wear parts replaced twice",4,True
T002368,I02497,2026-05-27,overheat,"overheating during afternoon peak, thermal protection engaged, cooling fins caked",12,True
T002369,I02497,2025-10-07,wear,"drive wear and vibration, continuous three shift operation since install",4,True
T002370,I02499,2026-02-15,overheat,"thermal shutdown again at 41C ambient, passive cooling cannot keep up in summer",54,True
T002371,I02499,2026-01-24,overheat,"thermal shutdown again at 41C ambient, passive cooling cannot keep up in summer",30,True
T002372,I02499,2026-02-09,wear,"bearing play after continuous running, wear on the drive belt, third shift usage",30,False
T002373,I02500,2026-02-03,overheat,"machine stops when ambient climbs, thermal fault logged, restarts after cooling",1,True
T002374,I02501,2025-01-09,overheat,"unit shuts down midday, ambient 44C on the yard, thermal cutout trips repeatedly",3,True
T002375,I02504,2025-12-10,overheat,"unit shuts down midday, ambient 44C on the yard, thermal cutout trips repeatedly",96,True
T002376,I02507,2025-05-25,electrical,"intermittent contactor fault, panel resets on its own, no pattern found",3,True
T002377,I02508,2025-01-26,electrical,"power supply dropout, breaker tripped once, wiring inspected and fine",1,True
T002378,I02509,2024-12-20,user-error,"guard interlock left open, machine correctly refused to start, user error",4,True
T002379,I02511,2026-02-27,user-error,"wrong operating mode selected, user error, showed the team the correct sequence",30,True
T002380,I02513,2025-04-22,electrical,"control board error code 21, replaced the relay, fault cleared",8,False
T002381,I02514,2026-08-06,overheat,"overheating during afternoon peak, thermal protection engaged, cooling fins caked",1,True
T002382,I02514,2025-10-20,wear,"belt slippage and wear, machine never idles, wear parts replaced twice",3,True
T002383,I02514,2026-01-03,electrical,"power supply dropout, breaker tripped once, wiring inspected and fine",1,False
T002384,I02516,2024-07-08,overheat,"machine stops when ambient climbs, thermal fault logged, restarts after cooling",3,True
T002385,I02518,2024-12-18,overheat,"machine stops when ambient climbs, thermal fault logged, restarts after cooling",8,True
T002386,I02522,2024-12-03,overheat,"unit shuts down midday, ambient 44C on the yard, thermal cutout trips repeatedly",54,True
T002387,I02522,2024-09-29,overheat,"recurring overheat alarm, heat soak in the enclosure, thermal derate all afternoon",12,True
T002388,I02523,2025-08-05,wear,"excessive wear on rollers, unit running 24h, duty cycle far above rating",8,True
T002389,I02523,2025-09-19,electrical,"power supply dropout, breaker tripped once, wiring inspected and fine",1,True
T002390,I02524,2025-04-12,user-error,"guard interlock left open, machine correctly refused to start, user error",54,True
T002391,I02524,2025-05-09,user-error,"wrong operating mode selected, user error, showed the team the correct sequence",96,True
T002392,I02525,2025-04-18,wear,"belt slippage and wear, machine never idles, wear parts replaced twice",30,True
T002393,I02525,2025-09-05,wear,"excessive wear on rollers, unit running 24h, duty cycle far above rating",96,True
T002394,I02525,2025-08-16,wear,"excessive wear on rollers, unit running 24h, duty cycle far above rating",30,True
T002395,I02526,2025-11-04,overheat,"recurring overheat alarm, heat soak in the enclosure, thermal derate all afternoon",3,True
T002396,I02526,2026-07-22,wear,"excessive wear on rollers, unit running 24h, duty cycle far above rating",1,True
T002397,I02526,2025-09-23,electrical,"control board error code 21, replaced the relay, fault cleared",18,True
T002398,I02529,2024-09-15,overheat,"unit shuts down midday, ambient 44C on the yard, thermal cutout trips repeatedly",1,True
T002399,I02529,2025-07-21,wear,"drive wear and vibration, continuous three shift operation since install",8,True
T002400,I02531,2025-02-06,overheat,"thermal shutdown again at 41C ambient, passive cooling cannot keep up in summer",54,True
T002401,I02531,2025-07-11,overheat,"machine stops when ambient climbs, thermal fault logged, restarts after cooling",12,False
T002402,I02532,2025-03-30,overheat,"machine stops when ambient climbs, thermal fault logged, restarts after cooling",30,True
T002403,I02532,2024-12-14,overheat,"machine stops when ambient climbs, thermal fault logged, restarts after cooling",54,False
T002404,I02532,2024-11-12,overheat,"overheating during afternoon peak, thermal protection engaged, cooling fins caked",54,False
T002405,I02533,2025-02-13,user-error,"guard interlock left open, machine correctly refused to start, user error",30,False
T002406,I02533,2025-10-08,electrical,"power supply dropout, breaker tripped once, wiring inspected and fine",54,True
T002407,I02534,2024-10-29,wear,"bearing play after continuous running, wear on the drive belt, third shift usage",1,True
T002408,I02535,2025-08-13,user-error,"guard interlock left open, machine correctly refused to start, user error",3,True
T002409,I02537,2026-04-11,overheat,"overheating during afternoon peak, thermal protection engaged, cooling fins caked",1,True
T002410,I02539,2025-06-21,wear,"excessive wear on rollers, unit running 24h, duty cycle far above rating",4,False
T002411,I02540,2026-05-22,overheat,"thermal shutdown again at 41C ambient, passive cooling cannot keep up in summer",3,True
T002412,I02547,2025-06-27,overheat,"unit shuts down midday, ambient 44C on the yard, thermal cutout trips repeatedly",54,True
T002413,I02550,2025-08-05,wear,"drive wear and vibration, continuous three shift operation since install",3,True
T002414,I02553,2025-08-15,overheat,"unit shuts down midday, ambient 44C on the yard, thermal cutout trips repeatedly",12,True
T002415,I02553,2024-12-23,overheat,"thermal shutdown again at 41C ambient, passive cooling cannot keep up in summer",54,True
T002416,I02556,2026-01-19,overheat,"unit shuts down midday, ambient 44C on the yard, thermal cutout trips repeatedly",1,True
T002417,I02556,2026-08-08,overheat,"thermal shutdown again at 41C ambient, passive cooling cannot keep up in summer",8,True
T002418,I02557,2025-07-22,overheat,"unit shuts down midday, ambient 44C on the yard, thermal cutout trips repeatedly",54,True
T002419,I02557,2025-12-20,user-error,"wrong operating mode selected, user error, showed the team the correct sequence",96,True
T002420,I02561,2025-07-09,overheat,"thermal shutdown again at 41C ambient, passive cooling cannot keep up in summer",54,True
T002421,I02562,2024-05-29,wear,"bearing play after continuous running, wear on the drive belt, third shift usage",12,True
T002422,I02563,2025-12-22,wear,"excessive wear on rollers, unit running 24h, duty cycle far above rating",1,True
T002423,I02563,2025-07-10,user-error,"guard interlock left open, machine correctly refused to start, user error",3,True
T002424,I02564,2026-01-11,overheat,"thermal shutdown again at 41C ambient, passive cooling cannot keep up in summer",8,True
T002425,I02564,2026-02-11,wear,"excessive wear on rollers, unit running 24h, duty cycle far above rating",3,True
T002426,I02566,2026-01-16,overheat,"machine stops when ambient climbs, thermal fault logged, restarts after cooling",54,True
T002427,I02566,2025-11-15,wear,"bearing play after continuous running, wear on the drive belt, third shift usage",54,True
T002428,I02566,2026-08-13,wear,"excessive wear on rollers, unit running 24h, duty cycle far above rating",12,True
T002429,I02566,2025-08-27,electrical,"control board error code 21, replaced the relay, fault cleared",4,True
T002430,I02567,2025-02-13,overheat,"overheating during afternoon peak, thermal protection engaged, cooling fins caked",96,True
T002431,I02568,2025-10-17,wear,"excessive wear on rollers, unit running 24h, duty cycle far above rating",12,True
T002432,I02568,2025-02-12,wear,"drive wear and vibration, continuous three shift operation since install",4,True
T002433,I02569,2025-10-08,user-error,"operator loaded above rated capacity, retrained the crew, no defect found",18,True
T002434,I02572,2024-08-30,overheat,"machine stops when ambient climbs, thermal fault logged, restarts after cooling",30,True
T002435,I02575,2024-06-17,overheat,"recurring overheat alarm, heat soak in the enclosure, thermal derate all afternoon",3,True
T002436,I02575,2024-11-30,overheat,"recurring overheat alarm, heat soak in the enclosure, thermal derate all afternoon",3,True
T002437,I02575,2025-03-10,overheat,"thermal shutdown again at 41C ambient, passive cooling cannot keep up in summer",40,True
T002438,I02576,2025-11-09,wear,"bearing play after continuous running, wear on the drive belt, third shift usage",30,False
T002439,I02578,2025-02-04,overheat,"overheating during afternoon peak, thermal protection engaged, cooling fins caked",4,True
T002440,I02579,2024-08-19,overheat,"unit shuts down midday, ambient 44C on the yard, thermal cutout trips repeatedly",4,True
T002441,I02579,2025-04-07,wear,"bearing play after continuous running, wear on the drive belt, third shift usage",30,True
T002442,I02580,2025-03-21,wear,"drive wear and vibration, continuous three shift operation since install",54,True
T002443,I02581,2026-02-24,electrical,"control board error code 21, replaced the relay, fault cleared",3,True
T002444,I02582,2025-02-17,wear,"bearing play after continuous running, wear on the drive belt, third shift usage",30,True
T002445,I02583,2025-05-10,overheat,"unit shuts down midday, ambient 44C on the yard, thermal cutout trips repeatedly",18,True
T002446,I02583,2025-02-18,overheat,"thermal shutdown again at 41C ambient, passive cooling cannot keep up in summer",8,True
T002447,I02583,2025-09-16,wear,"excessive wear on rollers, unit running 24h, duty cycle far above rating",3,True
T002448,I02583,2025-12-06,wear,"drive wear and vibration, continuous three shift operation since install",3,True
T002449,I02584,2025-01-18,wear,"belt slippage and wear, machine never idles, wear parts replaced twice",18,True
T002450,I02585,2026-01-13,wear,"belt slippage and wear, machine never idles, wear parts replaced twice",40,True
T002451,I02586,2026-05-10,overheat,"thermal shutdown again at 41C ambient, passive cooling cannot keep up in summer",30,True
T002452,I02586,2026-02-06,wear,"belt slippage and wear, machine never idles, wear parts replaced twice",54,True
T002453,I02586,2025-09-28,wear,"bearing play after continuous running, wear on the drive belt, third shift usage",30,True
T002454,I02586,2025-05-27,electrical,"intermittent contactor fault, panel resets on its own, no pattern found",54,True
T002455,I02590,2025-08-16,wear,"bearing play after continuous running, wear on the drive belt, third shift usage",3,True
T002456,I02591,2026-05-24,overheat,"machine stops when ambient climbs, thermal fault logged, restarts after cooling",18,True
T002457,I02592,2025-09-26,electrical,"intermittent contactor fault, panel resets on its own, no pattern found",12,True
T002458,I02593,2025-08-25,electrical,"power supply dropout, breaker tripped once, wiring inspected and fine",8,False
T002459,I02595,2025-08-15,overheat,"recurring overheat alarm, heat soak in the enclosure, thermal derate all afternoon",3,True
T002460,I02595,2025-01-04,overheat,"thermal shutdown again at 41C ambient, passive cooling cannot keep up in summer",3,True
T002461,I02599,2025-03-20,wear,"bearing play after continuous running, wear on the drive belt, third shift usage",96,True
T002462,I02599,2025-05-03,electrical,"intermittent contactor fault, panel resets on its own, no pattern found",4,True
T002463,I02600,2025-06-13,electrical,"intermittent contactor fault, panel resets on its own, no pattern found",12,True
T002464,I02602,2025-04-07,overheat,"overheating during afternoon peak, thermal protection engaged, cooling fins caked",54,True
T002465,I02603,2026-03-07,overheat,"thermal shutdown again at 41C ambient, passive cooling cannot keep up in summer",3,True
T002466,I02603,2025-08-04,overheat,"unit shuts down midday, ambient 44C on the yard, thermal cutout trips repeatedly",3,True
T002467,I02603,2026-04-11,overheat,"thermal shutdown again at 41C ambient, passive cooling cannot keep up in summer",3,True
T002468,I02604,2024-11-10,overheat,"unit shuts down midday, ambient 44C on the yard, thermal cutout trips repeatedly",30,False
T002469,I02604,2024-07-16,overheat,"recurring overheat alarm, heat soak in the enclosure, thermal derate all afternoon",30,True
T002470,I02605,2025-02-21,electrical,"control board error code 21, replaced the relay, fault cleared",8,False
T002471,I02606,2026-05-23,overheat,"overheating during afternoon peak, thermal protection engaged, cooling fins caked",96,True
T002472,I02606,2025-10-28,user-error,"operator loaded above rated capacity, retrained the crew, no defect found",96,True
T002473,I02609,2025-04-08,user-error,"operator loaded above rated capacity, retrained the crew, no defect found",30,True
T002474,I02611,2024-12-18,wear,"belt slippage and wear, machine never idles, wear parts replaced twice",3,True
T002475,I02612,2024-04-13,overheat,"recurring overheat alarm, heat soak in the enclosure, thermal derate all afternoon",3,True
T002476,I02612,2024-12-11,wear,"belt slippage and wear, machine never idles, wear parts replaced twice",1,True
T002477,I02614,2026-01-05,wear,"drive wear and vibration, continuous three shift operation since install",12,True
T002478,I02616,2025-07-16,overheat,"thermal shutdown again at 41C ambient, passive cooling cannot keep up in summer",3,True
T002479,I02620,2025-09-26,user-error,"guard interlock left open, machine correctly refused to start, user error",54,True
T002480,I02626,2024-10-30,wear,"drive wear and vibration, continuous three shift operation since install",30,True
T002481,I02626,2025-03-07,electrical,"intermittent contactor fault, panel resets on its own, no pattern found",54,True
T002482,I02628,2025-03-21,wear,"belt slippage and wear, machine never idles, wear parts replaced twice",30,True
T002483,I02628,2025-11-29,wear,"excessive wear on rollers, unit running 24h, duty cycle far above rating",4,True
T002484,I02630,2025-05-21,overheat,"machine stops when ambient climbs, thermal fault logged, restarts after cooling",12,True
T002485,I02630,2025-11-11,overheat,"thermal shutdown again at 41C ambient, passive cooling cannot keep up in summer",30,True
T002486,I02630,2025-09-21,overheat,"machine stops when ambient climbs, thermal fault logged, restarts after cooling",30,True
T002487,I02632,2025-10-11,overheat,"thermal shutdown again at 41C ambient, passive cooling cannot keep up in summer",96,False
T002488,I02632,2025-07-16,user-error,"guard interlock left open, machine correctly refused to start, user error",12,True
T002489,I02633,2025-11-05,electrical,"intermittent contactor fault, panel resets on its own, no pattern found",1,True
T002490,I02634,2024-12-23,electrical,"control board error code 21, replaced the relay, fault cleared",18,True
T002491,I02636,2025-03-24,overheat,"unit shuts down midday, ambient 44C on the yard, thermal cutout trips repeatedly",8,True
T002492,I02636,2024-08-30,user-error,"guard interlock left open, machine correctly refused to start, user error",18,True
T002493,I02637,2024-09-21,electrical,"control board error code 21, replaced the relay, fault cleared",1,True
T002494,I02638,2024-11-13,overheat,"thermal shutdown again at 41C ambient, passive cooling cannot keep up in summer",12,True
T002495,I02638,2024-06-09,user-error,"operator loaded above rated capacity, retrained the crew, no defect found",30,True
T002496,I02639,2025-04-13,wear,"belt slippage and wear, machine never idles, wear parts replaced twice",54,True
T002497,I02639,2025-08-25,wear,"excessive wear on rollers, unit running 24h, duty cycle far above rating",12,True
T002498,I02641,2024-07-19,overheat,"thermal shutdown again at 41C ambient, passive cooling cannot keep up in summer",3,True
T002499,I02641,2024-09-08,user-error,"operator loaded above rated capacity, retrained the crew, no defect found",1,True
T002500,I02645,2026-02-02,wear,"belt slippage and wear, machine never idles, wear parts replaced twice",18,True
T002501,I02646,2025-12-29,overheat,"recurring overheat alarm, heat soak in the enclosure, thermal derate all afternoon",1,False
T002502,I02646,2025-10-20,electrical,"power supply dropout, breaker tripped once, wiring inspected and fine",1,True
T002503,I02648,2026-01-07,overheat,"machine stops when ambient climbs, thermal fault logged, restarts after cooling",54,True
T002504,I02650,2025-06-26,overheat,"overheating during afternoon peak, thermal protection engaged, cooling fins caked",1,True
T002505,I02651,2025-10-05,electrical,"power supply dropout, breaker tripped once, wiring inspected and fine",1,True
T002506,I02652,2026-07-11,wear,"drive wear and vibration, continuous three shift operation since install",1,True
T002507,I02653,2025-05-19,overheat,"thermal shutdown again at 41C ambient, passive cooling cannot keep up in summer",8,True
T002508,I02659,2025-09-11,overheat,"machine stops when ambient climbs, thermal fault logged, restarts after cooling",12,True
T002509,I02659,2025-01-13,wear,"excessive wear on rollers, unit running 24h, duty cycle far above rating",54,True
T002510,I02660,2025-07-07,overheat,"overheating during afternoon peak, thermal protection engaged, cooling fins caked",12,True
T002511,I02660,2025-09-02,user-error,"operator loaded above rated capacity, retrained the crew, no defect found",30,False
T002512,I02661,2025-12-17,electrical,"intermittent contactor fault, panel resets on its own, no pattern found",4,True
T002513,I02664,2026-01-02,overheat,"machine stops when ambient climbs, thermal fault logged, restarts after cooling",1,True
T002514,I02666,2026-01-17,wear,"excessive wear on rollers, unit running 24h, duty cycle far above rating",3,False
T002515,I02667,2025-01-08,overheat,"thermal shutdown again at 41C ambient, passive cooling cannot keep up in summer",1,True
T002516,I02668,2026-03-18,overheat,"recurring overheat alarm, heat soak in the enclosure, thermal derate all afternoon",12,True
T002517,I02669,2026-02-08,overheat,"unit shuts down midday, ambient 44C on the yard, thermal cutout trips repeatedly",30,False
T002518,I02669,2025-09-14,overheat,"recurring overheat alarm, heat soak in the enclosure, thermal derate all afternoon",54,False
T002519,I02669,2025-10-16,overheat,"thermal shutdown again at 41C ambient, passive cooling cannot keep up in summer",96,True
T002520,I02670,2026-06-15,wear,"excessive wear on rollers, unit running 24h, duty cycle far above rating",30,True
T002521,I02670,2025-11-04,user-error,"operator loaded above rated capacity, retrained the crew, no defect found",12,True
T002522,I02673,2025-11-16,user-error,"guard interlock left open, machine correctly refused to start, user error",18,True
T002523,I02675,2024-10-09,overheat,"machine stops when ambient climbs, thermal fault logged, restarts after cooling",3,True
T002524,I02676,2025-07-18,wear,"excessive wear on rollers, unit running 24h, duty cycle far above rating",3,True
T002525,I02677,2024-05-14,electrical,"power supply dropout, breaker tripped once, wiring inspected and fine",8,True
T002526,I02678,2025-04-21,electrical,"intermittent contactor fault, panel resets on its own, no pattern found",3,True
T002527,I02680,2026-01-05,electrical,"control board error code 21, replaced the relay, fault cleared",12,True
T002528,I02680,2025-05-17,user-error,"operator loaded above rated capacity, retrained the crew, no defect found",12,True
T002529,I02681,2025-09-21,electrical,"power supply dropout, breaker tripped once, wiring inspected and fine",96,True
T002530,I02681,2026-07-10,electrical,"intermittent contactor fault, panel resets on its own, no pattern found",54,True
T002531,I02683,2026-01-01,user-error,"operator loaded above rated capacity, retrained the crew, no defect found",54,True
T002532,I02684,2025-05-22,overheat,"recurring overheat alarm, heat soak in the enclosure, thermal derate all afternoon",30,True
T002533,I02685,2025-09-07,wear,"bearing play after continuous running, wear on the drive belt, third shift usage",18,True
T002534,I02686,2025-06-17,electrical,"power supply dropout, breaker tripped once, wiring inspected and fine",8,True
T002535,I02687,2025-10-16,overheat,"machine stops when ambient climbs, thermal fault logged, restarts after cooling",8,False
T002536,I02687,2025-06-27,overheat,"thermal shutdown again at 41C ambient, passive cooling cannot keep up in summer",3,True
T002537,I02689,2025-10-05,overheat,"thermal shutdown again at 41C ambient, passive cooling cannot keep up in summer",3,True
T002538,I02689,2025-10-14,user-error,"operator loaded above rated capacity, retrained the crew, no defect found",8,True
T002539,I02693,2024-12-11,wear,"bearing play after continuous running, wear on the drive belt, third shift usage",30,False
T002540,I02694,2025-05-01,overheat,"thermal shutdown again at 41C ambient, passive cooling cannot keep up in summer",30,True
T002541,I02699,2025-09-01,overheat,"recurring overheat alarm, heat soak in the enclosure, thermal derate all afternoon",96,True
T002542,I02700,2025-05-26,wear,"bearing play after continuous running, wear on the drive belt, third shift usage",4,True
T002543,I02701,2026-08-16,overheat,"recurring overheat alarm, heat soak in the enclosure, thermal derate all afternoon",8,True
T002544,I02703,2024-07-23,wear,"bearing play after continuous running, wear on the drive belt, third shift usage",12,True
T002545,I02704,2025-07-15,overheat,"unit shuts down midday, ambient 44C on the yard, thermal cutout trips repeatedly",8,False
T002546,I02704,2025-10-18,wear,"excessive wear on rollers, unit running 24h, duty cycle far above rating",18,True
T002547,I02705,2026-05-04,overheat,"thermal shutdown again at 41C ambient, passive cooling cannot keep up in summer",3,True
T002548,I02706,2025-05-16,overheat,"overheating during afternoon peak, thermal protection engaged, cooling fins caked",96,True
T002549,I02706,2025-11-02,overheat,"recurring overheat alarm, heat soak in the enclosure, thermal derate all afternoon",12,True
T002550,I02706,2025-06-02,user-error,"wrong operating mode selected, user error, showed the team the correct sequence",4,True
T002551,I02709,2025-06-28,overheat,"recurring overheat alarm, heat soak in the enclosure, thermal derate all afternoon",40,True
T002552,I02710,2024-09-30,wear,"excessive wear on rollers, unit running 24h, duty cycle far above rating",18,False
T002553,I02712,2026-01-10,overheat,"unit shuts down midday, ambient 44C on the yard, thermal cutout trips repeatedly",18,True
T002554,I02713,2025-09-20,wear,"drive wear and vibration, continuous three shift operation since install",30,True
T002555,I02715,2025-11-23,user-error,"guard interlock left open, machine correctly refused to start, user error",3,True
T002556,I02717,2025-09-06,user-error,"operator loaded above rated capacity, retrained the crew, no defect found",8,True
T002557,I02721,2025-05-26,overheat,"overheating during afternoon peak, thermal protection engaged, cooling fins caked",12,True
T002558,I02721,2025-03-17,overheat,"machine stops when ambient climbs, thermal fault logged, restarts after cooling",54,False
T002559,I02721,2025-06-24,electrical,"intermittent contactor fault, panel resets on its own, no pattern found",96,True
T002560,I02723,2025-01-10,overheat,"machine stops when ambient climbs, thermal fault logged, restarts after cooling",3,True
T002561,I02723,2025-04-23,overheat,"overheating during afternoon peak, thermal protection engaged, cooling fins caked",1,True
T002562,I02723,2024-12-10,overheat,"overheating during afternoon peak, thermal protection engaged, cooling fins caked",1,True
T002563,I02723,2025-06-27,electrical,"intermittent contactor fault, panel resets on its own, no pattern found",18,True
T002564,I02725,2025-12-08,wear,"drive wear and vibration, continuous three shift operation since install",12,True
T002565,I02727,2025-03-11,overheat,"recurring overheat alarm, heat soak in the enclosure, thermal derate all afternoon",3,True
T002566,I02728,2025-08-10,wear,"excessive wear on rollers, unit running 24h, duty cycle far above rating",1,True
T002567,I02729,2025-05-25,overheat,"thermal shutdown again at 41C ambient, passive cooling cannot keep up in summer",3,True
T002568,I02729,2024-06-22,overheat,"machine stops when ambient climbs, thermal fault logged, restarts after cooling",3,False
T002569,I02729,2025-01-29,overheat,"recurring overheat alarm, heat soak in the enclosure, thermal derate all afternoon",1,True
T002570,I02732,2025-10-18,wear,"drive wear and vibration, continuous three shift operation since install",8,True
T002571,I02733,2025-09-09,overheat,"machine stops when ambient climbs, thermal fault logged, restarts after cooling",12,True
T002572,I02733,2025-10-03,overheat,"overheating during afternoon peak, thermal protection engaged, cooling fins caked",30,True
T002573,I02733,2026-01-24,overheat,"machine stops when ambient climbs, thermal fault logged, restarts after cooling",4,True
T002574,I02737,2024-11-07,electrical,"intermittent contactor fault, panel resets on its own, no pattern found",3,True
T002575,I02738,2025-03-27,electrical,"control board error code 21, replaced the relay, fault cleared",18,True
T002576,I02741,2025-05-15,overheat,"thermal shutdown again at 41C ambient, passive cooling cannot keep up in summer",3,True
T002577,I02741,2025-11-03,overheat,"recurring overheat alarm, heat soak in the enclosure, thermal derate all afternoon",1,True
T002578,I02741,2025-06-25,overheat,"recurring overheat alarm, heat soak in the enclosure, thermal derate all afternoon",8,True
T002579,I02742,2025-04-26,electrical,"control board error code 21, replaced the relay, fault cleared",8,True
T002580,I02742,2025-04-10,electrical,"power supply dropout, breaker tripped once, wiring inspected and fine",3,True
T002581,I02743,2026-02-06,overheat,"machine stops when ambient climbs, thermal fault logged, restarts after cooling",30,True
T002582,I02744,2026-01-13,wear,"belt slippage and wear, machine never idles, wear parts replaced twice",12,True
T002583,I02746,2026-07-13,overheat,"overheating during afternoon peak, thermal protection engaged, cooling fins caked",30,True
T002584,I02746,2025-11-04,user-error,"operator loaded above rated capacity, retrained the crew, no defect found",30,False
T002585,I02750,2025-07-16,wear,"drive wear and vibration, continuous three shift operation since install",18,True
T002586,I02752,2026-01-20,overheat,"machine stops when ambient climbs, thermal fault logged, restarts after cooling",3,True
T002587,I02752,2025-10-01,overheat,"overheating during afternoon peak, thermal protection engaged, cooling fins caked",40,True
T002588,I02752,2025-11-20,overheat,"unit shuts down midday, ambient 44C on the yard, thermal cutout trips repeatedly",8,True
T002589,I02753,2025-01-20,wear,"belt slippage and wear, machine never idles, wear parts replaced twice",30,True
T002590,I02753,2025-02-12,electrical,"power supply dropout, breaker tripped once, wiring inspected and fine",12,True
T002591,I02754,2025-08-04,wear,"bearing play after continuous running, wear on the drive belt, third shift usage",54,True
T002592,I02756,2024-09-17,overheat,"overheating during afternoon peak, thermal protection engaged, cooling fins caked",3,True
T002593,I02757,2026-02-07,wear,"excessive wear on rollers, unit running 24h, duty cycle far above rating",1,True
T002594,I02758,2025-08-11,overheat,"overheating during afternoon peak, thermal protection engaged, cooling fins caked",3,True
T002595,I02759,2024-06-08,overheat,"machine stops when ambient climbs, thermal fault logged, restarts after cooling",54,False
T002596,I02759,2024-04-27,overheat,"machine stops when ambient climbs, thermal fault logged, restarts after cooling",96,True
T002597,I02759,2024-11-16,wear,"belt slippage and wear, machine never idles, wear parts replaced twice",30,True
T002598,I02759,2024-06-02,wear,"bearing play after continuous running, wear on the drive belt, third shift usage",96,True
T002599,I02760,2025-02-17,overheat,"unit shuts down midday, ambient 44C on the yard, thermal cutout trips repeatedly",54,True
T002600,I02761,2024-08-10,wear,"belt slippage and wear, machine never idles, wear parts replaced twice",8,True
T002601,I02762,2025-12-25,electrical,"control board error code 21, replaced the relay, fault cleared",30,True
T002602,I02764,2026-01-17,wear,"bearing play after continuous running, wear on the drive belt, third shift usage",18,True
T002603,I02764,2026-01-31,wear,"belt slippage and wear, machine never idles, wear parts replaced twice",1,True
T002604,I02766,2026-01-07,overheat,"unit shuts down midday, ambient 44C on the yard, thermal cutout trips repeatedly",1,True
T002605,I02767,2025-12-26,overheat,"overheating during afternoon peak, thermal protection engaged, cooling fins caked",18,True
T002606,I02767,2025-04-17,electrical,"power supply dropout, breaker tripped once, wiring inspected and fine",1,True
T002607,I02772,2025-12-09,wear,"belt slippage and wear, machine never idles, wear parts replaced twice",4,True
T002608,I02773,2026-02-03,overheat,"machine stops when ambient climbs, thermal fault logged, restarts after cooling",1,True
T002609,I02773,2025-07-28,overheat,"thermal shutdown again at 41C ambient, passive cooling cannot keep up in summer",18,True
T002610,I02773,2025-12-19,overheat,"overheating during afternoon peak, thermal protection engaged, cooling fins caked",1,True
T002611,I02774,2025-09-21,overheat,"machine stops when ambient climbs, thermal fault logged, restarts after cooling",30,True
T002612,I02775,2025-06-13,user-error,"guard interlock left open, machine correctly refused to start, user error",54,True
T002613,I02776,2025-12-14,wear,"belt slippage and wear, machine never idles, wear parts replaced twice",1,True
T002614,I02777,2025-03-26,overheat,"machine stops when ambient climbs, thermal fault logged, restarts after cooling",12,True
T002615,I02779,2025-11-25,overheat,"unit shuts down midday, ambient 44C on the yard, thermal cutout trips repeatedly",54,True
T002616,I02781,2026-03-10,overheat,"overheating during afternoon peak, thermal protection engaged, cooling fins caked",3,True
T002617,I02781,2025-05-22,overheat,"machine stops when ambient climbs, thermal fault logged, restarts after cooling",18,True
T002618,I02782,2026-02-08,overheat,"recurring overheat alarm, heat soak in the enclosure, thermal derate all afternoon",12,True
T002619,I02782,2025-06-03,wear,"belt slippage and wear, machine never idles, wear parts replaced twice",96,True
T002620,I02783,2025-10-02,overheat,"recurring overheat alarm, heat soak in the enclosure, thermal derate all afternoon",12,True
T002621,I02783,2026-06-20,wear,"belt slippage and wear, machine never idles, wear parts replaced twice",54,False
T002622,I02783,2026-01-29,electrical,"intermittent contactor fault, panel resets on its own, no pattern found",30,True
T002623,I02784,2025-04-01,overheat,"overheating during afternoon peak, thermal protection engaged, cooling fins caked",1,True
T002624,I02786,2026-09-16,overheat,"thermal shutdown again at 41C ambient, passive cooling cannot keep up in summer",40,True
T002625,I02786,2025-11-08,overheat,"unit shuts down midday, ambient 44C on the yard, thermal cutout trips repeatedly",1,True
T002626,I02786,2026-08-06,overheat,"unit shuts down midday, ambient 44C on the yard, thermal cutout trips repeatedly",3,True
T002627,I02790,2025-07-12,overheat,"machine stops when ambient climbs, thermal fault logged, restarts after cooling",8,False
T002628,I02791,2025-11-10,overheat,"overheating during afternoon peak, thermal protection engaged, cooling fins caked",3,True
T002629,I02791,2025-11-01,wear,"drive wear and vibration, continuous three shift operation since install",18,True
T002630,I02792,2025-11-11,overheat,"machine stops when ambient climbs, thermal fault logged, restarts after cooling",54,True
T002631,I02792,2026-04-29,overheat,"unit shuts down midday, ambient 44C on the yard, thermal cutout trips repeatedly",54,True
T002632,I02792,2025-06-27,electrical,"control board error code 21, replaced the relay, fault cleared",30,True
T002633,I02793,2025-06-03,overheat,"overheating during afternoon peak, thermal protection engaged, cooling fins caked",8,True
T002634,I02793,2025-03-24,wear,"excessive wear on rollers, unit running 24h, duty cycle far above rating",3,True
T002635,I02793,2025-06-24,wear,"belt slippage and wear, machine never idles, wear parts replaced twice",1,False
T002636,I02795,2026-05-14,overheat,"unit shuts down midday, ambient 44C on the yard, thermal cutout trips repeatedly",30,False
T002637,I02797,2026-02-08,wear,"drive wear and vibration, continuous three shift operation since install",18,True
T002638,I02797,2025-11-05,wear,"belt slippage and wear, machine never idles, wear parts replaced twice",3,True
T002639,I02797,2026-01-31,user-error,"wrong operating mode selected, user error, showed the team the correct sequence",3,True
T002640,I02798,2025-07-24,wear,"drive wear and vibration, continuous three shift operation since install",18,True
T002641,I02798,2026-04-30,user-error,"operator loaded above rated capacity, retrained the crew, no defect found",8,True
T002642,I02802,2026-02-26,wear,"excessive wear on rollers, unit running 24h, duty cycle far above rating",30,True
T002643,I02802,2025-05-25,wear,"bearing play after continuous running, wear on the drive belt, third shift usage",54,True
T002644,I02802,2026-01-21,wear,"drive wear and vibration, continuous three shift operation since install",4,True
T002645,I02803,2024-08-12,electrical,"control board error code 21, replaced the relay, fault cleared",4,True
T002646,I02805,2025-01-26,overheat,"overheating during afternoon peak, thermal protection engaged, cooling fins caked",12,True
T002647,I02805,2024-07-26,overheat,"thermal shutdown again at 41C ambient, passive cooling cannot keep up in summer",4,True
T002648,I02806,2024-11-18,overheat,"machine stops when ambient climbs, thermal fault logged, restarts after cooling",30,False
T002649,I02806,2025-01-21,overheat,"machine stops when ambient climbs, thermal fault logged, restarts after cooling",4,True
T002650,I02806,2025-01-15,user-error,"guard interlock left open, machine correctly refused to start, user error",12,True
T002651,I02808,2025-11-04,overheat,"overheating during afternoon peak, thermal protection engaged, cooling fins caked",30,True
T002652,I02808,2026-05-07,overheat,"thermal shutdown again at 41C ambient, passive cooling cannot keep up in summer",30,True
T002653,I02808,2025-09-27,overheat,"unit shuts down midday, ambient 44C on the yard, thermal cutout trips repeatedly",30,True
T002654,I02809,2025-03-16,overheat,"thermal shutdown again at 41C ambient, passive cooling cannot keep up in summer",8,True
T002655,I02811,2025-09-26,overheat,"thermal shutdown again at 41C ambient, passive cooling cannot keep up in summer",8,True
T002656,I02811,2025-05-11,wear,"bearing play after continuous running, wear on the drive belt, third shift usage",1,True
T002657,I02815,2024-12-30,overheat,"unit shuts down midday, ambient 44C on the yard, thermal cutout trips repeatedly",4,False
T002658,I02816,2024-11-27,wear,"bearing play after continuous running, wear on the drive belt, third shift usage",1,True
T002659,I02817,2025-04-01,wear,"belt slippage and wear, machine never idles, wear parts replaced twice",30,True
T002660,I02817,2024-12-25,wear,"bearing play after continuous running, wear on the drive belt, third shift usage",30,True
T002661,I02817,2025-01-18,wear,"excessive wear on rollers, unit running 24h, duty cycle far above rating",12,True
T002662,I02822,2025-08-16,overheat,"machine stops when ambient climbs, thermal fault logged, restarts after cooling",3,True
T002663,I02823,2026-08-19,overheat,"overheating during afternoon peak, thermal protection engaged, cooling fins caked",40,True
T002664,I02823,2025-10-21,electrical,"power supply dropout, breaker tripped once, wiring inspected and fine",18,True
T002665,I02824,2025-06-02,user-error,"operator loaded above rated capacity, retrained the crew, no defect found",12,True
T002666,I02825,2025-07-20,overheat,"recurring overheat alarm, heat soak in the enclosure, thermal derate all afternoon",96,True
T002667,I02826,2025-09-05,overheat,"thermal shutdown again at 41C ambient, passive cooling cannot keep up in summer",12,True
T002668,I02826,2026-06-12,overheat,"machine stops when ambient climbs, thermal fault logged, restarts after cooling",30,True
T002669,I02827,2025-09-18,overheat,"machine stops when ambient climbs, thermal fault logged, restarts after cooling",18,True
T002670,I02827,2025-03-01,wear,"excessive wear on rollers, unit running 24h, duty cycle far above rating",1,True
T002671,I02827,2025-04-20,wear,"excessive wear on rollers, unit running 24h, duty cycle far above rating",3,True
T002672,I02832,2025-01-31,user-error,"operator loaded above rated capacity, retrained the crew, no defect found",1,True
T002673,I02833,2025-08-03,electrical,"control board error code 21, replaced the relay, fault cleared",8,True
T002674,I02834,2025-10-04,user-error,"wrong operating mode selected, user error, showed the team the correct sequence",8,True
T002675,I02835,2026-04-09,overheat,"thermal shutdown again at 41C ambient, passive cooling cannot keep up in summer",4,True
T002676,I02835,2026-05-27,overheat,"thermal shutdown again at 41C ambient, passive cooling cannot keep up in summer",54,True
T002677,I02837,2025-04-18,electrical,"intermittent contactor fault, panel resets on its own, no pattern found",3,True
T002678,I02840,2025-05-26,overheat,"thermal shutdown again at 41C ambient, passive cooling cannot keep up in summer",96,True
T002679,I02840,2024-10-07,overheat,"unit shuts down midday, ambient 44C on the yard, thermal cutout trips repeatedly",12,False
T002680,I02844,2025-01-05,overheat,"thermal shutdown again at 41C ambient, passive cooling cannot keep up in summer",1,True
T002681,I02845,2025-04-05,wear,"belt slippage and wear, machine never idles, wear parts replaced twice",12,False
T002682,I02846,2025-02-08,user-error,"wrong operating mode selected, user error, showed the team the correct sequence",1,True
T002683,I02849,2025-03-03,overheat,"unit shuts down midday, ambient 44C on the yard, thermal cutout trips repeatedly",12,True
T002684,I02849,2025-01-03,overheat,"machine stops when ambient climbs, thermal fault logged, restarts after cooling",12,True
T002685,I02849,2024-06-09,overheat,"unit shuts down midday, ambient 44C on the yard, thermal cutout trips repeatedly",4,True
T002686,I02851,2026-04-18,wear,"belt slippage and wear, machine never idles, wear parts replaced twice",30,True
T002687,I02852,2025-10-19,overheat,"unit shuts down midday, ambient 44C on the yard, thermal cutout trips repeatedly",1,True
T002688,I02852,2025-11-29,electrical,"intermittent contactor fault, panel resets on its own, no pattern found",3,True
T002689,I02853,2024-11-22,wear,"drive wear and vibration, continuous three shift operation since install",4,True
T002690,I02853,2025-08-16,wear,"belt slippage and wear, machine never idles, wear parts replaced twice",54,True
T002691,I02853,2024-12-02,electrical,"power supply dropout, breaker tripped once, wiring inspected and fine",12,True
T002692,I02853,2025-08-24,user-error,"operator loaded above rated capacity, retrained the crew, no defect found",30,True
T002693,I02854,2025-08-04,overheat,"unit shuts down midday, ambient 44C on the yard, thermal cutout trips repeatedly",1,True
T002694,I02856,2025-11-16,overheat,"unit shuts down midday, ambient 44C on the yard, thermal cutout trips repeatedly",4,True
T002695,I02856,2024-10-25,overheat,"recurring overheat alarm, heat soak in the enclosure, thermal derate all afternoon",12,False
T002696,I02856,2025-08-24,wear,"excessive wear on rollers, unit running 24h, duty cycle far above rating",12,True
T002697,I02857,2025-08-25,wear,"belt slippage and wear, machine never idles, wear parts replaced twice",30,True
T002698,I02861,2025-10-27,wear,"excessive wear on rollers, unit running 24h, duty cycle far above rating",18,False
T002699,I02862,2025-11-24,wear,"drive wear and vibration, continuous three shift operation since install",1,True
T002700,I02863,2025-12-16,overheat,"recurring overheat alarm, heat soak in the enclosure, thermal derate all afternoon",4,False
T002701,I02863,2025-11-28,overheat,"machine stops when ambient climbs, thermal fault logged, restarts after cooling",30,True
T002702,I02863,2025-10-22,overheat,"overheating during afternoon peak, thermal protection engaged, cooling fins caked",54,True
T002703,I02863,2024-12-13,wear,"excessive wear on rollers, unit running 24h, duty cycle far above rating",12,True
T002704,I02865,2025-01-28,overheat,"thermal shutdown again at 41C ambient, passive cooling cannot keep up in summer",3,True
T002705,I02866,2026-08-12,electrical,"intermittent contactor fault, panel resets on its own, no pattern found",96,False
T002706,I02867,2026-04-06,overheat,"recurring overheat alarm, heat soak in the enclosure, thermal derate all afternoon",8,True
T002707,I02867,2025-10-02,wear,"excessive wear on rollers, unit running 24h, duty cycle far above rating",3,True
T002708,I02867,2025-11-25,wear,"drive wear and vibration, continuous three shift operation since install",18,True
T002709,I02867,2025-08-21,wear,"bearing play after continuous running, wear on the drive belt, third shift usage",8,True
T002710,I02867,2026-04-28,electrical,"control board error code 21, replaced the relay, fault cleared",18,True
T002711,I02870,2025-02-26,wear,"drive wear and vibration, continuous three shift operation since install",12,True
T002712,I02874,2026-04-02,overheat,"overheating during afternoon peak, thermal protection engaged, cooling fins caked",12,True
T002713,I02874,2026-02-14,overheat,"thermal shutdown again at 41C ambient, passive cooling cannot keep up in summer",54,True
T002714,I02874,2025-12-02,overheat,"unit shuts down midday, ambient 44C on the yard, thermal cutout trips repeatedly",12,True
T002715,I02874,2025-07-21,wear,"belt slippage and wear, machine never idles, wear parts replaced twice",30,True
T002716,I02874,2025-11-25,wear,"excessive wear on rollers, unit running 24h, duty cycle far above rating",12,True
T002717,I02874,2026-02-10,user-error,"wrong operating mode selected, user error, showed the team the correct sequence",12,True
T002718,I02875,2025-11-13,user-error,"operator loaded above rated capacity, retrained the crew, no defect found",8,True
T002719,I02876,2025-06-03,overheat,"overheating during afternoon peak, thermal protection engaged, cooling fins caked",1,True
T002720,I02879,2025-01-24,electrical,"intermittent contactor fault, panel resets on its own, no pattern found",8,True
T002721,I02879,2025-09-03,electrical,"control board error code 21, replaced the relay, fault cleared",1,True
T002722,I02882,2025-04-16,overheat,"overheating during afternoon peak, thermal protection engaged, cooling fins caked",1,True
T002723,I02882,2025-06-12,overheat,"overheating during afternoon peak, thermal protection engaged, cooling fins caked",3,True
T002724,I02882,2025-07-02,wear,"excessive wear on rollers, unit running 24h, duty cycle far above rating",8,True
T002725,I02887,2025-07-02,overheat,"recurring overheat alarm, heat soak in the enclosure, thermal derate all afternoon",3,False
T002726,I02888,2026-04-09,overheat,"overheating during afternoon peak, thermal protection engaged, cooling fins caked",54,False
T002727,I02892,2025-12-06,user-error,"guard interlock left open, machine correctly refused to start, user error",3,True
T002728,I02893,2025-01-13,wear,"excessive wear on rollers, unit running 24h, duty cycle far above rating",12,True
T002729,I02895,2026-05-02,overheat,"unit shuts down midday, ambient 44C on the yard, thermal cutout trips repeatedly",3,True
T002730,I02895,2025-12-09,electrical,"control board error code 21, replaced the relay, fault cleared",8,True
T002731,I02898,2026-04-29,electrical,"intermittent contactor fault, panel resets on its own, no pattern found",54,True
T002732,I02900,2024-09-19,overheat,"thermal shutdown again at 41C ambient, passive cooling cannot keep up in summer",96,True
T002733,I02901,2025-04-14,user-error,"guard interlock left open, machine correctly refused to start, user error",54,False
T002734,I02901,2025-11-12,electrical,"control board error code 21, replaced the relay, fault cleared",96,True
T002735,I02902,2025-09-26,overheat,"machine stops when ambient climbs, thermal fault logged, restarts after cooling",30,True
T002736,I02902,2025-11-04,electrical,"intermittent contactor fault, panel resets on its own, no pattern found",54,True
T002737,I02904,2026-04-16,wear,"bearing play after continuous running, wear on the drive belt, third shift usage",1,True
T002738,I02905,2025-04-24,overheat,"overheating during afternoon peak, thermal protection engaged, cooling fins caked",54,True
T002739,I02905,2025-10-10,wear,"belt slippage and wear, machine never idles, wear parts replaced twice",54,True
T002740,I02906,2026-02-10,wear,"bearing play after continuous running, wear on the drive belt, third shift usage",1,True
T002741,I02908,2026-09-19,overheat,"thermal shutdown again at 41C ambient, passive cooling cannot keep up in summer",8,True
T002742,I02908,2026-04-11,user-error,"wrong operating mode selected, user error, showed the team the correct sequence",18,True
T002743,I02909,2025-03-31,overheat,"thermal shutdown again at 41C ambient, passive cooling cannot keep up in summer",30,False
T002744,I02911,2025-05-07,overheat,"unit shuts down midday, ambient 44C on the yard, thermal cutout trips repeatedly",3,True
T002745,I02912,2025-01-24,user-error,"operator loaded above rated capacity, retrained the crew, no defect found",18,True
T002746,I02913,2025-10-13,wear,"excessive wear on rollers, unit running 24h, duty cycle far above rating",3,True
T002747,I02914,2025-12-22,wear,"bearing play after continuous running, wear on the drive belt, third shift usage",54,True
T002748,I02914,2025-09-15,wear,"drive wear and vibration, continuous three shift operation since install",12,True
T002749,I02915,2025-01-06,overheat,"machine stops when ambient climbs, thermal fault logged, restarts after cooling",30,True
T002750,I02915,2025-03-16,overheat,"recurring overheat alarm, heat soak in the enclosure, thermal derate all afternoon",30,True
T002751,I02915,2025-01-12,overheat,"recurring overheat alarm, heat soak in the enclosure, thermal derate all afternoon",4,True
T002752,I02916,2025-08-10,overheat,"unit shuts down midday, ambient 44C on the yard, thermal cutout trips repeatedly",3,True
T002753,I02919,2025-01-22,user-error,"wrong operating mode selected, user error, showed the team the correct sequence",1,True
T002754,I02920,2025-08-02,overheat,"overheating during afternoon peak, thermal protection engaged, cooling fins caked",18,True
T002755,I02922,2025-03-13,wear,"bearing play after continuous running, wear on the drive belt, third shift usage",40,False
T002756,I02922,2024-12-22,wear,"bearing play after continuous running, wear on the drive belt, third shift usage",8,True
T002757,I02922,2025-05-17,user-error,"wrong operating mode selected, user error, showed the team the correct sequence",1,True
T002758,I02924,2026-01-18,overheat,"thermal shutdown again at 41C ambient, passive cooling cannot keep up in summer",1,True
T002759,I02924,2025-04-20,wear,"excessive wear on rollers, unit running 24h, duty cycle far above rating",3,True
T002760,I02926,2025-03-13,overheat,"machine stops when ambient climbs, thermal fault logged, restarts after cooling",1,True
T002761,I02926,2024-11-24,overheat,"machine stops when ambient climbs, thermal fault logged, restarts after cooling",1,True
T002762,I02926,2024-12-08,electrical,"power supply dropout, breaker tripped once, wiring inspected and fine",3,True
T002763,I02927,2025-01-01,overheat,"recurring overheat alarm, heat soak in the enclosure, thermal derate all afternoon",54,True
T002764,I02927,2025-01-29,overheat,"unit shuts down midday, ambient 44C on the yard, thermal cutout trips repeatedly",54,True
T002765,I02927,2025-07-17,wear,"belt slippage and wear, machine never idles, wear parts replaced twice",12,False
T002766,I02929,2025-09-04,overheat,"recurring overheat alarm, heat soak in the enclosure, thermal derate all afternoon",4,True
T002767,I02929,2025-05-12,overheat,"machine stops when ambient climbs, thermal fault logged, restarts after cooling",12,True
T002768,I02929,2026-04-22,electrical,"intermittent contactor fault, panel resets on its own, no pattern found",12,True
T002769,I02930,2026-04-13,electrical,"intermittent contactor fault, panel resets on its own, no pattern found",1,True
T002770,I02931,2025-08-21,overheat,"machine stops when ambient climbs, thermal fault logged, restarts after cooling",12,True
T002771,I02931,2025-11-02,overheat,"unit shuts down midday, ambient 44C on the yard, thermal cutout trips repeatedly",54,True
T002772,I02932,2025-09-09,wear,"drive wear and vibration, continuous three shift operation since install",1,False
T002773,I02933,2026-06-11,overheat,"overheating during afternoon peak, thermal protection engaged, cooling fins caked",1,True
T002774,I02933,2026-01-11,wear,"belt slippage and wear, machine never idles, wear parts replaced twice",18,True
T002775,I02935,2025-01-04,overheat,"machine stops when ambient climbs, thermal fault logged, restarts after cooling",30,True
T002776,I02935,2025-01-20,electrical,"intermittent contactor fault, panel resets on its own, no pattern found",96,True
T002777,I02936,2024-10-11,wear,"drive wear and vibration, continuous three shift operation since install",54,False
T002778,I02937,2026-02-01,overheat,"thermal shutdown again at 41C ambient, passive cooling cannot keep up in summer",1,True
T002779,I02937,2026-06-11,wear,"belt slippage and wear, machine never idles, wear parts replaced twice",8,True
T002780,I02937,2025-08-15,wear,"bearing play after continuous running, wear on the drive belt, third shift usage",8,False
T002781,I02939,2026-01-21,wear,"excessive wear on rollers, unit running 24h, duty cycle far above rating",1,True
T002782,I02940,2025-09-28,overheat,"unit shuts down midday, ambient 44C on the yard, thermal cutout trips repeatedly",30,True
T002783,I02940,2025-11-01,wear,"bearing play after continuous running, wear on the drive belt, third shift usage",12,True
T002784,I02941,2025-10-07,overheat,"thermal shutdown again at 41C ambient, passive cooling cannot keep up in summer",30,True
T002785,I02941,2026-05-12,overheat,"recurring overheat alarm, heat soak in the enclosure, thermal derate all afternoon",12,True
T002786,I02941,2025-11-26,overheat,"unit shuts down midday, ambient 44C on the yard, thermal cutout trips repeatedly",12,True
T002787,I02942,2026-02-17,wear,"excessive wear on rollers, unit running 24h, duty cycle far above rating",4,True
T002788,I02947,2025-05-20,overheat,"overheating during afternoon peak, thermal protection engaged, cooling fins caked",12,True
T002789,I02947,2024-11-28,wear,"excessive wear on rollers, unit running 24h, duty cycle far above rating",30,False
T002790,I02947,2024-08-10,wear,"excessive wear on rollers, unit running 24h, duty cycle far above rating",30,True
T002791,I02949,2025-04-16,wear,"drive wear and vibration, continuous three shift operation since install",8,True
T002792,I02951,2025-07-03,overheat,"overheating during afternoon peak, thermal protection engaged, cooling fins caked",54,True
T002793,I02951,2025-06-05,overheat,"unit shuts down midday, ambient 44C on the yard, thermal cutout trips repeatedly",30,True
T002794,I02951,2024-12-31,overheat,"thermal shutdown again at 41C ambient, passive cooling cannot keep up in summer",30,True
T002795,I02954,2025-10-11,overheat,"machine stops when ambient climbs, thermal fault logged, restarts after cooling",8,True
T002796,I02954,2025-12-26,overheat,"unit shuts down midday, ambient 44C on the yard, thermal cutout trips repeatedly",18,True
T002797,I02954,2026-06-24,overheat,"unit shuts down midday, ambient 44C on the yard, thermal cutout trips repeatedly",1,True
T002798,I02955,2025-12-09,wear,"bearing play after continuous running, wear on the drive belt, third shift usage",18,True
T002799,I02956,2025-10-15,overheat,"machine stops when ambient climbs, thermal fault logged, restarts after cooling",18,True
T002800,I02956,2026-01-03,overheat,"overheating during afternoon peak, thermal protection engaged, cooling fins caked",8,True
T002801,I02956,2025-03-01,overheat,"recurring overheat alarm, heat soak in the enclosure, thermal derate all afternoon",1,True
T002802,I02957,2024-10-22,overheat,"unit shuts down midday, ambient 44C on the yard, thermal cutout trips repeatedly",54,True
T002803,I02957,2024-08-03,overheat,"machine stops when ambient climbs, thermal fault logged, restarts after cooling",12,True
T002804,I02957,2024-08-07,wear,"belt slippage and wear, machine never idles, wear parts replaced twice",30,True
T002805,I02957,2025-04-26,wear,"excessive wear on rollers, unit running 24h, duty cycle far above rating",12,True
T002806,I02958,2025-12-30,overheat,"recurring overheat alarm, heat soak in the enclosure, thermal derate all afternoon",1,True
T002807,I02960,2026-01-08,overheat,"unit shuts down midday, ambient 44C on the yard, thermal cutout trips repeatedly",12,True
T002808,I02960,2026-06-11,electrical,"intermittent contactor fault, panel resets on its own, no pattern found",30,False
T002809,I02963,2024-06-20,overheat,"unit shuts down midday, ambient 44C on the yard, thermal cutout trips repeatedly",96,True
T002810,I02963,2024-12-18,overheat,"machine stops when ambient climbs, thermal fault logged, restarts after cooling",54,False
T002811,I02965,2025-12-26,wear,"belt slippage and wear, machine never idles, wear parts replaced twice",1,True
T002812,I02970,2026-08-23,overheat,"recurring overheat alarm, heat soak in the enclosure, thermal derate all afternoon",54,True
T002813,I02970,2026-05-19,wear,"belt slippage and wear, machine never idles, wear parts replaced twice",12,True
T002814,I02970,2026-06-11,wear,"excessive wear on rollers, unit running 24h, duty cycle far above rating",30,False
T002815,I02972,2025-03-09,wear,"belt slippage and wear, machine never idles, wear parts replaced twice",30,True
T002816,I02974,2025-05-13,overheat,"recurring overheat alarm, heat soak in the enclosure, thermal derate all afternoon",54,True
T002817,I02974,2025-01-11,user-error,"operator loaded above rated capacity, retrained the crew, no defect found",30,True
T002818,I02976,2026-08-14,overheat,"recurring overheat alarm, heat soak in the enclosure, thermal derate all afternoon",3,False
T002819,I02977,2025-10-09,overheat,"overheating during afternoon peak, thermal protection engaged, cooling fins caked",4,False
T002820,I02977,2025-11-08,overheat,"thermal shutdown again at 41C ambient, passive cooling cannot keep up in summer",30,True
T002821,I02977,2025-11-21,wear,"belt slippage and wear, machine never idles, wear parts replaced twice",12,True
T002822,I02978,2025-10-10,overheat,"unit shuts down midday, ambient 44C on the yard, thermal cutout trips repeatedly",12,True
T002823,I02978,2025-07-18,overheat,"unit shuts down midday, ambient 44C on the yard, thermal cutout trips repeatedly",12,True
T002824,I02978,2025-10-04,wear,"bearing play after continuous running, wear on the drive belt, third shift usage",30,True
T002825,I02980,2026-01-08,electrical,"control board error code 21, replaced the relay, fault cleared",30,True
T002826,I02985,2025-10-31,overheat,"machine stops when ambient climbs, thermal fault logged, restarts after cooling",54,True
T002827,I02985,2025-08-04,overheat,"thermal shutdown again at 41C ambient, passive cooling cannot keep up in summer",96,True
T002828,I02987,2025-08-18,wear,"excessive wear on rollers, unit running 24h, duty cycle far above rating",54,True
T002829,I02987,2025-07-25,electrical,"control board error code 21, replaced the relay, fault cleared",54,True
T002830,I02989,2025-07-11,overheat,"overheating during afternoon peak, thermal protection engaged, cooling fins caked",18,True
T002831,I02991,2026-04-04,wear,"drive wear and vibration, continuous three shift operation since install",12,True
T002832,I02993,2025-10-21,wear,"bearing play after continuous running, wear on the drive belt, third shift usage",54,True
T002833,I02993,2025-06-27,wear,"bearing play after continuous running, wear on the drive belt, third shift usage",30,True
T002834,I02994,2024-05-23,overheat,"machine stops when ambient climbs, thermal fault logged, restarts after cooling",1,True
T002835,I02994,2024-11-23,overheat,"overheating during afternoon peak, thermal protection engaged, cooling fins caked",1,True
T002836,I02994,2024-08-13,user-error,"wrong operating mode selected, user error, showed the team the correct sequence",3,False
T002837,I02995,2025-05-05,wear,"excessive wear on rollers, unit running 24h, duty cycle far above rating",30,True
T002838,I02995,2025-11-13,wear,"drive wear and vibration, continuous three shift operation since install",4,True
T002839,I02996,2025-09-23,overheat,"recurring overheat alarm, heat soak in the enclosure, thermal derate all afternoon",3,False
T002840,I02999,2025-11-06,wear,"drive wear and vibration, continuous three shift operation since install",12,True
T002841,I02999,2025-11-17,user-error,"guard interlock left open, machine correctly refused to start, user error",4,True
